:020000040800F2
:100000000000012021DD010801BE010809BE010830
:1000100011BE010819BE010821BE01080000000040
:1000200000000000000000000000000029BE0108E0
:1000300035BE01080000000041BE01084DBE0108A8
:1000400069DD010869DD010869DD010869DD010874
:1000500069DD010869DD010869DD010869DD010864
:1000600069DD010869DD010869DD010859BE010883
:1000700069DD01086DBE010869DD010869DD01085F
:1000800069DD010869DD010869DD010869DD010834
:1000900081BE010869DD010869DD010869DD01082B
:1000A00069DD010869DD010869DD010869DD010814
:1000B00095BE0108A9BE010869DD010869DD0108D6
:1000C00069DD010869DD010869DD010869DD0108F4
:1000D00069DD010869DD010869DD010869DD0108E4
:1000E00069DD010869DD010869DD010869DD0108D4
:1000F00069DD010869DD010869DD010869DD0108C4
:1001000069DD010869DD010869DD010869DD0108B3
:1001100069DD010869DD0108BDBE010869DD01086E
:1001200069DD0108D1BE010869DD0108E5BE0108ED
:1001300000000000000000000000000000000000BF
:1001400000000000000000000000000000000000AF
:10015000000000000000000000000000000000009F
:10016000000000000000000000000000000000008F
:10017000000000000000000000000000000000007F
:10018000000000000000000000000000000000006F
:10019000000000000000000000000000000000005F
:1001A000000000000000000000000000000000004F
:1001B000000000000000000000000000000000003F
:1001C000000000000000000000000000000000002F
:1001D000000000000000000000000000000000001F
:0401E0005FF8E0F1F3
:1001E80010B5054C237833B9044B13B10448AFF369
:1001F80000800123237010BDF801002000000000DA
:10020800AC4B030808B5034B1BB103490348AFF3D4
:10021800008008BD00000000FC010020AC4B030872
:10022800034613F8012B002AFBD1181A013870472E
:1002380081F0004102E000BF83F0004330B54FEA8F
:1002480041044FEA430594EA050F08BF90EA020FFC
:100258001FBF54EA000C55EA020C7FEA645C7FEA8F
:10026800655C00F0E2804FEA5454D4EB5555B8BFB2
:100278006D420CDD2C4480EA020281EA030382EA23
:10028800000083EA010180EA020281EA0303362DB5
:1002980088BF30BD11F0004F4FEA01314FF4801C88
:1002A8004CEA113102D0404261EB410113F0004F9A
:1002B8004FEA03334CEA133302D0524263EB430351
:1002C80094EA050F00F0A780A4F10104D5F1200EEF
:1002D8000DDB02FA0EFC22FA05F2801841F100014A
:1002E80003FA0EF2801843FA05F359410EE0A5F11E
:1002F80020050EF1200E012A03FA0EFC28BF4CF04F
:10030800020C43FA05F3C01851EBE37101F0004504
:1003180007D54FF0000EDCF1000C7EEB00006EEB11
:100328000101B1F5801F1BD3B1F5001F0CD349089B
:100338005FEA30004FEA3C0C04F101044FEA4452F2
:1003480012F5800F80F09A80BCF1004F08BF5FEA79
:10035800500C50F1000041EB045141EA050130BD59
:100368005FEA4C0C404141EB0101013C28BFB1F56B
:10037800801FE9D291F0000F04BF01460020B1FAB6
:1003880081F308BF2033A3F10B03B3F120020CDA89
:100398000C3208DD02F1140CC2F10C0201FA0CF067
:1003A80021FA02F10CE002F11402D8BFC2F1200CCC
:1003B80001FA02F120FA0CFCDCBF41EA0C01904082
:1003C800E41AA2BF01EB0451294330BD6FEA0404CB
:1003D8001F3C1CDA0C340EDC04F11404C4F12002B6
:1003E80020FA04F001FA02F340EA030021FA04F3C8
:1003F80045EA030130BDC4F10C04C4F1200220FA1F
:1004080002F001FA04F340EA0300294630BD21FA5C
:1004180004F0294630BD94F0000F83F4801306BF22
:1004280081F480110134013D4EE77FEA645C18BF16
:100438007FEA655C29D094EA050F08BF90EA020FAD
:1004480005D054EA000C04BF1946104630BD91EAA5
:10045800030F1EBF0021002030BD5FEA545C05D1A8
:100468004000494128BF41F0004130BD14F58004E7
:100478003CBF01F5801130BD01F0004545F0FE415B
:1004880041F470014FF0000030BD7FEA645C1ABF90
:10049800194610467FEA655C1CBF0B46024650EAC7
:1004A800013406BF52EA033591EA030F41F40021F3
:1004B80030BD00BF90F0000F04BF0021704730B579
:1004C8004FF4806404F132044FF000054FF000014E
:1004D80050E700BF90F0000F04BF0021704730B50F
:1004E8004FF4806404F1320410F0004548BF4042E4
:1004F8004FF000013EE700BF42004FEAE2014FEA39
:1005080031014FEA02701FBF12F07F4393F07F4F13
:1005180081F06051704732F07F4208BF704793F016
:100528007F4F04BF41F40021704730B54FF4607429
:1005380001F0004521F000411CE700BF50EA01022C
:1005480008BF704730B54FF000050AE050EA0102D5
:1005580008BF704730B511F0004502D5404261EB45
:1005680041014FF4806404F132045FEA915C3FF486
:10057800D8AE4FF003025FEADC0C18BF03325FEA23
:10058800DC0C18BF033202EBDC02C2F1200300FAD4
:1005980003FC20FA02F001FA03FE40EA0E0021FAF9
:1005A80002F11444BDE600BF70B54FF0FF0C4CF4E7
:1005B800E06C1CEA11541DBF1CEA135594EA0C0F99
:1005C80095EA0C0F00F0DEF82C4481EA030621EAD4
:1005D8004C5123EA4C5350EA013518BF52EA03350F
:1005E80041F4801143F4801338D0A0FB02CE4FF0C1
:1005F8000005E1FB02E506F00042E0FB03E54FF0F1
:100608000006E1FB03569CF0000F18BF4EF0010EE8
:10061800A4F1FF04B6F5007F64F5407404D25FEAE4
:100628004E0E6D4146EB060642EAC62141EA555197
:100638004FEAC52040EA5E504FEACE2EB4F1FD0CD9
:1006480088BFBCF5E06F1ED8BEF1004F08BF5FEA57
:10065800500E50F1000041EB045170BD06F0004609
:1006680046EA010140EA020081EA0301B4EB5C04B6
:10067800C2BFD4EB0C0541EA045170BD41F48011AE
:100688004FF0000E013C00F3AB8014F1360FDEBFD3
:10069800002001F0004170BDC4F10004203C35DAAF
:1006A8000C341BDC04F11404C4F1200500FA05F332
:1006B80020FA04F001FA05F240EA020001F00042D3
:1006C80021F0004110EBD37021FA04F642EB060149
:1006D8005EEA430E08BF20EAD37070BDC4F10C0473
:1006E800C4F1200500FA04F320FA05F001FA04F237
:1006F80040EA020001F0004110EBD37041F1000123
:100708005EEA430E08BF20EAD37070BDC4F120052D
:1007180000FA05F24EEA020E20FA04F301FA05F295
:1007280043EA020321FA04F001F0004121FA04F23D
:1007380020EA020000EBD3705EEA430E08BF20EA0D
:10074800D37070BD94F0000F0FD101F00046400047
:1007580041EB010111F4801F08BF013CF7D041EAC9
:10076800060195F0000F18BF704703F000465200CD
:1007780043EB030313F4801F08BF013DF7D043EA9E
:100788000603704794EA0C0F0CEA135518BF95EA54
:100798000C0F0CD050EA410618BF52EA4306D1D1DB
:1007A80081EA030101F000414FF0000070BD50EAFA
:1007B800410606BF1046194652EA430619D094EA84
:1007C8000C0F02D150EA013613D195EA0C0F05D16E
:1007D80052EA03361CBF104619460AD181EA0301C2
:1007E80001F0004141F0FE4141F470014FF000007A
:1007F80070BD41F0FE4141F4780170BD70B54FF015
:10080800FF0C4CF4E06C1CEA11541DBF1CEA135594
:1008180094EA0C0F95EA0C0F00F0A7F8A4EB050476
:1008280081EA030E52EA03354FEA013100F088806D
:100838004FEA03334FF0805545EA131343EA126336
:100848004FEA022245EA111545EA10654FEA0026EB
:100858000EF000419D4208BF964244F1FD0404F5A4
:10086800407402D25B084FEA3202B61A65EB030500
:100878005B084FEA32024FF480104FF4002CB6EBBD
:10088800020E75EB030E22BFB61A754640EA0C003D
:100898005B084FEA3202B6EB020E75EB030E22BF7D
:1008A800B61A754640EA5C005B084FEA3202B6EBBE
:1008B800020E75EB030E22BFB61A754640EA9C007D
:1008C8005B084FEA3202B6EB020E75EB030E22BF4D
:1008D800B61A754640EADC0055EA060E18D04FEA0B
:1008E800051545EA16754FEA06164FEAC30343EAAB
:1008F80052734FEAC2025FEA1C1CC0D111F4801F78
:100908000BD141EA00014FF000004FF0004CB6E770
:1009180011F4801F04BF01430020B4F1FD0C88BF0F
:10092800BCF5E06F3FF6AFAEB5EB030C04BFB6EB1A
:10093800020C5FEA500C50F1000041EB045170BD0D
:100948000EF0004E4EEA113114EB5C04C2BFD4EB3A
:100958000C0541EA045170BD41F480114FF0000EBE
:10096800013C90E645EA060E8DE60CEA135594EA3A
:100978000C0F08BF95EA0C0F3FF43BAF94EA0C0F3D
:100988000AD150EA01347FF434AF95EA0C0F7FF4B2
:1009980025AF104619462CE795EA0C0F06D152EA06
:1009A80003353FF4FDAE1046194622E750EA4106EA
:1009B80018BF52EA43067FF4C5AE50EA41047FF4FB
:1009C8000DAF52EA43057FF4EBAE12E74FF0FF3C60
:1009D80006E000BF4FF0010C02E000BF4FF0010C31
:1009E8004DF804CD4FEA410C7FEA6C5C4FEA430CAA
:1009F80018BF7FEA6C5C1BD001B050EA410C0CBFF9
:100A080052EA430C91EA030F02BF90EA020F00205A
:100A1800704710F1000F91EA030F58BF994208BFC1
:100A280090422CBFD8176FEAE37040F0010070477E
:100A38004FEA410C7FEA6C5C02D150EA013C07D1D5
:100A48004FEA430C7FEA6C5CD6D152EA033CD3D020
:100A58005DF8040B704700BF8446104662468C461A
:100A68001946634600E000BF01B5FFF7B7FF00284D
:100A780048BF10F1000F01BD4DF808EDFFF7F4FF76
:100A88000CBF012000205DF808FB00BF4DF808ED01
:100A9800FFF7EAFF34BF012000205DF808FB00BF24
:100AA8004DF808EDFFF7E0FF94BF012000205DF846
:100AB80008FB00BF4DF808EDFFF7CEFF94BF0120FB
:100AC80000205DF808FB00BF4DF808EDFFF7C4FFF4
:100AD80034BF012000205DF808FB00BF4FEA410C3D
:100AE8007FEA6C5C02D150EA013C0AD14FEA430C20
:100AF8007FEA6C5C02D152EA033C02D14FF000005D
:100B080070474FF0010070474FEA410212F500129A
:100B180015D211D56FF47873B3EB625212D94FEA3C
:100B2800C12343F0004343EA505311F0004F23FA26
:100B380002F018BF404270474FF00000704750EA7B
:100B4800013005D111F0004008BF6FF00040704738
:100B58004FF00000704700BF4A0011D212F5001292
:100B680011D20DD56FF47873B3EB62520ED44FEAFD
:100B7800C12343F0004343EA505323FA02F070477D
:100B88004FF00000704750EA013002D14FF0FF30BB
:100B980070474FF0000070474FEA4102B2F1E0435E
:100BA80024BFB3F5001CDCF1FE5C0DD901F0004C4C
:100BB8004FEAC0024CEA5070B2F1004F40EB83009C
:100BC80008BF20F00100704711F0804F21D113F1C8
:100BD8003872BCBF01F00040704741F480114FEA01
:100BE8005252C2F11802C2F1200C10FA0CF320FA8A
:100BF80002F018BF40F001004FEAC1234FEAD323A7
:100C080003FA0CFC40EA0C0023FA02F34FEA430310
:100C1800CCE77FEA625307D150EA01331EBF4FF099
:100C2800FE4040F44000704701F0004040F0FE40B4
:100C380040F40000704700BF80F0004002E000BFB1
:100C480081F0004142001FBF5FEA410392EA030FAF
:100C58007FEA226C7FEA236C6AD04FEA1262D2EBF9
:100C68001363C1BFD218414048404140B8BF5B42FE
:100C7800192B88BF704710F0004F40F4000020F097
:100C88007F4018BF404211F0004F41F4000121F0AD
:100C98007F4118BF494292EA030F3FD0A2F10102F7
:100CA80041FA03FC10EB0C00C3F1200301FA03F135
:100CB80000F0004302D5494260EB4000B0F5000F58
:100CC80013D3B0F1807F06D340084FEA310102F117
:100CD8000102FE2A51D2B1F1004F40EBC25008BFC9
:100CE80020F0010040EA03007047490040EB000093
:100CF800013A28BFB0F5000FEDD2B0FA80FCACF194
:100D0800080CB2EB0C0200FA0CF0AABF00EBC250C0
:100D180052421843BCBFD0401843704792F0000FAE
:100D280081F4000106BF80F400000132013BB5E701
:100D38004FEA41037FEA226C18BF7FEA236C21D077
:100D480092EA030F04D092F0000F08BF08467047DC
:100D580090EA010F1CBF0020704712F07F4F04D1AA
:100D6800400028BF40F00040704712F100723CBFBD
:100D780000F50000704700F0004343F0FE4040F4E7
:100D8800000070477FEA226216BF08467FEA2363A5
:100D98000146420206BF5FEA412390EA010F40F490
:100DA800800070474FF0000304E000BF10F00043DC
:100DB80048BF40425FEA000C08BF704743F09643C3
:100DC80001464FF000001CE050EA010208BF7047DE
:100DD8004FF000030AE000BF50EA010208BF704765
:100DE80011F0004302D5404261EB41015FEA010C7A
:100DF80002BF84460146002043F0B64308BFA3F172
:100E08008053A3F50003BCFA8CF2083AA3EBC25353
:100E180010DB01FA02FC634400FA02FCC2F1200272
:100E2800BCF1004F20FA02F243EB020008BF20F0A9
:100E38000100704702F1200201FA02FCC2F120020F
:100E480050EA4C0021FA02F243EB020008BF20EA04
:100E5800DC7070474FF0FF0C1CEAD0521EBF1CEA32
:100E6800D15392EA0C0F93EA0C0F6FD01A4480EA20
:100E7800010C400218BF5FEA41211ED04FF0006309
:100E880043EA501043EA5111A0FB01310CF0004035
:100E9800B1F5000F3EBF490041EAD3715B0040EA5B
:100EA800010062F17F02FD2A1DD8B3F1004F40EB2B
:100EB800C25008BF20F00100704790F0000F0CF0FE
:100EC800004C08BF49024CEA502040EA51207F3AC2
:100ED800C2BFD2F1FF0340EAC250704740F400009D
:100EE8004FF00003013A5DDC12F1190FDCBF00F08E
:100EF80000407047C2F10002410021FA02F1C2F13C
:100F0800200200FA02FC5FEA310040F1000053EAD7
:100F18004C0308BF20EADC70704792F0000F00F025
:100F2800004C02BF400010F4000F013AF9D040EA2B
:100F38000C0093F0000F01F0004C02BF490011F4BF
:100F4800000F013BF9D041EA0C018FE70CEAD153BD
:100F580092EA0C0F18BF93EA0C0F0AD030F0004C3D
:100F680018BF31F0004CD8D180EA010000F00040F1
:100F7800704790F0000F17BF90F0004F084691F0AF
:100F8800000F91F0004F14D092EA0C0F01D14202E9
:100F98000FD193EA0C0F03D14B0218BF084608D1B2
:100FA80080EA010000F0004040F0FE4040F40000FC
:100FB800704740F0FE4040F4400070474FF0FF0C8F
:100FC8001CEAD0521EBF1CEAD15392EA0C0F93EAD6
:100FD8000C0F69D0A2EB030280EA010C49024FEA28
:100FE800402037D04FF0805343EA111143EA1013E1
:100FF8000CF000408B4238BF5B0042F17D024FF499
:10100800000C8B4224BF5B1A40EA0C00B3EB510F73
:1010180024BFA3EB510340EA5C00B3EB910F24BF5C
:10102800A3EB910340EA9C00B3EBD10F24BFA3EBE1
:10103800D10340EADC001B0118BF5FEA1C1CE0D1A9
:10104800FD2A3FF650AF8B4240EBC25008BF20F05C
:10105800010070470CF0004C4CEA50207F32C2BFB0
:10106800D2F1FF0340EAC250704740F400004FF04D
:101078000003013A37E792F0000F00F0004C02BF7E
:10108800400010F4000F013AF9D040EA0C0093F048
:10109800000F01F0004C02BF490011F4000F013BA2
:1010A800F9D041EA0C0195E70CEAD15392EA0C0F0A
:1010B80008D142027FF47DAF93EA0C0F7FF470AF42
:1010C800084676E793EA0C0F04D14B023FF44CAF85
:1010D80008466EE730F0004C18BF31F0004CCAD11A
:1010E80030F000427FF45CAF31F000437FF43CAF56
:1010F8005FE700BF4FF0FF3C06E000BF4FF0010C78
:1011080002E000BF4FF0010C4DF804CD4FEA400259
:101118004FEA41037FEA226C18BF7FEA236C11D0A3
:1011280001B052EA530C18BF90EA010F58BFB2EB56
:10113800030088BFC81738BF6FEAE17018BF40F0D6
:10114800010070477FEA226C02D15FEA402C05D18A
:101158007FEA236CE4D15FEA412CE1D05DF8040B0F
:10116800704700BF844608466146FFE70FB5FFF7A2
:10117800C9FF002848BF10F1000F0FBD4DF808ED5A
:10118800FFF7F4FF0CBF012000205DF808FB00BF4B
:101198004DF808EDFFF7EAFF34BF012000205DF8A5
:1011A80008FB00BF4DF808EDFFF7E0FF94BF0120F2
:1011B80000205DF808FB00BF4DF808EDFFF7D2FFEF
:1011C80094BF012000205DF808FB00BF4DF808ED32
:1011D800FFF7C8FF34BF012000205DF808FB00BFFF
:1011E8004FEA40024FEA41037FEA226C02D15FEAEC
:1011F800402C08D17FEA236C02D15FEA412C02D14E
:101208004FF0000070474FF0010070474FEA40026E
:10121800B2F1FE4F0FD34FF09E03B3EB12620DD91C
:101228004FEA002343F0004310F0004F23FA02F086
:1012380018BF404270474FF00000704712F1610F2D
:1012480001D1420205D110F0004008BF6FF0004004
:1012580070474FF00000704780B582B000AF7860EB
:101268007B681B7883F00103DBB2002B06D17B6817
:1012780008331946786800F047F800E000BF0837DF
:10128800BD4680BD80B582B000AF78607B681B78B2
:1012980083F00103DBB2002B06D17B6810331946BB
:1012A800786800F031F800E000BF0837BD4680BD1F
:1012B80080B582B000AF78607B681B7883F001034B
:1012C800DBB2002B06D17B6820331946786800F022
:1012D8001BF800E000BF0837BD4680BD80B582B06E
:1012E80000AF78607B681B7883F00103DBB2002BCA
:1012F80006D17B6828331946786800F005F800E0C5
:1013080000BF0837BD4680BD80B582B000AF7860A9
:1013180039607B685B68002B0AD17B683A685A6041
:101328000021054821F070FD044821F027FB00E06A
:1013380000BF0837BD4680BD305D0020985E0020A4
:1013480080B584B000AF78607B685B68991C7A6868
:1013580051601B88FB817B685B68991C7A685160C7
:101368001B88BB81BB89002B0ED10021104821F0BE
:1013780005FE104821F062FB0D4B1B6800225A63E2
:101388007B6800225A600FE0FB895A1E084B1B68D5
:10139800DA62FB895B089AB2054B1B685A63BB8902
:1013A8005A1E044B1B68DA621037BD4680BD00BF69
:1013B800305D0020985E002080B483B000AF786074
:1013C8007B681A46002313607B6818460C37BD46B5
:1013D80080BC704780B483B000AF78607B68DB78EE
:1013E80043F04003DAB27B68DA7000BF0C37BD46C1
:1013F80080BC704780B483B000AF78607B68DB78CE
:1014080063F07F03DAB27B68DA7000BF0C37BD4641
:1014180080BC704780B483B000AF78607B68DB78AD
:1014280023F04003DAB27B68DA7000BF0C37BD46A0
:1014380080BC704780B483B000AF78607B68DB788D
:1014480003F07F03DAB27B68DA7000BF0C37BD4661
:1014580080BC704780B483B000AF78607B68DB786D
:1014680003F04003002B14BF01230023DBB218460E
:101478000C37BD4680BC704780B483B000AF78603D
:101488007B68DB785BB2DBB2DB09DBB218460C3772
:10149800BD4680BC704780B483B000AF78607B687D
:1014A8000022DA707B68DA787B689A707B689A78B1
:1014B8007B685A707B685A787B681A7000BF0C3753
:1014C800BD4680BC704780B483B000AF78607B684D
:1014D8009B8818460C37BD4680BC704780B483B0E3
:1014E80000AF78607B689B8F03F00103002B14BF6B
:1014F80001230023DBB218460C37BD4680BC704779
:1015080080B483B000AF78607B689B8F03F400736E
:10151800002B14BF01230023DBB218460C37BD464D
:1015280080BC704790B585B000AF78607B6818467E
:101538000BF0B9FD0346BB73BB7B002B40F0B480B6
:10154800786801F019FA0023FB737B6803F58A5366
:1015580018331846FFF7B7FF0346002B14BF0123C3
:101568000023DBB2002B04D0786801F09CF9034615
:10157800FB737A687B6803F5835306331946104674
:101588000BF0F0FE03467B737B7B002B08D07B6857
:1015980003F5835306331946786800F0DFF822E034
:1015A8007B6803F582530833184601F043FB7B68D8
:1015B80003F583530C337A6802F5805214461946B2
:1015C800786800F0D7FE0346E3667B6803F583532B
:1015D80010337A6802F5805214461946786800F08C
:1015E800C9FE034623677A687B6803F58253123382
:1015F800194610460BF0C7FF034683F00103DBB220
:10160800002B06D07B6803F582530833184601F097
:1016180083FB7B6803F58A531833002118460FF0C3
:1016280046F903461946786800F062F97B6803F5C5
:1016380083530C331946786800F05AF97B6803F530
:10164800835310331946786800F052F97B6803F524
:1016580082530833184601F029FEFB7B002B10D07B
:101668007B7B83F00103DBB2002B08D07A687B68B0
:1016780003F583530633194610460BF037FF002352
:101688004AE07B6803F58A5318331846FFF71BFFB7
:101698000346012B8CBF01230023DBB2002B01D0B2
:1016A800012339E0022337E07B6803F582530833CE
:1016B800184601F0BFFA7B6803F5825308331846D1
:1016C80001F02AFB7B6803F586531E330221184676
:1016D80002F0B6F87B6803F583530C331946786833
:1016E80000F006F97B6803F58353103319467868D0
:1016F80000F0FEF87B6803F582530833184601F0C2
:10170800D5FDBB7B012B01D1032305E0BB7B022B5D
:1017180001D1042300E0002318461437BD4690BDCC
:1017280080B582B000AF78607B6803F58A531833C0
:101738001846FFF7C8FE0346002B14BF01230023F9
:10174800DBB2002B04D0786801F0ADF8012300E08B
:10175800002318460837BD4680BD000090B585B007
:1017680000AF786039603B685B88FB813B689B8889
:10177800BB813B689B8A7B813B68DB8B03F0010361
:10178800002B14D1B7F90E3018461AF0CDFC0346D9
:10179800FB81B7F90C3018461AF0C6FC0346BB812A
:1017A800B7F90A3018461AF0BFFC03467B81FB895B
:1017B800444A12881146444A128818461AF082FC94
:1017C8000346FB81BB893F4A128811463E4A12886C
:1017D80018461AF077FC0346BB817B893B4A12887E
:1017E80011463B4A128818461AF06CFC03467B8166
:1017F8003B68DB8B03F00103002B14D1B7F90E30E3
:1018080018461AF077FC0346FB81B7F90C301846E6
:101818001AF070FC0346BB81B7F90A3018461AF073
:1018280069FC03467B813B68FA895A803B68BA8920
:101838009A803B687A899A823B689B7C1E2B02D9E6
:101848003B681E229A743B681B7E1E2B02D93B689C
:101858001E221A763B6806333C681946786800F001
:1018680089FD03461A46A271C3F30722E271C3F346
:1018780007422272C3F3076363723B680A333C680A
:101888001946786800F076FD03461A46A272C3F33B
:101898000722E272C3F307422273C3F30763637339
:1018A8003B6893F82030FF220A2118461AF00AFCF8
:1018B8000346DAB23B6883F8202000BF1437BD46E0
:1018C80090BD00BFA8620308AC620308AE620308BB
:1018D800B062030880B582B000AF78607B680833D7
:1018E8001846FFF769FD7B6818460837BD4680BD76
:1018F80080B588B000AF786039607B6803F58A539B
:101908001833396818460FF006F80346BB83B7F951
:101918001C30002B01DA00237FE00123FB777B6872
:1019280003F58A531833BA8B114618460EF0D9FFBF
:101938000346FB767B6803F586531E3339681846E1
:1019480001F0E6FF0346BB76FB7EFF2B0AD17B68DE
:1019580003F586531E33BA7E1146184601F070FF10
:1019680000235AE007F108031846FFF7B3FF786829
:10197800FA7E07F1080100230BF0ABFE0346002BAB
:1019880014BF01230023DBB2002B0BD07B6803F5C7
:1019980086531E33BA7E1146184601F051FF0023C4
:1019A800FB7739E007F1080308331846FFF764FDB1
:1019B800034683F00103DBB2002B09D07B6803F5F3
:1019C80086531E33BA7E1146184601F039FF23E0CC
:1019D8007B6803F586531E3307F108021146184643
:1019E80001F0BAFF034683F00103DBB2002B09D0F4
:1019F8007B6803F586531E33BA7E1146184601F0FC
:101A08001FFF09E07B6803F586531E33BA7E07F192
:101A18000801184601F0CAFCFB7F18462037BD466E
:101A280080BD80B584B000AF786039607B6803F50D
:101A380086531E333968184601F06AFF0346FB7364
:101A480039687868FFF754FF0346002B17D0FB7BF3
:101A5800002B07D17B6803F580533A686C33106814
:101A6800186009E0FB7B012B06D17B6803F58053E6
:101A78003A68703310681860786800F0B1F900BFF0
:101A88001037BD4680BD80B584B000AF78600B4686
:101A9800FB70FB781946786800F01CF8024607F1DD
:101AA8000803106818607B6803F58A53183307F138
:101AB8000802114618460EF02EFF0346FB81B7F9BF
:101AC8000E30002B01DA0023FB81FB891846103702
:101AD800BD4680BD80B582B000AF78600B46FB7014
:101AE800FB78022B09D17B6803F58A531833002150
:101AF80018460EF0DCFE03460BE0FB78002B04D101
:101B08007B6803F583530C3303E07B6803F5835349
:101B1800103318460837BD4680BD80B586B000AF83
:101B2800F860084611461A4603467B810B463B81FE
:101B38001346FB71FB6803F586501E30FB79B7F935
:101B48000820798901F028FD0346FB82FB6803F52C
:101B5800825308331846FFF7C1FC034683F001039C
:101B6800DBB2002B06D0B7F9163018461AF0C2FAC5
:101B78000346FB82FB8A18461837BD4680BD000025
:101B88002DE9F0418EB002AFF860084611461A46BA
:101B980003467B810B463B811346FB71B7F908402E
:101BA800FB6803F586531E33FA791146184601F08F
:101BB8004BFC0346E31ABB61FB6803F586531E33EF
:101BC800FA790021184601F0C9FC03461A46BB6998
:101BD8009BB21344FB85FB6803F586531E33FA79E1
:101BE8000321184601F0BAFC03461A46BB699BB2AA
:101BF8001344BB85FB6803F582530833F979012246
:101C0800184600F06FFD03467B85FB6803F5825399
:101C18000833F9790122184600F0AAFD03463B85EE
:101C280097F84830002B01D064237B85FB6803F5C7
:101C3800825308331846FFF751FC034683F001032B
:101C4800DBB2002B1BD0B7F92E3018461AF052FA27
:101C58000346FB85B7F92C3018461AF04BFA0346B1
:101C6800BB85B7F92A3018461AF044FA03467B8533
:101C7800B7F9283018461AF03DFA03463B857B89A8
:101C8800798D3A8D18461AF01DFA03467B81002398
:101C9800FB84474B1B88BB847C89FD8DBE8DFB680C
:101CA80003F586531E33FA790021184601F0E8FB44
:101CB80003469846FB6803F586531E33FA790321D9
:101CC800184601F0DDFB0346009343463246294699
:101CD80020461AF06BF903467B847A8CF98CBB8C0E
:101CE8000B44D90F0B445B109A420CDDBA8CFB8C69
:101CF800D31A002B00DA03339B105B429AB27B8C19
:101D080013447B840AE0BA8CFB8CD31A002B00DACC
:101D180003339B109AB27B8C13447B84002387F88F
:101D280021303AE0FB79B7F90820798CF868FFF799
:101D3800F4FE0346FB82FA8A7B899A4201D17B8CA6
:101D480030E0FA8A7B899A4210D27B8CFB84FA8C29
:101D5800BB8C1344DA0F13445B10FB83FA8B7B8C28
:101D68009A4213D17B8C0133FB830FE07B8CBB84BD
:101D7800FA8CBB8C1344DA0F13445B10FB83FA8B89
:101D88007B8C9A4202D17B8C013BFB83FB8B7B844F
:101D980097F82130013387F8213097F82130132B39
:101DA800C0D97B8C18463037BD46BDE8F08100BFEE
:101DB800A462030880B586B000AFF860B960134626
:101DC800FB71FB791946B868FFF784FE7861FB68F8
:101DD800796918460EF0D4FAF8681837BD4680BD00
:101DE80080B582B000AF78607B6803F58253083312
:101DF800184600F061FE0346002B10D17A687B6814
:101E080003F583530633194610460BF06FFB7B68C6
:101E180003F582530833184601F048FA00E000BF82
:101E28000837BD4680BD80B584B000AFF860B960A2
:101E38001346FB71FB79002B18D1BB681B689AB25B
:101E4800FB6803F58053A3F85420BB685B689AB21B
:101E5800FB6803F58053A3F85620BB689B689AB2C9
:101E6800FB6803F58053A3F8582033E0FB79022B75
:101E780018D1BB681B689AB2FB6803F58053A3F8B6
:101E88006020BB685B689AB2FB6803F58053A3F8CF
:101E98006220BB689B689AB2FB6803F58053A3F87D
:101EA800642017E0BB681B689AB2FB6803F580538F
:101EB800A3F85A20BB685B689AB2FB6803F58053A5
:101EC800A3F85C20BB689B689AB2FB6803F5805353
:101ED800A3F85E20FA68FB6803F5825312331946AB
:101EE80010460BF0ADFB00BF1037BD4680BD80B576
:101EF8008AB000AFF8607A601A460B46FB72134648
:101F0800BB7207F114031846FFF7E4FC7B681B88D3
:101F1800BB827B685B88FB827B689B883B837B6892
:101F2800DB887B8397F8303087F82030FB7A1946B6
:101F3800F868FFF7CFFD024607F11C031068186028
:101F4800FB6803F586531E3307F114021146184641
:101F580001F002FD0346002B24D0BA7A07F11403DE
:101F68000833114618460EF0C3FAFB6807F114014E
:101F7800002218460BF054FC0346FB84B7F92630C0
:101F8800002B0FDBFB6803F58A531833FA8CD0B2A9
:101F980007F1140202F10801024618460EF052FC3D
:101FA800012306E007F1140308331846FFF742FA45
:101FB800002318462837BD4680BD80B584B000AFE1
:101FC80078600B46FB70FB7819467868FFF782FD4E
:101FD800F860F868FFF750FA034618461037BD4610
:101FE80080BD80B588B000AF78600B467B807B6889
:101FF80003F58A5318331846FFF765FA0346012B91
:1020080094BF01230023DBB2002B01D0002390E012
:102018000023FB7707F10C031846FFF75BFC7B688E
:1020280003F58A5318337A88114618460EF059FC7E
:102038000346BB83B7F91C30FF2B2CD17B6803F513
:102048008A5318337A88114618460EF030FC024637
:1020580007F108031068186007F1080318460EF026
:102068003BF9034683F00103DBB2002B3BD007F1B9
:1020780008031846FFF7AEF9BB687B617B6803F578
:1020880086531E3307F10C021146184601F00EFC68
:102098000123FB7727E07868BB8BDAB207F10C01E4
:1020A80001230BF016FB0346002B0CBF0123002372
:1020B800DBB2002B17D007F10C0308331846FFF7E3
:1020C800C9F90346002B06D007F10C03083318465C
:1020D800FFF7A0F905E007F10C0308331846FFF7EE
:1020E80079F90123FB77FB7F83F00103DBB2002B37
:1020F80001D000231DE07B6807F10C01012218467E
:102108000BF08EFB0346BB83B7F91C30002B0FDBAB
:102118007B6803F58A531833BA8BD0B207F10C02E7
:1021280002F10801024618460EF08CFB012300E07C
:10213800002318462037BD4680BD90B589B000AF52
:10214800F8607A601A460B46FB721346BB72FB684E
:1021580003F58A5318331846FFF7B5F90346002BE1
:102168000CBF01230023DBB2002B17D00023FB7721
:102178000EE0FA7F13465B0013445B001A467B6847
:10218800134402331846FFF786F9FB7F0133FB77C8
:10219800FA7FBB7A9A42ECD30023E7E0FB7A9BB242
:1021A800013B9BB2BB830323FB762AE097F83030D0
:1021B80083F00103DBB2002B0FD1FB6803F58A53D0
:1021C8001833BA8B114618460EF071FB03461846B1
:1021D800FFF740F90346002B01D0012300E000235C
:1021E800002B0AD0FB7E013BFB76FB7E002B0CBF4D
:1021F80001230023DBB2002B08D1BB8B013B9BB230
:10220800BB83B7F91C30002BD0DC00E000BF0023F3
:10221800BB76B7F91C30002B7DDC0123BB837AE049
:10222800FB6803F58A531833BA8B114618460EF02B
:102238003EFB024607F114031068186097F8303027
:10224800002B0CD007F114031846FFF703F90346D7
:1022580083F00103DBB2002B01D0012300E000234F
:10226800002B4FD197F83830032B11D0FB6803F5BA
:1022780086531E3307F114021146184601F048FB35
:1022880003461A4697F83830934201D0012300E0FC
:102298000023002B38D197F8343083F00103DBB2E8
:1022A800002B0DD097F83830002B09D107F1140313
:1022B80018460EF03FF90346002B01D1012300E038
:1022C8000023002B22D1BA7E13465B0013445B0027
:1022D8001A467B681344BA8B1A80BA7E13465B0091
:1022E80013445B001A467B681344023307F1140257
:1022F80010681860BB7E0133BB76BA7EBB7A9A42FF
:102308001CD204E000BF02E000BF00E000BFBB8BAE
:1023180001339BB2BB83B7F91C40FB6803F58A53B2
:1023280018331846FFF7CFF803469C42B4BF012381
:102338000023DBB2002B7FF473AF00E000BFBB7E4D
:102348007B760EE07A7E13465B0013445B001A46E8
:102358007B68134402331846FFF79DF87B7E0133F0
:102368007B767A7EBB7A9A42ECD3BB7E18462437BA
:10237800BD4690BD90B58BB000AF786039607B6882
:1023880003F58A531833396818460EF0C4FA034621
:10239800FB8338680EF0CEF803467B777B6803F53D
:1023A8008A531833FA8B114618460EF080FA024603
:1023B80007F1140310681860B7F91E30002B6BDAA8
:1023C8004FF6FF73FB840023BB842CE07B6803F586
:1023D8008A531833BA8C114618460EF068FA02462A
:1023E80007F110031068186007F1100318460EF083
:1023F800A1F803461A467B7F93420CBF01230023B2
:10240800DBB2002B0CD0BB8CFB8407F11003184601
:10241800FFF720F80346002B02D03B69BB6123E19C
:10242800BB8C0133BB847B6803F58A531833184689
:10243800FFF749F803461A46BB8C934234BF012381
:102448000023DBB2002BC1D17B6803F58A53183314
:10245800FA8C114618460EF02AFA024607F11403C0
:102468001068186007F1140318460DF035FF03468D
:10247800002B0ED0854B1C68844B1B681846FDF753
:10248800CFFE0346DBB2797F07F1140022460DF038
:1024980083FE7B69BB61E7E0B7F91E30002B0DD1E5
:1024A8007B6803F58A531833002118460EF0FFF9AC
:1024B800024607F1180310681860D5E007F1140305
:1024C8001846FEF7C7FF0346002B02D07B69BB61A5
:1024D800CAE0FB8B013B7B8418E07B6803F58A53D9
:1024E80018337A8C114618460EF0E1F9024607F1C6
:1024F8000C031068186007F10C031846FEF7AAFFD2
:102508000346002B06D17B8C013B7B847B8C002B04
:10251800E3D100E000BFFB8B01333B8418E07B680C
:1025280003F58A5318333A8C114618460EF0BFF952
:10253800024607F108031068186007F108031846F7
:10254800FEF788FF0346002B14D13B8C01333B84F4
:102558007B6803F58A5318331846FEF7B4FF034621
:102568001A463B8C934234BF01230023DBB2002B75
:10257800D5D100E000BF7B8C002B0DD17B6803F523
:102588008A5318331846FEF79EFF03461A463B8CBB
:10259800934201D3012300E00023002B02D07B6982
:1025A800BB6161E07B8C002B0ED17B6803F58A53FD
:1025B80018333A8C114618460EF079F9024607F19D
:1025C8001403106818604DE07B6803F58A531833CC
:1025D8001846FEF778FF03461A463B8C93422CBFF9
:1025E80001230023DBB2002B0ED07B6803F58A534E
:1025F80018337A8C114618460EF059F9024607F13D
:102608001403106818602DE0B7F91E207B8CD31ACC
:1026180083EAE372A2EBE372398CB7F91E30CB1A66
:10262800002BB8BF5B429A420EDA7B6803F58A53E7
:1026380018337A8C114618460EF039F9024607F11C
:102648001403106818600DE07B6803F58A5318338B
:102658003A8C114618460EF02AF9024607F114037F
:10266800106818607B69BB6100233A7E62F3070338
:102678007A7E62F30F23BA7E62F31743FA7E62F31F
:102688001F6318462C37BD4690BD00BF4800002088
:1026980080B586B000AFF860B96011461A460B469F
:1026A800FB711346BB71FB6803F586501E30BB797E
:1026B80097F90720B96800F001FFBB791946F86857
:1026C800FFF708FA78617869FEF784FE97F82030FA
:1026D800002B02D07869FEF78DFE00BF1837BD4683
:1026E80080BD000080B584B000AF78600B46FB70F9
:1026F8001346BB70FB78022B02D11A4B1B8801E0F2
:10270800194B1B88FB81BB7883F00103DBB2002BDC
:102718000AD07868FEF7E2FE034683F00103DBB2D5
:10272800002B01D0012300E00023002B14D0B7F9BF
:102738000E30184619F0DEFC0346FB81FA890B4B74
:10274800A3FB0213D9080B469B000B445B00D31A6A
:102758009BB2FA89D31AFB81FB8918461037BD460C
:1027680080BD00BFAE620308A8620308CDCCCCCC04
:1027780090B583B000AF78600B46FB701346BB7012
:10278800BB78002B05D17868FEF7A8FE0346002B1E
:1027980001D0012400E000247868FEF7B1FE03466A
:1027A800F9782246786800F005F8034618460C3791
:1027B800BD4690BD80B584B000AF7860084611462C
:1027C8001A460346FB700B46BB7013467B701A4BC8
:1027D8001B88FB81FB78002B02D0FB78012B08D1EA
:1027E8007B78002B02D0154B1B8801E0144B1B880B
:1027F800FB81BB7883F00103DBB2002B16D0B7F95D
:102808000E30184619F076FC0346FB81FA890D4B09
:10281800A3FB0213D9080B469B000B445B00D31A99
:102828009BB2FA89D31A9BB20A33FB81FB891846FB
:102838001037BD4680BD00BFB0620308AA62030816
:10284800AC620308CDCCCCCC80B485B000AF786046
:102858007B689B8F03F48063002B02D07B689233E4
:1028680001E07B688E33FB60FB681B8818461437D1
:10287800BD4680BC704780B485B000AF78607B6887
:102888009B8F03F48063002B02D07B68923301E0B6
:102898007B688E33FB60FB6802331B88184614374D
:1028A800BD4680BC704790B589B000AF786007F12D
:1028B80008031846FFF70EF80023FB770023BB83B5
:1028C8003EE07868BB8BDAB207F1080101230AF011
:1028D80000FF0346FB76FB7E002B2AD17B6803F5BD
:1028E80086531E3307F108021146184601F034F8E2
:1028F800034683F00103DBB2002B05D007F1080380
:1029080008331846FEF796FD7B6803F58A5318339B
:10291800BA8BD0B207F1080202F108010246184644
:102928000DF090FF0346002B06D0FB7F0133FB77A9
:1029380002E0FB7E012B15D0BB8B01339BB2BB831E
:10294800B7F91C407B6803F58A5318331846FEF71D
:10295800BAFD03469C42B4BF01230023DBB2002B1F
:10296800AFD100E000BF7B6818460AF0B3FCFB7FDC
:1029780018462437BD4690BD90B58BB000AF78603F
:102988000023FB84002387F8233007F10C03184643
:10299800FEF712FD0EE097F8232007F1100107F16A
:1029A8000C0318460DF039FC0346002B02D0FB8CB3
:1029B8000133FB847B6807F11001102218460BF0E5
:1029C80057F8034687F8233097F82330002B14BFB5
:1029D80001230023DBB2002BDDD17B6818460BF006
:1029E800EAF8FB8C0133FB847B6803F58A531833C0
:1029F800FA8C114618460DF0DFFE0346002B54D022
:102A08002C4B1C682B4B1B681846FDF709FC03462A
:102A1800DBB207F10C00224605210DF0BDFB7B68F7
:102A280003F58A53183307F10C02002118460DF0FC
:102A3800E2FE0123BB842CE07B6807F11001102221
:102A480018460BF015F8034687F8233097F823301B
:102A5800002B23D097F8232007F1100107F10C036E
:102A680018460DF0DAFB0346002B12D07B6803F5FD
:102A78008A53183307F10C02B98C18460DF0BBFEC7
:102A8800034683F00103DBB2002B09D1BB8C013371
:102A9800BB84BA8CFB8C9A42CED302E000BF00E024
:102AA80000BF7B6818460BF086F8FB8C18462C375D
:102AB800BD4690BD4C00002080B582B000AF786064
:102AC8007B681A8C7B68B3F858309A4201D000238F
:102AD800ACE07B685A8C7B68B3F85A309A4201D0D4
:102AE8000023A3E07B685A8E7B68B3F86A309A4269
:102AF80001D000239AE07B6893F831207B6893F833
:102B080069309A4201D0002390E07B689A8D7B68F7
:102B1800B3F864309A4201D0002387E07B6893F8C9
:102B28002E207B6893F866309A4201D000237DE01E
:102B38007B6893F830207B6893F868309A4201D01C
:102B4800002373E07B689A8E7B68B3F86C309A42F6
:102B580001D000236AE07B6893F836207B6893F8FD
:102B68006E309A4201D0002360E07B689A8F7B68C0
:102B7800B3F874309A4201D0002357E07B6893F889
:102B88002F207B6893F867309A4201D000234DE0EC
:102B98007B6893F83E207B6893F876309A4201D0A0
:102BA800002343E07B681A8F7B68B3F870309A4241
:102BB80001D000233AE07B6893F83A207B6893F8C9
:102BC80072309A4201D0002330E07B6803F124027E
:102BD8007B685C33194610460DF0A2FB034683F070
:102BE8000103DBB2002B01D000231FE07B6803F157
:102BF80028027B686033194610460DF091FB0346A6
:102C080083F00103DBB2002B01D000230EE07B68C8
:102C180003F141007B6879331422194631F090FBA7
:102C28000346002B01D0002300E001231846083793
:102C3800BD4680BDB0B582B000AF78607B68EB223E
:102C48001A847B68EB225A847B68C8225A867B6880
:102C5800142283F831207B68052283F830207B68B2
:102C6800B4229A857B68052283F82E207B68B422DB
:102C78009A867B68052283F836207B68B3229A8778
:102C88007B68502283F82F207B68802283F83E20BF
:102C98001E4B1A787B6883F840207B68012283F8F2
:102CA8003F207B68002283F83A207B68B4221A8789
:102CB8007B68413314221649184631F053FB7B6870
:102CC80003F12404134B1D68124B1B681846FDF7CB
:102CD800A7FA0346DBB22A46012120460DF05CFA2A
:102CE8007B6803F128040B4B1D680A4B1B681846C8
:102CF800FDF796FA0346DBB22A46032120460DF07B
:102D08004BFA00BF0837BD46B0BD00BFB26203082A
:102D1800C46203084800002080B483B000AF786024
:102D28007B6840F6FC029A817B683222DA817B68F4
:102D380040F2DF221A827B6840F2C7525A827B68CF
:102D48003B229A827B6840F2FB12DA827B684FF45E
:102D580096721A837B6814225A837B6800229A83AE
:102D680000BF0C37BD4680BC704780B584B000AF4B
:102D7800F860B9601346FB71FB79002B07D1C823B3
:102D88000A2240F23F21F86817F072FD11E0FB7942
:102D9800022B06D1322340229621F86817F068FDED
:102DA80007E040F2A46303224FF4FA71F86817F0C1
:102DB8005FFDF8681037BD4680BD80B586B002AFAC
:102DC80078607B689B8F03F48063002B02D07B685C
:102DD800923301E07B688E33FB607B6893F8313077
:102DE8001846FB681B881A46FB6802331B88009349
:102DF80013466422002119F003F903469BB21846D2
:102E08001037BD4680BD80B483B000AF78600B46F4
:102E1800FB70FB78012B03D17B6893F8363009E00F
:102E2800FB78002B03D17B6893F8303002E07B6895
:102E380093F83A3018460C37BD4680BC704780B4CA
:102E480083B000AF78600B46FB70FB78012B02D192
:102E58007B689B8E07E0FB78002B02D17B689B8DFB
:102E680001E07B681B8F18460C37BD4680BC704755
:102E780080B483B000AF78600B46FB70FB78022B00
:102E880002D17B685B8E07E0FB78012B02D17B685F
:102E98005B8C01E07B681B8C18460C37BD4680BCF8
:102EA8007047000080B582B000AF78607B6893F807
:102EB8004130002B06D17B6841331422044918465F
:102EC80031F050FA7B68413318460837BD4680BD5B
:102ED800C462030880B584B000AF78600846114624
:102EE8001A460346FB700B46BB7013467B707B6823
:102EF8009B8F03F00103002B14BF01230023FB73F6
:102F0800FA7BBB789A423FD0BB78002B1ED07B68F7
:102F18001B8C1BB2184619F007F903469AB27B6856
:102F28001A847B685B8C1BB2184619F0FDF80346BF
:102F38009AB27B685A847B685B8E1BB2184619F07C
:102F4800F3F803469AB27B685A861DE07B681B8CAF
:102F58001BB2184619F0CEF803469AB27B681A8459
:102F68007B685B8C1BB2184619F0C4F803469AB20A
:102F78007B685A847B685B8E1BB2184619F0BAF8D6
:102F880003469AB27B685A867B689B8F03F00C03D2
:102F98009AB27B689A87BB78002B06D07B689B8F98
:102FA80043F001039AB27B689A87FB78002B06D01E
:102FB8007B689B8F43F002039AB27B689A877B7881
:102FC800002B06D07B689B8F43F080039AB27B6806
:102FD8009A873B7E002B06D07B689B8F43F01003BB
:102FE8009AB27B689A873B7F002B06D07B689B8FC1
:102FF80043F020039AB27B689A8797F82030002B19
:1030080006D07B689B8F43F480739AB27B689A875B
:1030180097F82430002B06D07B689B8F43F400730D
:103028009AB27B689A8797F82830FF2201211846C0
:1030380019F048F80346DAB27B6883F83E2097F81F
:103048002C30164A12781146154A1278184619F08B
:1030580039F80346DAB27B6883F8402097F82430C1
:10306800002B16D0002200217868FFF781FB034669
:10307800BB817B681B8CBA899A4202D27B68BA8969
:103088001A847B685B8CBA899A4202D27B68BA89B7
:103098005A8400BF1037BD4680BD00BFB362030825
:1030A800B462030880B483B000AF78600846114664
:1030B8001A460346FB700B46BB7013467B707B6851
:1030C8007A7883F830207B683A8A9A857B683A7DDB
:1030D80083F82E207B689B8F23F00C039AB27B68C1
:1030E8009A87FB78002B06D07B689B8F43F00403FC
:1030F8009AB27B689A87BB78002B06D07B689B8F37
:1031080043F008039AB27B689A873B7E4B2B01D920
:103118004B233B76BB8BB3F5A07F02D94FF4A0734A
:10312800BB83BB8B042B01D80523BB833B7E0433B5
:103138003B763B7E174AA2FB03239B083B763B7EEC
:103148001B01DAB27B6883F82F207B6893F82F3055
:1031580023F00F03DAB27B6883F82F207B6893F89B
:103168002F305AB2BB8B013B0B4981FB0301C910BD
:10317800DB17CB1A5BB203F00F035BB213435BB2EE
:10318800DAB27B6883F82F2000BF0C37BD4680BCBD
:10319800704700BFCDCCCCCC6766666680B582B080
:1031A80000AF78600B46FB7013463B807B683A881B
:1031B8009A86FB781E220021184618F083FF0346E2
:1031C800DAB27B6883F8362000BF0837BD4680BD79
:1031D80080B483B000AF7860084611461A460346AB
:1031E800FB700B46BB7013467B70FB78002B07D037
:1031F8007B689B8F43F040039AB27B689A8706E00E
:103208007B689B8F23F040039AB27B689A87BB78D0
:10321800002B07D07B689B8F43F480639AB27B684E
:103228009A8706E07B689B8F23F480639AB27B6859
:103238009A877B687A7883F83A207B683A8A1A8773
:1032480000BF0C37BD4680BC704780B483B000AF68
:1032580078600B467B8013467B707B78002B03D10C
:103268007B687A881A8405E07B78012B02D17B6819
:103278007A885A8400BF0C37BD4680BC704780B43A
:1032880083B000AF78600B467B8013467B707B6809
:103298007A885A867B78642B03D87B687A7883F897
:1032A800312000BF0C37BD4680BC704780B582B066
:1032B80000AF78607B6803F156007B681E333822C4
:1032C800194631F0F9F800BF0837BD4680BD80B512
:1032D80082B000AF78607B6803F11E007B685633CC
:1032E8003822194631F0E8F800BF0837BD4680BDDE
:1032F80080B485B000AF78607B6893F82F301B09E5
:10330800FB73FB7B1A4692001344DBB21846143752
:10331800BD4680BC704780B485B000AF78607B68DC
:1033280093F82F3003F00F03FB81FB8901339BB225
:103338001A46920013449B009BB218461437BD46A8
:1033480080BC704780B584B000AFF860B9601346A0
:10335800FB71FB79002B0BD1BB689B891946BB68B5
:10336800DB891A46BB681B8AF86817F081FA19E0EE
:10337800FB79022B0BD1BB681B8B1946BB685B8B97
:103388001A46BB689B8BF86817F072FA0AE0BB68AC
:103398005B8A1946BB689B8A1A46BB68DB8AF86851
:1033A80017F066FAF8681037BD4680BD80B487B05C
:1033B80000AFF860B9601346FB71FB79FB75FB7DC4
:1033C800022B3CD8FA7DBB681888F96813469B0025
:1033D80013445B000B4402461A80FA7DBB68588888
:1033E800F96813469B0013445B000B440233024602
:1033F8001A80FA7DBB689888F96813469B001344C5
:103408005B000B44043302461A80FA7DBB68D888F7
:10341800F96813469B0013445B000B4406330246CD
:103428001A80FA7DBB6893F90C00F96813469B0073
:1034380013445B000B44083302461A7000E000BFD7
:103448001C37BD4680BC704780B485B000AF78603B
:103458000B46FB70FB78FB73FB7B022B01D9002327
:10346800FB73FA7B796813469B0013445B000B449B
:10347800083393F9003018461437BD4680BC7047AE
:1034880080B485B000AF78600B46FB701346BB7004
:10349800FB78032B01D900230AE0BB78FB73FA7B86
:1034A800F878796813469B001344034431F81330C5
:1034B80018461437BD4680BC7047000090B486B0EB
:1034C80000AFF860B96011461A460B46FB71134607
:1034D800BB71BB79BB750023FB7511E0FB7D5B00FD
:1034E800BA681344BA7DF87D1C88F96813469B00B6
:1034F80013440344224621F81320FB7D0133FB7556
:10350800FB7D032BEAD9BA7DF96813469B00134467
:103518005B000B4406331A880F4B1B889A420BD961
:10352800BA7D0D4B1888F96813469B0013445B005D
:103538000B44063302461A80BA7DF96813469B008D
:1035480013445B000B440833FA791A7000BF18372C
:10355800BD4690BC704700BFA462030880B483B026
:1035680000AF78600B46FB701346BB70BB78022B2C
:1035780006D1FB787A6810335B001344DB8805E0DA
:10358800FB787A680C335B001344DB8818460C37E9
:10359800BD4680BC704700002DE9F04188B002AFFD
:1035A800F860084611461A4603467B810B463B8164
:1035B8001346FB71FB793B750023FB823B7D022B95
:1035C80001D900230EE1B7F908103A7DF8681346CF
:1035D8009B0013445B000344083393F90030CB1A73
:1035E8003B613A7DF96813469B0013445B000B442A
:1035F8001B887A899A421FD27C893A7DF9681346DA
:103608009B0013445B000B441B881E46B7F9085007
:10361800FB791A460021F868FFF7A0FF03461A460F
:103628003B69134400932B4632460021204618F08C
:10363800E7FC0346FB82C9E03A7DF96813469B0024
:1036480013445B000B4406331B887A899A424BD893
:1036580001237B7544E03A7D787DF96813469B0029
:103668001344034431F813307A899A4235D27C895D
:103678003A7D7B7D581EF96813469B00134403442A
:1036880031F813301E463A7D787DF96813469B0061
:103698001344034431F8133098467B7D013BDBB279
:1036A800FA791946F868FFF759FF03461A463B6945
:1036B800D518FA797B7D1946F868FFF74FFF03465E
:1036C8001A463B69134400932B464246314620462E
:1036D80018F096FC0346FB8278E07B7D01337B750E
:1036E8007B7D032BB7D971E03A7DF96813469B00BF
:1036F80013445B000B44023319883A7DF86813467B
:103708009B0013445B00034406331B88994232D262
:103718007C893A7DF96813469B0013445B000B448F
:1037280002331B881E463A7DF96813469B001344F2
:103738005B000B4406331B889846FB791A46012127
:10374800F868FFF70BFF03461A463B69D518FB7963
:103758001A460321F868FFF701FF03461A463B693A
:10376800134400932B4642463146204618F01EFC6F
:103778000346FB822AE07C893A7DF96813469B0060
:1037880013445B000B4402331B881E46184B1B88EE
:103798009846FB791A460121F868FFF7DFFE0346D1
:1037A8001A463B69D518FB791A460321F868FFF7D2
:1037B800D5FE03461A463B69134400932B464246FE
:1037C8003146204618F0F2FB0346FB82B7F9163063
:1037D800B7F9081040F2E732184618F073FC0346B0
:1037E800FB82FB8A18461837BD46BDE8F08100BF4A
:1037F800A462030890B486B000AFF860B9601346BD
:10380800FB71FB79BB750023FB7510E0BA7DFC7D6D
:10381800FB7D5B00B9681944F86813469B001344A4
:10382800234430F813300B80FB7D0133FB75FB7D9F
:10383800032BEBD900BF00BF1837BD4690BC7047BB
:1038480090B484B000AF78600B46FB70FB78BB7314
:103858000023FB7312E0FB7BBA7BF87B7968143397
:103868005B000B44DC88796813469B0013440344CF
:10387800224621F81320FB7B0133FB73FB7B032BD0
:10388800E9D9094B1B78BA7B58B2796813469B0073
:1038980013445B000B44083302461A7000BF10370C
:1038A800BD4690BC704700BFB262030880B485B0C3
:1038B80000AF786039600023FB73FB7B5A1CFA73F6
:1038C8007A6814335B001344DA883B681A80FB7B00
:1038D8005A1CFA737A6814335B001344DA883B681D
:1038E8005A80FB7B5A1CFA737A6814335B001344C2
:1038F800DA883B689A80FB7B7A6814335B00134450
:10390800DA883B68DA8000BF1437BD4680BC704750
:1039180080B584B000AF7860396038680CF00AFE72
:103928000346FB73FB7B052B0AD0052B0EDC022B11
:1039380002DC002B08DA09E0033B012B06D801E082
:10394800022305E0012303E0002301E000BF032375
:1039580018461037BD4680BD80B483B000AF78608C
:1039680039603B681A883B685B889A4209D23B6891
:103978005B881A463B681B88D31A7A68D28E9342B2
:1039880001DA002324E03B685A883B689B889A4206
:1039980009D23B689B881A463B685B88D31A7A68C9
:1039A800D28E934201DA002312E03B689A883B6882
:1039B800DB889A4209D23B68DB881A463B689B88B9
:1039C800D31A7A68D28E934201DA002300E00123E9
:1039D80018460C37BD4680BC704780B483B000AF32
:1039E80078600B46FB707B6808221A707B6800229F
:1039F8005A607B68FA781A707B6800225A607B6884
:103A080018460C37BD4680BC704780B483B000AF01
:103A180078600B46FB707B68FA781A707B68002226
:103A28005A6000BF0C37BD4680BC704780B483B075
:103A380000AF786039607B681B78DBB21A463B6858
:103A480002FB03F31A467B685A6000BF0C37BD4679
:103A580080BC704780B483B000AF78600B46FB70C1
:103A68007B68002283F842207B68002283F840208C
:103A78007B68FA7883F841207B6818460C37BD4686
:103A880080BC704780B582B000AF78600B46FB7091
:103A98007B68FA7811461846FFF79FFF7B6800227B
:103AA8001A727B6800225A727B684FF4C8725A8176
:103AB8007B684FF4FA729A817B6818460837BD46CE
:103AC80080BD80B483B000AF78607B6814221A6030
:103AD8007B6800229A807B680022DA807B6800225B
:103AE8009A607B680A22DA607B680A221A617B681E
:103AF80000225A617B680A229A617B680522DA6192
:103B08007B680B221A847B68012283F822207B6859
:103B180018460C37BD4680BC7047000080B582B09F
:103B280000AF78607B68234A127811461846FFF781
:103B380091FF7B6844331F4A127811461846FFF7F5
:103B480089FF7B6888331B4A127811461846FFF7AD
:103B580081FF7B680022A3F8CC207B680022A3F8B1
:103B6800CE207B680022A3F8D0207B680022A3F82F
:103B7800D2207B68002283F8D4207B680022C3F817
:103B8800D8207B68002283F8DC207B68002283F839
:103B9800DD207B680022A3F8DE207B680022A3F8E2
:103BA800E0207B680022A3F8E2207B6818460837EB
:103BB800BD4680BDA662030880B582B000AF7860BC
:103BC8007B6804331846FFF77CFF7B682833184668
:103BD800FFF7A4FF0E4A7B681A607B6803F58673BB
:103BE80008211846FFF74EFF7B6803F58E730821FE
:103BF8001846FFF747FF7B6803F5967308211846B8
:103C0800FFF740FF7B6818460837BD4680BD00BFF8
:103C18007055030880B483B000AF7860044A7B68AD
:103C28001A607B6818460C37BD4680BC704700BFD9
:103C38007055030880B582B000AF78607868FFF7E8
:103C4800E9FF4FF49E7178682FF044FC7B681846B2
:103C58000837BD4680BD80B582B000AF78600B469E
:103C68007B807B6803F586737A881146184617F0BF
:103C78002FFB00BF0837BD4680BD80B582B000AFBE
:103C880078600B46FB707B6803F58E72FB78002B1F
:103C980001D0642300E000231946104617F018FBF2
:103CA80000BF0837BD4680BD80B582B000AF7860E0
:103CB8000B46FB707B6803F59672FB78002B01D0EE
:103CC800642300E000231946104617F001FB00BFEB
:103CD8000837BD4680BD80B582B000AF78607B688C
:103CE80000221A607B6800229A807B680633184697
:103CF800FDF762FB7B6818460837BD4680BD0000AB
:103D080080B582B000AF78607B681846FFF754FF33
:103D1800474A7B681A607B680022A3F83C217B68CD
:103D28000022A3F83E217B680022A3F840217B688B
:103D38000022A3F842217B68042283F844217B688F
:103D4800002283F845217B680022A3F846217B687E
:103D5800002283F848217B68002283F849217B6888
:103D680003F5A67308211846FFF737FE7B6803F5AD
:103D7800AA7308211846FFF730FE7B6803F5AE7377
:103D880008211846FFF729FE7B6803F5B27308215E
:103D98001846FFF722FE7B6803F5B673082118461C
:103DA800FFF71BFE7B68002283F874217B680322DF
:103DB80083F875217B680022A3F876217B684FF48D
:103DC8007A72A3F878217B68142283F87A217B68B9
:103DD8006422A3F87C217B68082283F87E217B6813
:103DE8004FF4FA72A3F880217B684FF47A72A3F833
:103DF80082217B68032283F884217B680E2283F862
:103E080085217B68142283F886217B68052283F844
:103E180087217B68022283F888217B6844F6206228
:103E2800C3F88C217B6818460837BD4680BD00BFA3
:103E3800A45F030880B483B000AF78600B46FB70C2
:103E4800FA787B68114683F849117B6883F8482122
:103E580000BF0C37BD4680BC704780B483B000AF4C
:103E680078607B6893F8753118460C37BD4680BC7E
:103E78007047000080B582B000AF78607B68184654
:103E8800FFF79AFE5B4A7B681A607B68002283F81A
:103E98003C217B68002283F83D217B68002283F85F
:103EA8003E217B68012283F83F217B68002283F84A
:103EB80040217B680022A3F842217B680022A3F8F6
:103EC80044217B680022A3F846217B680022C3F8BE
:103ED80048217B680022A3F84C217B680022C3F8A4
:103EE80050217B686422A3F854217B684FF47A72CE
:103EF800A3F856217B6803F5AC7308211846FFF731
:103F08006CFD7B6803F5B07308211846FFF765FD63
:103F18007B6803F5B47308211846FFF75EFD7B68DC
:103F280003F5B87308211846FFF757FD7B6803F5BA
:103F3800BC7308211846FFF750FD7B6803F5C07372
:103F480008211846FFF749FD7B68002283F888217D
:103F58007B680022A3F88A217B68002283F88C21E1
:103F68007B68322283F88D217B68502283F88E216A
:103F78007B684FF4C862A3F890217B683222A3F8CB
:103F880092217B681C4AC3F894217B684EF6602214
:103F9800C3F898217B684FF4FA72A3F89C217B68D8
:103FA8004FF47A72A3F89E217B680D2283F8A02132
:103FB8007B681E2283F8A1217B683C2283F8A2211A
:103FC8007B68072283F8A3217B680A2283F8A4214F
:103FD8007B68102283F8A5217B680122C3F8A821F9
:103FE8007B684EF66022C3F8AC217B681846083718
:103FF800BD4680BD605F0308407E050080B483B085
:1040080000AF78607B6800221A607B6800221A6023
:104018007B6818460C37BD4680BC704780B483B0B7
:1040280000AF78607B6800221A607B6818460C37FE
:10403800BD4680BC704780B582B000AF78607B68B1
:1040480018462DF0BDFA7B6818460837BD4680BD76
:1040580080B582B000AF78607B6804331846FFF7FC
:10406800EAFF044A7B681A607B6818460837BD4631
:1040780080BD00BF4855030880B483B000AF7860A6
:10408800044A7B681A607B6818460C37BD4680BCBA
:10409800704700BF4855030880B582B000AF78600C
:1040A8007868FFF7E9FF502178682FF013FA7B68EA
:1040B80018460837BD4680BD80B483B000AF78602D
:1040C80000BF0C37BD4680BC704780B582B000AFDA
:1040D80078602CF04BFC00BF0837BD4680BD80B52A
:1040E80082B000AF78602CF051FC00BF0837BD46A5
:1040F80080BD80B582B000AF78600B46FB70FB785E
:1041080018462CF053FC00BF0837BD4680BD80B56B
:1041180082B000AF78600B46FB70FB7818462CF035
:104128005DFC00BF0837BD4680BD80B582B000AFDA
:1041380078600B46FB70FB7818462CF067FC00BFD4
:104148000837BD4680BD000080B582B000AF7860FA
:104158007B681846FFF77CFF034A7B681A607B6818
:1041680018460837BD4680BD2055030880B582B083
:1041780000AF7860054A7B681A607B681846FFF7CD
:104188007BFF7B6818460837BD4680BD205503086D
:1041980080B582B000AF78607868FFF7E7FF5021FC
:1041A80078682FF097F97B6818460837BD4680BDB8
:1041B80080B582B000AF78602AF042FE00BF0837B1
:1041C800BD4680BD80B483B000AF78607B680022B4
:1041D8001A807B6800225A607B6800229A607B689C
:1041E80000229A817B6800229A737B6818460C37F4
:1041F800BD4680BC704780B582B000AF78607B68F0
:10420800043318462FF03DFA7B6818460837BD4638
:1042180080BD000090B583B000AF78607B68002255
:104228001A707B681C1DC54B2360231D18462FF090
:10423800FBF91C34C24B2360231D18462FF0F4F9F8
:104248001C34C04B2360231D18462FF0EDF91C3495
:10425800BD4B2360231D18462FF0E6F91C34BB4BD9
:104268002360231D18462FF0DFF91C34B84B236058
:10427800231D18462FF0D8F91C34B64B2360231D94
:1042880018462FF0D1F91C34B34B2360231D184670
:104298002FF0CAF91C34B14B2360231D18462FF0A8
:1042A800C3F91C34AE4B2360231D18462FF0BCF90C
:1042B8001C34AC4B2360231D18462FF0B5F91C3471
:1042C800A94B2360231D18462FF0AEF91C34A74BC9
:1042D8002360231D18462FF0A7F91C34A44B236034
:1042E800231D18462FF0A0F91C34A24B2360231D70
:1042F80018462FF099F91C349F4B2360231D18464C
:104308002FF092F91C349D4B2360231D18462FF083
:104318008BF91C349A4B2360231D18462FF084F91F
:104328001C34984B2360231D18462FF07DF91C344C
:10433800954B2360231D18462FF076F91C34934BB8
:104348002360231D18462FF06FF91C34904B23600F
:10435800231D18462FF068F91C348E4B2360231D4B
:1043680018462FF061F91C348B4B2360231D184627
:104378002FF05AF91C34894B2360231D18462FF05F
:1043880053F91C34864B2360231D18462FF04CF933
:104398001C34844B2360231D18462FF045F91C3428
:1043A800814B2360231D18462FF03EF91C347F4BA8
:1043B8002360231D18462FF037F91C347C4B2360EB
:1043C800231D18462FF030F91C347A4B2360231D27
:1043D80018462FF029F91C34774B2360231D184603
:1043E8002FF022F91C34754B2360231D18462FF03B
:1043F8001BF91C34684B2360231D18462FF014F951
:104408001C346F4B2360231D18462FF00DF91C3404
:104418006C4B2360231D18462FF006F91C346A4B99
:104428002360231D18462FF0FFF81C345F4B2360D0
:10443800231D18462FF0F8F81C345D4B2360231D0C
:1044480018462FF0F1F81C34534B2360231D1846EF
:104458002FF0EAF81C345A4B2360231D18462FF01E
:10446800E3F81C34574B2360231D18462FF0DCF863
:104478001C34384B2360231D18462FF0D5F81C3404
:10448800524B2360231D18462FF0CEF81C34494B9D
:104498002360231D18462FF0C7F81C34444B2360B3
:1044A800231D18462FF0C0F81C34494B2360231DE8
:1044B80018462FF0B9F81C34374B2360231D1846D3
:1044C8002FF0B2F81C34434B2360231D18462FF0FD
:1044D800ABF81C343B4B2360231D18462FF0A4F87F
:1044E8001C343D4B2360231D18462FF09DF81C34C7
:1044F8003A4B2360231D18462FF096F81C34384B8E
:104508002360231D18462FF08FF81C34354B236089
:10451800231D18462FF088F81C34114B2360231DE7
:1045280018462FF081F81C342F4B2360231D1846A2
:104538002FF07AF81C342D4B236059E0C44B030844
:10454800D04B0308DC4B0308EC4B0308FC4B030877
:10455800084C0308144C0308244C0308344C030883
:104568003C4C0308444C0308504C0308584C0308BF
:10457800604C0308704C0308804C03088C4C0308FB
:10458800984C0308A04C0308AC4C0308B84C03082B
:10459800C84C0308D84C0308E44C0308EC4C030847
:1045A800F44C0308044D0308104D03081C4D030880
:1045B800284D0308384D0308484D0308544D030897
:1045C800604D0308704D0308804D0308904D0308A3
:1045D8009C4D0308A84D0308B84D0308C44D0308B3
:1045E800D04D0308D84D0308E04D0308EC4D0308EF
:1045F800231D18462FF018F81C34A64B2360231DE2
:1046080018462FF011F81C34A34B2360231D1846BD
:104618002FF00AF81C34A14B2360231D18462FF0F5
:1046280003F81C349E4B2360231D18462EF0FCFF14
:104638001C349C4B2360231D18462EF0F5FF1C34B8
:10464800994B2360231D18462EF0EEFF1C34974B20
:104658002360231D18462EF0E7FF1C34944B23607B
:10466800231D18462EF0E0FF1C34924B2360231DB7
:1046780018462EF0D9FF1C348F4B2360231D184693
:104688002EF0D2FF1C348D4B2360231D18462EF0CC
:10469800CBFF1C348A4B2360231D18462EF0C4FF21
:1046A8001C34884B2360231D18462EF0BDFF1C3494
:1046B800854B2360231D18462EF0B6FF1C34834B10
:1046C8002360231D18462EF0AFFF1C34804B236057
:1046D800231D18462EF0A8FF1C347E4B2360231D93
:1046E80018462EF0A1FF1C347B4B2360231D18466F
:1046F8002EF09AFF1C34794B2360231D18462EF0A8
:1047080093FF1C34764B2360231D18462EF08CFF34
:104718001C34744B2360231D18462EF085FF1C346F
:10472800714B2360231D18462EF07EFF1C346F4BFF
:104738002360231D18462EF077FF1C346C4B236032
:10474800231D18462EF070FF1C346A4B2360231D6E
:1047580018462EF069FF1C34674B2360231D18464A
:104768002EF062FF1C34654B2360231D18462EF083
:104778005BFF1C34624B2360231D18462EF054FF48
:104788001C34604B2360231D18462EF04DFF1C344B
:104798005D4B2360231D18462EF046FF1C345B4BEF
:1047A8002360231D18462EF03FFF1C34584B23600E
:1047B800231D18462EF038FF1C34564B2360231D4A
:1047C80018462EF031FF1C34534B2360231D184626
:1047D8002EF02AFF1C34514B2360231D18462EF05F
:1047E80023FF1C344E4B2360231D18462EF01CFF5C
:1047F8001C344C4B2360231D18462EF015FF1C3427
:10480800494B2360231D18462EF00EFF1C34474BDE
:104818002360231D18462EF007FF1C34444B2360E9
:10482800231D18462EF000FF1C34424B2360231D25
:1048380018462EF0F9FE1C343F4B2360231D184602
:104848002EF0F2FE1C343D4B2360231D18462EF03B
:10485800EBFE1C343A4B2360231D18462EF0E4FE71
:1048680004F11C03374A1A60043318462EF0DCFEA4
:104878007B68354A03F62C3392E80300186004334A
:10488800198002330A0C1A707B6818460C37BD462B
:1048980090BD00BFF44D0308FC4D0308704D03089C
:1048A800044E0308144E0308244E0308304E030830
:1048B8003C4C03083C4E0308404E0308444E030892
:1048C8004C4E0308544E03085C4E0308644E03081C
:1048D8006C4E0308744E0308784E03087C4E030898
:1048E800804E0308844E03088C4E0308944E030838
:1048F800E04D03089C4E0308A84E0308BC4E03086D
:10490800D04E0308E44E0308FC4E0308084F030882
:10491800184F0308284F0308404F0308584F03084F
:10492800604F03086C4F0308784F0308804F030853
:10493800844F0308884F0308944F0308984F0308CF
:104948009C4F0308A44F0308B44F030880B483B0F6
:1049580000AF78607B6800221A807B6818460C37A5
:10496800BD4680BC704780B483B000AF78600B460A
:10497800FB70FB789AB27B681A8000BF0C37BD4683
:1049880080BC704790B583B000AF78607B68043313
:10499800002B0CD07B68043303F628347B6804337F
:1049A8009C4204D01C3C2046FFF725FCF6E77B68B8
:1049B80018460C37BD4690BD80B582B000AF786010
:1049C8007B681846FFF7C0FB7B6850331846FFF733
:1049D800BDFF7B6854331846FFF7F4FB7B686433EC
:1049E8001846FFF717FC4A4A7B681A607B68494AF1
:1049F800C3F8982B7B680022A3F89C2B7B684FF6A2
:104A0800FF72A3F89E2B7B684FF4FC62A3F8A02BDF
:104A18007B684FF47842A3F8A22B7B68FF22A3F8A7
:104A2800A42B7B684FF6E072A3F8A62B7B684CF2A8
:104A38001862A3F8A82B7B68002283F8AA2B7B684E
:104A480003F6AC331846FFF7D9FA7B6803F53B63E6
:104A58001846FFF7D3FA7B6803F6B4331846FFF716
:104A6800CDFA7B6803F6B8331846FFF7C7FA7B68B8
:104A780003F6BC331846FFF7C1FA7B6803F53C63BD
:104A88001846FFF7CBFA7B68FF2283F8C42B7B68B4
:104A98009622A3F8C62B7B680022A3F8C82B7B6854
:104AA8000022A3F8CA2B7B680022A3F8CC2B7B68D2
:104AB8000022A3F8CE2B7B68C822A3F8D02B7B68F2
:104AC8006E22A3F8D22B7B685A22A3F8D42B7B68DA
:104AD8003C22A3F8D62B7B685A22A3F8D82B7B68F4
:104AE8002022A3F8DA2B7B681922A3F8DC2B7B6839
:104AF800094AC3F8E02B7B68064AC3F8E42B7B68B5
:104B0800044AC3F8E82B7B6818460837BD4680BDC1
:104B1800F854030898670308CC5D030880B582B091
:104B280000AF78601A4A7B681A607B6803F53C63BB
:104B380018462CF0CAFA7B6803F6BC3318462AF0EC
:104B480050FB7B6803F6B83318462AF04AFB7B68AB
:104B580003F6B43318462AF044FB7B6803F53B633D
:104B680018462AF03EFB7B6803F6AC3318462AF059
:104B780038FB7B6864331846FFF704FF7B681846E8
:104B8800FFF7F4FA7B6818460837BD4680BD00BFBA
:104B9800F854030880B582B000AF78607868FFF7F2
:104BA800BDFF40F6EC3178682EF094FC7B6818461F
:104BB8000837BD4680BD000080B483B000AF786080
:104BC8007B6800221A707B6800225A707B6803F5A4
:104BD8008053002283F82C207B6803F580534FF420
:104BE8008052DA857B6803F580531A46124B1363AB
:104BF8007B6803F580531A46104B53637B6803F5B3
:104C080080531A460E4B93637B6803F580531A460C
:104C18000C4BD3637B6803F580531A460A4B136425
:104C28007B6803F580531A46084B53647B68184623
:104C38000C37BD4680BC7047BC4F0308C84F0308FB
:104C4800D44F0308E04F0308EC4F0308F44F030860
:104C5800B0B483B000AF78607B6801221A707B68BB
:104C680000225A607B68134A083392E8030083E8FD
:104C780003007B68104A03F1100413460FCB84E845
:104C88000F007B680D4A203392E8030083E8030095
:104C98007B680B4A03F1280415460FCD0FC495E82D
:104CA800030084E803007B6818460C37BD46B0BC97
:104CB800704700BF045003080C5003081C50030839
:104CC8002450030880B582B000AF78607B68063353
:104CD8001846FCF771FB7B680A331846FCF76CFB37
:104CE8007B6818460837BD4680BD000080B582B095
:104CF80000AF78607B681846FEF7EDFF7B681E33CF
:104D08001846FFF7DFFF7B6856331846FFF7DAFFD0
:104D18007B68074A8E33106818607B68054A9233AF
:104D2800106818607B6818460837BD4680BD00BF0C
:104D38003C5003084050030880B483B000AF78604B
:104D48007B6893F83E3018460C37BD4680BC7047E8
:104D580080B483B000AF78607B68104903F11E020D
:104D68000B4603CB106051607B680D4903F12602A6
:104D78000B4603CB106051607B680A4903F12E0291
:104D88000B4603CB106051607B686422DA867B682F
:104D980018460C37BD4680BC704700BF4450030816
:104DA8004C5003085450030880B582B000AF7860B7
:104DB8007B681846FFF700FF7B6803F582530833CA
:104DC8001846FFF793FF7B6803F586531E33184692
:104DD800FFF7BEFF7B6803F5885318331846FFF7C3
:104DE80037FF7B6803F58A5318331846FEF773FFBD
:104DF8007B6818460837BD4680BD80B483B000AFD5
:104E080078607B68B3F5007F05D24FF400727B6849
:104E1800B2FBF3F300E0012318460C37BD4680BC13
:104E28007047000080B483B000AF7860044A7B68A4
:104E38001A607B6818460C37BD4680BC704700BFB7
:104E4800C454030880B483B000AF7860044A7B6818
:104E58001A607B6818460C37BD4680BC704700BF97
:104E6800C454030880B582B000AF78607868FFF753
:104E7800E9FF042178682EF02DFB7B681846083777
:104E8800BD4680BD80B582B000AF78607B681846AB
:104E980001F016FC7B6818460837BD4680BD000047
:104EA80080B582B000AF78607B681846FFF7BAFF1C
:104EB8000B4A7B681A607B68043318462EF0B4FBF3
:104EC8007B681C33184601F0E7FB7B6844331846BF
:104ED80001F0E2FB7B6818460837BD4680BD00BF7D
:104EE8006860030880B582B000AF78600D4A7B68BF
:104EF8001A607B6844331846FFF7C4FF7B681C338D
:104F08001846FFF7BFFF7B68043318462EF0B9FB3D
:104F18007B681846FFF796FF7B6818460837BD463A
:104F280080BD00BF6860030880B582B000AF7860BC
:104F38007868FFF7D7FF6C2178682EF0CBFA7B688A
:104F480018460837BD4680BD80B582B000AF78608E
:104F58007B6818462EF068FB7B68183318462EF0DD
:104F680063FB7B68303318462EF05EFB7B6818467F
:104F78000837BD4680BD80B582B000AF78607B68D9
:104F8800303318462EF07DFB7B68183318462EF018
:104F980078FB7B6818462EF074FB7B681846083748
:104FA800BD4680BD80B582B000AF7860786801F0FA
:104FB800BCFB7B6818460837BD4680BD80B582B00B
:104FC80000AF78607B68184601F09FFB7B68184645
:104FD8000837BD4680BD80B582B000AF78607B6879
:104FE8001846FFF7EBFF7B6818460837BD4680BDBB
:104FF80080B582B000AF78607B681846FFF750FF35
:10500800084A7B681A607B686C331846FFF79CFF78
:105018007B68B4331846FFF7DEFF7B68184608370D
:10502800BD4680BD3460030880B582B000AF7860AB
:105038007B681846FFF734FF054A7B681A607B686F
:105048000022DA667B6818460837BD4680BD00BF77
:105058000060030880B582B000AF78607B6803F514
:1050680001531C331846FFF7C3FF7B6803F504534D
:105078001C331846FFF7D8FF7B6803F5005300225E
:1050880083F88C217B6803F500531A460023C2F885
:1050980090317B6803F500531A46044BC2F89431EB
:1050A8007B6818460837BD4680BD00BFB862030854
:1050B80080B582B000AF78607B6803F504531C3379
:1050C800184602F0F7FB7B6803F501531C331846BA
:1050D80002F0C4FB7B6818460837BD4680BD000057
:1050E80080B582B000AF78607B681846FFF75CFE39
:1050F8007B6803F58B5304331846FFF7ABFF7B68D7
:1051080003F54B533C331846FFF756FC7B6803F511
:105118007B5328331846FEF7F3FD7B6803F580437D
:1051280078332349184607F03AFD7B6803F5814335
:1051380038332049184607F032FD7B6803F5814370
:1051480078331846FEF796FE7B6803F585432833C7
:105158001846FFF77DFD7B6803F585436833082112
:105168001846FEF73AFC7B6803F580431E2283F855
:10517800F0227B6803F5804340F63C72A3F8F222E4
:105188007B6803F580430F2283F8F4227B6803F5DC
:1051980080430E2283F8F5227B6803F580431422AE
:1051A80083F8F6227B6818460837BD4680BD00BFE5
:1051B800085E0020E05E002080B582B000AF786015
:1051C8000B467B807B6803F5854368337A881146F4
:1051D800184615F01BFF00BF0837BD4680BD80B5D7
:1051E80082B000AF78600B46FB707B6803F57B5399
:1051F80028331846FEF731FE0346002B0CBF012367
:105208000023DBB2002B08D07B6803F57B532833DF
:10521800FA7811461846FEF730FD00BF0837BD463C
:1052280080BD80B582B000AF78600B46FB707B68AC
:1052380003F57B5328331846FEF70FFE0346012B70
:105248000CBF01230023DBB2002B08D07B6803F5D9
:105258007B532833FA7811461846FEF70EFD00BF37
:105268000837BD4680BD000080B483B000AF7860C9
:105278003960124A7B681A607B6800221A717B6861
:1052880000229A607B6800229A817B6800221A615A
:105298007B6800225A617B6800229A617B68002241
:1052A800DA617B6800221A627B683A689A607B68D8
:1052B80018460C37BD4680BC704700BFA854030889
:1052C80080B483B000AF786000BF0C37BD4680BCA7
:1052D800704780B483B000AF7860002318460C375D
:1052E800BD4680BC704780B483B000AF786000BF13
:1052F8000C37BD4680BC704780B483B000AF78607F
:10530800044A7B681A607B6818460C37BD4680BC27
:10531800704700BFA854030880B582B000AF78601A
:105328007868FFF7E9FF242178682EF0D3F87B68C6
:1053380018460837BD4680BD80B582B000AF78609A
:105348007B6802331846FCF737F87B68184608373D
:10535800BD4680BDB0B582B000AF786039607B686B
:1053680039681846FFF780FF0E4A7B681A607B6829
:10537800243309241D4604E02846FFF7DDFF013CDD
:105388000635002CF8DA7B6800221A667B68002252
:105398005A667B68002283F868207B6818460837BD
:1053A800BD46B0BD7862030880B483B000AF7860B2
:1053B80079684FF000024FF00003C1E900237968D3
:1053C8004FF000024FF00003C1E902237B68184642
:1053D8000C37BD4680BC704780B582B000AF78609E
:1053E80039607B6839681846FFF73EFF214A7B68B9
:1053F8001A607B6828331846FFF7D6FF7B680022BF
:1054080083F838207B680022A3F85A207B680022A2
:10541800A3F85C207B68002283F85E207B6800226A
:105428001A667B6800225A667B6800229A667B6847
:10543800002283F86C207B684FF41672A3F86E2064
:105448007B680D4A1A677B6840F6B8325A677B68F2
:1054580041F288329A677B684FF4E172A3F87C20A6
:105468007B684FF49672A3F87E207B68184608374D
:10547800BD4680BD5C620308C0D4010080B582B01F
:1054880000AF786039607B6839681846FFF7ECFE32
:10549800164A7B681A607B6828331846FFF784FF32
:1054A8007B68012283F838207B68002283F8462035
:1054B8007B68002283F847207B6800229A647B6817
:1054C8000022DA647B6840F2DC52A3F850207B6843
:1054D8000022A3F852207B684FF49672A3F8542058
:1054E8007B6818460837BD4680BD00BF4062030888
:1054F80080B582B000AF786039607B68396818463B
:10550800FFF7B2FE124A7B681A607B6800225A6273
:105518007B6800229A627B68002283F82C207B68D3
:10552800002283F82D207B68002283F82E207B68D8
:10553800002283F82F207B68002283F830207B68C4
:1055480003225A867B6818460837BD4680BD00BFCF
:105558002462030880B582B000AF786039607B6848
:1055680039681846FFF780FE284A7B681A607B680E
:1055780006229A847B6841F288329A627B6800220C
:1055880083F82C207B6800221A637B6800225A6308
:105598007B6800229A637B6800229A877B680022D6
:1055A800DA877B680022A3F840207B680022A3F8F2
:1055B80042207B680022A3F844207B68FA22A3F8E3
:1055C80046207B68002283F848207B680022DA6442
:1055D8007B680022A3F850207B68002283F85220C1
:1055E8007B680622A3F854207B684FF4FA629A6518
:1055F8007B684FF4C872A3F85C207B684FF4FA62AA
:105608001A667B6818460837BD4680BD08620308DD
:1056180080B582B000AF786039607B683968184619
:10562800FFF722FE0B4A7B681A607B68012283F829
:1056380024207B68662283F825207B682633002295
:105648001A605A609A60DA601A617B6818460837EF
:10565800BD4680BDEC61030880B584B000AFF8603A
:10566800B9607A60FB68B9681846FFF7FDFD054A1E
:10567800FB681A60FB687A685A62FB68184610373C
:10568800BD4680BDD061030880B584B000AFF86026
:10569800B9607A60FB68B9681846FFF7E5FD054A06
:1056A800FB681A60FB687A685A62FB68184610370C
:1056B800BD4680BDB461030880B582B000AF786094
:1056C80039607B6839681846FFF7CEFD104A7B6859
:1056D8001A607B6800229A847B680022DA847B68DF
:1056E800002283F828207B68002283F829207B6821
:1056F800012283F82A207B684FF448729A857B68D8
:10570800022283F82E207B6818460837BD4680BDE4
:105718009861030880B584B000AFF860B9607A601A
:10572800FB68B9681846FFF79FFD074AFB681A60CF
:10573800FB68022283F82820FB687A685A62FB68B3
:1057480018461037BD4680BD7C61030880B584B01B
:1057580000AFF860B9607A60FB68B9681846FFF76F
:1057680083FD0C4AFB681A60FB68022283F8282034
:10577800FB68012283F82920FB6800225A85FB6810
:1057880000229A85FB687A685A62FB6818461037C7
:10579800BD4680BD6061030880B582B000AF786007
:1057A80039607B6839681846FFF75EFD0E4A7B68EA
:1057B8001A607B68002283F824207B68002283F823
:1057C80025207B6800229A627B68002283F82C20BF
:1057D8007B68002283F82D207B686422DA857B6849
:1057E80018460837BD4680BDB455030880B582B059
:1057F80000AF7860054A7B681A607B681846FFF737
:105808007BFD7B6818460837BD4680BDB455030844
:1058180080B582B000AF78607868FFF7E7FF302185
:1058280078682DF057FE7B6818460837BD4680BD5E
:1058380080B582B000AF786039607B6839681846F7
:10584800FFF7AAFF244A7B681A607B68303305217A
:105858001846FEF7C2F87B6800229A637B6800222C
:10586800DA637B6800221A647B6800225A647B68CA
:1058780000229A647B680022DA647B6800221A6539
:105888007B680022A3F854207B68012283F8562005
:105898007B6800229A657B68012283F85C207B681C
:1058A8004FF4FA72A3F85E207B6840F2DC52A3F84A
:1058B80060207B684FF4FA725A667B6840F6B8320B
:1058C800A3F868207B6847F23052DA667B6818468E
:1058D8000837BD4680BD00BFD462030880B584B0D8
:1058E80000AFF860B9607A60FB68B9681846FFF7DE
:1058F800BBFC274AFB681A60FB6800225A62FB68F7
:10590800012283F82820FB68012283F82920FB68FC
:10591800002283F82A20FB68012283F82B20FB68E9
:10592800012283F82C20FB68002283F82D20FB68D5
:10593800002283F82E20FB68642283F82F20154B61
:105948001A78FB6883F83020FB68002283F831203E
:10595800FB68002283F83220FB68002283F833209A
:10596800FB68002283F83420FB68002283F8352086
:10597800FB68042283F83620FB68082283F8372066
:10598800FB687A685A62FB6818461037BD4680BDC6
:1059980028610308B262030880B584B000AFF860DC
:1059A800B9607A60FB68B9681846FFF75DFC1C4A65
:1059B800FB681A60FB68002283F82C20FB68002231
:1059C80083F82D20FB68002283F82E20FB68002234
:1059D8001A86FB68002283F83220FB68002283F8CD
:1059E8003320FB6800229A86FB68002283F8362061
:1059F800FB68002283F83720FB68022283F83820EE
:105A0800FB68062283F83920FB6878225A87FB68EE
:105A18007A685A62FB6818461037BD4680BD00BFD9
:105A2800F060030880B584B000AFF860B9607A60B0
:105A3800FB68B9681846FFF717FC124AFB681A603A
:105A4800FB68002283F82820FB6800225A85FB683F
:105A5800FF2283F82C20FB68002283F82D20FB68A6
:105A6800002283F82E20FB68012283F82F20FB6890
:105A780078221A86FB687A685A62FB6818461037DB
:105A8800BD4680BDD460030880B584B000AFF8601F
:105A9800B9607A60FB68B9681846FFF7E5FB164AF3
:105AA800FB681A60FB68002283F82820FB68002244
:105AB80083F82920FB68002283F82A20FB6800224B
:105AC8009A85FB68FF2283F82E20FB68002283F862
:105AD8002F20FB68012283F83020FB68032283F81B
:105AE8003120FB6878225A86FB687A685A62FB681C
:105AF80018461037BD4680BDB860030880B584B02D
:105B080000AFF860B9607A603B60FB68B968184616
:105B1800FFF7AAFB064AFB681A60FB687A685A62B4
:105B2800FB683A689A62FB6818461037BD4680BD24
:105B38009C60030880B400AF034B1B78DBB21846A7
:105B4800BD4680BC704700BF3802002080B500AF5A
:105B5800034815F07AFA03469BB2184680BD00BF89
:105B68003003002080B584B000AF0346FB8018F0F6
:105B780051F9034603F59673FB600DE0214B5B6A10
:105B8800002B0CBF01230023DBB2002B04D04FF005
:105B98008042FB8853620AE018F03CF90246FB6831
:105BA80093428CBF01230023DBB2002BE6D118F00F
:105BB80031F9034603F59673FB600DE0114B5B6A00
:105BC800002B0CBF01230023DBB2002B04D04FF0C5
:105BD80080435B6A9BB210E018F01CF90246FB6830
:105BE80093428CBF01230023DBB2002BE6D14FF098
:105BF8008043DB6A9BB201339BB218461037BD461F
:105C080080BD00BF0004004080B487B000AF78605A
:105C18000B46FB701346BB7046237B744623FB750B
:105C28000023BB75FB785B08DBB2BA789A420DD9C2
:105C3800BA78FB789A4201D9FB78BB700023FB75D0
:105C48004623BB75FA78BB78D31ABB70BB78002B98
:105C58000FD100237B7507E07B7D7A681344BA7DFA
:105C68001A707B7D01337B757A7DFB789A42F3D37A
:105C780044E0FA78BB78B2FBF3F33B74FB78BA786C
:105C8800B3FBF2F101FB02F29B1AFB733B7C5B084E
:105C98003B750023FB740023BB742BE0BA7C3B7D6F
:105CA8009A4205D2BB7C7A681344BA7D1A701EE00A
:105CB800BB7C7A681344FA7D1A703A7D3B7C1344A6
:105CC8003B75FA7CFB7B1344DBB2FB7497F913300A
:105CD800FA7B5208D2B21A44BB789A4207DB3B7D62
:105CE80001333B75FA7CBB78D31ADBB2FB74BB7CFF
:105CF8000133BB74BA7CFB789A42CFD31C37BD46BC
:105D080080BC704780B483B000AF0023FB8006E0FE
:105D1800FB88074A0021D154FB880133FB80FB88AC
:105D2800EF2BF5D900BF00BF0C37BD4680BC7047CC
:105D38003C02002080B584B000AF9E4818F090FC6B
:105D48009D4818F08DFC9D4B01221A7005229C4934
:105D5800994818F0A3F900BF984B1B78DBB2002BC9
:105D6800FAD1974B1B88FB8101237B730AE07B7B6D
:105D7800934A32F813309AB2FB891344FB817B7B38
:105D880001337B737B7B032BF1D9FB890233FB81C6
:105D9800FB899B08FB818A4B1B89FB80874B01226F
:105DA8001A7006228749834818F078F900BF834B98
:105DB8001B78DBB2002BFAD100237B8102237B7294
:105DC8000AE07B7A7F4A32F813309AB27B8913440F
:105DD8007B817B7A01337B727B7A052BF1D97B89B6
:105DE8009B087B810A217848FDF70FFE4FF47A71F2
:105DF8007548FDF71BFE754B1B681B6C9BB2283B57
:105E08009AB2734B1A80FB887A89F989714809F02C
:105E180011FA03467B7170481CF0B0FDF0236F4AFD
:105E28000C216D481DF01AF9002168481CF0ECFFA0
:105E3800042166481CF0E8FF082164481CF084FE31
:105E48000C2162481CF080FE654B664A644966482E
:105E58000FF062FD624B654A634962480FF05CFDD2
:105E68005F4B614A604961480FF056FD5E4B5E4AE0
:105E78005D495F480FF050FD5B4B5B4A5D495E48EA
:105E88000FF04AFD584B584A57495A480FF044FDFD
:105E9800554B554A544959480FF03EFD524B524A0A
:105EA800514957480FF038FD554B554A4E4955480A
:105EB8000FF032FD4C4B4C4A494953480FF02CFD2A
:105EC800494B494A464951480FF026FD464B464A38
:105ED80043494F480FF020FD434B434A40494D4842
:105EE8000FF01AFD404B404A3D494B480FF014FD56
:105EF8003D4B3D4A3C493A480FF00EFD474B3A4A64
:105F0800394947480FF008FD374B374A3649434867
:105F18000FF002FD3A4B3A4A33493A480FF0FCFC7D
:105F28000023002230493F480FF0F6FC00230022EE
:105F38002D493D480FF0F0FC3C4802F095FF3C4BE2
:105F48001B78002B0FD02D4B2C4A2C492B480FF0D7
:105F5800E3FC002301226521284813F0B1F8354BF2
:105F6800264A1A6073E07B79013B032B6ED801A2A5
:105F780052F823F08D5F000841600008955F000823
:105F8800B55F00082B4B194A1A6060E00023012214
:105F980052211A4813F094F8224B184A1749174807
:105FA8000FF0BAFC234B154A1A6050E0214B1D4AEA
:105FB8001A604CE0545B0020845B00202C03002016
:105FC800280200201C02002030030020785D0020F9
:105FD800380300203C030020C05D00203C02002064
:105FE800D04A0020E0460020704600204C470020A0
:105FF8007847002050480020F84700203446002009
:106008007C480020B0480020144900209C4900200A
:10601800D4490020104A0020444A0020404900206A
:10602800A84A002070490020784A0020383600200D
:10603800986A0020000000200023012256211248FF
:1060480013F03EF8114B104A1A6000E000BF002020
:10605800FFF788FD0E48FEF76FFE03463B713B795C
:1060680019460C48FEF77FFCC82017F0DDFE074BE9
:106078001A68064B1B681B681B681046984700BFC8
:106088001037BD4680BD00BF344600200000002008
:10609800841300208836002080B582B000AF17F046
:1060A800B9FE0246624B1B689A428CBF012300234B
:1060B800DBB2002B46D017F0ADFE034664335C4AD2
:1060C800136002215B4819F097F90346FB70FB78CF
:1060D800012B0CBF01230023DBB219465648FFF7FA
:1060E8007EF80821534819F087F90346FB70FB78BE
:1060F800012B0CBF01230023DBB219464E48FFF7E2
:1061080090F804214B4819F077F90346FB70FB78A7
:10611800002B0CBF01230023DBB219464748FDF7CB
:10612800C3FD4FF48061464819F066F90346FB70D9
:10613800FB78012B0CBF01230023DBB21946414831
:10614800FDF79BFD404B1B6818460FF0FAFB786083
:106158007B68002B26D03C4B1B687A689A4221D07A
:106168003A48FBF78FF80021344809F025FC4FF036
:10617800804300225A63FFF7C5FD334B1A68324B40
:106188001B681B6808331B68104698472E4A7B68B3
:1061980013602D4B1A682C4B1B681B681B68104634
:1061A800984742E0284B1A68274B1B681B68043342
:1061B8001B68104698477860234B1B687A689A4298
:1061C8002AD07B68002B01D1214B7B6000211B4822
:1061D80009F0F2FB00211B4808F088FA0021174853
:1061E800FDF728FE4FF0804300225A63FFF78AFD2F
:1061F800154B1A68144B1B681B6808331B6810463C
:106208009847114A7B6813600F4B1A680E4B1B683E
:106218001B681B68104698470E4802F0E9FC0346C5
:10622800002B02D0052017F0FFFD0837BD4680BDC2
:10623800144B0020001001403C03002024420020A1
:10624800000C01403444002000000020E4450020F8
:10625800344600208836002080B500AF134B1B78E9
:10626800DBB2002B14BF01230023DBB2002B11D0BB
:106278004FF0804300225A634FF0804300229A6314
:106288000B4B00221A640B4B1B680133094A13603D
:10629800002308E006220849084817F0FFFE034BD0
:1062A80001221A700123184680BD00BF1802002081
:1062B80000040040140200201C020020545B00204F
:1062C80080B500AF134B1B78DBB2002B14BF012342
:1062D8000023DBB2002B11D04FF0804300225A6319
:1062E8004FF0804300229A630B4B00221A640B4B39
:1062F8001B680133094A1360002308E00522084996
:10630800084817F0CBFE034B02221A7001231846E7
:1063180080BD00BF180200200004004014020020C5
:1063280028020020845B002080B582B000AF78602E
:106338007B681B68B3F1804F0CD17B681B7F042BF3
:1063480002D1FFF789FF05E07B681B7F082B01D18D
:10635800FFF7B6FF00BF0837BD4680BD80B586B0E1
:1063680000AF7860786817F06DFE604B1B78DBB281
:10637800002B03D05D4B00221A70B3E07B681B68CA
:106388005B4A934270D14FF080435B6B012B8CBF0B
:1063980001230023DBB2002B06D0564B1B889BB28F
:1063A80019465548FDF757FC4FF080439B6B012B6E
:1063B8008CBF01230023DBB2002B06D04D4B5B883A
:1063C8009BB219464D48FDF746FC0023FB824FF46B
:1063D8008053BB8200237B8202237B742EE07B7C6C
:1063E800444A32F813309AB2FB8A1344FB827B7C0E
:1063F800404A32F813309BB27A8A9A4234BF01235A
:106408000023DBB2002B04D07B7C3A4A32F81330ED
:106418007B827B7C374A32F813309BB2BA8A9A4225
:106428008CBF01230023DBB2002B04D07B7C314AD4
:1064380032F81330BB827B7C01337B747B7C052B69
:10644800CDD9BA8A7B8A13449BB2FA8AD31AFB82C3
:10645800FB8A0133FB82FB8A5B08FB82FB8A1946B5
:10646800264808F013F93AE07B681B68244A9342EF
:1064780035D1244B1B889BB2FB600123FB720BE0D8
:10648800FB7A204A32F813309BB21A46FB68134451
:10649800FB60FB7A0133FB72FB7A032BF0D9FB68B4
:1064A8000233FB60FB689B08FB60164B1B899BB2A1
:1064B80019461548FEF780FEFB6819460E4809F094
:1064C8000DFC03463B81114B1B883A899A4202D93D
:1064D8000E4B1B883B814FF080423B8953630C4B2A
:1064E80000221A701837BD4680BD00BF2C0300205B
:1064F800002401401C0200202442002034440020D3
:10650800003C0140280200203C0300203803002002
:106518001802002080B584B000AF78607B681B68E3
:106528001C4A93422AD117F075FCF8601A4B1B6875
:106538001E33FA689A4234BF01230023DAB2174B9C
:106548001A70164B1B78DBB2002B05D0124B1B6858
:10655800002B01D0012300E00023002B0AD00E4BB2
:106568001B68FA68D31A642202FB03F319460C4825
:1065780014F04CFD084AFB68136007E07B681B6851
:10658800084A934202D10848FAF7DAFE00BF1037EA
:10659800BD4680BD000400403402002038020020BF
:1065A8003003002000100040E445002080B584B08E
:1065B80000AF78607B681B68104A934219D10023AA
:1065C800FB810F4B1B78DBB2002B04D00D4808F081
:1065D800A1FA0346FB81FB89002B07D0FB89DBB2BC
:1065E8001A4678210848FFF70FFB03E0FFF78AFBFC
:1065F80000E000BF1037BD4680BD00BF000400406A
:106608003802002034440020B402002080B584B051
:1066180000AF78607B681B68104A934219D1002349
:10662800FB810F4B1B78DBB2002B04D00D4808F020
:1066380071FA0346FB81FB89002B07D0FB89DBB28B
:106648001A4678210848FFF7DFFA03E0FFF75AFBFC
:1066580000E000BF1037BD4680BD00BF0004004009
:1066680038020020344400203C02002080B483B06B
:1066780000AF786000BF0C37BD4680BC704780B55E
:1066880082B000AF78607B68184600F0A0F87B689D
:1066980018460837BD4680BD80B582B000AF786027
:1066A8007B68184628231A4600212DF041FE7B6896
:1066B8001846FFF7E4FF7B6818460837BD4680BDDB
:1066C80080B58AB000AF786007F10803796818468A
:1066D80000F0B0F807F118037968184600F0B9F827
:1066E8007B68184600F0C4F8034607F1180207F162
:1066F8000801786800F0E1F87B68184600F078F83F
:106708007B6818462837BD4680BD80B582B000AF8B
:106718007860786800F0F0F87B68184600F0F8F8C0
:106728007B6818460837BD4680BD80B582B000AF8B
:106738007860786800F0FFF87B6818460837BD462F
:1067480080BD000080B582B000AF78607B681968B2
:106758007B689A687B681B68D31ADB10074A02FBC0
:1067680003F31A46786800F0F0F87B681846FEF7DD
:1067780019FC7B6818460837BD4680BD398EE3385A
:10678800B0B582B000AF78607B681C687B685D68D4
:106798007B68184600F0ECF803461A46294620465E
:1067A80000F0F0F87B681846FFF7CCFF7B681846C6
:1067B8000837BD46B0BD80B582B000AF7860786854
:1067C80000F0FEF87B6818460837BD4680BD80B5E6
:1067D80082B000AF78607B68184600F0E1F80021CD
:1067E800786800F0F9F87B6818460837BD4680BD20
:1067F80080B582B000AF78607B681B68002B10D032
:106808007B6859697B685B6A04331A46786800F0CC
:1068180049F97B6819687B685B681A46786800F0F4
:106828005CF97B681846FFF7C6FF7B68184608378F
:10683800BD4680BD80B582B000AF786039603B68E6
:1068480008331946786800F01DF878680837BD469F
:1068580080BD80B582B000AF786039603B6818337E
:106868001946786800F00EF878680837BD4680BD8C
:1068780080B483B000AF78607B6818460C37BD469B
:1068880080BC704780B483B000AF786039603B68E3
:106898001A687B681A603B685A687B685A603B686C
:1068A8009A687B689A603B68DA687B68DA607B681C
:1068B80018460C37BD4680BC704780B58CB000AF19
:1068C800F860B9607A603B6007F11003B968184650
:1068D800FFF7D8FF07F1200379681846FFF7D2FFC2
:1068E80007F1200207F110031946F86800F010F9C3
:1068F80000BF3037BD4680BD80B582B000AF78603C
:10690800786800F063F97B6818460837BD4680BD93
:1069180080B483B000AF78607B6800221A607B681F
:1069280000225A607B6800229A607B6818460C3700
:10693800BD4680BC704780B483B000AF78607B6888
:1069480018460C37BD4680BC704780B584B000AF90
:10695800F860B9607A60BB68002B05D0FB687A687C
:10696800B968184600F03CF900BF1037BD4680BD35
:1069780080B483B000AF78607B6818460C37BD469A
:1069880080BC704780B584B000AFF860B9607A60A9
:10699800B968F86800F033F900BF1037BD4680BD0C
:1069A80080B582B000AF7860786800F035F97B6810
:1069B800184600F03DF97B6818460837BD4680BD8B
:1069C80080B582B000AF7860786800F04AF97B68DB
:1069D80018460837BD4680BD90B589B000AF7860CD
:1069E80039601820FEF709FA02463B68B3FBF2F358
:1069F8000133FB610823FB60FB6902333B6107F14C
:106A0800100207F10C031146184600F034F903464A
:106A18001A687B685A607B685B681946786800F07A
:106A28003DF902467B681A607B681A687B6859687A
:106A3800FB69CB1A5B089B001344BB61FB699B0095
:106A4800BA6913447B617A69B969786800F043F9D7
:106A58007B680833B969184600F058F97B6803F178
:106A680018027B69043B1946104600F04FF97B6811
:106A7800DA687B689A607B68DC691820FEF7BDF9E4
:106A880002463B68B3FBF2F101FB02F29A1A134685
:106A98005B001344DB00E2187B689A6100BF24376F
:106AA800BD4690BD80B586B000AFF860B9607A6029
:106AB800BB687B6108E07B691B681946F86800F0D1
:106AC80041F97B6904337B617A697B689A42F2D326
:106AD80000BF00BF1837BD4680BD80B586B000AF87
:106AE800F860B9607A6007F11403F968184600F095
:106AF8003CF907F114037A68B968184600F052F9AE
:106B080007F11403184600F041F91837BD4680BD57
:106B1800B0B586B000AFF860B9607A60BB68DB6872
:106B280004337B6118E07B691D687B691C6800F091
:106B380048F9024613465B001344DB001C44FB681B
:106B48001846FFF795FE03461A462146284600F0E8
:106B580040F97B6904337B617B68DB687A699A4218
:106B6800E1D3BB68DA687B68DB689A421CD0BB68F3
:106B78001C68BB689D68FB681846FFF779FE0346EA
:106B88001A462946204600F024F97B685C687B6831
:106B98001D68FB681846FFF76BFE03461A46294630
:106BA800204600F016F90DE0BB681C687B681D687C
:106BB800FB681846FFF75CFE03461A46294620463E
:106BC80000F007F900BF1837BD46B0BD80B483B0E8
:106BD80000AF78607B6818460C37BD4680BC7047AC
:106BE80080B584B000AFF860B9607A607A68B96837
:106BF800F86800F0FCF800BF1037BD4680BD80B5CE
:106C080082B000AF786039603968786800F002F9BE
:106C180000BF0837BD4680BD80B582B000AF786040
:106C2800786800F010F97B6818460837BD4680BDC3
:106C380080B582B000AF78607B6800221A607B68FC
:106C480000225A607B680833184600F006F97B6812
:106C58001833184600F001F97B6818460837BD4616
:106C680080BD80B483B000AF78607B6818460C376D
:106C7800BD4680BC704780B483B000AF786039608F
:106C88007B681A683B681B689A4201D23B6800E03F
:106C98007B6818460C37BD4680BC704790B585B0F8
:106CA80000AF7860396007F10C037968184600F086
:106CB8005CF807F10C033968184600F0E4F804465C
:106CC80000BF07F10C03184600F060F82346184689
:106CD8001437BD4690BD80B586B000AFF860B96086
:106CE8007A60BB687B6108E0F86800F0DBF8024670
:106CF8007B691A607B6904337B617A697B689A4295
:106D0800F2D300BF00BF1837BD4680BD90B583B031
:106D180000AF786039607B683A68DA603B681A6867
:106D28007B685A607B685C6800F0CEF802461346C0
:106D38005B001344DB00E2187B689A6000BF0C37E5
:106D4800BD4690BD90B583B000AF786039607C686F
:106D58001820FEF752F803461A463968204600F014
:106D6800BBF800BF0C37BD4690BD80B582B000AF00
:106D780078603960386800F0BEF8034619467868CC
:106D880000F0C3F878680837BD4680BD80B582B08A
:106D980000AF7860786800F0C5F87B681846083757
:106DA800BD4680BD80B584B000AFF860B9607A6038
:106DB8007A68B968F86800F0BFF800BF1037BD46B8
:106DC80080BD80B500AF1820FEF717F803461846B7
:106DD80080BD80B584B000AFF860B9607A60B968EA
:106DE800F86800F0B9F800BF1037BD4680BD80B51F
:106DF80084B000AFF860B9607A607A681346DB0047
:106E08001344DB001946B8682CF064FB00BF103748
:106E1800BD4680BD80B582B000AF7860396009E0BA
:106E2800786800F0A6F80346184600F0ACF87B68CE
:106E380048337B607A683B689A42F1D100BF00BF53
:106E48000837BD4680BD80B483B000AF78607B68EA
:106E580018460C37BD4680BC704780B483B000AF7D
:106E680078607B6800221A607B6800225A607B6821
:106E780000229A607B680022DA607B6818460C372B
:106E8800BD4680BC704780B582B000AF786039607D
:106E980000223968786800F081F8034618460837F8
:106EA800BD4680BD90B583B000AF78607C6818207F
:106EB800FDF7A3FF03461946204600F098F803465D
:106EC80018460C37BD4690BD80B500AF1820FDF7B9
:106ED80094FF0346184680BD80B584B000AFF860C3
:106EE800B9607A607A68B968F86800F08FF800BF0E
:106EF8001037BD4680BD80B483B000AF78607B6832
:106F080018460C37BD4680BC704780B582B000AFCC
:106F180078603960786800F08CF87B681846083724
:106F2800BD4680BD80B483B000AF78607B681846EA
:106F38000C37BD4680BC704780B584B000AFF860A0
:106F4800B9607A607B689B001946B8682CF0C2FA71
:106F580000BF1037BD4680BD80B582B000AF7860F5
:106F680039603968786800F06EF800BF0837BD46A8
:106F780080BD80B483B000AF78607B6818460C375A
:106F8800BD4680BC704780B582B000AF7860786835
:106F9800FDF7F1FF00BF0837BD4680BD80B584B05E
:106FA80000AFF860B9607A60F86800F065F80246EA
:106FB800BB6893428CBF01230023DBB2002B14BFB4
:106FC80001230023DBB2002B07D0BB68B3F1804F4D
:106FD80001D32CF098FA2CF093FABB689B00184662
:106FE8002CF07AFA034618461037BD4680BD80B5A6
:106FF80082B000AF7860396000223968786800F0A4
:1070080047F8034618460837BD4680BD80B584B0AA
:1070180000AFF860B9607A607A6813465B00134481
:10702800DB001946B8682CF055FA00BF1037BD468A
:1070380080BD80B483B000AF78607B6818460C3799
:10704800BD4680BC704780B582B000AF78603960BB
:1070580009E0786800F04AF80346184600F050F84E
:107068007B6818337B607A683B689A42F1D100BF2D
:1070780000BF0837BD4680BD80B483B000AF7860DC
:107088006FF0604318460C37BD4680BC704700005F
:1070980080B584B000AFF860B9607A60F86800F035
:1070A8003BF80246BB6893428CBF01230023DBB246
:1070B800002B14BF01230023DBB2002B07D0BB68D1
:1070C800094A934201D92CF01EFA2CF019FABA6831
:1070D80013465B001344DB0018462CF0FDF9034609
:1070E80018461037BD4680BDAAAAAA0A80B483B044
:1070F80000AF78607B6818460C37BD4680BC704787
:1071080080B582B000AF786078682CF0BAFA00BF1A
:107118000837BD4680BD000080B483B000AF7860FA
:10712800024B18460C37BD4680BC7047555555056F
:1071380080B582B000AF7860054A7B681A607B68CA
:107148001846FEF7D9F87B6818460837BD4680BD53
:107158004461030880B582B000AF78607868FFF7B3
:10716800E7FF442178682CF0B5F97B6818460837A2
:10717800BD4680BD80B582B000AF7860054A7B68A7
:107188001A607B681846FEF7B7F87B681846083718
:10719800BD4680BDB461030880B582B000AF786099
:1071A8007868FFF7E7FF282178682CF093F97B6867
:1071B80018460837BD4680BD80B582B000AF7860FC
:1071C800054A7B681A607B681846FEF795F87B6865
:1071D80018460837BD4680BD6061030880B582B097
:1071E80000AF78607868FFF7E7FF302178682CF007
:1071F80071F97B6818460837BD4680BD80B582B0F6
:1072080000AF7860054A7B681A607B681846FEF70D
:1072180073F87B6818460837BD4680BDB860030818
:1072280080B582B000AF78607868FFF7E7FF342157
:1072380078682CF04FF97B6818460837BD4680BD42
:1072480080B582B000AF7860054A7B681A607B68B9
:107258001846FEF751F87B6818460837BD4680BDCA
:10726800D460030880B582B000AF78607868FFF713
:10727800E7FF342178682CF02DF97B681846083729
:10728800BD4680BD80B582B000AF7860054A7B6896
:107298001A607B681846FEF72FF87B68184608378F
:1072A800BD4680BDF060030880B582B000AF78604D
:1072B8007868FFF7E7FF3C2178682CF00BF97B68CA
:1072C80018460837BD4680BD80B582B000AF7860EB
:1072D800054A7B681A607B681846FEF70DF87B68DC
:1072E80018460837BD4680BD2861030880B582B0BE
:1072F80000AF78607868FFF7E7FF382178682CF0EE
:10730800E9F87B6818460837BD4680BD80B582B06D
:1073180000AF7860054A7B681A607B681846FDF7FD
:10732800EBFF7B6818460837BD4680BD7C610308C3
:1073380080B582B000AF78607868FFF7E7FF2C214E
:1073480078682CF0C7F87B6818460837BD4680BDBA
:1073580080B582B000AF7860054A7B681A607B68A8
:107368001846FDF7C9FF7B6818460837BD4680BD3B
:107378009861030880B582B000AF78607868FFF73D
:10738800E7FF302178682CF0A5F87B6818460837A5
:10739800BD4680BD80B582B000AF7860054A7B6885
:1073A8001A607B681846FDF7A7FF7B681846083700
:1073B800BD4680BD9C60030880B582B000AF786090
:1073C8007868FFF7E7FF2C2178682CF083F87B6852
:1073D80018460837BD4680BD80B582B000AF7860DA
:1073E800054A7B681A607B681846FDF785FF7B684D
:1073F80018460837BD4680BD0862030880B582B0CC
:1074080000AF78607868FFF7E7FF642178682CF0B0
:1074180061F87B6818460837BD4680BD80B582B0E4
:1074280000AF7860054A7B681A607B681846FDF7EC
:1074380063FF7B6818460837BD4680BD2462030891
:1074480080B582B000AF78607868FFF7E7FF342135
:1074580078682CF03FF87B6818460837BD4680BD31
:1074680080B582B000AF7860054A7B681A607B6897
:107478001846FDF741FF7B6818460837BD4680BDB2
:107488000C61030880B582B000AF78607868FFF7B8
:10749800E7FF2C2178682CF01DF87B681846083720
:1074A800BD4680BD80B582B000AF7860054A7B6874
:1074B8001A607B681846FDF71FFF7B681846083777
:1074C800BD4680BD4062030880B582B000AF7860D9
:1074D8007868FFF7E7FF582178682BF0FBFF7B6897
:1074E80018460837BD4680BD80B582B000AF7860C9
:1074F800054A7B681A607B681846FDF7FDFE7B68C5
:1075080018460837BD4680BD5C62030880B582B066
:1075180000AF78607868FFF7E7FF802178682BF084
:10752800D9FF7B6818460837BD4680BD80B582B054
:1075380000AF7860054A7B681A607B681846FDF7DB
:10754800DBFE7B6818460837BD4680BDD06103085E
:1075580080B582B000AF78607868FFF7E7FF282130
:1075680078682BF0B7FF7B6818460837BD4680BDA2
:1075780080B582B000AF7860054A7B681A607B6886
:107588001846FDF7B9FE7B6818460837BD4680BD2A
:107598007862030880B582B000AF78607868FFF73A
:1075A800E7FF6C2178682BF095FF7B681846083751
:1075B800BD4680BD80B582B000AF7860054A7B6863
:1075C8001A607B681846FEF711F97B681846083779
:1075D800BD4680BDD462030880B582B000AF786034
:1075E8007868FFF7E7FF702178682BF073FF7B68F6
:1075F80018460837BD4680BD80B582B000AF7860B8
:10760800054A7B681A607B681846FDF775FE7B683B
:1076180018460837BD4680BDEC61030880B582B0C6
:1076280000AF78607868FFF7E7FF3C2178682BF0B7
:1076380051FF7B6818460837BD4680BD80B582B0CB
:1076480000AF78607B6803F581437833184600F013
:1076580077F97B6803F57B532833184600F04CF91B
:107668007B6803F54B533C331846FDF757FA7B68A4
:1076780003F58B5304331846FDF71AFD7B6818464B
:107688000837BD4680BD000080B588B006AF786079
:1076980039607B68012B6FD13B684FF6FF729342CC
:1076A8006AD108215848FCF798F95848FDF718FDA1
:1076B80056495748FDF7ACFF54495648FEF7B8F805
:1076C80052495548FDF746FE514A50495348FDF77F
:1076D800C3FF4E495248FDF77FFE4C495148FDF71C
:1076E800CDFE504B4E4A49494F480CF037FC4749AC
:1076F8004E48FDF7FDFE45494D48FDF72BFF4C4B25
:107708004A4A42494B48FEF7F9F940494A48FDF7C9
:10771800D3FF3F4A3D494948FDF7FCFF454A3B49ED
:107728004748FEF7DBF8404A38494648FEF734F93F
:107738003D4A36494448FEF775F93A4A33494348C1
:10774800FEF7A2F9324A31494148FDF7FFFF404AA6
:107758002E494048FDF798FF3E4B04933B4B03935B
:10776800394B0293374B01932C4B0093344B2A4AE5
:10777800264939480BF0FEFD7B68002B40D13B6859
:107788004FF6FF7293423BD13348FFF7D1FC3148A3
:10779800FFF7F0FC2E48FFF70FFD2C48FFF72EFDF2
:1077A8002948FFF74DFD2748FFF76CFD2448FFF7F0
:1077B8008BFD2248FFF7AAFD1F48FFF7C9FD1D48AA
:1077C800FFF7E8FD1A48FFF707FE1848FFF726FEFF
:1077D8001548FFF745FE1348FFF764FE1048FFF70A
:1077E80083FE0E48FFF7A2FE0B48FFF7C1FE0948CB
:1077F800FFF7E0FE0648FFF7FFFE0448FFF71EFF0D
:1078080000BF0837BD4680BD300300203C03002080
:107818003446002070460020E04600204C470020F7
:1078280078470020F8470020504800207C48002076
:10783800B048002014490020404900207049002029
:107848009C490020D4490020104A0020444A0020C6
:10785800784A0020A84A0020D04A002080B582B08B
:1078680000AF78600A4A7B681A607B68B4331846B0
:10787800FEF786FF7B686C331846FDF77CFB7B6858
:107888001846FDF72FFB7B6818460837BD4680BDB4
:107898003460030880B582B000AF78607868FFF77D
:1078A800DDFFC02178682BF015FE7B681846083785
:1078B800BD4680BD80B582B000AF7860054A7B6860
:1078C8001A607B681846FDF70DFB7B681846083779
:1078D800BD4680BD0060030880B582B000AF786007
:1078E8007868FFF7E7FF702178682BF0F3FD7B6875
:1078F80018460837BD4680BD80B582B000AF7860B5
:10790800054A7B681A607B681846FCF783F97B6830
:1079180018460837BD4680BDA45F030880B582B00D
:1079280000AF78607868FFF7E7FF4FF4C8717868B0
:107938002BF0D0FD7B6818460837BD4680BD000097
:1079480080B582B000AF7860054A7B681A607B68B2
:107958001846FCF75FF97B6818460837BD4680BDB6
:10796800605F030880B582B000AF78607868FFF781
:10797800E7FF4FF4D87178682BF0ACFD7B681846A8
:107988000837BD4680BD80B500AF4FF6FF710120B6
:10799800FFF77AFE80BD80B500AF4FF6FF7100207B
:1079A800FFF772FE80BD80B483B000AF78607B685B
:1079B8005B7A18460C37BD4680BC704780B582B0EC
:1079C80000AF78607B6803F586731846FFF7EBFF16
:1079D800034618460837BD4680BD80B483B000AF63
:1079E80078600B46FB707B68FA7883F8752100BFD6
:1079F8000C37BD4680BC704780B483B000AF786058
:107A08007B6893F83C31022B09D07B6893F83C31B2
:107A1800012B04D07B6893F83C31032B01D101235F
:107A280000E0002318460C37BD4680BC704780B480
:107A380083B000AF78607B6893F83C31002B0CBFB3
:107A480001230023DBB218460C37BD4680BC7047C3
:107A580080B582B000AF7860786806F0A7FD03466D
:107A68001A467B68B3F854319A422CBF012300238D
:107A7800DBB218460837BD4680BD80B483B000AF7E
:107A880078607B689B8F03F08003002B14BF012371
:107A98000023DBB218460C37BD4680BC704780B562
:107AA80082B000AF78607B6803F585436833184679
:107AB80013F0CBFA02467B6803F58043B3F8F23241
:107AC8009A42ACBF01230023DBB218460837BD46F3
:107AD80080BD80B584B000AF78607B6800229A6270
:107AE8007B689B6803F5814378331846FFF79FFF4F
:107AF800034683F00103DAB27B6883F82C207B68A5
:107B08009B681846FFF7CBFF03461A467B6883F845
:107B180024200023FB737B6893F82430002B06D0C5
:107B28000123FB737B68002283F825200EE07B6825
:107B38009B6803F57B5328331846FFF73FFF03463E
:107B480083F00103DAB27B6883F825207B689B68A1
:107B580003F57B5328331846FCF77FF903461A468A
:107B6800FB7B934214BF01230023DBB2002B09D017
:107B78007B689B6803F57B532833FA7B11461846CC
:107B8800FFF72BFF7B686422DA8500BF1037BD46FC
:107B980080BD000090B58DB000AF78600B46FB70DB
:107BA80013463B807B689B6803F54B533C337B62F1
:107BB8007B689B683B627B689B6803F57B53283333
:107BC800FB617B689B6803F581437833BB61F86987
:107BD800FCF743F90346FB75FB691B681C331B68FC
:107BE800F86998470346BB82FB7DB7F90020B98A3C
:107BF800386AF9F792FF0346FB85FB691B68143363
:107C08001B68F86998470346BB82FB7DB7F90020DB
:107C1800B98A386AF9F781FF0346BB85FB78052BDB
:107C28000AD13B6A03F582530833FA7D1146184698
:107C3800FBF705F90346BB85FB691B6820331B6806
:107C4800F86998470346FB74BB691B681C331B68BB
:107C5800B86998470346BB82B7F90020B98A02235E
:107C6800386AF9F75AFF03467B85BB691B681433EA
:107C78001B68B86998470346BB82B7F90020B98AE0
:107C88000223386AF9F749FF03463B82BB691B6840
:107C980020331B68B86998470346FB733B6A03F5B2
:107CA800825308331846F9F719FC0346BB73FB786F
:107CB800002B04D0FB78082B01D0012300E000231F
:107CC8007B73FA8DBB8DD31A9BB219B27B7B0122D1
:107CD800786A01F00BF9FB7C01221946786A01F0F9
:107CE80075FDFB78012B0AD1FA8DBB8DD31A9BB297
:107CF8001BB21A460121786A02F080F809E07B6815
:107D080093F82530002B02D1FB78002B01D13B885A
:107D1800FB85FB78072B06D1BA7BF98D0123786A9E
:107D280001F08CFA06E0F98D4FF47F030122786A9E
:107D380001F0E0F9FB78052B11D17B689B6803F50E
:107D480082530833FA7D11461846FBF778F8034644
:107D58003B813B89002B43D03B89BB8540E0FB7DC1
:107D6800002B3DD1FB78042B3AD13B6A03F58253B3
:107D780008331846FBF7BCFA034687F829303B6AF4
:107D880003F5825308331846F9F7A8FB034683F036
:107D98000103DBB2002B0DD097F829201346DB0036
:107DA80013440333524A82FB03125210DB17D31ACF
:107DB80087F82930FB691B6814331B68F8699847F2
:107DC80003467B81B7F9002079890023386AF9F7DF
:107DD800A4FE03461A4697F829309BB21344BB8584
:107DE800B869FFF735FE034683F00103DBB2002BC9
:107DF80012D07B6893F82C30002B0AD0786A01F0F7
:107E0800A1FD7B68002283F82C200021786A01F00C
:107E1800CDFE3B887B8516E07B68012283F82C2009
:107E2800BB691B680C331B68B86998470346002B6D
:107E380009D07A8D3B8AD31A9BB21BB21A4600210D
:107E4800786A01F0DBFF7B6893F82C30002B0DD0AB
:107E5800BB691B680C331B68B8699847034683F0F5
:107E68000103DBB2002B01D0012300E00023002B2B
:107E780006D0BA7B798D0023786A01F0DFF906E035
:107E8800798D4FF47F030022786A01F033F97A8DF7
:107E98003B8AD31A9BB219B27B6893F82C30002224
:107EA800786A01F023F8FB7B00221946786A01F012
:107EB8008DFC7B68B3F92E30B7F900209A4212D0B6
:107EC8007B683A88DA857C6A3B6A03F58253083313
:107ED8001846F9F703FB03461A46B7F90030194666
:107EE800204601F03DFB00BF3437BD4690BD00BFC2
:107EF8006766666680B584B000AF78607B689B680B
:107F080003F581437833FB60F868FFF7A1FD03466A
:107F1800002B0FD015F07EFF02467B689B6A9A42C1
:107F280008D3FB681846FFF749FD0346002B01D02C
:107F3800012300E00023002B24D0FB681B681C33BE
:107F48001B68F868984703467B81FB681B681433F5
:107F58001B68F868984703463B817B689B6803F574
:107F68004B533C3379893A898A1A92B212B2114634
:107F7800184601F08BFC15F04DFF034603F164022F
:107F88007B689A6200BF1037BD4680BD80B582B05D
:107F980000AF78600B46FB707B689B6803F57B53EA
:107FA80028331846FBF759FF0346002B0CBF012363
:107FB8000023DBB2002B09D07B689B6803F54B5389
:107FC8003C33F9780122184601F0E8FC00BF083775
:107FD800BD4680BD80B582B000AF78600B46FB70AF
:107FE8007B689B6803F57B5328331846FBF735FFFE
:107FF80003461A46FB7893420CBF01230023DBB2E9
:10800800002B01D000230BE0FB78012B01D10123C9
:1080180000E000231946786800F006F8034600BF20
:1080280018460837BD4680BD80B584B000AF78607B
:108038000B46FB700023FB737B689B6803F57B533F
:1080480028331846FBF709FF0346BB73BB7B002B9D
:1080580018D17B6893F82430002B0FD07B689B687D
:1080680003F57B5328331846FFF7A8FC034683F033
:108078000103DBB2002B01D0012200E000227B6863
:1080880083F82520FB78012B02D10123FB7300E044
:1080980000BFFA7BBB7B9A4214BF012300237B738A
:1080A8007B7B002B09D07B689B6803F57B532833C7
:1080B800FA7B11461846FFF790FC7B7B0022194695
:1080C800786800F005F8034618461037BD4680BDAD
:1080D80090B58FB000AF78600B46FB701346BB704D
:1080E8007B689B6803F54B533C333B637B689B6819
:1080F800FB627B689B6803F57B5328331846FBF7C4
:10810800ACFE034687F82B30002387F83730FB781E
:10811800002B0BD0FB6A03F58253083397F82B200A
:1081280011461846FAF7A4FE034600E000233B85F3
:10813800FB6A03F58253083302211846FAF798FEC2
:108148000346FB84B7F92820FB8C97F82B10786836
:1081580000F0A8F8FB78002B4BD0012387F83730C4
:108168003C6B07F1080397F82B20F96A1846F9F7D2
:1081780021FE97F82B301946F86AF9F71EFF0346D7
:108188001A4607F108010123204601F097F807F184
:10819800080318462BF075FA3B8D01221946386BF7
:1081A80000F07BFE01220021386B01F0F7FB7B68B1
:1081B80093F82D30002B04D07B6893F82D30072BD3
:1081C80004D10121386B01F0F1FC12E07B6893F8CF
:1081D8002D30052B04D10121386B01F077FD08E023
:1081E8007B6893F82D30032B03D10121386B01F004
:1081F8000DFDBB78002B4FD0012387F837307B6803
:108208009B68184607F086F90346BB847B689B6821
:1082180003F5825308331846F9F760F9034687F8DF
:1082280023303C6B7B689B6803F5814378331846A1
:1082380006F0AEFE034600221946204601F0F2F889
:1082480097F82320B7F924301946386B01F088F9DC
:10825800386B01F077FB7B689B6803F581437833C3
:108268001846FFF7C9FB0346002B04D00021386BE2
:1082780001F0B4FC03E00021386B01F097FCFB8CA3
:1082880000221946386B00F008FE7B68002283F84C
:108298002C207B6800229A6297F8373018463C37C2
:1082A800BD4690BD90B58DB004AFF8600846114644
:1082B8001A460346FB720B463B811346FB80FB685C
:1082C8009B68BB61BB6903F5825308330022002118
:1082D8001846FAF707FA0346FB82BB6903F582538F
:1082E8000833002200211846FAF742FA0346BB82F7
:1082F800BB6903F582530833002202211846FAF7B6
:10830800F1F903467B82BB6903F5825308330022E7
:1083180002211846FAF72CFA03463B820123FB7721
:10832800BB6903F5825308331846FFF7A6FB0346DB
:10833800002B20D00523FB773889B7F90820274B75
:1083480083FB02135910D317C91A0B469B000B4421
:10835800D31A1BB29BB2C31A9BB23B81FA88204B3B
:10836800A3FB021399080B469B000B44D31A9BB23C
:10837800FA88D31AFB80B7F90830002B13D0FB68B2
:108388009B6803F580407830B7F91620B7F9144098
:10839800B7F9081000230293FB7F0193FB7F00933A
:1083A800234604F099FCFB88002B13D0FB689B68DC
:1083B80003F581403830B7F90610B7F91220B7F93C
:1083C800104000230293FB7F0193FB7F0093234619
:1083D80004F082FC00BF2437BD4690BD6766666620
:1083E800CDCCCCCC80B582B000AF78600B46FB70AA
:1083F8007B689B6803F57B5328331846FBF72DFDF4
:1084080003461A46FB7893420CBF01230023DBB2D4
:10841800002B01D0012305E0FB78022B01D10023BA
:1084280000E0032318460837BD4680BD80B584B0F8
:1084380000AF78600B46FB701346BB70FB7819469B
:108448007868FFF7CFFF0346FB73FB7B032B4CD009
:108458007B689B6803F54B533C33BB60BB78013B9F
:10846800072B3CD801A252F823F000BF95840008DE
:10847800A1840008AD840008B9840008C3840008FA
:10848800CF840008E7840008DB840008FB7B1946DA
:10849800B86801F0A3FB29E0FB7B1946B86801F036
:1084A800E5FB23E0FB7B1946B86801F0AFFB1DE054
:1084B800FB7B1946B86801F01FFCFB7B1946B868BE
:1084C80001F004FC12E0FB7B1946B86801F0E6FBFA
:1084D8000CE0FB7B1946B86801F0B0FB06E0FB7BBB
:1084E8001946B86801F062FB00E000BF1037BD46CE
:1084F80080BD00BF80B584B000AF78600B46FB70CC
:1085080013463B80FB7819467868FFF76BFF0346F4
:10851800FB73FB7B032B0AD07B689B6803F54B53EB
:108528003C33FA7B3988184600F0B7FC00E000BFFE
:108538001037BD4680BD90B583B000AF78600B465C
:10854800FB707B689B6803F54B543C347B689B68E5
:1085580003F581437833184606F01AFD0346194699
:10856800FB781A46204600F05DFF00BF0C37BD4679
:1085780090BD80B582B000AF78607B689B6803F5DA
:108588004B533C33184601F0CFF800BF0837BD46BF
:1085980080BD80B582B000AF786078682BF04AFC67
:1085A800034618460837BD4680BD80B483B000AF87
:1085B80078607B681B68053318460C37BD4680BC5D
:1085C800704780B483B000AF78607B681B68002B6D
:1085D80003D07B681B681B8800E0002318460C3713
:1085E800BD4680BC704780B483B000AF78607B68BC
:1085F8001B68002B03D07B681B685B8800E00023A6
:1086080018460C37BD4680BC704780B483B000AFB5
:1086180078607B681B68002B03D07B681B68073376
:1086280000E0002318460C37BD4680BC704780B474
:1086380083B000AF78607B681B68002B03D07B6831
:108648001B685B7900E0002318460C37BD4680BCE8
:10865800704780B483B000AF78607B681B68002BDC
:1086680003D07B681B681B8800E0002318460C3782
:10867800BD4680BC704780B483B000AF78607B682B
:108688001B68002B03D07B681B685B8800E0002315
:1086980018460C37BD4680BC704780B582B000AF25
:1086A800786039607B683968184628F0A9FF00BFF0
:1086B8000837BD4680BD80B586B002AFF8607B60E4
:1086C8000B467B8113463B81F8683A8979893B8B55
:1086D80000937B6829F03CF8034618461037BD46DE
:1086E80080BD80B586B002AFF8607B600B467B81A9
:1086F80013463B81F8683A8979893B8B00937B68FC
:1087080029F0AAF8034618461037BD4680BDB0B513
:1087180088B004AFF860B9607A60FB70FC68B8682C
:10872800FFF743FF0546B868FFF74BFF03461A46B5
:1087380097F8243002933B8C0193FB7800937B6875
:108748002946204629F026F8034618461037BD4624
:10875800B0BD80B582B000AF786039607B68396899
:10876800184629F09BF8034618460837BD4680BDD1
:1087780080B582B000AF786039607B683968184688
:1087880029F0A0F8034618460837BD4680BD80B5D5
:1087980082B000AF78607B68184629F0B5F80346C8
:1087A80018460837BD4680BD90B583B000AF7860E5
:1087B8007B68184629F0A8F803461C467B681846CB
:1087C80029F0B6F80346E31A1BB218460C37BD4623
:1087D80090BD90B583B000AF78607B68184629F0EB
:1087E80093F803461C467B68184629F0A1F803460F
:1087F80023441BB218460C37BD4690BD80B582B0E5
:1088080000AF78600B46FB707B68FA781146184613
:1088180028F014FF00BF0837BD4680BD80B582B080
:1088280000AF786026F0BEFD034618460837BD46FF
:1088380080BD80B582B000AF786026F0BDFD0346EC
:1088480018460837BD4680BD80B582B000AF786055
:108858000B46FB70FB78184626F0E8FD00BF08378A
:10886800BD4680BD80B582B000AF78600B467B8086
:108878007B88184626F05CFF00BF0837BD4680BDE0
:1088880080B584B000AFF860084611461A46034622
:108898007B810B463B811346FB803B8BFA883989E9
:1088A800788926F07FFF00BF1037BD4680BD80B5B0
:1088B80084B000AFF860084611461A4603467B812B
:1088C8000B463B811346FB803B8BFA8839897889B4
:1088D80026F083FF00BF1037BD4680BD90B587B036
:1088E80002AFF860084611461A4603467B810B46DC
:1088F8003B811346FB803C8CFA8839897889BB8C8C
:108908000093234626F0AEFE00BF1437BD4690BD47
:1089180080B584B000AFF860084611461A46034691
:108928007B810B463B811346FB713B8BFA79398976
:10893800788927F013F800BF1037BD4680BD80B591
:1089480084B000AFF860084611461A4603467B819A
:108958000B463B811346FB713B8BFA793989788941
:1089680027F07CF800BF1037BD4680BD90B589B0B0
:1089780004AFF860084611461A4603467B810B4649
:108988003B811346FB803C8CFA8839897889BB8DFA
:1089980002933B8D0193BB8C0093234627F00BF980
:1089A80000BF1437BD4690BD90B587B002AFF860E0
:1089B800084611461A4603467B810B463B811346FF
:1089C800FB803C8CFA88398978893B8D0193BB8C74
:1089D8000093234626F01DFF00BF1437BD4690BD07
:1089E80090B589B004AFF860084611461A460346A8
:1089F8007B810B463B811346FB803C8CFA88398986
:108A080078893B8E0393BB8D02933B8D01937B6AE0
:108A18000093234627F028FC00BF1437BD4690BDBD
:108A2800F0B589B004AFF860084611461A46034607
:108A38007B810B463B811346FB80F86AFFF7B5FD47
:108A48000546F86AFFF7BDFD03461E463C8DFA88C9
:108A580039897889BB8E03933B8E029301960095E2
:108A6800234627F001FC00BF1437BD46F0BDF0B522
:108A780089B004AFF8607B600B467B8113463B816D
:108A88007868FFF79EFD03461D467868FFF7ABFD43
:108A980003461E467868FFF788FD04467868FFF7A6
:108AA80090FD03461A4639897889BB8D03933B8D1F
:108AB80002930192009433462A4627F0D5FB00BF63
:108AC8001437BD46F0BDF0B589B004AFF86008466C
:108AD80011461A4603467B810B463B811346FB80B1
:108AE800F86AFFF792FD0446F86AFFF7B2FD0346FD
:108AF8001E46F86AFFF79BFD03463B60F86A28F0BC
:108B080035FC05463B8DFA883989788903953D6897
:108B180002950196009427F04DFC00BF1437BD461E
:108B2800F0BD80B582B000AF78600B46FB70FB7873
:108B3800184626F0B9FC034618460837BD4680BDDE
:108B480080B582B000AF786026F020FA00BF083701
:108B5800BD4680BD80B483B000AF78607B689B7BE6
:108B6800002B02D07B681B8801E07B689B89184634
:108B78000C37BD4680BC704780B582B000AF7860C6
:108B88000C2103481AF040F900BF0837BD4680BDE4
:108B9800505E002080B582B000AF78600C21034899
:108BA8001AF0ECF900BF0837BD4680BD505E0020C2
:108BB80080B483B000AF7860044B1B6800221A644D
:108BC80000BF0C37BD4680BC704700BF505E002018
:108BD80080B483B000AF78607B681A88034B1B6849
:108BE8001A6400BF0C37BD4680BC7047505E002039
:108BF80080B485B000AF78600423FB737B681B8862
:108C08001A462B4B1B681B6C9A428CBF012300230E
:108C1800DBB2002B1CD07B681B881A46244B1B68D0
:108C28001B6CD31A042B8CBF01230023DBB2002B4F
:108C380007D01F4B1B681A6C1D4B1B6804321A6443
:108C480004E01B4B1B681A6C01321A64012329E0EB
:108C58007B681B881A46164B1B681B6C9A4234BFEC
:108C680001230023DBB2002B1BD0114B1B681B6CAC
:108C78007A6812889B1A042B8CBF01230023DBB26D
:108C8800002B07D00A4B1B681A6C094B1B68043A67
:108C98001A6404E0064B1B681A6C013A1A64012333
:108CA80000E0002318461437BD4680BC704700BF5B
:108CB800505E002090B587B000AF78600B46FB701F
:108CC8007B681A1D7B68D3F8E03B19461046FFF70E
:108CD800E4FC7B68043302211846FFF78FFD7B68AC
:108CE80004331846FFF753FD0346FB827B680433C1
:108CF8002C491846FFF72DFD03460233BB827B68DB
:108D080003F6AC34FA8AB98A07F10C03184626F040
:108D1800FBF907F10C031946204626F033FA07F150
:108D28000C03184626F05DFA7B6803F6B834FA8A15
:108D380007F110030D21184626F0E6F907F1100394
:108D48001946204626F01EFA07F11003184626F0A9
:108D580048FAFB78002B04D07B681846FFF7F0FE32
:108D680003E07B681846FBF723FA7B685033184604
:108D7800FFF710FF7B6850331846FFF7FDFE7B684E
:108D8800503300211846FBF7EEFD7B685033184638
:108D9800FFF71EFF786803F095FE00BF1C37BD463D
:108DA80090BD00BF8050030880B582B000AF7860E6
:108DB8000B46FB707B68FA7811461846FFF744FDAE
:108DC800786803F07FFE00BF0837BD4680BD00000D
:108DD80090B585B000AF786039603B68002B04D04F
:108DE8007B683A68C3F8982B09E07B68D3F8E82BCE
:108DF8007B68C3F8982B7B68002283F864207B6823
:108E08001A1D7B68D3F8983B19461046FFF745FCB6
:108E18007B6804331846FFF7BAFC0346FB817B687E
:108E2800043310491846FFF794FC03460233BB810C
:108E38007B6803F53B64FA89B98907F1080318468A
:108E480026F062F907F108031946204626F09AF938
:108E580007F10803184626F0C4F900BF1437BD46C9
:108E680090BD00BF8050030880B582B000AF786025
:108E78007B6850331846FFF79BFE7B68FF2283F818
:108E8800C42B7A687B68B3F89C3B19461046FFF7F9
:108E9800E9FC00BF0837BD4680BD80B584B002AF8D
:108EA80078600B467B8013467B707B78012B02D061
:108EB8007B78002B16D17B78012B03D17B68B3F824
:108EC800D63B03E07B6803F6C6331B887A68B2F8A2
:108ED8009E2B79880192012200920A22786803F079
:108EE800A1FD00E000BF0837BD4680BD90B587B042
:108EF80002AF7860084611461A4603467B800B4647
:108F08007B7013463B707B78012B03D07B78002B5A
:108F180040F0EB807B78012B03D17B68B3F8D63B1C
:108F280003E07B6803F6C6331B88FB817B6803F587
:108F38003B631846FFF745FB03461433BB817B6848
:108F480003F6AC331846FFF74EFB0346FB7278680E
:108F5800BB89033399B27B68B3F89E3BFA890093C7
:108F68000323FFF7D5FC7868FB7A9CB27B68B3F8DB
:108F78009E3BFA89B98900932346FFF798FC7868E5
:108F8800BB89063399B2FB7A9CB27B68B3F89E3BE7
:108F9800FA8900932346FFF78AFC7868BB89033374
:108FA80099B2FB7A9AB2FB8913449BB205339AB201
:108FB8007B68B3F89E3B00930823FFF7A9FC786809
:108FC800BB89033399B2FB7A9AB2FB8913449BB2EB
:108FD80005339AB23B78002B03D07B68B3F8A23BE9
:108FE80002E07B68B3F89C3B00930723FFF7A7FCDC
:108FF8007868BB89033B99B2FB8909339AB27B68CD
:10900800B3F89E3B0193032300930323FFF766FC09
:109018007868BB89013399B2FB7A9BB27A68B2F857
:109028009C2BFC890192009305232246FFF756FCEE
:10903800B7F902300A226FF06301184613F042F8BC
:1090480003467B80B7F90230002B21DD7868BB89A5
:10905800013399B27B88FA89D31A9BB20A339CB23E
:10906800FB7A9AB27B8813449BB20A3B9AB23B784C
:10907800002B03D07B68B3F8A23B02E07B68B3F80F
:109088009C3B0193009205232246FFF727FC2DE025
:10909800B7F90200FB7A0A3B0093012300226FF024
:1090A800630112F0ADFF0346BB727868BB890133D8
:1090B80099B2FB7A9AB2FB8913449AB2BB7A9BB2F3
:1090C800D31A9CB2BB7A9AB23B78002B03D07B6848
:1090D800B3F8A23B02E07B68B3F89C3B0193009293
:1090E80005232246FFF7FAFB00E000BF1437BD4610
:1090F80090BD0000B0B58AB002AFF8607B600B4647
:109108007B8113467B727B7A012B03D07B7A002B01
:1091180040F08D807B89B3F57A7F02D340F2E73344
:109128007B817A8907F11403434918462BF0B6F876
:10913800FB681A1DFB68D3F8E03B19461046FFF799
:10914800ACFAFB68043302211846FFF757FBFB68AB
:1091580003F6AC33184626F06BF8FB68181DFB685D
:1091680003F6AC3107F114020023019300230093A6
:109178000123FFF7CCFAFB681846FFF74FFB0346BD
:109188001C46FB6803F6AC331846FFF71AFA034689
:10919800E31A9BB2143BFB83FB681846FFF73EFBC0
:1091A80003461C46FB681846FFF743FB03469C42F0
:1091B8008CBF01230023DBB2002B12D0FB681846BA
:1091C800FFF72CFB03461C46FB6803F6AC33184636
:1091D800FFF7F7F90346E31A5B10FB83FB8B323387
:1091E800FB837B7A012B03D1FB68B3F8D63B03E002
:1091F800FB6803F6C6331B88BB83F868FB6803F675
:10920800AC35FB68B3F89C2B7B68B3F5803F03D380
:10921800FB68B3F89E3B01E07B689BB2BC8BF98B83
:10922800019300922B462246FFF721FC00E000BF85
:109238002037BD46B0BD00BF8450030880B588B054
:1092480002AF7860084611461A4603467B800B46F3
:109258007B7013463B707B78002B01D0282300E0FD
:109268005023FB827B78002B01D05A2300E0B423E3
:10927800BB827B88F98ABA8A184612F023FF034614
:109288007B82788AF98ABA8A00230093552312F0E0
:10929800B7FE03467B747B687A7C11461846FFF755
:1092A80040FC0346FB81FB893A7879887868FFF7A8
:1092B80021FF00BF1837BD4680BD0000B0B58EB095
:1092C80006AFF860B96011461A460B46FB711346A3
:1092D800BB71BB79012B03D0BB79002B40F09B807D
:1092E800FB681A1DFB68D3F8983B19461046FFF730
:1092F800D4F9FB6804331846FFF749FA0346BB83E1
:10930800FB681C1DB8682AF08BFB034619462046EB
:10931800FFF71FFA03467B83BB79012B09D0FB6853
:109328001846FFF786FA03461A46BB8BD31A9BB238
:1093380000E000233B83F868FB68B3F8D01BFB68A8
:10934800B3F89C3B3A8B0193BB8B00930B460021EF
:10935800FFF7C4FA0023FB83FB68B3F8D03B7A8B92
:109368009A4207D2FB68B3F8D03B1A467B8BD31AD4
:109378005B10FB83FB681C1D3A8BBB8B13449DB2AF
:10938800B8682AF04DFB0246FB68B3F89E3BF98BA0
:10939800009313462A462046FFF78DF9FB7983F0A0
:1093A8000103DBB2002B1ED0F868FA8B7B8B1344C9
:1093B8009BB20A3399B23A8BBB8B13449BB20E3BD8
:1093C8009CB2FB68B3F89C3BFA68B2F89E2B0492F7
:1093D800039310230293124B01930E23009310233F
:1093E8002246FFF7FDFAFB681846FFF717FA03460F
:1093F800143BFB82BB79012B0ED1F868FB68B3F8EC
:10940800DA2BFB68B3F89E3BF98A00930B460A21D6
:10941800FFF736FA00E000BF2037BD46B0BD00BFF9
:10942800D0550308F0B58BB002AF78600B46FB70DF
:109438001346BB70FB78642B01D96423FB707B68EF
:1094480064334321184610F0BFFBF861FA7807F13E
:109458001000252341492AF021FF7B681A1D7B68EB
:10946800D3F8983B19461046FFF717F97B68043381
:109478001846FFF78CF903467B837B68B3F8D21B49
:109488007A8B07F10C03184625F03EFE7B68181D01
:1094980007F10C0101230193002300930023FA69CB
:1094A800FFF735F97B68181D07F1100207F10C0169
:1094B80000230193002300930223FFF728F9BB78C8
:1094C800002B03D07B68B3F8A23B02E07B68B3F8BB
:1094D8009E3B3B837C687B681846FFF7AAF90346E6
:1094E8001A467B8BD31A99B27B68B3F89C3B07F179
:1094F8000C003A8B0192009303460A46002120464D
:10950800FFF7B5FA7C687B68B3F8D25B7B681846CE
:10951800FFF78FF903461A467B8BD31A9EB27B68F6
:109528001846FFF77BF903461A467B68B3F8D23B27
:10953800D31A9AB27B68B3F89C3B01937B8B009358
:109548001346324629462046FFF7C8F907F10C03AF
:10955800184625F046FE2437BD46F0BD885003085E
:10956800B0B58EB006AF78600B467B8013467B7033
:109578007B681A1D7B68D3F8983B19461046FFF79D
:109588008CF87B6804331846FFF701F90346FB8320
:10959800B7F9023013F1090FC0F2A080B7F9023011
:1095A800632B00F39B804323BB817B7883F001030B
:1095B800DBB2002B01D046233B73B7F9022007F139
:1095C8001003574918462AF069FE7B681846FFF7CA
:1095D80025F903461C467B68043307F10C02114643
:1095E8001846FFF7B6F80346E31A9BB21E3BBB8347
:1095F8007B68043307F1100211461846FFF7A9F8F3
:1096080003461A46BB8B9B1A9BB2083B7B837C683C
:109618007B681846FFF70DF903461A46FB8BD31AE9
:109628009DB27B681846FFF7F9F803461A467B682F
:10963800B3F89C3B798B0193FB8B009313462A4626
:109648002046FFF74BF97B681C1D7B681846FFF71F
:10965800F0F8034618467B68B3F89E3B07F10C0206
:10966800B98B0093134602462046FFF724F87C681E
:10967800BB8B083B9DB27B681846FFF7DAF80346B8
:109688001A46FB8BD31A9BB2043399B27B68B3F8A2
:109698009C3B7A68B2F89E2B0492039308230293AA
:1096A800204B01930523009308230A4629462046A8
:1096B800FFF796F97B681C1D7B681846FFF7B9F819
:1096C800034618467B68B3F89E3B07F11002798B76
:1096D8000093134602462046FEF7EDFF7B681846C6
:1096E800FFF79CF80346143B3B837C687B6818466D
:1096F800FFF79FF803461A467B68B3F8DC3BD31A9A
:109708009AB27B68B3F89E3B398B00930B460A21CB
:109718002046FFF7B5F800BF2037BD46B0BD00BFF3
:1097280090500308C855030890B589B002AF786017
:109738007B6864336421184610F046FA78617B68C8
:109748001A1D7B68D3F8983B19461046FEF7A5FF0B
:109758007B6804331846FFF71AF803467B827B6858
:10976800B3F8D21B7A8A07F10C03184625F0CCFC13
:109778007B68181D07F10C01012301931023009346
:1097880000237A69FEF7C3FF7C687B681846FFF7F9
:1097980050F803461A467B8AD31A99B27B68B3F805
:1097A8009C3B7A68B2F8A02B07F10C000192009359
:1097B80003460A4600212046FFF759F907F10C0332
:1097C800184625F00EFD1C37BD4690BDB0B586B0D5
:1097D80002AF78600B46FB701346BB70BB78012B59
:1097E80002D0BB78002B4DD1FB78642B01D96423C0
:1097F800FB707B6803F6B8331846FEF7F4FE0346A1
:10980800FB73FA7BFB780321184612F01FFC034612
:10981800BB73BB78012B03D17B68B3F8D63B03E05D
:109828007B6803F6C6331B88BB817B6803F6B833B5
:10983800BA7B91B20022184625F093FD7C687B68BC
:109848001846FEF7EBFF03461D467B6803F6B83360
:109858001846FEF7B6FE0346EB1A9BB2053B99B2D3
:109868007B6803F6B8357B68B3F89C3B7A68B2F836
:109878009E2BB889019200932B4602462046FFF79B
:10988800F6F800E000BF1037BD46B0BDB0B58AB0ED
:1098980006AF78600B467B80B7F902300022274973
:1098A800184612F00FFC03467B80B7F9020000232C
:1098B800009355230022214912F0A2FB0346FB73B3
:1098C8007B68FA7B11461846FFF72BF90346BB81E4
:1098D8007B6893F8AA3B0133DAB27B6883F8AA2B3A
:1098E8007B6893F8AA3B03F00303DAB27B6883F83A
:1098F800AA2B78687B68B3F8C84B7B68B3F8CA5B57
:109908007B6893F8AA3B1A461346DB0013445B01B5
:109918000B4A13447A68B2F89C2BB98904910392D4
:109928003022029201933023009330232A462146A5
:10993800FFF756F800BF1037BD46B0BD18FCFFFF53
:10994800FC550308B0B588B006AF786078687B68C6
:10995800B3F8C81B7B68B3F8CA4B7B6893F8AA3B7B
:109968001A461346DB0013445B010B4A13447A681A
:10997800B2F89C2B45F2AA25049503923022029254
:1099880001933023009330232246FFF729F800BFC4
:109998000837BD46B0BD00BFFC55030890B58BB075
:1099A80006AF78600B46FB701346BB70BB78012B83
:1099B80002D0BB78002B38D17B68B3F8CC3BFB8155
:1099C8007B68B3F8CE3BBB81BB78002B07D17B68A3
:1099D800B3F8C83BFB817B68B3F8CA3BBB81FB7813
:1099E800002B15D078687B68B3F89C3B7A68B2F88E
:1099F8009E2BBC89F98904920393302302930D4B63
:109A080001933023009330232246FEF7E9FF0DE04F
:109A180078687B68B3F89C3BBA89F989019330234D
:109A280000933023FEF75AFF00E000BF1437BD460D
:109A380090BD00BF7C5A030880B584B000AF786041
:109A48000B46FB707B686433FA781146184610F0B1
:109A5800BBF8F860F968786800F004F800BF1037C0
:109A6800BD4680BD90B587B002AF786039607B682D
:109A78001A1D7B68D3F8983B19461046FEF70DFE71
:109A88007B6804331846FEF782FE0346FB737B6847
:109A9800043339681846FEF76BFE0346BB737B68D0
:109AA8001C1D7B681846FEF7B9FE03461A46BB7BA9
:109AB800D31ADA0F13445B1099B2FB7B9AB27B6816
:109AC800B3F89E3B00933B682046FEF70AFE7C688D
:109AD8007B681846FEF7A2FE03461A46BB7BD31ADC
:109AE800DA0F13445B109BB20A3B99B2FB7B9BB223
:109AF80003339AB2BB7B9BB2143398B27B68B3F83A
:109B08009E3B009303462046FEF7BAFE00BF14377B
:109B1800BD4690BD90B58DB006AFF860B9601146EE
:109B28001A460B46FB801346BB8097F82830012B5A
:109B380003D097F82830002B34D197F82830012B20
:109B480005D0FB68B3F8C63B1E3B9BB200E0002380
:109B5800FB82FC68FB681846FEF760FE0346283B5C
:109B680099B2FA8ABB880493FB8803931C23029357
:109B7800BB6801931C2300931C232046FEF730FF8B
:109B8800FC68FB681846FEF749FE03460C3B99B291
:109B9800FA8AFB8801931C2300930C232046FEF7C6
:109BA8009DFE00E000BF1C37BD4690BD80B584B067
:109BB80002AF78600B46FB707B68B3F89C2BFB7890
:109BC800009345F2AA2304497868FFF7A3FF00BF72
:109BD8000837BD4680BD00BF9C5B030880B584B0D4
:109BE80002AF78600B46FB707B68B3F89C2BFB7860
:109BF80000934FF6FF7304497868FFF78BFF00BFA7
:109C08000837BD4680BD00BF9C5B030880B584B0A3
:109C180002AF78600B46FB707B68B3F89C2BFB782F
:109C280000934FF4FC6304497868FFF773FF00BFA3
:109C38000837BD4680BD00BF9C5B030880B584B073
:109C480002AF78600B46FB707B68B3F89C2BFB78FF
:109C580000934FF4FC6304497868FFF75BFF00BF8B
:109C68000837BD4680BD00BF7C5C030880B584B062
:109C780002AF78600B46FB707B68B3F89C2BFB78CF
:109C880000934FF4FC6304497868FFF743FF00BF73
:109C98000837BD4680BD00BF0C5C030880B584B0A2
:109CA80002AF78600B46FB707B68B3F89C2BFB789F
:109CB80000934FF4FC6304497868FFF72BFF00BF5B
:109CC8000837BD4680BD00BFEC5C030880B584B092
:109CD80002AF78600B46FB707B68B3F89C2BFB786F
:109CE80000931F2303497868FFF714FF00BF083764
:109CF800BD4680BDEC5C030880B584B002AF7860D7
:109D08000B46FB707B68B3F89C2BFB7800934FF4F1
:109D1800784304497868FFF7FDFE00BF0837BD4661
:109D280080BD00BF5C5D0308B0B586B002AF786047
:109D38000B46FB701346BB70FB78012B02D0FB78F7
:109D4800002B57D1FB78012B05D07B68B3F8C63BB5
:109D58001E3B9BB200E00023BB817B6803F53B639D
:109D68001846FEF72EFC0346FB81FB89272B01D8FA
:109D78002823FB817B681846FEF750FD03461A46E8
:109D8800FB89D31AFB81BB7899B27B68B3F8A43BF3
:109D9800B889FA890193022300930346786802F090
:109DA80041FE7B6803F53B631846FEF71CFC03463F
:109DB8007B81B7F90A301B2B1DDC7C687A89BB894B
:109DC80013449DB27B6803F53B631846FEF7F9FB25
:109DD800034618467B89C3F11C039BB27A68B2F824
:109DE8009C2BF9890192009303462A462046FEF7E8
:109DF80075FD00E000BF1037BD46B0BD80B586B028
:109E080002AF78600B46FB7013463B800023FB7360
:109E1800B7F900300A226FF03101184612F052F9F2
:109E280003463B80B7F90030002B0CDAB7F9000085
:109E380055230093AA2300226FF0310112F0E0F8B5
:109E48000346FB730AE0B7F900000023009355238B
:109E58000A22002112F0D4F80346FB737B68FA7BD0
:109E680011461846FEF75DFE0346BB817B68B3F8D2
:109E78009C2BB989FB7800930B4604497868FFF757
:109E880049FE00BF1037BD4680BD00BF9C5B03087C
:109E9800B0B596B002AFF860B96011461A460B46E5
:109EA800FB711346BB71FB681A1DFB68D3F8983B1E
:109EB80019461046FEF7F1FBFB6804331846FEF717
:109EC80066FC0346DBB2053387F8423097F8423028
:109ED8009BB20C33A7F84030002387F84F300BE0D3
:109EE80097F84F3050333B44582203F8382C97F8F2
:109EF8004F30013387F84F3097F84F30082BEFD9A0
:109F0800002387F82130FB68043307F11802114653
:109F18001846FEF71EFC03463833A7F84C3097F86E
:109F2800603083F00103DBB2002B04D0B7F84C306B
:109F38001A33A7F84C30FB6804331846FEF727FCA1
:109F4800034687F83F3097F83F309AB2B7F84C107D
:109F580007F11403184625F0D7F80023A7F84A306C
:109F6800FB681846FEF75AFC03461A46B7F84C3009
:109F7800934234BF01230023DBB2002B0BD0FB68D4
:109F88001846FEF74BFC03461A46B7F84C30D31A6E
:109F98005B10A7F84A30002387F8493097F83F301C
:109FA8000E2B05D997F83F300E3B5B1087F84930E8
:109FB800FB681846FEF73DFC03461A46B7F84030E2
:109FC800D21A97F8423092FBF3F387F83E30FA79C9
:109FD80097F83E309A4202D997F83E30FB71002339
:109FE80087F84830CBE0FB68B3F89E3BA7F84630CB
:109FF800FB68B3F89C3BA7F8443097F84820134611
:10A008005B0013445B001A46BB68134402331846CE
:10A0180006F062F9034683F00103DBB2002B00F07F
:10A02800A98097F8482013465B0013445B001A4642
:10A03800BB6813441A88BB799BB29A4209D1FB6862
:10A04800B3F89C3BA7F84630FB68B3F89E3BA7F8EB
:10A05800443007F11403184625F0EAF80A2387F874
:10A06800433097F8603083F00103DBB2002B1AD03D
:10A0780097F843301A3387F8433097F84820134647
:10A088005B0013445B001A46BB681344023318464E
:10A09800F7F7E0F9034607F11401009310230A22A9
:10A0A800F86802F09BFAFB681C1D97F848201346D5
:10A0B8005B0013445B001A46BB6813449A1C07F103
:10A0C80024031146184606F05BF907F124031846E5
:10A0D80029F0A6FC024697F843309BB207F1140119
:10A0E80000200190009300232046FEF710FB07F1A3
:10A0F8002403184629F0C5FA97F8482013465B0050
:10A1080013445B001A46BB68134402331846F7F73A
:10A11800B3F9034683F00103DBB2002B0FD0B7F885
:10A128004C301A3B99B297F849309AB207F11400AB
:10A138000E230193102300932F4B25F0E8F8F868BD
:10A1480097F842309BB297F8482092B202FB03F38B
:10A158009AB2B7F8403013449AB207F11404B7F82A
:10A168004A10B7F846300193B7F8443000932346B5
:10A17800FEF77DFC97F84830013387F8483097F8A8
:10A188004820FB799A42FFF42EAFFA7997F83E30CF
:10A198009A4229D297F842309BB2FA7992B202FBDE
:10A1A80003F39AB2B7F840301344BB87FC6807F151
:10A1B80014031846FEF705FA03461D46FB681846C1
:10A1C800FEF737FB03461A46BB8FD31A9BB2FA68D1
:10A1D800B2F89C2BB88FB7F84A10019200932B461F
:10A1E80002462046FEF77AFB07F11403184624F0CE
:10A1F800F8FF5037BD46B0BDD0550308F0B58FB055
:10A2080002AFF8607B600B46FB721346BB72FB68BB
:10A218001A1DFB68D3F8983B19461046FEF73DFA1D
:10A22800FB6804331846FEF7B2FA0346DBB20A337A
:10A2380087F8233097F823309BB20C333B84FB68B4
:10A248001846FEF7F6FA03461A463B8CD21A97F8D8
:10A25800233092FBF3F3FB77FB681846FEF7DEFA30
:10A2680003461C46FB681846FEF7E3FA03469C4281
:10A2780001D9322300E01423BB77FB681846FEF7A8
:10A28800CDFA03461A46BB7F9BB25B009BB2D31A3A
:10A298009CB2FB6804331846FEF779FA03469AB273
:10A2A80007F110032146184624F02EFFFB6864339B
:10A2B800FA7A114618460FF01FFD03467B777A7F1E
:10A2C800FB7F9A4201D9FB7F00E07B7F87F82F3024
:10A2D8007B68002B05D07B681B78002B01D00123FD
:10A2E80000E000233B773B7F002B09D097F82F2015
:10A2F800FB7F9A4204D197F82F30013B87F82F3023
:10A3080097F82F305B08DBB2BA7AD31ADBB2013385
:10A31800DBB287F82E307B7F012B09D997F92E20E5
:10A32800BB7A9A4204D1BB7A013BDBB287F82E3064
:10A3380097F92E30002B06DA97F82E207B7F1344EE
:10A34800DBB287F82E300023BB85002387F82B303B
:10A3580081E097F82E2097F82B30134487F82A309D
:10A3680097F82A207B7F9A4205D397F82A207B7F8B
:10A37800D31A87F82A30FA7A97F82A301344DBB2CE
:10A388000133FB76FB686433FA7E114618460FF0FA
:10A398001BFC786107F11003184624F049FFFB689D
:10A3A800181D07F11001012301930A2300930023CC
:10A3B8007A69FEF7ACF997F823309BB297F82B200F
:10A3C80092B202FB03F39AB23B8C13443B853B7F6A
:10A3D800002B13D0BB8D002B10D097F823309BB2E5
:10A3E80097F82B2092B202FB03F39AB23B8C1344EA
:10A3F8009AB297F823309BB213443B85FB68B3F8B5
:10A408009C3BFB84FB68B3F89E3BBB8497F82A20EF
:10A41800BB7A9A420DD1FB68B3F89E3BFB84FB687C
:10A42800B3F89C3BBB8497F823309AB23B8D134416
:10A43800BB85F868BB7F99B207F110043A8DBB8CD5
:10A448000193FB8C00932346FEF711FB97F82B3002
:10A45800013387F82B3097F82B2097F82F309A4242
:10A46800FFF477AF3B7F002B3AD007F11003184673
:10A4780024F0DEFEFB68181D07F11001012301938B
:10A488000023009302237A68FEF741F997F84830D1
:10A4980083F00103DBB2002B12D0F868BB7F99B2BE
:10A4A800FB68B3F89C3BFA68B2F89E2B07F11005DD
:10A4B800BC8D019200932B462246FEF7D8FA0FE096
:10A4C800F868BB7F99B2FB68B3F89C3B07F11004AE
:10A4D800BA8D4FF47845019500932346FEF7C7FAE5
:10A4E8003B7F83F00103DBB2002B28D097F82F20A5
:10A4F800FB7F9A4223D2FC68BB7F9DB297F823303A
:10A508009BB297F82F2092B202FB03F39AB23B8CCE
:10A5180013449EB207F110031846FEF752F803469B
:10A52800194697F823309BB2FA68B2F89C2B01922F
:10A5380000930B46324629462046FEF7CFF907F12D
:10A548001003184624F04DFE3437BD46F0BD000018
:10A55800B0B594B006AFF860084611461A460346EF
:10A56800FB720B463B811346FB80FB681A1DFB6898
:10A57800D3F8983B19461046FEF78FF8FB6804336A
:10A588001846FEF726F9034687F83730FB68043388
:10A598001846FEF709F90346DBB2053387F836306B
:10A5A80097F836309BB20C33BB86FB68B3F8D41BE4
:10A5B80097F836309AB207F12403184624F0A4FD20
:10A5C800FB686433452118460FF0FEFA3863FA7ABF
:10A5D80007F118036A49184629F060FEFB68181D40
:10A5E80007F12401012301930023009300233A6B10
:10A5F800FEF78DF8FB68181D07F1180207F1240112
:10A6080000230193002300930223FEF780F8F868E3
:10A61800FB68B3F89C3BFA68B2F89E2B07F1240458
:10A62800B98E0192009323460A461421FEF71FFAB9
:10A63800FC68FB681846FEF7F1F80346283B99B218
:10A64800FB68B3F89C3B97F85020002A02D04FF6DD
:10A65800FF7201E045F2AA22B88E049203931C23EC
:10A668000293484B01931C2300931C230246204667
:10A67800FEF7B6F9FB681846FEF7D0F803461C4605
:10A68800FB6803F6AC331846FDF79BFF0346E31A55
:10A69800DA0F13445B109BB2283BFB8597F83630E2
:10A6A8009AB2BB8E13449BB20F33BB86B88EFA8D19
:10A6B800398997F8483000930346F86802F014F88F
:10A6C800BB8EBB85FB6803F6AC331846FDF78BFFE2
:10A6D80003461A4697F8363013449AB2BB8E134491
:10A6E800BB8697F85430632B50D9F86897F8373001
:10A6F8009AB2BB8E13449BB297F837205208D2B255
:10A708001146BA8E0A4492B2F968B1F89E1BBC8E03
:10A71800039102921E2201920093142322461421CF
:10A72800FEF724F9FA8807F110031749184629F0AB
:10A73800B5FDFB6803F53B63184624F079FDFB681B
:10A74800181DFB6803F53B6107F110020023019314
:10A75800002300930023FDF7DAFFF868FB6803F590
:10A768003B64FB68B3F89C3BFA68B2F89E2BB98E41
:10A778000192009323460A462821FEF778F920E043
:10A78800845003089C5B030894500308FC68FB682A
:10A798001846FEF743F80346463B9DB2FB6803F5AF
:10A7A8003B631846FDF71FFF03461946FB68B3F8DD
:10A7B8009C3BBA8E019300912B4614212046FEF74C
:10A7C8008DF8FB681846FEF729F80346143B9AB241
:10A7D800BB8D97F84C10F86802F028F897F85430B9
:10A7E80064220021184611F06DFC034687F85430A6
:10A7F80097F85440FB681846FEF710F80346B43B38
:10A808000093002364220021204611F0F9FB03463F
:10A818007B85FB681846FEF701F80346B43B9CB2FB
:10A82800FB681846FEF705F80346283B9BB2FA6812
:10A83800B2F8A02B798D032003904FF0FF300290DF
:10A84800019200938C232246F86802F055F897F895
:10A85800583064220021184611F034FC034687F86A
:10A86800583097F85840FB681846FDF7D7FF03465D
:10A87800503B0093002364220021204611F0C0FBC6
:10A8880003467B85FB681846FDF7C8FF0346503B27
:10A898009CB2FB681846FDF7CCFF0346103B9BB201
:10A8A800FA68B2F8A22B798D002003904FF0FF30A0
:10A8B80002900192009328232246F86802F01CF8BF
:10A8C80007F12403184624F0B3FCB7F85C30002BDA
:10A8D80014D0B7F85C2007F118031849184629F076
:10A8E800DDFCFB68181D07F1180207F1240100239D
:10A8F8000193002300930023FDF709FFFC68FB6820
:10A908001846FDF796FF0346303B99B2FB68B3F84B
:10A918009C3BFA68B2F89E2B07F124000192009341
:10A9280003460A4614212046FEF7A1F807F124033E
:10A93800184624F056FC3837BD46B0BD9850030879
:10A94800F0B597B006AFF860084611461A460346B8
:10A958007B810B463B811346FB80FB681A1DFB6815
:10A96800D3F8983B19461046FDF797FEFB68043369
:10A978001846FDF70CFF0346DBB2053387F83B307A
:10A9880097F83B309BB20C333B87FC68FB68184652
:10A99800FDF744FF0346283B99B2FB68B3F89C3B9C
:10A9A80097F86020002A02D04FF6FF7201E045F2C6
:10A9B800AA22388F049203931C2302938F4B01938E
:10A9C8001C2300931C2302462046FEF709F897F83B
:10A9D8006430002B13D0F868FB68B3F89C3B3A8FBF
:10A9E8004FF4FC61049103931C230293844B01935D
:10A9F8001C2300931C232821FDF7F2FF0BE0F868C5
:10AA0800FB68B3F89C3B3A8F01931C2300931C23EB
:10AA18002821FDF763FF97F83B309AB23B8F134428
:10AA28009BB214333B875A23FB86FB6864334D2162
:10AA380018460FF0C9F83863FB6803F6AC331846BC
:10AA480024F0F6FBFB68181DFB6803F6AC31012304
:10AA580001930023009300233A6BFDF758FE034649
:10AA6800FB85FB8D03F10A02FB8E9A4206DAFA8E09
:10AA7800FB8DD31A9BB20A3B9BB200E00023BB8537
:10AA8800FC68FB6803F6AC331846FDF7ACFD0346DB
:10AA98001A463B8F13449AB297F83B309BB2D31AAD
:10AAA8009BB205339DB2FB6803F6AC331846FDF73D
:10AAB8009AFD03463B60FB6803F6AC33FA68B2F8CC
:10AAC8009C2BF968B1F89E1BFE8DB88D03910292FC
:10AAD80001933B68009333462A4601462046FDF71A
:10AAE8009FFF388FFA8E798997F85830009303467C
:10AAF800F86801F0F9FDFB681846FDF78FFE03467C
:10AB08001C46FB681846FDF794FE03469C420DD888
:10AB1800FB6803F6AC331846FDF765FD03461A4695
:10AB28003B8F13449BB214339BB200E03B8F7B8571
:10AB3800FB681846FDF772FE0346143B9AB27B8DFC
:10AB480097F85C10F86801F071FEFB6803F6AC3307
:10AB58001846FDF748FD03461A463B8F13443B87CA
:10AB6800FB681846FDF75AFE0346403B3B853A8D85
:10AB780013465B001344002B00DA0733DB10FB8419
:10AB88000023FB873A89FB88D31A002BB8BF5B42A6
:10AB9800002B00DA03339B10BB84BA8CFB8C9A42DF
:10ABA80002D8BB8CFB871CE0BA8CFB8CD31ABB8405
:10ABB800BB8C4FF47A720021184611F083FA0346D1
:10ABC800BB84B88C3B8DDB089BB2009300234FF409
:10ABD8007A72002111F014FA03469AB2FB8C1344DE
:10ABE800FB870023BB873A89FB889A420AD33B8DAF
:10ABF8005B089AB2FB8F1344BB8709E09C5B030890
:10AC08000C5C03083B8D5B089AB2FB8FD31ABB8799
:10AC1800BB8F3A8D0021184611F054FA0346BB87C2
:10AC2800FB681846FDF705FE03461C3B3B87FB689F
:10AC3800B3F8A23B3A8D520892B212B2388DB98F4E
:10AC480000240394029201933B8F00932023024631
:10AC5800F86801F051FEFB68043352491846FDF7C5
:10AC680078FD03460433FB8597F83B309AB2F98D9B
:10AC780007F12003184624F047FA07F12003184685
:10AC8800FDF79FFC0346FB85FB8D002B00F08180C0
:10AC9800B7F86C30002B14D0B7F86C2007F1140308
:10ACA8004149184629F0FAFAFB68181D07F1140201
:10ACB80007F1200100230193002300930023FDF7EF
:10ACC80026FDF86897F83B309BB23A8FD31A9BB2AF
:10ACD800023B99B2FB68B3F89C3BFA68B2F89E2B2A
:10ACE80007F120040192009323460A461421FDF738
:10ACF800BEFEFA8807F114032C49184629F0CEFA4B
:10AD080007F12003184624F093FAFB68181D07F191
:10AD1800140207F12001002301930023009301236B
:10AD2800FDF7F5FCFC68FB681846FDF777FD034660
:10AD38001A46FB8DD31ADA0F13445B109DB297F8AD
:10AD48003B309BB23A8FD31A9BB2023B9EB207F1BB
:10AD580020031846FDF747FC03461846FB68B3F87E
:10AD68009C2B97F86830002B03D0FB68B3F89E3B08
:10AD780002E0FB68B3F8A23BF98D0393029207F156
:10AD88002003019300900B46324629462046FDF7E2
:10AD980047FE07F12003184624F023FA4437BD463E
:10ADA800F0BD00BFA050030898500308A85003083E
:10ADB80080B582B000AF78607B6803F6BC33184674
:10ADC80024F00FFA00BF0837BD4680BD90B589B0A2
:10ADD80000AF78607B681A1D7B68D3F8983B1946EA
:10ADE8001046FDF75AFC7B6804331846FDF7CFFC84
:10ADF8000346DBB205337B777B7F9BB21E337B83B5
:10AE08007B681846FDF715FD03461A467B8BD31A57
:10AE18009BB2053BFB83FB8B03F00103002B02D1A4
:10AE2800FB8B013BFB837B681846FDF7F7FC034669
:10AE38001C467B6803F53B631846FDF7C2FB0346D7
:10AE4800E31A9BB2363B3B837B6854333A8B1146FB
:10AE5800184603F048F90346002B3DD07B6803F5FC
:10AE68003C631846FDF7F5FB0346002B0CBF012396
:10AE78000023DBB2002B2DD07B6803F53C64FA8BF2
:10AE8800398B07F11400022326F094F807F1140314
:10AE98001946204626F0EAF807F11403184626F06A
:10AEA80014F97B68B3F89C3BBB817B68B3F89E3B85
:10AEB800FB817B68B3F8A23B3B827B68B3F8A43B79
:10AEC8007B827B6803F53C6307F10C01042218467A
:10AED80026F054F9012300E0002318462437BD4624
:10AEE80090BD0000F0B58FB006AFF860B9607A6029
:10AEF8003B60FB681A1DFB68D3F8983B194610465F
:10AF0800FDF7CBFBFB6804331846FDF740FC03460E
:10AF1800DBB205337B777B7F9BB21E337B83FB6879
:10AF28001846FDF786FC03461A467B8BD31A9BB25C
:10AF3800053BFB83FB8B03F00103002B02D1FB8B4A
:10AF4800013BFB83FB8B5B089BB27B76FB6803F5BD
:10AF58003B631846FDF735FB03461333FB82FC6859
:10AF6800FB6803F53B631846FDF72BFB03460533E7
:10AF78009DB27B7E9AB27B8B13449EB2FB681846C7
:10AF8800FDF74CFC0346463B9AB2FB68B3F89E3B80
:10AF980000931346324629462046FDF771FCFC68AB
:10AFA800FB681846FDF73AFC03461D46FB6803F5A7
:10AFB8003B631846FDF705FB03462B449BB2413B18
:10AFC80099B27B7E9AB27B8B13449BB2023B98B2B8
:10AFD800FB68B3F89C3BFA68B2F89E2B0492039383
:10AFE80008230293624B019305230093082302462A
:10AFF8002046FDF7F5FCFB681C1DFB681846FDF7AD
:10B008000DFC0346143B99B27B7E9AB27B8B1344AA
:10B018009BB2053B9AB2FB68B3F89E3B0093554B35
:10B028002046FDF748FBFC68FB681846FDF701FC65
:10B0380003460C3B9AB2FB68B3F89E3BF98A00932F
:10B0480013460A222046FDF732FCF868FB8A023BC9
:10B0580099B2FB68B3F89C3BFA68B2F89E2B04924D
:10B06800039308230293444B019308230093052379
:10B078000522FDF7B5FCF868FB8A043B99B2FB682A
:10B08800B3F8A23B7A8B00930923FDF7F9FBF86824
:10B09800FB8A043B99B27B7F9AB27B8B13449AB2AA
:10B0A800FB68B3F8A43B00930923FDF7E9FBFB68B1
:10B0B8001C1DFB6803F53B631846FDF782FA03463F
:10B0C8000F3B99B27B7F9AB2FB68B3F8A23B00931F
:10B0D8007B682046FDF7EFFAFB681C1DFB6803F54B
:10B0E8003B631846FDF76DFA03461E3399B27B7F22
:10B0F8009AB2FB68B3F8A43B00933B682046FDF77F
:10B10800DAFA03461C46FB6803F53B631846FDF76D
:10B1180058FA034623449BB21E33BB82FB680433B0
:10B12800B9681846FDF715FB03467B82FB681C1DB2
:10B13800FB681846FDF772FB03461A46BB8AD21A0B
:10B148007B8AD31ADA0F13445B109AB2BB8A134472
:10B1580099B27B7F9AB2FB68B3F89E3B0093BB68B9
:10B168002046FDF7A8FA00BF2437BD46F0BD00BF52
:10B17800EC550308AC500308F4550308B0B58EB07D
:10B1880002AF78600B46FB7013463B80FB78022BBE
:10B1980009D8FB78384A52F823103A8807F10C038B
:10B1A800184629F07BF87B681A1D7B68D3F8983B12
:10B1B80019461046FDF771FA7B6804331846FDF707
:10B1C800E6FA034687F82F307B68043307F10C0250
:10B1D80011461846FDF7BDFA0346BB857B6818463D
:10B1E800FDF71CFB03461A46BB8DD31A5B107B8503
:10B1F8007B681846FDF71DFB03461A4613465B009D
:10B208001344002B00DA03339B103B857B6804331F
:10B218001846FDF7DEFA034687F8273078687B8DF5
:10B228000A3B99B297F827309BB23A8DD31A9BB252
:10B238000A3B9CB2BB8D14339DB297F82F309BB25A
:10B2480014339BB27A68B2F89C2B019200932B4678
:10B258002246FDF743FB7B68181D7B68B3F89E3BCD
:10B2680007F10C043A8D798D00932346FDF723FAF4
:10B2780000BF3037BD46B0BD04000020B0B590B067
:10B2880002AF78607B681A1D7B68D3F8983B194633
:10B298001046FDF702FA7B6804331846FDF777FA83
:10B2A8000346DBB2053387F8253097F825309BB283
:10B2B8001E337B847B6803F53C631846FDF7C9F9A8
:10B2C8000346002B0CBF01230023DBB2002B40F008
:10B2D8001F827B6803F53C631846FDF7CCF90346EB
:10B2E8003B843B8C5B089BB2FB773B8CDBB2013B1E
:10B2F800BB7747F6FF73FB8648F20103BB86002342
:10B308007B867B6854331846FDF724FC0346BB83D1
:10B31800002387F8313030E07B68543397F83120C8
:10B3280092B21146184602F097FF0346BB827B682B
:10B33800543397F8312092B21146184602F0AAFF0A
:10B3480003467B82B7F93620B7F914309A4201DDFB
:10B35800BB8AFB86B7F93420B7F914309A4201DA70
:10B36800BB8ABB867A8E7B8A9A4201D27B8A7B868D
:10B3780097F83130013387F8313097F83120BB8B9B
:10B388009A42C9DBB7F93630002B03DAFB8E5B42F1
:10B398009BB2FB86B7F93420B7F936309A4201DA06
:10B3A800FB8EBB8697F825309BB23A8CD31A7B83E9
:10B3B8007B6803F53C63184625F0AEFE0023FB606E
:10B3C8000023BB600023FB8540E1B7F90830BB814F
:10B3D800B7F93430002B03D1FB7F1BB23B8182E0ED
:10B3E8007B685433FA8D1146184602F035FF034640
:10B3F8003B83B7F91830002B36DDFB7F1846F5F78D
:10B40800D5FC0446B7F918301846F5F7CFFC0546C1
:10B41800FB7F1846F5F7C6FC034619462846F5F79C
:10B4280019FD03461D46B7F934301846F5F7BEFC3A
:10B43800034619462846F5F7C1FD03461846FDF7A9
:10B44800A8F8034619462046F5F7FAFB03461846BE
:10B45800F5F7DCFE03461BB23B81B7F90830002B39
:10B4680041DC01233B813EE03B8B5B429BB2FB828C
:10B47800FB7F1846F5F79AFC0446B7F916301846CC
:10B48800F5F794FC0546FB7F1846F5F78BFC034659
:10B4980019462846F5F7DEFC03461D46B7F9343051
:10B4A8001846F5F783FC034619462846F5F786FD46
:10B4B80003461846FDF76DF8034619462046F5F78A
:10B4C800C1FB03461846F5F7A1FE03461BB23B81B4
:10B4D800B7F908301A463B8C9A4204DB3B8C013B97
:10B4E8009BB21BB23B81B7F90A30FB817B8E002BE4
:10B4F80003D1BB7F1BB27B8139E07B685433FA8D63
:10B508001146184602F0C6FE03461846F5F74AFCEF
:10B5180004467B8B1846F5F745FC0346194620463A
:10B52800F5F798FC03461C467B8E1846F5F73AFC5F
:10B53800034619462046F5F741FD03461846FDF730
:10B5480028F803461846F5F761FE0346BB85B7F9A8
:10B558002C207B8B9A4203DB7B8B013B9BB2BB8508
:10B56800BB7F9AB2BB8DD31A9BB21BB27B81FB8D7A
:10B57800002B68D0012387F82B3060E097F92B3037
:10B588005B0038333B4433F9303C3B850023FB8474
:10B5980097F92B305B0038333B4433F9302C97F95B
:10B5A8002B305B0038333B4433F92C3C9A4214DC93
:10B5B80097F92B305B0038333B4433F92C3C9AB273
:10B5C80097F92B305B0038333B4433F9303C9BB25E
:10B5D800D31A9BB20133FB841BE097F92B305B0035
:10B5E80038333B4433F92C3C3B8597F92B305B00CF
:10B5F80038333B4433F9303C9AB297F92B305B002F
:10B6080038333B4433F92C3C9BB2D31A9BB20133F9
:10B61800FB847B6803F53C60FB8D013B99B297F88E
:10B628002B300233DBB2FC8C3A8D0093234625F095
:10B63800EAFE97F82B30013BDBB287F82B3097F9FD
:10B648002B30002B9ADAFB8D0133FB85FA8DBB8BEF
:10B65800013B9A42FFF6B9AE7B6803F53C64FB7F79
:10B668009DB27B6803F53C631846FCF7F2FF03467E
:10B678001A460123009313462A460021204625F046
:10B688009CFE7C687B6803F53B631846FCF799FFD2
:10B69800034614339DB27B6803F53C631846FCF7F8
:10B6A800D8FF034619467B6803F53C637A8C0193FF
:10B6B8003B8C00930B4629462046FDF704FAB98EC9
:10B6C80097F825305B08DBB21A467B8C9B1A9AB236
:10B6D8007B68B3F8A23B0193022300931346002230
:10B6E800786801F09FF997F825305B08DBB21A46B5
:10B6F8007B8C13449AB27B68B3F8A43B798E019390
:10B708000223009313460022786801F08BF900E0C9
:10B7180000BF3837BD46B0BD90B58FB002AFF860F6
:10B72800B9601346FB71FB681A1DFB68D3F8983B98
:10B7380019461046FCF7B1FF5021F868FEF77CF96E
:10B74800FB6804331846FDF722F80346DBB20533DD
:10B7580087F8293097F829309BB20C33FB84FB68B3
:10B768001846FDF75BF80346643B9CB2FB6804335C
:10B778001846FDF70CF803469AB207F11403214660
:10B78800184623F0C1FC002387F82F3053E097F8C0
:10B798002F302F4A52F8231097F82F305B00BA68E1
:10B7A80013441B881A4607F11803184628F076FD3B
:10B7B80007F11403184623F03BFDFB68181D07F139
:10B7C800180207F1140100230193052300930023B5
:10B7D800FCF79DFFFB68B3F89E3BBB85FB68B3F89D
:10B7E8009C3B7B85FA7997F82F309A4207D1FB6802
:10B7F800B3F89C3BBB85FB68B3F89E3B7B85F86838
:10B8080097F82F309BB297F8292092B202FB03F3E6
:10B818009AB2FB8C13449AB207F11401BB8D0193C1
:10B828007B8D00930B463221FDF721F997F82F30D5
:10B83800013387F82F3097F82F30022BA7D907F15B
:10B848001403184623F0CDFC3437BD4690BD00BF25
:10B858000400002090B585B002AF786039607B683D
:10B868001A1D7B68D3F8983B19461046FCF715FF5C
:10B878007B681C1D7B681846FCF7DBFF0346323BE0
:10B888009AB27B68B3F8A63B00933B6864212046D4
:10B89800FCF711FF00BF0C37BD4690BD80B584B0E2
:10B8A80002AF78600B467B8013463B807B68184666
:10B8B800FCF7BFFF0346323B9AB27B68B3F8A63B5E
:10B8C800798801930223009313460022786801F0D7
:10B8D800A9F87B681846FCF7ACFF0346463B9AB2CA
:10B8E8007B68B3F8A63B398801930223009313467B
:10B8F8000022786801F096F800BF0837BD4680BD81
:10B9080080B582B000AF78607B6803F53C63184669
:10B91800FCF79FFE0346002B14BF01230023DBB274
:10B92800002B05D07B6803F53C63184625F0CDFB5A
:10B938007B685433184602F02BFC00BF0837BD461D
:10B9480080BD90B58DB002AF7860084611461A46A2
:10B958000346FB700B46BB7013463B807B6803F1C4
:10B968006402FB78002B01D04F2300E04E231946D8
:10B9780010460EF029F938627A687B68B3F89C3B68
:10B9880019461046FCF76EFF7B686433BA78114697
:10B9980018460EF019F9F861FB691B78002B39D1AC
:10B9A8007B681A1D7B68D3F8983B19461046FCF74C
:10B9B80074FE7B68043303211846FCF71FFF7B687D
:10B9C8000433396A1846FCF7D3FE03463B827B688A
:10B9D8001846FCF723FF03461A463B8AD31A5B1026
:10B9E800FB817B681C1D7B681846FCF722FF034619
:10B9F8005B089AB27B68B3F89E3BF98900933B6A6F
:10BA08002046FCF76EFE7B68043301211846FCF7DC
:10BA1800F5FEDBE07B681A1D7B68D3F8983B194676
:10BA28001046FCF73AFE7B6804331846FCF7AFFE75
:10BA380003469BB205337B83F869F4F7F1FB0346B1
:10BA48007B767B7E0133184628F06AFB03467B61D0
:10BA58007B69002B00F0B980F969786928F016FD38
:10BA6800012387F82730002387F82630A1E097F8CC
:10BA78002630013387F8253006E097F825307A69B3
:10BA880013441B780A2B0FD097F82530013387F819
:10BA9800253097F825207B7E9A4234BF0123002366
:10BAA800DBB2002BE9D100E000BF97F825207B7EB0
:10BAB8009A4234BF01230023FB74FB7C002B05D082
:10BAC80097F825307A69134400221A707B68181D8C
:10BAD80097F826307A6913441946FCF749FE03465D
:10BAE800BB74BC7C7B681846FCF798FE03469C42F6
:10BAF800B4BF01230023DBB2002B25D07B681C1DBB
:10BB08007B681846FCF78AFE03461A46BB7CD31AA4
:10BB1800DA0F13445B1099B297F827309BB27A8BEF
:10BB280002FB03F39AB23B88134498B297F8263085
:10BB38007A691A447B68B3F89E3B00931346024621
:10BB48002046FCF7CEFD18E07B68181D97F82730D3
:10BB58009BB27A8B02FB03F39AB23B88134499B2E7
:10BB680097F826307A691A447B68B3F89E3B0093AD
:10BB780013460A460021FCF7B4FD97F82730013335
:10BB880087F8273097F82730072B8CBF012300232D
:10BB9800DBB2002B14D1FB7C002B05D097F82530A5
:10BBA8007A6913440A221A7097F82530013387F806
:10BBB800263097F826207B7E9A42FFF458AF00E0A3
:10BBC80000BF786928F0B4FA00E000BF2C37BD4602
:10BBD80090BD0000B0B58AB002AF78600846114643
:10BBE8001A460346FB700B463B801346BB707B68C6
:10BBF8001A1D7B68D3F8983B19461046FCF74DFD93
:10BC08007B686433FA78114618460DF0DDFFB86199
:10BC18007B6804331846FCF7BAFD03469BB205332C
:10BC2800FB827B680433B9691846FCF7A1FD03461B
:10BC3800BB827B681846FCF7F1FD03461A46BB8AAF
:10BC480093420AD27B681846FCF7E8FD03461A4679
:10BC5800BB8AD31A5B109BB200E000237B827B680F
:10BC6800181D7B68B3F89E3B3A88798A0093BB69B4
:10BC7800FCF737FD3B6B002B2CD07B680433396B0A
:10BC88001846FCF775FD0346BB827B681846FCF72F
:10BC9800C5FD03461A46BB8A93420AD27B681846FA
:10BCA800FCF7BCFD03461A46BB8AD31A5B109BB24D
:10BCB80000E000237B823A88FB8A13443B807B6840
:10BCC800181D7B68B3F89E3B3A88798A00933B6BD2
:10BCD800FCF707FD7B681846FCF7A0FD03461C46E9
:10BCE8007B6803F53B631846FCF76BFC0346E31AD5
:10BCF8003A4A82FB0312DB17D31A3B820023FB77F5
:10BD080063E0BB78FA7F9A4203D17B68B3F89C3B27
:10BD180002E07B68B3F89E3BFB81BB78FA7F9A42CE
:10BD280003D17B68B3F89E3B02E07B68B3F89C3B89
:10BD3800BB81FB7F002B07D17B6864335F211846EA
:10BD48000DF042FF034606E07B6864336021184625
:10BD58000DF03AFF0346BB617B6803F53B63184669
:10BD680023F066FA7B68181D7B6803F53B610123A5
:10BD78000193002300930123BA69FCF7C8FC7D688E
:10BD8800FB7F9CB27B6803F53B631846FCF719FC04
:10BD980003461A463B8A13449BB204FB03F39AB248
:10BDA8003B8A134499B23A88FB8A13449AB27B6857
:10BDB80003F53B60BB890193FB8900930346284642
:10BDC800FCF755FEFB7F0133FB77FB7F012B98D9EE
:10BDD80000BF00BF2037BD46B0BD00BF5655555502
:10BDE80090B58FB002AF78607B681A1D7B68D3F876
:10BDF800983B19461046FCF750FC7B6804331846FC
:10BE0800FCF7C5FC03469BB20533FB857A687B6863
:10BE1800B3F89C3B19461046FCF724FD08217868C6
:10BE2800FDF70AFEFB8D0C33BB857B680433414A62
:10BE3800126811461846FCF78CFC03467B857B6824
:10BE48001846FCF7EBFC03461A467B8DD31A5B10A9
:10BE58003B857B68181DBA8DFB8D13449AB2354B10
:10BE68001C687B68B3F89E3B398D00932346FCF72A
:10BE780022FC07F10803304A3049184628F00EFA28
:10BE88007B68043307F1080211461846FCF761FC89
:10BE980003467B857B681846FCF7C0FC03461A46B8
:10BEA8007B8DD31A5B103B857B68181DFB8D5B006F
:10BEB8009AB2BB8D13449AB27B68B3F89E3B07F1E4
:10BEC8000804398D00932346FCF7F5FB07F10803B6
:10BED8001B4A1C49184628F0E1F97B68043307F12E
:10BEE800080211461846FCF734FC03467B857B683C
:10BEF8001846FCF793FC03461A467B8DD31A5B1051
:10BF08003B857B68181DFB8D1A46520013449AB274
:10BF1800BB8D13449AB27B68B3F89E3B07F10804C3
:10BF2800398D00932346FCF7C6FB00BF3437BD4666
:10BF380090BD00BF10000020C4500308CC50030877
:10BF4800DC500308E8500308B0B58CB002AFF860C5
:10BF5800B96011461A460B46FB711346BB71FB6864
:10BF68001A1DFB68D3F8E43B19461046FCF795FB0D
:10BF7800FB6804331846FCF70AFC0346DBB20533BA
:10BF880087F8233097F823309BB20C333B84FB6847
:10BF98001846FCF743FC03465B089BB2283B9CB25F
:10BFA800FB6804331846FCF7F2FB03469AB207F124
:10BFB80010032146184623F0A7F8002387F82730F6
:10BFC800D0E0FB68B3F89E3BBB8497F827309B0012
:10BFD800BA6813441B881A4607F11403BB4918466C
:10BFE80028F05CF9FB68181D97F827305B00B84A01
:10BFF80052F8232007F11001002301930023009336
:10C008000023FCF784FBFB68181D07F1140207F1F5
:10C01800100100230193002300930223FCF777FB10
:10C0280097F82730002B06D1FB79002B03D0FB684B
:10C03800B3F8A23BBB84F86897F827309BB297F80F
:10C04800232092B202FB03F39AB23B8C134499B2B9
:10C05800FB68B3F89C3B07F11004BA8C019200937B
:10C0680023460A460A21FCF702FDFB68B3F89E3B0B
:10C07800BB8407F11003184623F0DAF897F8273045
:10C08800052B75D097F827309B000233BA68134404
:10C098001B881A4607F114038C49184628F0FEF845
:10C0A800FB68181D97F827305B000133884A52F85F
:10C0B800232007F11001002301930023009300239C
:10C0C800FCF725FBFB68181D07F1140207F11001A6
:10C0D80000230193002300930223FCF718FB97F831
:10C0E8002730002B02D1BB79002B0AD197F82730D3
:10C0F800032B0AD197F8503083F00103DBB2002BF1
:10C1080003D0FB68B3F8A23BBB84FC68FB68184605
:10C11800FCF784FB03465B089BB20A3399B297F895
:10C1280027309BB297F8232092B202FB03F39AB20E
:10C138003B8C134498B2FB68B3F89C3B07F110059D
:10C14800BA8C019200932B4602462046FCF78FFCDE
:10C1580007F11003184623F06BF897F827300133DE
:10C1680087F8273097F82730052B7FF62AAF00E0AD
:10C1780000BF97F84430002B1CD097F84830002BAC
:10C1880001D0732200E0202297F84C30002B01D018
:10C19800632100E0202197F84030002B01D0722362
:10C1A80000E0202307F1140000930B46494928F0CA
:10C1B80075F812E097F84830002B01D0742200E09F
:10C1C800202297F84030002B01D0722300E0202372
:10C1D80007F11400404928F061F8FB68181D07F1C1
:10C1E800140207F110010023019300230093012397
:10C1F800FCF78DFAF86897F823309BB21A4652007C
:10C2080013445B009AB23B8C134499B2FB68B3F8B1
:10C218009C3BFA68B2F89E2B07F110040192009338
:10C2280023460A460A21FCF722FC07F110031846A8
:10C2380022F0FEFF97F83830002B01D0692200E089
:10C24800202297F83C30002B01D0672300E0202300
:10C2580007F11400214928F021F8FB68181D07F19F
:10C26800140207F110010023019300230093012316
:10C27800FCF74DFAFC68FB681846FCF7CFFA034652
:10C288005B089BB20A3399B297F823309BB21A46DF
:10C29800520013445B009AB23B8C134498B2FB687B
:10C2A800B3F89C3BFA68B2F89E2B07F1100501928F
:10C2B80000932B4602462046FCF7D9FB07F11003F2
:10C2C800184622F08EFF2837BD46B0BD44510308FA
:10C2D8001400002048510308545103085C51030816
:10C2E800B0B588B002AFF860B96011461A460B467F
:10C2F800FB801346BB80FB681A1DFB68D3F8983B8C
:10C3080019461046FCF7C9F9FB6804331846FCF7D0
:10C318003EFA0346FB75F868FB7D9BB2FA68B2F8F3
:10C328009C2B3D8DBC88F988019200932B462246B0
:10C33800FCF7D4FAFB68181DFB7D9AB2BB8813443E
:10C348009AB2FB68B3F89E3BF9880093BB68FCF788
:10C35800B2F900BF1837BD46B0BD0000B0B592B005
:10C3680004AFF860084611461A4603467B810B461F
:10C378003B811346FB71954B7B63954B3B63FB6895
:10C388001A1DFB68D3F8E43B19461046FCF785F9FB
:10C39800FB6804331846FCF7FAF903469BB20A33E4
:10C3A800FB85FB6804331846FCF713FA0346BB8584
:10C3B800FB6803F6B4331846FCF703F90346002B71
:10C3C8000CBF01230023DBB2002B1FD0FB68043312
:10C3D80080491846FCF7BDF9034602337B85FB68A4
:10C3E80003F6B434FB8D0A3B9AB2798D07F11C032E
:10C3F800184622F089FE07F11C031946204622F050
:10C40800C1FE07F11C03184622F0EBFEFB68184634
:10C41800FCF704FA03461C46FB6803F6B4331846D7
:10C42800FCF7CFF80346E31A9BB2103B3B85FB6849
:10C438001846FCF7FEF903461A46FB8D5B00D31A33
:10C448005B10FB84FB6803F6B433184622F0F0FE59
:10C458007A8907F110036049184627F01FFFFB6827
:10C46800181DFB6803F6B43107F11002002301938D
:10C47800002300930023FCF74AF9F868FB6803F6E9
:10C48800B435FB68B3F89C3BFA68B2F89E2BFC8C79
:10C49800398D019200932B462246FCF7E8FAFB6897
:10C4A8001846FCF7BBF90346143BBB8478893A89E4
:10C4B800BB8C0093002300210FF0A2FD03467B8470
:10C4C800FB681846FCF7B5F90346103B9BB2FA68BF
:10C4D800B2F8A02BB88C798C002403944FF0FF3469
:10C4E8000294019200930A230246F86800F004FAC5
:10C4F800FB79002B66D0FB680433396B1846FCF7D0
:10C5080037F903463B84FB68181D3A8D3B8CD31AD8
:10C518009BB2103B99B2FA8CBB8D13449AB2FB685C
:10C52800B3F89E3B00933B6BFCF7DBF8FA8CFB8D72
:10C538001344FB84FB680433796B1846FCF718F93D
:10C5480003463B84FB68181D3A8D3B8CD31A9BB27B
:10C55800103B99B2FA8CBB8D13449AB2FB68B3F8BE
:10C568009E3B00937B6BFCF7BCF8FB6803F6B43387
:10C57800184622F05DFE3A8907F11003164918465D
:10C5880027F08CFEFB68181DFB6803F6B43107F131
:10C59800100200230193002300930023FCF7B7F84F
:10C5A800F868FB6803F6B435FB68B3F89C3BFA6897
:10C5B800B2F89E2BFC8C398D019200932B462246B3
:10C5C800FCF755FA00BF3837BD46B0BD64510308C3
:10C5D8007851030880510308A850030880B586B035
:10C5E80000AFF860B96011461A460B46FB80134647
:10C5F8007B71B868FBF7E5FF0346BB82B868FBF7B9
:10C60800F2FF0346FB74BB8A002B69D07B79002BB1
:10C6180066D0FA887B791A44BB8A9A4260DC7A79B8
:10C62800FB7C9A425CD8FA7C7B79D31A5B10BB748A
:10C63800BB7C9AB27B799BB2F988B86822F019FE64
:10C64800BB7C9AB27B799BB213449BB2013B9AB2F2
:10C658007B799BB2F988B86822F00BFEBB7C9BB251
:10C6680001339AB27B799BB2023B9BB2F988B868D6
:10C6780022F026FE7B799AB2FB8813449BB2013BD9
:10C6880099B2BB7C9BB201339AB27B799BB2023BD5
:10C698009BB2B86822F014FE97F82030002B20D007
:10C6A8007B79062B1DD90023FB8213E0FB8803331B
:10C6B80099B2BB7C9AB2FB8A13449BB203339AB2F9
:10C6C8007B799BB2063B9BB2B86822F0D2FDFB8A0D
:10C6D8000133FB82FA8A7B79063B9A42E6DB00E06B
:10C6E80000BF1837BD4680BDB0B58EB006AFF86044
:10C6F800084611461A4603467B810B463B81134682
:10C70800FB804323BB8397F8303083F00103DBB20F
:10C71800002B01D046233B77FB681A1DFB68D3F832
:10C72800E03B19461046FBF7B8FFFB6804330221CB
:10C738001846FCF763F87A8907F114033949184653
:10C7480027F0ACFDFB6803F6AC33184622F070FD09
:10C75800FB68181DFB6803F6AC3107F114020023CF
:10C768000193002300930123FBF7D1FFF868FB68CE
:10C7780003F6AC35FB68B3F89C3BFA68B2F89E2B1D
:10C78800FC883989019200932B462246FCF76FF901
:10C79800FB6803F6AC331846FBF713FF0346083370
:10C7A8009AB23B8913443B81F868FB68B3F89C3B19
:10C7B800FA68B2F89E2BFC883989049203930823FF
:10C7C8000293194B01930523009308232246FCF793
:10C7D80007F9FB681A1DFB68D3F8983B1946104601
:10C7E800FBF75BFFFB6804331846FBF7D0FF0346F3
:10C7F800FB77FB68181D3B89083399B2FB7F9AB217
:10C80800FB8813449BB2013B9AB2FB68B3F89E3B8A
:10C8180007F11C0400932346FBF74DFF00BF2037A8
:10C82800BD46B0BD94500308C8550308B0B588B0DC
:10C8380002AFF860084611461A460346FB720B46DB
:10C848003B811346FB80FB6803F6BC331846FBF7B5
:10C85800B8FE0346FB82FB8A132B14D8FB6803F649
:10C86800BC3407F110036E221421184622F04CFC48
:10C8780007F110031946204622F084FC07F1100343
:10C88800184622F0AEFCFB7A6422042118460FF009
:10C89800DDFB0346FB72FC7AFB6803F6BC331846E3
:10C8A800FBF7A1FE034600930023642200212046E3
:10C8B8000FF0A6FB0346BB82FB6803F6BC33B98ABC
:10C8C8000122184622F04DFDF8683B89143B99B2C5
:10C8D800FB6803F6BC35FB68B3F89C3BFA68B2F812
:10C8E8009E2BFC88019200932B462246FCF7BFF84A
:10C8F80000BF1837BD46B0BD90B58BB004AFF86027
:10C90800084611461A4603467B810B463B8113466F
:10C91800FB80F8683B8D05339AB2F988BB8D00938C
:10C928000423FCF70CF8F868FB88053B99B23B89AF
:10C938000A339CB2FB68B3F89E3B3A8D02930523F9
:10C9480001930A2300932346FCF72EF87B89002BDA
:10C958000CD0F8683B8D01339AB27C89F988BB8D7D
:10C968000193082300932346FBF7B8FFF868FA8879
:10C978007B89134499B23B8D01339CB23A897B89F8
:10C98800D31A9AB2FB68B3F89C3B0193082300932F
:10C9980013462246FBF7A2FFB7F93030002B12DD11
:10C9A800F8683A8EFB8813449BB2013B99B23B8DE1
:10C9B800043B9AB2FB68B3F89E3B019312230093A1
:10C9C8000323FBF78BFF97F83430002B25D03A89E7
:10C9D80097F8343092FBF3F3BB82BB8AFB8216E0F4
:10C9E800FA8A7B899A4217D2F868FA88FB8A134434
:10C9F80099B23B8D01339AB2FB68B3F89C3B009324
:10CA08000823FBF754FFFA8ABB8A1344FB82FA8A8D
:10CA18003B899A42E4D300E000BF00BF1C37BD4603
:10CA280090BD0000B0B588B002AFF8600846114666
:10CA38001A4603467B810B463B811346FB807B8964
:10CA4800B3F57A7F02D340F2E7337B817A8907F125
:10CA580010031B49184627F021FCFB681A1DFB68C8
:10CA6800D3F8983B19461046FBF717FEFB6803F509
:10CA78003B63184622F0DCFBFB68181DFB6803F5D6
:10CA88003B6197F8283007F1100200240194002434
:10CA98000094FBF73CFEF868FB6803F53B65FB6810
:10CAA800B3F89C3BFC883989BA8D019200932B46D8
:10CAB8002246FBF7DCFF00BF1837BD46B0BD00BFFC
:10CAC8008450030890B583B000AF78607B6818463F
:10CAD800FBF7AFFE03461A467B68B3F8D83BD31A78
:10CAE8009AB27B68A3F8C62B7B681846FBF796FEBC
:10CAF80003461C467B681846FBF79BFE03469C4290
:10CB08008CBF01230023DBB2002B24D07B6803F504
:10CB18003B631846FBF755FD034632339AB27B68F0
:10CB2800A3F8C82B7B68B3F8C62B7B68A3F8CA2B7D
:10CB38007B6803F53B631846FBF743FD0346323336
:10CB48009AB27B68A3F8CC2B7B68B3F8D62B7B68AA
:10CB5800A3F8CE2B1FE07B681846FBF75FFE034661
:10CB6800643B9AB27B68A3F8C82B7B681846FBF72E
:10CB780060FE03465B089BB2183B9AB27B68A3F839
:10CB8800CA2B7B682822A3F8CC2B7B68B3F8CA2B66
:10CB98007B68A3F8CE2B00BF0C37BD4690BD80B58F
:10CBA80082B000AF786039607B6808211846F6F7D4
:10CBB80014FF7B6800221A817B6800225A817B68F7
:10CBC80000229A817B6800229A737B680022DA73BC
:10CBD8007B6800221A747B6800225A827B680022D4
:10CBE8009A827B6800229A757B680022DA757B68D6
:10CBF80000229A617B680022DA617B6800221A624F
:10CC08007B6800225A627B6800221A857B680022B2
:10CC18005A857B680022DA627B68012283F830201B
:10CC28007B68642283F831207B68322283F83220C3
:10CC38007B68042283F833207B68142283F834202D
:10CC48007B6840F2DC52DA867B684FF496721A876A
:10CC58007B6840F6C4125A877B68322283F83C20EE
:10CC68007B6800229A827B6848F201021A817B68FD
:10CC780047F6FE725A817B680122DA737B680022CC
:10CC88009A737B680122DA737B683A681A627B6858
:10CC980018460837BD4680BD80B584B000AFF8603F
:10CCA800B9601346FB80FB6800229A61FB68BA688A
:10CCB8005A62FB68FA881A85FB685A8FFB689A8162
:10CCC800FA68FB6893F8333019461046F6F79DFE6C
:10CCD80000BF1037BD4680BD80B584B000AFF86096
:10CCE800084611461A4603467B810B463B8113468C
:10CCF800FB80FB683A891A81FB68FA885A81B7F980
:10CD08000A301946F86800F0AFF9034683F00103CA
:10CD1800DBB2002B02D0FB681B897B81FB683A7E63
:10CD28001A74FB681A7CFB68DA73FB68DB7B3A7F52
:10CD38009A4202D9FB683A7F1A74FB6897F8202058
:10CD48009A73FB6800225A8500BF1037BD4680BD24
:10CD580080B586B000AF786011F05CF838617B6808
:10CD6800DB6A7A6892F83C2013443A699A4203D203
:10CD78007B68B3F91430B1E07B683A69DA627B68A2
:10CD88001B6A1B685B6AFB810023FB8200237B759F
:10CD98007B685B8AFA899A4215D9FB897A68528A34
:10CDA8009B1A47F6FE72934207DC01237B757B686A
:10CDB8005B8AFA89D31AFB821BE07B685A8AFB8953
:10CDC800D31AFB8215E07B685B8A1A46FB89D31A63
:10CDD80047F6FE72934205DC7B685A8AFB89D31AB0
:10CDE800FB8206E07B685B8AFA89D31AFB820123FF
:10CDF8007B75FB8A5B08FB82FB8A002B03D17B686F
:10CE0800B3F914306AE07B68DB7B3B75FB8A012B46
:10CE180009D97B681B7C002B02D07B681B7C01E056
:10CE2800FB8ADBB23B75B7F916207B685A857B68AD
:10CE380093F830307A7D9A420BD17B68B3F914307D
:10CE48009AB23B7D9BB213449BB21AB27B689A821A
:10CE580013E07B68B3F914309AB23B7D9BB2D31AC6
:10CE68009BB21AB27B689A827B68B3F92A309BB26C
:10CE78005B429BB21AB27B685A857B68B3F914206F
:10CE88007B68B3F90A309A420DDD7B689B7B002BE7
:10CE980003D07B68B3F9083002E07B68B3F90A3045
:10CEA8007A68938214E07B68B3F914207B68B3F93D
:10CEB80008309A420CDA7B689B7B002B03D07B6896
:10CEC800B3F90A3002E07B68B3F908307A689382D4
:10CED8007B68FA895A827B68B3F914301846183788
:10CEE800BD4680BD80B485B000AF78607B685B8D3F
:10CEF800FB817B6800225A85B7F90E301846143733
:10CF0800BD4680BC704780B586B000AF786010F031
:10CF180081FF02467B68DB699A422CBF012300230C
:10CF2800DBB2002B00F09B8010F074FF02467B6898
:10CF380093F834301A447B68DA610023FB757B6808
:10CF48005A6A7B681B8D1946104612F055FA03463B
:10CF5800002B0CBF01230023DBB2002B04D07B681D
:10CF680093F831305B00FB757B68DB7D002B14D0B8
:10CF78007B68FA7D114618460EF02DF802467B684C
:10CF880093F832309A42B4BF01230023DBB2002B5E
:10CF980017D07B680022DA7513E07B68FA7D1146AA
:10CFA80018460EF018F802467B6893F831309A421A
:10CFB800CCBF01230023DBB2002B02D07B68012207
:10CFC800DA757B68DB7D002B27D010F023FF024643
:10CFD8007B689B69D31AFB607B689B69002B05D033
:10CFE8007B689B891A46FB68934205D910F012FFAB
:10CFF80002467B689A6132E07B68DB8E1A46FB68E2
:10D0080093422CD97B689B7D002B01D0002327E01D
:10D018007B6801229A75022322E07B689B69002BBA
:10D0280003D07B689B7D002B07D07B6800229A6128
:10D038007B6800229A75002312E010F0EBFE02468E
:10D048007B689B69D31A3B617B6800229A617B6885
:10D058009B891A463B69934201D2012300E00023D1
:10D0680018461837BD4680BD80B483B000AF7860DD
:10D078000B467B807B68B3F90830B7F902209A42E7
:10D088000BDB7B68B3F90A30B7F902209A4204DC5B
:10D098007B687A889A82012300E0002318460C37BF
:10D0A800BD4680BC704780B5CEB000AF07F59C7315
:10D0B800A3F59A73186025F0B3FE034683F00103C5
:10D0C800DBB2002B01D001239FE007F59C73A3F589
:10D0D8009A73186800F0BEF8034683F00103DBB2C8
:10D0E800002B01D0022390E00023A7F8363107F582
:10D0F8009C73A3F59A731B68181D07F59C73A3F519
:10D108009A731B6803F580531B6B012219461CF0A8
:10D1180087FC0346002B0CBF01230023DBB2002B46
:10D1280039D00023C7F8303107F590731846F4F763
:10D13800D1FB07F59C73A3F59A731B68181D07F5B7
:10D14800987307F5907110221CF0FCFDD7F8303168
:10D15800102B17D107F5907107F59C73A3F59A73F7
:10D168000022186800F053FD0346002B14BF01236A
:10D178000023DBB2002BD4D0B7F836310133A7F83F
:10D188003631CEE707F59C73A3F59A731B68043311
:10D1980018461DF0F3F8B7F83631002B34D107F5EF
:10D1A8009C73A3F59A731B6803F580535B6B07F1B7
:10D1B8000802114618461DF02EFA0346002B0CBF34
:10D1C80001230023DBB2002B1ED007F59C73A3F5C7
:10D1D8009A731B6803F580531B6B18461DF019FBE7
:10D1E80007F59C73A3F59A731B6803F580535A6B74
:10D1F80007F59C73A3F59A731B6803F580531B6BA3
:10D20800194610461DF0B3FB0023184607F59C7716
:10D21800BD4680BD80B582B000AF786025F0D2FDF4
:10D22800034618460837BD4680BD80B582B000AFBA
:10D2380078600B467B807B880121184625F012FF19
:10D248000346002B0CBF01230023DBB21846083726
:10D25800BD4680BD80B586B000AF78607B6803F5B9
:10D26800805393F82C30002B29D1012216491748F6
:10D278001CF096FB0346FB75FB7D002B1DD1134B61
:10D28800FB6007F10C0207F11003194610481DF066
:10D298000BFA0346FB75FB7D002B06D000220C49D8
:10D2A80000201CF07DFB00230AE07B6803F5805317
:10D2B800012283F82C20012302E0002300E001234F
:10D2C80018461837BD4680BD88510308184B002002
:10D2D8008C51030880B582B000AF7860786800F0A0
:10D2E8001FF87B681B7883F00103DBB2002B0BD09F
:10D2F80000220A4900201CF053FB7B6803F5805389
:10D30800002283F82C2005E07B6803F58053012276
:10D3180083F82C2000BF0837BD4680BD8C51030818
:10D3280080B582B000AF78607B6803F5805393F8CE
:10D338002C30002B12D07B6803F5805393F82C30E7
:10D34800012B0BD07B68043318461DF017F87B6857
:10D3580003F58053012283F82C2000E000BF083732
:10D36800BD4680BD80B592B000AF786039607868FE
:10D37800FFF770FF034683F00103DBB2002B01D0F7
:10D388000023AFE07868FFF7CBFF00233B6400235E
:10D3980087F8473007F108031846F7F793FC7B68CE
:10D3A800181D7B6803F580539B6B012219461CF0FE
:10D3B80037FB0346002B0CBF01230023DBB2002BF5
:10D3C80029D07B68181D07F1400307F108013822AE
:10D3D8001CF0B8FC3B6C382B18D107F1080300226D
:10D3E8001946786800F068FC0346002B14BF012337
:10D3F8000023DBB2002B09D007F1080338221946B5
:10D40800386827F059F8012387F847307B680433D8
:10D4180018461CF0B3FF97F8473083F00103DBB2DE
:10D42800002B5AD07B68181D7B6803F58053DB6B93
:10D43800012219461CF0F4FA0346002B0CBF012305
:10D448000023DBB2002B48D07B68181D07F140038E
:10D4580007F1080138221CF075FC3B6C382B18D1F9
:10D4680007F1080300221946786800F025FC0346F6
:10D47800002B14BF01230023DBB2002B09D007F1D6
:10D48800080338221946386827F016F8012387F868
:10D4980047307B68043318461CF070FF97F8473014
:10D4A800002B13D07B6803F580539B6B18461DF047
:10D4B800B0F97B6803F58053DA6B7B6803F580531A
:10D4C8009B6B194610461DF052FA06E07B6803F57F
:10D4D8008053DB6B18461DF09CF97868FFF7FAFE5D
:10D4E80097F8473018464837BD4680BD80B584B0A8
:10D4F80000AF786039607868FFF7ACFE034683F0C8
:10D508000103DBB2002B01D0002338E07868FFF775
:10D5180007FF0421786800F03FFC01223968786829
:10D5280000F0CAFB0023FB737B68181D7B6803F5BA
:10D5380080539B6B0A2219461CF072FA0346002B93
:10D548000CBF01230023DBB2002B14D00023BB60E7
:10D558007B68181D07F10803382239681CF025FD7F
:10D56800BB68382B0CBF01230023FB737B68043393
:10D5780018461CF003FF7868FFF7ACFEFB7B1846E3
:10D588001037BD4680BD80B58AB000AF786039607D
:10D598007868FFF75FFE034683F00103DBB2002BD8
:10D5A80001D0002348E07868FFF7BAFE00233B6209
:10D5B800002387F827307B68181D7B6803F58053A4
:10D5C8001B6C012219461CF02BFA0346002B0CBFDA
:10D5D80001230023DBB2002B29D07B68181D07F13B
:10D5E800200307F10C0114221CF0ACFB3B6A142B3E
:10D5F80018D107F10C0300221946786800F094FB53
:10D608000346002B14BF01230023DBB2002B09D0F3
:10D6180007F10C0314221946386826F04DFF012340
:10D6280087F827307B68043318461CF0A7FE786813
:10D63800FFF750FE97F8273018462837BD4680BDBB
:10D6480080B584B000AF786039607868FFF702FE73
:10D65800034683F00103DBB2002B01D0002334E042
:10D668007868FFF75DFE01223968786800F05CFB96
:10D678000023FB737B68181D7B6803F580531B6CC4
:10D688000A2219461CF0CCF90346002B0CBF0123D3
:10D698000023DBB2002B14D00023BB607B68181D6D
:10D6A80007F10803382239681CF07FFCBB68142B8B
:10D6B8000CBF01230023FB737B68043318461CF05E
:10D6C8005DFE7868FFF706FEFB7B18461037BD46FF
:10D6D80080BD80B58AB000AFF860B96011461A46BF
:10D6E8000B46FB711346BB71F868FFF7B3FD0346A1
:10D6F80083F00103DBB2002B01D001238CE0FB682F
:10D7080003F5805393F82C30022B1DD0F868FFF7EF
:10D7180007FEFB68181DFB6803F580531B6B01228D
:10D7280019461CF07DF90346002B0CBF012300238A
:10D73800DBB2002B08D0FB6803F58053022283F884
:10D748002C20FB6800225A70FB6803F5805393F87D
:10D758002C30022B07D0BB7901221946F86800F05B
:10D7680038FA034658E0FB681A1DFB791B01194675
:10D7780010461CF023FE0346002B14BF0123002390
:10D78800DBB2002B07D0BB7903221946F86800F0FA
:10D7980020FA034640E000237B6207F11403184691
:10D7A800F4F798F8FB68181D07F1240307F1140132
:10D7B80010221CF0C7FA7B6A102B25D107F114033D
:10D7C80000221946F86800F022FA0346002B14BF1D
:10D7D80001230023DBB2002B0ED007F11403102223
:10D7E8001946B86826F068FEBB7900221946F86821
:10D7F80000F0EFF903460FE0BB7902221946F868FA
:10D8080000F0E7F9034607E0BB7901221946F868FA
:10D8180000F0DFF9034600BF18462837BD4680BD33
:10D8280080B58CB000AFF860B9601346FB71F8683A
:10D83800FFF710FD034683F00103DBB2002B02D093
:10D848004FF0FF33AAE0002387F82F30FB6803F579
:10D85800805393F82C30022B0AD1FB685B78002B9D
:10D8680006D0FB680433002118461CF0A7FD3AE0F7
:10D87800F868FFF755FD0221F86800F08DFAFB689B
:10D88800181DFB6803F580531B6B032219461CF017
:10D89800C7F80346002B14BF01230023DBB2002B7B
:10D8A80018D0FB68181DFB6803F580531B6B062214
:10D8B80019461CF0B5F80346002B0CBF01230023C2
:10D8C800DBB2002B03D0012387F82F3002E04FF0A2
:10D8D800FF3363E0FB6803F58053022283F82C20B2
:10D8E800FB6801225A7097F82F3083F00103DBB2EE
:10D8F800002B2AD000237B6207F114031846F3F7A4
:10D90800E9FFFB68181D07F1240307F11401102231
:10D918001CF018FA7B6A102B16D1BB6803F10802B9
:10D9280007F1140308331946104602F0F9FC0346C0
:10D93800002BE6D0FB681A1DFB689B69103B194653
:10D9480010461CF03BFD00E000BFFB689B691B090B
:10D95800BB850122B968F86800F059F90023BB6259
:10D96800FB68181D07F128031022B9681CF01DFB7D
:10D97800BB6A102B02D04FF6FF73BB85FB7983F08F
:10D988000103DBB2002B07D0FB68043318461CF0F8
:10D99800F5FCF868FFF79EFCB7F92C3018463037CD
:10D9A800BD4680BD80B588B000AF786009233B7262
:10D9B8004FF480537B610023FB6001237B7280233B
:10D9C8003B617B6803F58053DB8D184626F0A8FB86
:10D9D8000346FB61FB69002B01D1002313E07B6840
:10D9E80003F58053DB8D07F10801FA6908481DF03B
:10D9F800F1F90346002B0CBF01230023FB76F869DD
:10DA080026F096FBFB7E18462037BD4680BD00BF3A
:10DA18008851030880B582B000AF786001221249AE
:10DA280012481BF0BDFF0346002B0CBF0123002347
:10DA3800DBB2002B12D07B6803F580539B6B184632
:10DA48001CF0E7FE7B6803F58053DB6B18461CF07F
:10DA5800E0FE7868FFF73EFC012300E0002318464B
:10DA68000837BD4680BD00BF88510308184B002009
:10DA780080B58AB000AFF860B9601346FB71F868EA
:10DA8800FFF7E8FB034683F00103DBB2002B01D06C
:10DA980000238CE0FB6803F5805393F82C30062BA9
:10DAA8001DD0F868FFF73CFCFB68181DFB6803F500
:10DAB80080535B6C012219461BF0B2FF0346002B12
:10DAC8000CBF01230023DBB2002B08D0FB6803F551
:10DAD8008053062283F82C20FB6800225A70FB68CA
:10DAE80003F5805393F82C30062B04D0F868FFF721
:10DAF80017FC00235BE00023FB61FB68181DFA7923
:10DB080007F11C03B9681CF01DF9FB69002B4CD008
:10DB1800002387F827302EE097F82730BA68134497
:10DB28001B780A2B22D1FB689A6997F827301A4488
:10DB3800FB69D31A01333B62FB680433396A184620
:10DB48001CF03CFC97F82730002B0CD097F82730B6
:10DB5800013BBA6813441B780D2B04D197F8273082
:10DB6800013B87F8273097F8273020E097F82730CF
:10DB7800013387F8273097F82720FB699A42CBD3DF
:10DB880000237B61FB68181DFA7907F1140307F17C
:10DB98001B011CF0D7F87B69002B03D0FB7E0A2BF6
:10DBA80002D0EFE700BF00E000BFFB69DBB2184618
:10DBB8002837BD4680BD80B582B000AF78607868F0
:10DBC800FFF7AEFB7868FFF785FB00BF0837BD4657
:10DBD80080BD80B582B000AF78600B46FB701346FD
:10DBE800BB70FB7883F00103DBB2002B0AD07B68A3
:10DBF800043318461CF0C2FB7B6803F580530122EE
:10DC080083F82C20BB7818460837BD4680BD80B500
:10DC180086B000AFF860B9601346FB71BB681B881B
:10DC28007B617B695B007B61BB685B881A467B69AB
:10DC380013447B617B695B007B61BB689B881A46E8
:10DC48007B6913447B617B695B007B61BB68DB8814
:10DC58001A467B6913447B617B695B007B61BB6807
:10DC68000833184602F074FD02467B6913447B6151
:10DC78007B695B007B61BB6893F90C301A467B6952
:10DC880013447B617B6975337B61BB68DB7B1A4618
:10DC98007B69DBB29A420CBF01230023DBB2FB7421
:10DCA800FB79002B03D07B69DAB2BB68DA73FB7CA3
:10DCB80018461837BD4680BD80B489B000AFF860FB
:10DCC800B9601346FB717523FB83BB681B887B8394
:10DCD800BB6800221A80BB687B6100237B770DE05C
:10DCE800FB8B5B00FB837B7F7A6913441B781A46A6
:10DCF800FB8B1344FB837B7F01337B777B7F372B45
:10DD0800EED97A8BFB8B9A420CBF01230023FB745C
:10DD1800FB79002B02D0BB68FA8B1A80FB7C184673
:10DD28002437BD4680BC704780B489B000AFF86026
:10DD3800B9601346FB717523FB83BB681B887B8323
:10DD4800BB6800221A80BB687B6100237B770DE0EB
:10DD5800FB8B5B00FB837B7F7A6913441B781A4635
:10DD6800FB8B1344FB837B7F01337B777B7F132BF8
:10DD7800EED97A8BFB8B9A420CBF01230023FB74EC
:10DD8800FB79002B02D0BB68FA8B1A80FB7C184603
:10DD98002437BD4680BC704780B5ADF5065D86B0BA
:10DDA80000AF07F5CC73A3F5CA7318600A4607F5E8
:10DDB800CC73A3F295131A7007F5CC73A3F29513DD
:10DDC8001B78022B08D007F5CC73A3F295131B78A8
:10DDD800042B01D0002380E107F5CC73A3F295133F
:10DDE8001B78022B08D107F5CC73A3F5CA731B68FF
:10DDF80003F580531B6B07E007F5CC73A3F5CA73D3
:10DE08001B6803F580539B6B07F5065202F10C0261
:10DE1800136007F5CC73A3F295131B78022B08D176
:10DE280007F5CC73A3F5CA731B6803F580535B6BC6
:10DE380007E007F5CC73A3F5CA731B6803F5805395
:10DE4800DB6B07F5065202F108021360002307F5A1
:10DE5800065202F11402136007F5CC73A3F295136E
:10DE68001B78022B39D107F5CC73A3F5CA731B684D
:10DE780003F580531A6B07F118030C3B194610463B
:10DE88001CF0C9FB0346002B0CBF01230023DBB2A7
:10DE9800002B22D007F5CC73A3F5C6731B6807F5D2
:10DEA800065202F11402136007F5065303F1140336
:10DEB8001B681B0907F5065202F10602138007F5D5
:10DEC800065303F106031A8813465B0013449B00AC
:10DED80007F5065202F11402136007F5CC73A3F597
:10DEE800CA731B6803F58053DB8D184626F018F9B2
:10DEF800034607F50652136007F506531B68002B07
:10DF080001D10023E9E007F58A5303F11803043B24
:10DF1800012207F5065101F10C01096818461BF0AA
:10DF28007FFD0346002B14BF01230023DBB2002B27
:10DF380006D007F50653186826F0FAF80023CCE057
:10DF480007F5AC732C3B0A2207F5065101F10801CD
:10DF5800096818461BF064FD0346002B14BF012313
:10DF68000023DBB2002B06D007F50653186826F00D
:10DF7800DFF80023B1E0012307F5065202F113028E
:10DF8800137007F5CC73A3F5CA731B6803F58053A8
:10DF9800DB8D07F5055202F13C02136007F50653C5
:10DFA80003F114031B68002B26D007F5065303F171
:10DFB80014031B6807F5055202F13C02136007F5CC
:10DFC800CC73A3F5CA731B6803F58053DB8D1A461F
:10DFD80007F5055303F13C031B6893420CD907F579
:10DFE800CC73A3F5CA731B6803F58053DB8D07F563
:10DFF800055202F13C02136007F5CC731A46002360
:10E0080042F8703C07F5CC731A46002342F8743C7A
:10E0180007F5CC73A3F5CA731B6803F58053DB8D32
:10E028001A4607F5AC73303B07F58A5000F1180023
:10E03800043807F5065109681BF084FE07F5CC7310
:10E0480053F8703C002B2FD007F5CC7353F8703C75
:10E0580007F5065202F114021268D31A07F50652A0
:10E0680002F11402136007F5CC7353F8702C07F50E
:10E07800AC73343B07F5AC702C3807F506510968CA
:10E088001BF093FF07F5CC7353F8742C07F5CC738A
:10E0980053F8703C9A42BFF474AF002307F5065258
:10E0A80002F11302137000E000BF07F58A5303F171
:10E0B8001803043B18461CF061F907F5AC732C3BB8
:10E0C80018461CF05BF907F50653186826F030F877
:10E0D80007F5065303F113031B78184607F506578F
:10E0E8001837BD4680BD80B582B000AF78600B465A
:10E0F8007B807B6800229A817B6800229A737B6808
:10E108001B88002B11D07B681B887A889A420CD90F
:10E118007B685B68184626F00BF87B689B68184696
:10E1280026F006F87B6800221A807B681B88002B83
:10E1380029D17B885B00184625F0F2FF03461A4672
:10E148007B685A607B685B68002B1CD07B885B000F
:10E15800184625F0E5FF03461A467B689A607B68F7
:10E168009B68002B0CD17B685B68184625F0E0FFA4
:10E178007B6800225A607B6800229A60002303E0D3
:10E188007B687A881A80012318460837BD4680BD07
:10E1980080B582B000AF78607B681B88002B09D0FF
:10E1A8007B685B68184625F0C3FF7B689B68184648
:10E1B80025F0BEFF00BF0837BD4680BD80B584B0DE
:10E1C80000AF78600B467B8013463B807B681B88DA
:10E1D800002B3AD07B689B89FB73B7F902304FF468
:10E1E800FA721C4918460DF06DFF03467B803B8888
:10E1F80040F2E732002118460DF064FF03463B80E9
:10E208007B685A68FB7B5B0013447A881A807B68BA
:10E218009A68FB7B5B0013443A881A80FB7B0133C6
:10E22800FB73FB7B7A6812889342ACBF01230023FF
:10E23800DBB2002B04D00023FB737B6801229A73A6
:10E24800FB7B9AB27B689A8100E000BF1037BD461D
:10E2580080BD00BF0CFEFFFF80B584B000AF7860C2
:10E268000B467B807B681B88002B01D100230DE0C7
:10E278007B881946786800F02AF80346FB817B689A
:10E288005A68FB895B001344B3F90030184610370D
:10E29800BD4680BD80B584B000AF78600B467B80FA
:10E2A8007B681B88002B01D100230CE07B88194672
:10E2B800786800F00CF80346FB817B689A68FB8954
:10E2C8005B0013441B8818461037BD4680BD80B4D8
:10E2D80085B000AF78600B467B807B689B7B002B0A
:10E2E80004D07B689B8901339BB200E00023FB814B
:10E2F8007A88FB8913447B807B681B887A889A42DA
:10E3080004D37B681B887A88D31A7B807B8818465D
:10E318001437BD4680BC704780B483B000AF7860C6
:10E328007B68B3F8423118460C37BD4680BC70474D
:10E3380080B483B000AF78607B68B3F88A319BB251
:10E3480018460C37BD4680BC704780B483B000AF18
:10E3580078607B6893F88D3118460C37BD4680BCD1
:10E36800704780B582B000AF78607B6803F5B873FA
:10E3780018460CF06AFE03469BB218460837BD469D
:10E3880080BD80B582B000AF78607B6803F5BC7350
:10E3980018460CF05AFE03469BB218460837BD468D
:10E3A80080BD000080B582B000AF78600B467B80EE
:10E3B8007B88074A1288002118460DF083FE034621
:10E3C8009AB27B68A3F8422100BF0837BD4680BDDA
:10E3D800A462030880B582B000AF78607B681B68D0
:10E3E80020331B6878689847034618460837BD46A7
:10E3F80080BD80B582B000AF78607B68B3F88A31A1
:10E408009AB27B68A3F84C210FF004FD02467B68A2
:10E41800C3F8502100BF0837BD4680BDF0B587B0AE
:10E4280004AF78607B68002283F83C217B68002277
:10E43800A3F844217B68002283F83D217B680022F1
:10E4480083F888217B68002283F83E2178687B68FE
:10E4580093F8A0117B68B3F89C417B68B3F89E5190
:10E468007B6893F8A3317A6892F8A12116467A68F6
:10E4780092F8A2210292019600932B4622460DF0B3
:10E4880069FE0021786800F0C1FD7B6803F5AC7275
:10E498007B6893F8A53119461046F5F7B6FA7B68FC
:10E4A80003F5AC7300211846F5F7C0FA7B6803F54D
:10E4B800B0727B6893F8A43119461046F5F7A5FAAF
:10E4C8007B6803F5B07300211846F5F7AFFA7B684F
:10E4D80003F5B4727B6893F8A53119461046F5F731
:10E4E80094FA7B6803F5B47300211846F5F79EFA91
:10E4F8007B6803F5B873104A127811461846F5F789
:10E5080084FA7B6803F5BC730B4A127811461846E7
:10E51800F5F77BFA7B68181D00230D224FF49661EE
:10E528000CF0F6F97B680433002118460CF01CFA4D
:10E5380000BF0C37BD46F0BDA762030880B586B0A2
:10E5480002AF78600023FB737B6893F83C31032BA0
:10E5580010D17B6893F83D3118467B6893F88D316C
:10E568001A4664230093002300210DF049FD034659
:10E57800FB7311E07B6803F5AC7318460CF065FD7E
:10E588007B6893F88E311A46642300930023002198
:10E598000DF036FD0346FB73FB7B642B01D9642326
:10E5A800FB73FB7B18461037BD4680BD80B582B033
:10E5B80000AF7860074B1B689B6B40F2CF7200215D
:10E5C80018460DF07FFD03469BB218460837BD4636
:10E5D80080BD00BF785D002080B582B000AF786054
:10E5E8000B467B8013463B807B8840F2CF7200212C
:10E5F80018460DF067FD03469AB27B68A3F85421CC
:10E608003B8840F2CF72002118460DF05BFD0346AF
:10E618009AB27B68A3F8562100BF0837BD4680BD73
:10E6280080B582B000AF78600B467B8078887B68C5
:10E63800B3F856311A4600210DF044FD0246034B4B
:10E648001B689A6300BF0837BD4680BD785D00200F
:10E6580080B483B000AF78600B46FB707B6893F89A
:10E668003C31002B0BD1FB78002B04D07B68B3F82E
:10E6780044311A4600E00022034B1B689A6300BF2E
:10E688000C37BD4680BC7047785D002080B584B0EB
:10E6980000AF78600B467B807B681846F9F78EF9E7
:10E6A8000346002B1ED07B6803F5B0737A881146A9
:10E6B80018460CF0ABFC7B6803F5B4737A881146F6
:10E6C80018460CF088FCF8607B88FA68D31ABB609F
:10E6D8007B6803F5BC72BB6803FB03F3194610465D
:10E6E8000CF094FC00BF1037BD4680BD80B584B0E7
:10E6F80000AF78600B46FB707B680022C3F84821A6
:10E708007B6893F83C31062B00F28C8101A252F809
:10E7180023F000BF39E7000833E8000833E80008B1
:10E7280085E8000833E8000845E9000833E80008F0
:10E738007868FFF73BFF0346002B0CBF012300233B
:10E74800DBB2002B0CD0FB78002B00F06D817B68CE
:10E75800012283F83C217B680022C3F8502163E141
:10E76800FB78002B31D07B681846F9F727F9034668
:10E77800002B26D00121786800F048FC7B6803F55F
:10E78800B07318460CF061FC0346BB817B68B3F894
:10E798004231BA899A420BD2BB89C8337A68B2F837
:10E7A8004221934204DA7B68012283F83C2103E08A
:10E7B8007B68022283F83C217B680022C3F8502141
:10E7C80032E1786800F004FC2EE17B681846F9F71E
:10E7D800F5F80346002B00F027817B68B3F88A31EF
:10E7E8009AB27B68B3F892319A4234BF012300236E
:10E7F800DBB2002B03D0786800F0EAFB14E17B68F9
:10E80800052283F83C210FF005FB02467B68D3F80C
:10E8180094311A447B68C3F848217B68002283F846
:10E828003F217868FFF7E5FDFEE0FB7883F0010300
:10E83800DBB2002B00F0FA807B68052283F83C21CC
:10E848000FF0E8FA02467B68D3F894311A447B68E3
:10E85800C3F848217B68002283F83F217868FFF7D6
:10E86800C8FD7B6893F84031002B00F0DF807B689F
:10E87800B3F89021794B1B689A63D7E07868FFF763
:10E8880095FE0346002B14BF01230023DBB2002BA7
:10E898004AD0FB78002B08D07B68022283F83C2101
:10E8A8007B680022C3F85021C2E07B681846F9F75C
:10E8B80085F80346002B33D07B68B3F88A319AB2C7
:10E8C8007B68B3F892319A4234BF01230023DBB24C
:10E8D800002B03D0786800F07BFBA9E07B68052259
:10E8E80083F83C210FF096FA02467B68D3F89431FE
:10E8F8001A447B68C3F848217B68002283F83F21CB
:10E908007868FFF776FD7B6893F84031002B00F0BC
:10E918008F807B68B3F89021504B1B689A6387E01F
:10E92800786800F055FB83E0FB7883F00103DBB2E5
:10E93800002B7DD0786800F04BFB79E07868FFF712
:10E9480035FE0346002B14BF01230023DBB2002B46
:10E958005CD0FB78002B31D07B681846F9F72EF88D
:10E968000346002B26D00121786800F04FFB7B6816
:10E9780003F5B07318460CF068FB0346FB817B680F
:10E98800B3F84231FA899A420BD2FB89C8337A68C4
:10E99800B2F84221934204DA7B68012283F83C21D1
:10E9A80003E07B68022283F83C217B680022C3F8DD
:10E9B80050213FE0786800F00BFB3BE07B6818468D
:10E9C800F8F7FCFF0346002B1CD07B68B3F88A31AC
:10E9D8009AB27B68B3F892319A4234BF012300237C
:10E9E800DBB2002B26D00FF015FA02467B68D3F86D
:10E9F80098311A447B68C3F848217B68012283F860
:10EA08003F2117E0786800F0E3FA13E0FB78002B69
:10EA180010D00121786800F0F9FA7B68012283F8A8
:10EA28003C2107E000BF06E000BF04E000BF02E0B1
:10EA380000BF00E000BF7B6803F5AC7300211846F7
:10EA4800F4F7F4FF7B6803F5B87300211846F4F770
:10EA5800EDFF00BF1037BD4680BD00BF785D0020C8
:10EA680090B587B002AFF860084611461A460346CB
:10EA78007B810B463B811346FB80FB68062283F8AB
:10EA88003C21FB6803F5AC7300211846F4F7CEFF70
:10EA9800FB6803F5B87300211846F4F7C7FFFB6855
:10EAA80003F12800FC883A8979893B8C0093234636
:10EAB8000CF003F900BF1437BD4690BD80B582B095
:10EAC80000AF78600B467B807B88002B07D17B6882
:10EAD8001B6810331B6800217868984717E07B682B
:10EAE80093F88E311A467B88934203D97B6893F852
:10EAF8008E317B807B68032283F83C210121786872
:10EB080000F084FA7B88DAB27B6883F83D21083705
:10EB1800BD4680BD90B589B002AF78607B6803F5CB
:10EB2800B07318460CF091FA03467B827B6803F5B4
:10EB3800B47318460CF089FA03469AB27B68A3F8B6
:10EB48008A21AD4B1B8803F163027B8A9A4207DB5B
:10EB58007A8A7B68B3F8423103F5C8739A4208DDB4
:10EB68007B6893F83C31022B03D17B68012283F840
:10EB78003E2100237B617B6893F83C31062B00F231
:10EB8800BE8101A252F823F007EF0008ADEB0008A0
:10EB9800E9EB0008B7EC0008F7EC00085DED0008A9
:10EBA800F3EE00087B6893F8883183F00103DBB249
:10EBB800002B08D07B681846F8F700FF0346002BA7
:10EBC80001D0012300E00023002B09D0012178683F
:10EBD80000F01CFA7B680433002118460BF0C4FED1
:10EBE8007B68B3F84421854B1B689A637B6893F86C
:10EBF8003E31002B11D07A8A7B68B3F84231023B50
:10EC08009A4280F27E817B68002283F83E217B68ED
:10EC18000433002118460BF0A7FE7B6893F83C31BB
:10EC2800012B09D17B68B3F842317A8A9A4203D31F
:10EC38007B68022283F83C217B6893F88831002B9B
:10EC480000F061817B6893F88C31DBB2002B14BF34
:10EC580001230023DBB2002B13D07B6893F88C319F
:10EC6800DBB2013BDAB27B6883F88C217B6893F8CE
:10EC78008C31DBB203F00703DAB27B6883F88C21AE
:10EC880041E17B68181D7B68B3F842311BB2B7F9C4
:10EC9800122019460BF048FF78617B6893F88E3193
:10ECA8001A46002178690DF00DFA78612BE17B682E
:10ECB80093F88C31DBB2002B14BF01230023DBB2A5
:10ECC800002B09D07B6893F88C31DBB2013BDAB2B8
:10ECD8007B6883F88C2103E07B6893F83D317B6186
:10ECE8007B68B3F84421454B1B689A6310E17B6845
:10ECF800B3F85421414B1B689A637B6893F83E3103
:10ED0800002B11D07A8A7B68B3F84631023B9A42CD
:10ED180080F2FB807B68002283F83E217B68043305
:10ED2800002118460BF020FE7B68181D7B68B3F89D
:10ED380046311BB2B7F9122019460BF0F5FE78617F
:10ED48007B6893F88E311A46002178690DF0BAF97C
:10ED58007861DDE07868FFF729FC03461A467B688E
:10ED6800B3F854319A4234BF01230023DBB2002B9D
:10ED780003D0786800F02CF9C9E07B681846F8F7EA
:10ED88001DFE0346002B00F097807B68B3F88A319C
:10ED98009AB27B68B3F892319A4234BF01230023B8
:10EDA800DBB2002B03D0786800F012F9B0E07B6882
:10EDB800B3F88A319AB27B68B3F84C319A4234BFBF
:10EDC80001230023DBB2002B02D07868FFF711FB88
:10EDD8007B68D3F85031002B12D00FF01BF8014696
:10EDE8007B68D3F850217B68D3F8AC31134499423F
:10EDF80006D3012305E000BFA4620308785D002064
:10EE08000023002B1CD07B6893F83F3183F001036B
:10EE1800DBB2002B53D07B68012283F83F210EF030
:10EE2800F9FF02467B68D3F898311A447B68C3F827
:10EE380048217B68B3F85621544B1B689A633EE01F
:10EE48007B6893F8403183F00103DBB2002B36D0A6
:10EE58007B6893F83F3183F00103DBB2002B2ED09F
:10EE68007B68B3F88A319BB218467B68B3F8923155
:10EE780019467B68B3F842311A467B68B3F890317B
:10EE88001C467B68B3F85431009323460DF0B8F85C
:10EE980003463B82388A7B68B3F8543119467B684D
:10EEA800B3F856311A460DF00DF903463B82374B3D
:10EEB8001B683A8A9A6302E0786800F089F87B68F0
:10EEC800D3F84831002B09D00EF0A4FF02467B6826
:10EED800D3F848319A4201D3012300E00023002BE4
:10EEE80015D0786800F074F811E07B6828337A8AC6
:10EEF800114618460BF025FF03467B6108E000BF6A
:10EF080006E000BF04E000BF02E000BF00E000BF71
:10EF18007868FFF74BFB03461A467B68B3F8543111
:10EF28009A4209D37B681846F8F748FD034683F0F0
:10EF38000103DBB2002B01D0012300E00023002BEA
:10EF480001D000237B617B6803F5AC7379691846AF
:10EF58000CF05CF87B6803F5AC73796918460CF023
:10EF68003AF8F860FA687B69D31ABB607B6803F5E6
:10EF7800B872BB6803FB03F3194610460CF046F859
:10EF88007B699BB218461C37BD4690BD785D002052
:10EF980080B586B002AF78607B68B3F84431184614
:10EFA8007B68B3F856311A46642300930023002186
:10EFB8000DF026F80346FB81FB89642B01D96423F5
:10EFC800FB81FB89DBB218461037BD4680BD0000C7
:10EFD80080B582B000AF78607B68002283F83C215E
:10EFE800094B1B6800229A630021786800F00EF82C
:10EFF8007B680022C3F848217B68012283F83F21FF
:10F0080000BF0837BD4680BD785D002080B582B05E
:10F0180000AF78600B46FB70FB78002B0DD0012207
:10F028004FF400610E4810F0FEF97B68D3F8A83160
:10F03800DAB27B6883F88C2109E000224FF4006182
:10F04800074810F0F0F97B68002283F88C217B6870
:10F05800FA7883F8882100BF0837BD4680BD00BF15
:10F06800000C014080B582B000AF78600B467B8011
:10F078007B6893F83C31022B04D07B6893F83C31D1
:10F08800012B1FD17B68B3F842317A889A4219D292
:10F098007B687A88A3F846217B68012283F83E21A1
:10F0A8007B6803F5AC7300211846F4F7BFFC7B6856
:10F0B80003F5B87300211846F4F7B8FC7B680422FE
:10F0C80083F83C2100BF0837BD4680BD80B483B0BB
:10F0D80000AF78607B68002BB8BF5B4218460C37DE
:10F0E800BD4680BC704780B582B000AF7860786854
:10F0F80024F058FD034618460837BD4680BD80B544
:10F1080082B000AF78607B681B6A3C21184614F017
:10F1180001FA00BF0837BD4680BD80B483B000AF98
:10F1280078600B46FB707B68FA7883F8302000BF64
:10F138000C37BD4680BC704780B483B000AF7860A0
:10F148000B46FB707B68FA781A7000BF0C37BD4617
:10F1580080BC704780B483B000AF78600B46FB700A
:10F168007B68FA781A70044B1B6800225A6300BF48
:10F178000C37BD4680BC7047305D002080B483B03A
:10F1880000AF78607B689B8F03F00203002B14BFED
:10F1980001230023DBB218460C37BD4680BC7047FC
:10F1A80080B483B000AF78607B689B8F03F0100356
:10F1B800002B14BF01230023DBB218460C37BD46D1
:10F1C80080BC704780B483B000AF78607B689B8F49
:10F1D80003F02003002B14BF01230023DBB21846E1
:10F1E8000C37BD4680BC704780B483B000AF7860F0
:10F1F8007B6893F83F3018460C37BD4680BC704793
:10F2080080B483B000AF78607B6893F840301846CC
:10F218000C37BD4680BC704780B483B000AF7860BF
:10F228007B6803F50053D3F8903118460C37BD4678
:10F2380080BC704790B591B000AFF86008461146A1
:10F248001A4603467B810B463B811346FB80FB68CD
:10F2580003F54B533C3300211846F9F72BFDFB68A7
:10F2680003F585436833FA6802F5804292F8F02284
:10F2780011461846F4F7C9FBFB6803F58543683364
:10F28800FA8811461846F4F7D1FB002387F83F3077
:10F29800F868F8F704FC0346002B02D0012387F82E
:10F2A8003F30FB6803F57B5328337A8997F83F1082
:10F2B800184600F0C1FAFB6803F581437833184615
:10F2C800FFF7ACF8FB6803F5814378333A891146B8
:10F2D8001846FFF7DBF9FB6803F5804378331846D7
:10F2E800FFF70DFFFB6803F5814338331846FFF736
:10F2F80006FFFB6803F5804378334FF48052844956
:10F308001846FDF7C9FCFB6803F5814338334FF411
:10F3180080727F491846FDF7BFFCFB68012118463B
:10F32800FFF70AFFFB681846F2F7FCF8034687F870
:10F338003E3097F83E30002B03D097F83E30012B33
:10F3480040D1FB6803F58B530433FA6802F54D523C
:10F358002032114618460AF041FEFB6803F5825335
:10F3680008331846F3F79EFDB863FB6803F58B5323
:10F378000433B96B18460AF0FDFEFB6803F58B539E
:10F3880004331846FFF748FF7863FB6803F54B53CF
:10F398003C33796B1846F9F71BFDFB6803F582537C
:10F3A80008331846FFF720FF034687F83330FB6819
:10F3B80003F54B533C3397F8332011461846F9F7B9
:10F3C800F3FC0FE0FB6803F54B533C330021184670
:10F3D800F9F7FEFCFB6803F54B533C330121184653
:10F3E800F9F7E2FCFB6800211846FFF7A5FEFB6869
:10F3F8001846FDF76FFFFB6803F58253083307F1E2
:10F40800140097F83F201946F3F79CFFFB6803F5B3
:10F418007B532C3307F11402114618460BF048FAB7
:10F42800FB6803F58253083307F1200002221946CE
:10F43800F3F788FF07F1140307F1200207CA83E8EE
:10F448000700FB6803F581437C3307F1140211467A
:10F4580018460BF02DFAFB6803F58253083318465B
:10F46800F3F7F2F903463B86FB6803F5825308334A
:10F478001846F3F700FA0346FB85FB6803F581435A
:10F488007833FA8D398E1846FFF7A6F8FB6803F52E
:10F4980085442834FB6803F5825308331846FFF780
:10F4A8006DFE034619462046FFF754FEFB6803F538
:10F4B80080447834FB6803F5825308331846FFF715
:10F4C8006FFE034619462046FFF727FEFB6803F543
:10F4D80081443834FB6803F5825308331846FFF734
:10F4E80071FE034619462046FFF717FE97F83F308E
:10F4F800002B07D1FB6803F57B53283303211846FB
:10F50800F4F798FC97F83E3018464437BD4690BD4E
:10F518000010014080B582B000AF78607868F8F7D5
:10F52800BEFA0346002B08D07B6803F582530833E4
:10F538001846FFF765FE03463DE07B6803F5854303
:10F54800683318460BF081FD02461D4B1B68D31A21
:10F558001846FFF7BBFD0346182BD4BF0123002331
:10F56800DBB2002B02D0174B1B6824E07B6803F545
:10F578008543683318460BF068FD0346104A13604C
:10F588007B6803F58043B3F8F2321A460C4B1B68CC
:10F598009A4209DD0A4B1B681946786800F018F88A
:10F5A8000346084A136004E0074B1B781A46054BCC
:10F5B8001A60044B1B6818460837BD4680BD00BF5B
:10F5C8004C5B0020505B0020B26203080000000082
:10F5D800B0B584B000AF786039603868F1F7E6FB01
:10F5E80003461846F0F788FF02460B463AA1D1E9D0
:10F5F8000001F1F703F902460B46104619464FF091
:10F608000002394BF0F718FE02460B461046194621
:10F61800F1F7C2FA0346FB60F9683448F1F7CEFC0B
:10F628000346FB60314B1946F868F1F7C7FC0346FF
:10F63800BB60B868FFF757FDB8602D49B868F1F7A7
:10F64800BDFC0346BB60B868F0F756FF04460D469C
:10F65800284B1846F0F750FF21A3D3E90023F0F711
:10F66800EDFD02460B464FF000001F49F1F7C6F8C2
:10F6780002460B4620462946F0F7E0FD02460B46B7
:10F6880010461946F1F788FA0346BB60B9684FF08F
:10F698007E50F1F793FC0346BB60B868F0F72CFF87
:10F6A8000FA3D3E90023F0F7C7FD02460B46104627
:10F6B8001946F1F771FA0346BB60B868F8F769FFB5
:10F6C80003461846F1F7A2FD034618461037BD4613
:10F6D800B0BD00BFAFF300800000000000FEAF40E7
:10F6E80066666666661271400000F03F00401C4680
:10F6F80000E076450000C84180B483B000AF786070
:10F7080039607B683A689A6000BF0C37BD4680BC98
:10F71800704780B483B000AF78607B6893F8443159
:10F72800DBB2022B05D07B6893F84431DBB2012BA6
:10F7380001D1012300E0002318460C37BD4680BCE8
:10F74800704780B483B000AF78607B68B3F83C3111
:10F7580018460C37BD4680BC704780B582B000AFF4
:10F7680078607B6803F5AA7318460BF06EFC0346B5
:10F778009BB218460837BD4680BD80B582B000AF41
:10F7880078607B6803F5B27318460BF05EFC03469D
:10F798009BB218460837BD4680BD80B582B000AF21
:10F7A80078607B6803F5AE7318460BF04EFC034691
:10F7B8009BB218460837BD4680BD80B483B000AF01
:10F7C80078607B68B3F8783118460C37BD4680BC42
:10F7D800704780B483B000AF78607B6893F8443199
:10F7E800DBB2002B0CBF01230023DBB218460C3719
:10F7F800BD4680BC704780B582B000AF7860396084
:10F808007B6803F5B673396818460BF0E4FB0346CA
:10F8180018460837BD4680BD80B582B000AF786015
:10F828007B6803F5B67300211846F4F7FFF800BFAC
:10F838000837BD4680BD0000F0B589B004AF7860D8
:10F848000B46FB7013463B807B68FA7883F875217A
:10F858007B68042283F844217B680022A3F84221B4
:10F868007B68002283F845217B680022A3F84021A9
:10F878007B68012283F8742178687B6893F8841187
:10F888007B68B3F880417B68B3F882517B6893F852
:10F8980088317A6892F8852116467A6892F8862126
:10F8A8000292019600932B4622460CF053FC3F4BE4
:10F8B8001B681B6C9BB2283B9AB27B68A3F8762125
:10F8C800FB78002B07D1394B1B68DB6A5B089AB2BF
:10F8D8007B68A3F876217B6803F5B6727B6893F89A
:10F8E8007E3119461046F4F790F87B6803F5B67335
:10F8F8003A8811461846F4F799F87B6803F5A6721A
:10F908007B6893F87A3119461046F4F77EF87B68DD
:10F9180003F5AA727B6893F87A3119461046F4F712
:10F9280074F87B6803F5AA733A8811461846F4F709
:10F938007DF87B6803F5AE727B6893F87A311946D7
:10F948001046F4F762F87B6803F5B2727B6893F8A7
:10F958007A3119461046F4F758F8144B1B689B6A1D
:10F968000133124A1268D26A013202FB03F3FB60C8
:10F978000F4B1B680F4AA2FB03239B09BB60FA6865
:10F98800BB68B2FBF3F3FB607B68181DFB6899B298
:10F9980001230B220AF0BCFF7B68043300211846C0
:10F9A8000AF0E2FF00BF1437BD46F0BD785D0020C5
:10F9B80040000020D34D621080B584B000AF78605D
:10F9C8000B46FB70FB7883F00103DBB2002B17D0EA
:10F9D8007B680022A3F842217B6893F84431DBB2AC
:10F9E800002B14BF01230023DBB2002B2CD07B6833
:10F9F800042283F84421214B1B6800225A6323E028
:10FA08007B680433002118460AF0AEFF7B6803F5D3
:10FA1800AA7318460BF019FB0346FB817B68B3F801
:10FA28003C31FA899A420BD2FB89C8337A68B2F81A
:10FA38003C21934204DA7B68012283F8442103E0E5
:10FA48007B68022283F844217B6803F5A6730021B2
:10FA58001846F3F7EBFF7B6803F5AE7300211846F1
:10FA6800F3F7E4FF7B680022A3F83E217B680022BD
:10FA7800A3F8402100BF1037BD4680BD785D002047
:10FA880090B587B002AFF860084611461A4603469B
:10FA98007B810B463B811346FB80FB68052283F87C
:10FAA8004421FB6803F5A67300211846F3F7BEFF4F
:10FAB800FB6803F5AE7300211846F3F7B7FFFB6840
:10FAC80003F12800FC883A8979893B8C0093234606
:10FAD8000BF0F3F800BF1437BD4690BD80B584B075
:10FAE80000AF78600B467B807B6893F84431DBB2CB
:10FAF800022B0CBF01230023DBB2002B05D07B684F
:10FB08000433002118460AF02FFF114B1B887A880E
:10FB18009A4202D90E4B1B887B807B687A88A3F8AF
:10FB28003C217B6803F5AA7318460BF08EFA03464E
:10FB3800FB81FA897B8814339A42CCBF01230023C6
:10FB4800DAB27B6883F8452100BF1037BD4680BD17
:10FB5800A462030880B584B000AF78607B6803F5C1
:10FB6800A67318460BF071FA0346FB817B6893F87D
:10FB78004431DBB2032B0CBF01230023DBB2002B83
:10FB880003D07B68B3F84231FB817B68B3F87631E8
:10FB9800FA899A4203D97B68B3F87631FB81FB89ED
:10FBA80018461037BD4680BD80B586B002AF786074
:10FBB8007B6803F5A67318460BF047FA0346FB81EA
:10FBC8007B68B3F87631BB817B6893F84431DBB24C
:10FBD800032B0CBF01230023DBB2002B08D07B686A
:10FBE800B3F84231FB817B68B3F87831BB810EE012
:10FBF8007B6893F84431DBB2052B0CBF012300234B
:10FC0800DBB2002B03D07B68B3F87831BB81FB896A
:10FC1800BA89002118460CF055FA0346FB81F88989
:10FC2800BA8964230093002300210CF0E9F9034604
:10FC3800DBB218461037BD4680BD80B582B000AF34
:10FC480078600B467B807B6803F5A6730021184615
:10FC5800F3F7ECFE7B6803F5AE7300211846F3F763
:10FC6800E5FE7B88002B08D17B680022A3F842219F
:10FC78007B68042283F8442113E07B68B3F8783169
:10FC88007A889A4205D97B68B3F878217B68A3F80B
:10FC980042217B687A88A3F842217B68032283F893
:10FCA80044210837BD4680BD80B483B000AF78607A
:10FCB8000B467B80084B1B887A889A4202D9064BF0
:10FCC8001B887B807B687A88A3F83C2100BF0C37AF
:10FCD800BD4680BC704700BFA462030880B58AB0E7
:10FCE80000AF786039607B6893F87431002B11D0CD
:10FCF8007B6803F5B67339681846F3F797FE7B6897
:10FD080003F5AA7339681846F3F790FE7B6800225A
:10FD180083F8742139687868FFF76DFD38603B68AF
:10FD28009AB27B68A3F846217B6803F5AA727B68C0
:10FD3800B3F846319BB2194610460BF04CF9B8613E
:10FD48007B68B3F846319BB21A46BB699B1A7B6144
:10FD58007B6803F5B2727B6903FB03F3194610460F
:10FD68000BF054F9002387F82730A44B1B88633322
:10FD78003A689A4216DD7B6803F5A6730021184697
:10FD88000BF029F938613B697B617B6803F5AE723A
:10FD98007B6903FB03F3194610460BF037F901237F
:10FDA80087F8273000233B627B6893F84431DBB245
:10FDB800062B00F2168101A252F823F0F7FD000885
:10FDC8003BFE00088FFE00085FFF0008E1FD000809
:10FDD80077FF000899FF00087B68B3F87C311A4662
:10FDE800BB69934203DA7B68002283F844217B686D
:10FDF80093F84831DBB2002B0DD07B6893F849317A
:10FE0800DBB2013BDBB27A68194682F84911002B54
:10FE180001D1012300E00023002B00F0E4807B687F
:10FE280093F84831DAB27B6883F8492102233B62B0
:10FE3800D9E07B68B3F83C3113333A689A420CDD59
:10FE48007B68022283F844217B681A1D7B68D3F8FB
:10FE58008C3119461046FFF74FFC7B68181D7B68EC
:10FE6800B3F83C311BB23A6812B219460AF05CFE8C
:10FE780038627B68B3F876311A460021386A0CF08C
:10FE880021F93862BDE097F8273083F00103DBB22F
:10FE9800002B00F0AA807B68B3F83C31FB837B68B9
:10FEA800B3F83E31002B04D07B68B3F83E31FB83B6
:10FEB80026E07B68B3F84031002B0FD07B68B3F89D
:10FEC8004031FB837B68B3F8403164333A689A4227
:10FED80016DD7B68012283F8452111E0474B1B881A
:10FEE80063333A689A4207DC7B68B3F83C3103F520
:10FEF800C8733A689A4203DD7B68012283F845217A
:10FF08007B6893F84531DBB2002B10D0FB8B023BAA
:10FF18003A689A426BDA7B68002283F845217B684D
:10FF280004333A6892B2114618460AF01DFD7B6800
:10FF38000433B7F91E103A6812B218460AF0F4FDF5
:10FF480038627B68B3F876311A460021386A0CF0BB
:10FF5800B9F8386249E097F8273083F00103DBB23B
:10FF6800002B46D07B68B3F842313B6241E097F8FA
:10FF7800273083F00103DBB2002B3CD07B682833A9
:10FF88003A68114618460AF0DCFE03463B6232E046
:10FF980097F8273083F00103DBB2002B30D07B6861
:10FFA800B3F84031002B0BD07B68B3F840313133C4
:10FFB8003A689A4204DC7B68B3F842313B621FE03E
:10FFC8007B68022283F844217B680022A3F842213F
:10FFD8007B6804333A6892B2114618460AF0C4FCAA
:10FFE8000EE000BF0DE000BF0BE000BF09E000BF5E
:08FFF80007E000BF05E000BFB7
:020000040801F1
:1000000003E000BFA462030800BF7B6803F5A6738A
:10001000396A18460AF0E3FFF860FA683B6AD31AB7
:100020007B617B6803F5AE727B6903FB03F31946C2
:1000300010460AF0EFFF3B6A9BB218462837BD46D0
:1000400080BD00BF80B582B000AF78607B680122C0
:1000500083F874217868FFF7E3FB7B6803F5A673E8
:1000600000211846F3F7E6FC7B6803F5AA7300212C
:100070001846F3F7DFFC7B6803F5AE7300211846E2
:10008000F3F7D8FC7B6803F5B27300211846F3F749
:10009000D1FC7B68042283F8442100BF0837BD46A9
:1000A00080BD80B582B000AF78600B467B807B68F6
:1000B00093F84431DBB2022B05D07B6893F84431CE
:1000C000DBB2012B07D17B68B3F83C317A889A42C6
:1000D00001D2012300E00023002B19D07B687A882D
:1000E000A3F83E217B68012283F845217B6803F554
:1000F000A67300211846F3F79DFC7B6803F5AE73E9
:1001000000211846F3F796FC7B68022283F844210D
:1001100000BF0837BD4680BD80B582B000AF7860B3
:100120000B467B807B6893F84431DBB2022B07D10E
:100130007B68B3F83C317A889A4201D9012300E008
:100140000023002B1BD07B687A88A3F840217B68B2
:10015000062283F844217B6803F5A6730021184624
:10016000F3F768FC7B6803F5AE7300211846F3F7DC
:1001700061FC7B68B3F878217B68A3F8422100BF5B
:100180000837BD4680BD80B483B000AF78607B681F
:10019000DB789B09DBB218460C37BD4680BC704744
:1001A00080B586B000AFF8607A601A460B46FB72E5
:1001B0001346BB72FB7A7B610023FB7421E07A69F2
:1001C00013469B001344DB007B610023BB74FA7C65
:1001D000BB7A9A420ED2FB7C7A6813441B7819468C
:1001E000F86800F0C5F90346BB74BB7C272B01D926
:1001F000002312E0BB7C7A6913447B61FB7C0133F2
:10020000FB74FB7C042BDAD97B6923F040437B61D0
:100210007969F86800F0B7FA012318461837BD4627
:1002200080BD80B586B000AFF860B9601346FB7141
:10023000FB791A46B968F86800F034FA0346BB75D2
:10024000BB7D062B01D100232CE00023FB75BB7D79
:10025000002B19D008E0FB7DBA6813441B782D2BC6
:1002600007D0FB7D0133FB75FA7DFB799A42F2D30F
:1002700000E000BFFB7D002B06D0FA7DFB799A429F
:1002800002D2FB7D0133FB75FB7DBA68D018FA7989
:10029000FB7DD31ADBB2B97D0246F868FFF780FF19
:1002A000034600BF18461837BD4680BD80B483B0F2
:1002B00000AF786039603B681A787B681A703B68D9
:1002C0005A787B685A703B689A787B689A703B686A
:1002D000DA787B68DA7000BF0C37BD4680BC7047A7
:1002E00080B483B000AF78607B681B78002B01D0AE
:1002F000002314E07B685B78002B01D000230EE024
:100300007B689B78002B01D0002308E07B68DB78BA
:1003100003F03F03002B0CBF01230023DBB2184680
:100320000C37BD4680BC704780B483B000AF7860A6
:1003300039607B681A783B681B789A4201D00023A9
:100340001CE07B685A783B685B789A4201D00023B6
:1003500014E07B689A783B689B789A4201D000232E
:100360000CE07B68DA783B68DB785340DBB203F063
:100370003F03002B0CBF01230023DBB218460C37D0
:10038000BD4680BC7047000090B58BB000AF786070
:1003900039600B2387F8273097F82730013B87F81F
:1003A000273097F8273028333B44002203F81C2CD1
:1003B000386800F0D1F9034623F040433B6224E063
:1003C000396A4B4BA3FB01235A0913469B00134484
:1003D000DB00CA1A13463B773B6A454AA2FB03235C
:1003E0005B093B6297F82730013B87F8273097F885
:1003F00027403B7F1946386800F002F903461A4649
:1004000004F128033B4403F81C2C97F82730052BF4
:10041000D6D83B6A002B36D03B6A052B33D897F8E9
:100420002730013B87F8273097F8273028333B44A3
:100430002D2203F81C2C3B6ADBB21946386800F009
:1004400003F903467B7797F827207B7FD31A87F839
:1004500027300023FB7712E03B6A591EFA7F97F89A
:100460002700FB7F03442348890001440A44127893
:1004700028333B4403F81C2CFB7F0133FB77FA7FC6
:100480007B7F9A42E8D30923BB770FE0BB7F2833F9
:100490003B4413F81C3C202B0ED1BB7F28333B443C
:1004A000002203F81C2CBB7F013BBB77BA7F97F877
:1004B00027309A42EAD800E000BF97F8273007F1CA
:1004C0000C02D41807F11803184623F01AF807F1A4
:1004D00018031A462146786823F022FB07F1180317
:1004E000184623F010F800BF78682C37BD4690BD41
:1004F000CDCCCCCCE05F030880B485B000AF786091
:100500000B46FB70FB7803F00303FB60FB689B0169
:10051000FB607B68DB7803F03F03DAB27B68DA705C
:100520007B68DA78FB68DBB21343DAB27B68DA7097
:1005300000BF1437BD4680BC7047000080B584B052
:1005400000AF7860786800F007F9034623F0404375
:10055000FB60FB68DB0B054AA2FB0323FB60FB6827
:10056000DBB218461037BD4680BD00BFC0F814008E
:1005700080B485B000AF78600B46FB70FB78202B11
:1005800002D0FB78002B01D1002331E0FB78402B17
:1005900006D9FB785A2B03D8FB78403BDBB227E027
:1005A000FB78602B06D9FB787A2B03D8FB78603B6D
:1005B000DBB21DE0FB782F2B06D9FB78392B03D853
:1005C000FB78123BDBB213E00023FB730CE0FB7BF8
:1005D0000A4AD35CFA789A4203D1FB7B1B33DBB225
:1005E00006E0FB7B0133FB73FB7B022BEFD9FF2380
:1005F00018461437BD4680BC704700BFF45F03083F
:1006000080B483B000AF78600B46FB70FB78002BA2
:1006100001D1202311E0FB781A2B03D8FB7840335B
:10062000DBB20AE0FB781D2B04D8FB781B3B054AA4
:10063000D35C02E0FB781233DBB218460C37BD46C0
:1006400080BC7047F45F030880B485B000AF786069
:100650000B46FB70FB78002B01D100231AE0FB78DE
:10066000013B7B730423FB730023BB730EE07A7B97
:10067000BB7B0B4992000A4413441B78002B02D128
:10068000FB7B013BFB73BB7B0133BB73BB7B032B4E
:10069000EDD9FB7B18461437BD4680BC704700BFC0
:1006A000E05F030880B487B000AFF860B96013461C
:1006B000FB710023FB7508E0FB7DBA6813441B78CF
:1006C0002D2B07D0FB7D0133FB75FA7DFB799A4218
:1006D000F2D300E000BFFB7D002B34D0FA7DFB7924
:1006E0009A4230D20023BB7528E001237B7500239A
:1006F0003B7516E03B7DBA6813441A78B97D3B7DA3
:100700001448890001440B441B789A4206D03A7D74
:10071000FB7D9A4202D200237B7505E03B7D0133CD
:100720003B753B7D032BE5D97B7D002B03D0BB7D47
:100730000133DBB208E0BB7D0133BB75BB7D042B0D
:10074000D3D9062300E0002318461C37BD4680BCE1
:10075000704700BFE05F030880B483B000AF7860EB
:100760007B68DB781A067B689B781B041A437B68DE
:100770005B781B0213437A681278134318460C37D0
:10078000BD4680BC704780B483B000AF78603960EC
:100790003B68DAB27B681A703B681B0ADAB27B6886
:1007A0005A703B681B0CDAB27B689A703B681B0E70
:1007B000DAB27B68DA7000BF0C37BD4680BC704788
:1007C00080B582B000AF78600B467B807A88134694
:1007D0009B001344184623F0A7FC03461A467B6887
:1007E0001A607B681B68002B04D07B687A889A802B
:1007F000012300E0002318460837BD4680BD80B5C0
:1008000084B000AFF8600B467A607B81FB689B8800
:100810007A899A4201D3002314E0FB6819687A8927
:1008200013469B0013440B44FF221A71FB6819689E
:100830007A8913469B0013440B4479681846FFF7E6
:1008400035FD012318461037BD4680BD80B586B002
:1008500000AFF860B9601346FB71B968F86800F042
:100860005EF80346FB82B7F91630002B01DA00234D
:100870001DE0B868FFF787FC03467B75FB681968C5
:10088000B7F9162013469B0013440B44FA791A71EA
:10089000FB681968B7F9162013469B0013440B44F4
:1008A0001A467B7D19461046FFF726FE012318469F
:1008B0001837BD4680BD80B483B000AF78600B466A
:1008C0007B807B689B887A889A4207D27B6819680C
:1008D0007A8813469B0013440B4401E07B6806337F
:1008E00018460C37BD4680BC704780B483B000AF5B
:1008F00078600B467B807B689B887A889A4201D31C
:10090000FF2307E07B6819687A8813469B0013442D
:100910000B441B7918460C37BD4680BC704780B528
:1009200084B000AF786039600023FB8113E07B68FE
:100930001968FA8913469B0013440B44396818461A
:10094000FFF7F2FC0346002B02D0B7F90E3009E0A6
:10095000FB890133FB817B689B88FA899A42E6D345
:100960004FF0FF3318461037BD4680BD80B483B0CA
:1009700000AF786039603B6818460C37BD4680BCD4
:10098000704780B582B000AF786039607B6804330F
:100990003968184622F0DFFE00BF0837BD4680BD2B
:1009A00080B483B000AF786000BF0C37BD4680BC18
:1009B000704780B483B000AF78600B46FB7000BF17
:1009C0000C37BD4680BC704780B582B000AF786000
:1009D00004E07B684433184600F00DFA7B6844332A
:1009E000184600F0FBF9034683F00103DBB2002B4D
:1009F000EFD17B680433184622F006FF00BF0837AA
:100A0000BD4680BD80B582B000AF78607B6803F1E1
:100A100044027B6804331946104600F0F8F900BF21
:100A20000837BD4680BD80B582B000AF78607B6876
:100A30004433184600F0DFF97B680433184622F08F
:100A4000E3FE00BF0837BD4680BD80B582B000AF71
:100A500078607B6803F11C027B68043319461046FA
:100A600000F0D5F900BF0837BD4680BD80B582B023
:100A700000AF78607B681C33184600F0BCF97B68D7
:100A80000433184622F0C0FE00BF0837BD4680BDC3
:100A900080B5B0B000AF7860396007F11403184634
:100AA0001AF03CFF7A6807F11403114618461AF051
:100AB00078FF002387F8BF3000233B6107F1100364
:100AC00007F10F010122386819F040F93B69012B49
:100AD0001BD197F8BF3083F00103DBB2002B08D0A5
:100AE000FB7B7B2B02D0FB7B5B2B02D1012387F8A6
:100AF000BF3097F8BF30002BDED0FA7B07F114032C
:100B0000114618461AF05AFFD6E7386819F03AFC31
:100B100000BFC037BD4680BD80B582B000AF7860F1
:100B2000396004E07B68B433184600F099F97B68BB
:100B3000B433184600F079F9034683F00103DBB2C1
:100B4000002BEFD17B6839681846FFF7A1FF00BF83
:100B50000837BD4680BD000080B588B000AF786022
:100B600039607B681C33184600F08FF9024607F1A4
:100B700008031146184622F096FF07F108033F4983
:100B8000184622F062FF0346002B0CBF012300230E
:100B9000DBB2002B69D07B6804333949184622F058
:100BA00054FF0346002B0CBF01230023DBB2002BB4
:100BB00032D07B686C33184622F02BFE034683F05C
:100BC0000103DBB2002B0AD07B686C33396818460E
:100BD00022F02DFF0346002B01D0012300E000236B
:100BE000002B08D07B6803F1B4027B686C33194694
:100BF000104600F06AF97B686C333968184622F0B9
:100C0000AAFD7B689C33184622F0FEFD7B68843386
:100C1000184622F0F9FD28E07B680433194918468C
:100C200022F013FF0346002B0CBF01230023DBB28D
:100C3000002B06D07B6884333968184622F08BFD80
:100C400013E07B6804331049184622F0FEFE034689
:100C5000002B0CBF01230023DBB2002B05D07B68E7
:100C60009C333968184622F076FD07F108031846D0
:100C700022F00BFD2037BD4680BD00BF9051030818
:100C80009C510308A4510308B051030880B582B0F9
:100C900000AF78607B686C33184622F0BAFD0346DB
:100CA00083F00103DBB2002B0CD07B688433184641
:100CB00022F0AFFD034683F00103DBB2002B01D02D
:100CC000012300E00023002B08D07B6803F1B4026D
:100CD0007B686C331946104600F0F7F800BF083700
:100CE000BD4680BD90B58DB000AF78607B6803F1E4
:100CF0006C0407F12803184622F003FC07F12802D0
:100D000007F110031C49184622F00AFF07F11003EF
:100D10001946204622F0BFFC07F11003184622F0C6
:100D2000B4FC07F12803184622F0EDFB7B689C33E6
:100D3000184622F069FD7B688433184622F064FD72
:100D40007B68B433184600F0E6F80346FB6207F10F
:100D50002C0207F10C031146184600F0ECF87B68F2
:100D600003F1B4007B686C331A46F96800F0F4F8BC
:100D700000BF3437BD4690BDC4620308B0B582B031
:100D800000AF786039607B68DB6E002B0ED07B682B
:100D9000DC6E7B681D1D7B684433184600F075F8D7
:100DA00003463A682946204609F052F800BF083742
:100DB000BD46B0BD80B483B000AF78607B685A6830
:100DC0007B681B68D31ADB10034A02FB03F3184647
:100DD0000C37BD4680BC7047398EE33880B582B091
:100DE00000AF78607B68184600F05EF9034618464D
:100DF0000837BD4680BD80B582B000AF78607B68A3
:100E0000184600F063F900BF0837BD4680BD80B5C5
:100E100082B000AF786039607B683968184600F0AE
:100E200078F900BF0837BD4680BD80B584B000AFFB
:100E30007860786800F08FF90346BB60786800F04E
:100E40009AF90346FB6007F10C0207F1080311460B
:100E5000184600F0A1F9034618461037BD4680BD7C
:100E600080B582B000AF78607B685B68A3F1480210
:100E70007B685A607A687B685B681946104600F0A8
:100E8000A3F900BF0837BD4680BD80B582B000AF72
:100E900078607B68184600F0A4F9034618460837C6
:100EA000BD4680BD80B483B000AF786039603B68D8
:100EB0001A687B681B689A4201D23B6800E07B6835
:100EC00018460C37BD4680BC704780B582B000AF75
:100ED000786039607B685A687B689B689A420DD05D
:100EE00078687B685B683A68194600F093F97B681C
:100EF0005B6803F148027B685A6008E0786800F09C
:100F00009CF903463A681946786800F0BDF900BFBD
:100F10000837BD4680BD80B584B000AF78607A6880
:100F200007F10C031146184600F076FAFB681846E4
:100F30001037BD4680BD80B582B000AF78603960A3
:100F4000386800F078FA03461A687B681A607B6894
:100F500018460837BD4680BD80B5A2B000AFF86026
:100F6000B9607A60F868FFF7D6FF03467B6607F141
:100F7000640207F108031146184600F067FA0346B9
:100F8000C7F88430FB685A68FB689B689A4254D063
:100F9000F86800F052F90346BB6607F1680207F1F2
:100FA00008031146184600F06BFA0346002B0DD0DB
:100FB000F868FB685B687A68194600F02BF9FB68F3
:100FC0005B6803F14802FB685A6055E0F868FFF778
:100FD000A2FF0346FB66F86800F06AFA03463B6727
:100FE00007F1700207F108031146184600F070FA85
:100FF000024607F16C031146184600F083FA0346D7
:101000003B6607F114037A68F968184600F095FA10
:1010100007F11403184600F0CCFA0346184600F016
:10102000D3FA03461A46396EF86800F0F9FA07F168
:101030001403184600F0A4FA1EE0F868FFF76BFFEF
:1010400003467B67F86800F033FA0346BB6707F195
:10105000780207F108031146184600F039FA0246F3
:1010600007F174031146184600F04CFA03467A68FB
:101070001946F86800F008F9FB681968D7F8842069
:101080001346DB001344DB000B44C7F8803007F144
:10109000800207F17C031146184600F0BDF9FB6F92
:1010A00018468837BD4680BD80B582B000AF7860F5
:1010B0007B6803F118027B6808331946104600F07C
:1010C000EDFA034618460837BD4680BD80B582B0AC
:1010D00000AF78607B689A697B68DB699A4211D0BF
:1010E0007B689B69A3F118027B689A617B6818464C
:1010F000F5F7C2FB02467B689B691946104600F073
:10110000E0FA02E0786800F0E9FA00BF0837BD466F
:1011100080BD80B582B000AF786039607B689A6925
:101120007B681B6A183B9A420DD078687B689B6984
:101130003A68194600F0FCFA7B689B6903F11802D3
:101140007B689A6103E03968786800F005FB00BFAE
:101150000837BD4680BD80B584B000AF78607A683E
:1011600007F10C031146184600F03AFBFB681846DD
:101170001037BD4680BD80B584B000AF78607B6815
:101180001A1D07F10C031146184600F029FBFB68F5
:1011900018461037BD4680BD90B583B000AF78606B
:1011A0003960786800F02BFB03461C68386800F053
:1011B00026FB03461B689C420CBF01230023DBB2C5
:1011C00018460C37BD4690BD80B582B000AF786040
:1011D00039603968786800F01CFB00BF0837BD46ED
:1011E00080BD80B586B000AF786007F108037968EC
:1011F0001846F5F732FB07F10803184600F015FB17
:1012000007F10803184600F030FB0346184618376C
:10121000BD4680BD80B584B000AFF860B9607A602B
:10122000786800F02DFB03461A46B968F86800F0AC
:1012300053FB00BF1037BD4680BD80B584B000AF02
:1012400078607B681A1D07F10C031146184600F000
:10125000E3F8FB6818461037BD4680BD80B582B004
:1012600000AF184600F005F8034618460837BD469B
:1012700080BD80B483B000AF3871012318460C37AD
:10128000BD4680BC70470000B0B58CB000AFF860C0
:10129000B9607A605E4A0121F86800F035FBB862F7
:1012A000FB681B687B62FB685B683B62F868FFF762
:1012B00032FE03467B6107F1140207F10803114671
:1012C000184600F069FB0346FB61FB68B96A1846E3
:1012D00000F07CFBB861BB69FB62FC68FA691346ED
:1012E000DB001344DB001A46BB699D18786800F0E8
:1012F000C7FA03461A4629462046FFF78BFF00230C
:10130000FB62FFF7ABFF0346002B27D007F1080372
:10131000184600F090F803461C68FB681846F5F77D
:101320002BFB0346BA692146786A00F063FBF8623A
:10133000FB6A4833FB6207F10803184600F07BF8AC
:1013400003461C68FB681846F5F716FB0346FA6A65
:10135000396A204600F04EFBF86226E007F10803E8
:10136000184600F068F803461C68FB681846F5F755
:1013700003FB0346BA692146786A00F04FFBF86226
:10138000FB6A4833FB6207F10803184600F053F884
:1013900003461C68FB681846F5F7EEFA0346FA6A3E
:1013A000396A204600F03AFBF862FFF757FF034620
:1013B00083F00103DBB2002B09D0FB681846F5F778
:1013C000DBFA03461A46396A786AF5F7DFFAF868F5
:1013D000FB689A687B6AD31ADB100E4A02FB03F3A0
:1013E0001A46796AF5F7B5FAFB68BA691A60FB68BC
:1013F000FA6A5A60BA6A1346DB001344DB001A46E5
:10140000BB691A44FB689A6000BF3037BD46B0BD67
:10141000B8510308398EE33880B483B000AF7860E8
:1014200039603B681A687B681A607B6818460C371D
:10143000BD4680BC704780B483B000AF78607B68E5
:1014400018460C37BD4680BC7047000090B583B08D
:1014500000AF78603960786800F0D1F903461C6805
:101460003868FFF7E8FF03461B68E31ADB10034AFE
:1014700002FB03F318460C37BD4690BD398EE338A6
:1014800090B583B000AF78603960786800F0B7F944
:1014900003461C683868FFF7CEFF03461B689C4272
:1014A0000CBF01230023DBB218460C37BD4690BDAC
:1014B00080B584B000AF78607A6807F10C031146FC
:1014C000184600F08DF9FB6818461037BD4680BD00
:1014D00090B583B000AF78603960786800F08FF91C
:1014E00003461C68386800F08AF903461B68E31A53
:1014F000DB10034A02FB03F318460C37BD4690BDD0
:10150000398EE33880B584B000AF786039607B688D
:1015100019683A681346DB001344DB000B44FB6098
:1015200007F10C0207F1080311461846FFF774FF94
:10153000BB6818461037BD4680BDB0B584B000AF5B
:10154000F860B9607A60FB68BA681A60FB680433B7
:10155000184600F07CFAFB681B681D46F86800F02E
:101560008DFA0446786800F08BF903461A46214646
:101570002846FFF74FFEFB6818461037BD46B0BD42
:1015800090B583B000AF78607B681B681C467868B4
:1015900000F074FA034619462046FFF715FE7B68F3
:1015A0000433184600F060FA7B6818460C37BD46D5
:1015B00090BD80B483B000AF78607B680433184678
:1015C0000C37BD4680BC704780B483B000AF7860F4
:1015D0007B6818460C37BD4680BC704780B582B02A
:1015E00000AF786039607B683A681146184622F08F
:1015F00052F87B6803F118023B681833194610460D
:1016000022F049F87B6803F130023B683033194619
:10161000104622F040F87B6818460837BD4680BD6A
:10162000B0B584B000AFF860B9607A60FC68FB6860
:101630005D68FB685B68483B1846FFF7C5FF0346DB
:101640001A462946204600F027FAFB685B6803F13A
:101650004802FB685A6007F108031846FFF7EBFEE3
:1016600003461868FB685B68A3F19001FB685B6840
:10167000483B1A4600F023FA07F10803184600F029
:1016800036FA0446786800F03DFA034619462046CB
:10169000FFF7A4FF00BF1037BD46B0BD80B483B0D4
:1016A00000AF786039607B681A683B681B689A42B3
:1016B0000CBF01230023DBB218460C37BD4680BCAB
:1016C000704780B582B000AF78603960396878685B
:1016D00000F022FA00BF0837BD4680BD80B582B059
:1016E00000AF78607A687B68DB6919461046F5F7C9
:1016F0002DFB7B6803F118027B685B6A043B19468B
:101700001046F5F707FB7B681B6AA3F118027B689C
:101710009A617B681846F5F7AFF802467B689B69CB
:1017200019461046FFF7CDFF00BF0837BD4680BD04
:1017300080B584B000AFF860B9607A60786800F076
:10174000F7F903461A46B968F86800F0FBF900BFDC
:101750001037BD4680BD0000B0B582B000AF7860E4
:101760003960786800F006FA0446786800F014FAE8
:1017700003469C420CBF01230023DBB2002B02D0A6
:10178000164821F0CAFE0121786800F016FA7A683E
:101790007B685B6A1C1D1046F5F788FB03462360D7
:1017A0007C687B689D69386800F0C2F903461A4678
:1017B00029462046FFF7BCFF7B6803F118027B68CF
:1017C0005B6A043319461046F5F7A4FA7B68DA69B8
:1017D0007B689A6100BF0837BD46B0BDD45103088D
:1017E00080B483B000AF786039603B681A687B686A
:1017F0001A607B6818460C37BD4680BC704780B4C1
:1018000083B000AF78607B6818460C37BD4680BC5B
:10181000704780B582B000AF786039603868F3F700
:10182000AEFB00BF0837BD4680BD80B582B000AFBB
:1018300078607B681A687B685B689A420AD17B682B
:10184000DB68043B19467868F5F764FA7B689A68A8
:101850007B681A607B681B68A3F118027B681A60BA
:101860007B6818460837BD4680BD80B483B000AFA2
:1018700078607B681B6818460C37BD4680BC704793
:1018800080B483B000AF78607B6818460C37BD46E3
:1018900080BC704780B582B000AF786039607B68EB
:1018A0003A681146184622F0FEF87B6803F11802E8
:1018B0003B6818331946104622F0F5F87B6803F1AF
:1018C00030023B6830331946104622F0ECF87B6852
:1018D00018460837BD4680BD90B585B000AFF860AA
:1018E000B9607A60BB6819464820FFF73FF80446A4
:1018F0007868FFF7C5FF034619462046FFF7CAFF81
:1019000000BF1437BD4690BD90B587B000AFF860FA
:10191000B9607A60F86800F06BF90446F868FFF780
:1019200049FA0346E21ABB689A4234BF01230023F6
:10193000DBB2002B02D0786821F0EFFDF868FFF7EA
:1019400039FA0446F868FFF735FA03463B6107F1B8
:10195000080207F1100311461846F5F790F90346FF
:101960001B6823447B61F868FFF724FA02467B6911
:10197000934206D3F86800F03BF902467B69934234
:1019800004D9F86800F034F9034600E07B69184692
:101990001C37BD4690BD000090B583B000AF7860A5
:1019A00039607868FFF747FD03461C683868FFF721
:1019B00042FD03461B68E31ADB10034A02FB03F3F4
:1019C00018460C37BD4690BD398EE33880B582B0DD
:1019D00000AF786039603B68002B06D07B683968BF
:1019E000184600F016F9034600E0002318460837B1
:1019F000BD4680BD90B587B002AFF860B9607A602F
:101A00003B608DF800403B687A68B968F86800F080
:101A10000FF9034618461437BD4690BD90B585B002
:101A200000AFF860B9607A603B60F86800F012F9C6
:101A30000446B86800F00EF901463B687A68204613
:101A400000F017F9034618461437BD4690BD80B420
:101A500083B000AF78607B6800221A707B681846FC
:101A60000C37BD4680BC704780B483B000AF78604F
:101A70007B6818460C37BD4680BC704780B582B085
:101A800000AF78607B6804331846F5F776FA0346B2
:101A900018460837BD4680BD80B584B000AFF860F9
:101AA000B9607A60786800F02DF803461A46B96884
:101AB000F86800F011F900BF1037BD4680BD90B541
:101AC00085B000AFF860B9607A60F86800F01CF982
:101AD0000446B86800F018F903467A6819462046AB
:101AE00000F01CF9034618461437BD4690BD80B47B
:101AF00083B000AF78607B681B6818460C37BD4622
:101B000080BC704780B483B000AF78607B681846B3
:101B10000C37BD4680BC704780B582B000AF78609E
:101B20003960386821F0B1FD00BF0837BD4680BD7F
:101B300080B483B000AF78607B6818460C37BD4630
:101B400080BC704790B585B000AFF860B9607A602E
:101B5000BB6819461820FEF709FF04467868FFF7AE
:101B6000E7FF03461946204621F09DFF00BF1437CA
:101B7000BD4690BD80B582B000AF78607B6803F150
:101B800018027B6808331946104600F0EBF803464C
:101B900018460837BD4680BD80B582B000AF78607A
:101BA0007B681846F5F7ABF90346184600F00EF9C6
:101BB000034618460837BD4680BD80B582B000AFE9
:101BC000786039603B685A1C7B685B687968486A52
:101BD00079680968411A89105B1A9A4204D900226F
:101BE0003968786800F00CF900BF0837BD4680BD41
:101BF00080B582B000AF78607B68184600F0B6F917
:101C00000346184600F096F9034618460837BD46C5
:101C100080BD80B582B000AF78603960002239683D
:101C2000786800F0ADF9034618460837BD4680BD18
:101C300080B584B000AFF860B9607A603B603B6803
:101C40007A68B968F86800F0C9F903461846103791
:101C5000BD4680BD80B584B000AF786007F10C034D
:101C60007968184600F0D7F9FB6818461037BD466A
:101C700080BD80B584B000AFF860B9607A603B6029
:101C80007A68B968F86800F0D8F903461846103742
:101C9000BD4680BD80B582B000AF786039607B689A
:101CA0003A681146184621F0D1FC7B6803F118020E
:101CB0003B6818331946104621F0C8FC7B6803F1D5
:101CC00030023B6830331946104621F0BFFC7B6878
:101CD00018460837BD4680BD90B585B000AFF860A6
:101CE000B9607A60BB6819464820FEF73FFE04469B
:101CF0007868FFF707FF034619462046FFF7CAFF3B
:101D000000BF1437BD4690BD80B483B000AF78608B
:101D10007B6818460C37BD4680BC7047B0B584B0B0
:101D200000AFF860B9607A60F86800F09AF904468C
:101D3000B86800F096F905467B68184600F091F9FE
:101D400003461A462946204600F095F902463B1DF7
:101D50001146184600F09FF9034618461037BD4655
:101D6000B0BD000080B582B000AF78603960F5F793
:101D7000AFF8034619467B68DA683B68DB68D31A1C
:101D80009B101A467B68DB68002B14BF01230023DD
:101D9000DBB2D31A01FB03F37A6811687A685268E0
:101DA0008A1AD210084901FB02F213443A6891687A
:101DB0003A6812688A1AD210034901FB02F21344EE
:101DC00018460837BD4680BDABAAAAAA80B584B024
:101DD00000AF78606FF00043FB60786800F066F950
:101DE0000346BB6007F1080207F10C0311461846D1
:101DF000FFF758F803461B6818461037BD4680BDEC
:101E000090B58BB000AFF860B9601346FB71FB680A
:101E10005A6AFB685B69D31A9B1001333B62BB684B
:101E20003A6A1344FB61FB685A68FB695B009A429B
:101E30002DD9FB681A68FB685968FB69CB1A5B08E7
:101E40009900FB79002B02D0BB689B0000E00023C7
:101E50000B4413447B62FB685B697A6A9A4209D23D
:101E6000FB685869FB685B6A04337A6A194600F0BC
:101E700029F948E0FB685869FB685B6A191D3B6AF1
:101E80009B007A6A13441A4600F034F93BE0FB6881
:101E90005C68FB68043307F1080211461846F4F742
:101EA000EEFE03461B6823440233BB61FB68B9693D
:101EB0001846F4F7F7FE7861BA69FB69D31A5B0834
:101EC0009A00FB79002B02D0BB689B0000E0002346
:101ED00013447A6913447B62FB685869FB685B6A48
:101EE00004337A6A194600F0EDF8F868FB6819685F
:101EF000FB685B681A46F4F7F4FDFB687A691A60C0
:101F0000FB68BA695A60FB680833796A1846F4F7C7
:101F100001FFFB6803F118003B6A03F18043013BBA
:101F20009B007A6A13441946F4F7F4FE00BF2C377D
:101F3000BD4690BD80B584B000AF78600A4BFB60B1
:101F4000786800F0EFF80346BB6007F1080207F17C
:101F50000C0311461846FEF7A5FF03461B681846FA
:101F60001037BD4680BD00BF711CC70180B483B06F
:101F700000AF78607B6818460C37BD4680BC704760
:101F800080B584B000AFF860B9607A60F86800F09E
:101F9000D5F80246BB6893428CBF01230023DBB215
:101FA000002B14BF01230023DBB2002B07D0BB683A
:101FB000094A934201D921F0AAFA21F0A5FABA6898
:101FC0001346DB001344DB00184621F089FA034670
:101FD00018461037BD4680BDE3388E03B0B584B0D7
:101FE00000AFF860B9607A603B60F86800F039F8DB
:101FF0000446B86800F035F80546786800F031F816
:1020000002463B682946204600F0A4F803461846DD
:102010001037BD46B0BD80B582B000AF7860396082
:102020003B46184600F0BCF803461A687B681A6005
:102030007B6818460837BD4680BD80B586B000AFC6
:10204000F860B9607A600023FB750023BB757A687D
:10205000B968F86800F0AEF8034618461837BD4670
:1020600080BD80B483B000AF78607B6818460C37C1
:10207000BD4680BC704780B584B000AFF860B960E1
:102080007A607A68B968F86800F0A4F803461846E0
:102090001037BD4680BD80B483B000AF7860396032
:1020A0003B6818460C37BD4680BC704780B582B08F
:1020B00000AF7860786800F09DF80346184608374E
:1020C000BD4680BD90B585B000AFF860B9607A605C
:1020D000F86800F09BF80446B86800F097F80346EB
:1020E0007A681946204600F09BF8034618461437D4
:1020F000BD4690BD90B585B000AFF860B9607A601C
:10210000F86800F083F80446B86800F07FF80346EA
:102110007A681946204600F0A6F803461846143798
:10212000BD4690BD80B582B000AF7860786800F0A1
:10213000BDF8034618460837BD4680BD80B483B05D
:1021400000AF7860024B18460C37BD4680BC704724
:10215000711CC70190B587B000AFF860B9607A60B4
:102160003B607B687B6112E07869F4F706FF044608
:10217000F868F4F702FF03463A681946204600F073
:10218000A1F8FB684833FB607B6948337B61FA68E0
:10219000BB689A42E8D17B6918461C37BD4690BDA2
:1021A00080B483B000AF78607B6818460C37BD46BA
:1021B00080BC704780B584B000AFF860B9607A60C9
:1021C0007A68B968F86800F098F80346184610373E
:1021D000BD4680BD80B584B000AFF860B9607A605C
:1021E0007A68B968F86800F0B7F8034618461037FF
:1021F000BD4680BD80B582B000AF78607868F4F7E6
:102200008FFF034618460837BD4680BD80B483B0B3
:1022100000AF78607B6818460C37BD4680BC7047BD
:10222000B0B584B000AFF860B9607A60F86800F0CB
:10223000BDF80446B86800F0B9F805467B68184652
:1022400000F0B4F803461A462946204600F0B8F8D4
:1022500002463B1D1146184600F0C2F803461846D8
:102260001037BD46B0BDB0B584B000AFF860B960FE
:102270007A60F86800F09AF80446B86800F096F8BA
:1022800005467B68184600F091F803461A46294631
:10229000204600F0B0F802463B1D1146184600F0FB
:1022A0009FF8034618461037BD46B0BD80B582B0D2
:1022B00000AF78607868FFF741FF0346184608379B
:1022C000BD4680BD80B584B000AFF860B9607A606B
:1022D000B868FFF779F903461A46F9687868FFF796
:1022E000DBFBB868F4F749FE034619467868FEF749
:1022F0006BFF00BF1037BD4680BD90B587B000AF03
:10230000F860B9607A607B687B6115E07869F4F702
:1023100034FE044607F10C03184600F09DF803460E
:102320001946204600F0A3F807F10C03184600F008
:1023300083F87B6948337B6107F1080207F10C03DE
:102340001146184600F067F80346002BDED17B6982
:1023500018461C37BD4690BD80B586B000AFF8600A
:10236000B9607A60BA68FB68D31ADB100E4A02FBC8
:1023700003F37B6110E07B68483B7B60BB68483BB4
:10238000BB60B868FFF720F9034619467868FFF785
:1023900025F97B69013B7B617B69002BEBDC7B686A
:1023A00018461837BD4680BD398EE33880B483B0F7
:1023B00000AF78607B6818460C37BD4680BC70471C
:1023C00080B584B000AFF860B9607A607A68B968A7
:1023D000F86800F063F8034618461037BD4680BD24
:1023E00080B483B000AF786039603B6818460C3722
:1023F000BD4680BC704780B584B000AFF860B9605E
:102400007A607A68B968F86800F058F803461846A8
:102410001037BD4680BD80B582B000AF78603960AE
:102420003968786800F05AF8034683F00103DBB29C
:1024300018460837BD4680BD80B483B000AF7860D1
:102440007B681B6803F148027B681A607B6818464A
:102450000C37BD4680BC704780B483B000AF786055
:102460007B681B6818460C37BD4680BC704790B52A
:1024700083B000AF786039607B6819464820FEF76A
:1024800075FA04463868FFF73DFB034619462046B7
:10249000FFF700FC00BF0C37BD4690BD80B584B08F
:1024A00000AFF860B9607A607A68B968F86800F0DF
:1024B0002BF8034618461037BD4680BD80B584B062
:1024C00000AFF860B9607A607A68B968F86800F0BF
:1024D00038F8034618461037BD4680BD90B583B026
:1024E00000AF78603960786800F04DF804463868CD
:1024F00000F049F803469C420CBF01230023DBB2E5
:1025000018460C37BD4690BD80B586B000AFF86068
:10251000B9607A60BA68FB68D31A9B107B617B69EB
:10252000002B06D07B699B001A46F968786821F079
:10253000E9FE7B699B007A68134418461837BD464C
:1025400080BD80B586B000AFF860B9607A60BA68C7
:10255000FB68D31A9B107B617B69002B0AD07B69D7
:102560009B005B427A68D0187B699B001A46F96829
:1025700021F0C8FE7B699B005B427A6813441846D1
:102580001837BD4680BD80B483B000AF78607B68EB
:102590001B6818460C37BD4680BC704780B500AF3D
:1025A0000BF0E4FB00F02AF800F086FD00F042FD9D
:1025B0001FF080FF00F082F800F002F900F0DEF971
:1025C00000F07CFA00F020FB00F0B2FB00F004FC0D
:1025D00000F0AEFC00F066F900F09AF900F000FDA2
:1025E00000F070FC0C21044810F012FCF3F7A6FB7D
:1025F000F3F756FDFCE700BF505E002080B596B0B3
:1026000000AF07F1300328220021184621F094FE84
:1026100007F11C0300221A605A609A60DA601A619E
:102620003B1D00221A605A609A60DA601A615A6192
:1026300001233B634FF480337B630023BB6301239F
:102640003B640223FB644FF480333B654FF4E0139B
:102650007B6507F1300318460EF08EFC0346002B15
:1026600001D000F0A3FD0F23FB6102233B62002396
:102670007B624FF48063BB620023FB6207F11C03A3
:10268000022118460EF0FAFE0346002B01D000F09E
:102690008DFD12237B604FF40043FB600023BB6180
:1026A0003B1D18460FF078F80346002B01D000F0D0
:1026B0007DFD00BF5837BD4680BD000080B584B0A9
:1026C00000AF3B1D00221A605A609A603A4B3B4AA9
:1026D0001A60394B4FF480729A60374B01221A739B
:1026E000354B00221A75344B4FF46022DA61324BBD
:1026F00000225A60304B06221A612F480BF0BCFBB7
:102700000346002B01D000F051FD04237B60012320
:10271000BB600623FB603B1D194627480BF0AAFD52
:102720000346002B01D000F041FD05237B6002230E
:10273000BB603B1D194620480BF09CFD0346002B57
:1027400001D000F033FD06237B600323BB60072329
:10275000FB603B1D194618480BF08CFD0346002B0F
:1027600001D000F023FD0423BB603B1D1946124835
:102770000BF080FD0346002B01D000F017FD052370
:10278000BB603B1D19460C480BF074FD0346002B43
:1027900001D000F00BFD0623BB603B1D1946064827
:1027A0000BF068FD0346002B01D000F0FFFC00BFDA
:1027B0001037BD4680BD00BF545B0020002401409F
:1027C00080B584B000AF3B1D00221A605A609A6049
:1027D000324B334A1A60314B4FF480729A602F4B60
:1027E00001221A732D4B00221A752C4B4FF46022D4
:1027F000DA612A4B00225A60284B05221A612748C9
:102800000BF03AFB0346002B01D000F0CFFC022373
:102810007B600123BB600723FB603B1D19461F48FB
:102820000BF028FD0346002B01D000F0BFFC022373
:10283000BB603B1D194619480BF01CFD0346002BDD
:1028400001D000F0B3FC0323BB603B1D19461348C5
:102850000BF010FD0346002B01D000F0A7FC042371
:10286000BB603B1D19460D480BF004FD0346002BD1
:1028700001D000F09BFC0A237B600523BB603B1D5D
:10288000194606480BF0F6FC0346002B01D000F079
:102890008DFC00BF1037BD4680BD00BF845B0020AB
:1028A000003C014080B500AF174B184A1A60164B28
:1028B0004FF482725A60144B00229A60124B00222D
:1028C000DA60114B00221A610F4B00225A610E4B45
:1028D0004FF400729A610C4B0022DA610A4B00221D
:1028E0001A62094B00225A62074B00229A62064B79
:1028F0000A22DA6204480FF0DDF80346002B01D00B
:1029000000F054FC00BF80BD3C5C0020003800405B
:1029100080B500AF174B184A1A60164B4FF48272FD
:102920005A60144B00229A60124B0022DA60114B5D
:1029300000221A610F4B00225A610E4B4FF40072B5
:102940009A610C4B0022DA610A4B00221A62094B91
:1029500000225A62074B00229A62064B0A22DA6270
:1029600004480FF0A7F80346002B01D000F01EFC2E
:1029700000BF80BD945C0020003C004080B596B054
:1029800000AF07F1480300221A605A609A60DA60CB
:1029900007F1400300221A605A6007F12403002265
:1029A0001A605A609A60DA601A615A619A613B1D36
:1029B00020220021184621F0BFFC3E4B3E4A1A60FF
:1029C0003C4B47225A603B4B00229A60394B4FF6F2
:1029D000FF72DA60374B00221A61364B00225A61CF
:1029E000344B00229A6133480FF07DFF0346002BE1
:1029F00001D000F0DBFB4FF48053BB6407F14803C8
:102A000019462C4811F026F80346002B01D000F09F
:102A1000CDFB284810F0A4F90346002B01D000F0AC
:102A2000C5FB00233B6400237B6407F14003194688
:102A3000204811F083FD0346002B01D000F0B6FBC7
:102A400060237B620023BB620023FB6200233B63A5
:102A500000237B630023BB630023FB6307F1240394
:102A600000221946134810F033FF0346002B01D013
:102A700000F09CFB00237B600023BB600023FB6015
:102A800000233B6100237B614FF40053BB610023B3
:102A90003B623B1D1946074811F0BCFD0346002B65
:102AA00001D000F083FB034809F0CAF800BF583793
:102AB000BD4680BD305D0020002C014080B58EB049
:102AC00000AF07F1280300221A605A609A60DA60AA
:102AD00007F1200300221A605A603B1D00221A6091
:102AE0005A609A60DA601A615A619A61454B4FF0F8
:102AF00080421A60434B40F2CF225A60414B002281
:102B00009A60404B40F2CF72DA603E4B00221A616D
:102B10003C4B00229A613B480FF0E5FE0346002B38
:102B200001D000F043FB4FF48053BB6207F1280350
:102B30001946344810F08EFF0346002B01D000F0F8
:102B400035FB304810F00CF90346002B01D000F0A3
:102B50002DFB2C480FF0A4FF0346002B01D000F002
:102B600025FB00233B6200237B6207F1200319460B
:102B7000244811F0E3FC0346002B01D000F016FBC3
:102B800060237B600023BB600023FB6000237B612C
:102B90003B1D002219461B4810F09AFE0346002BED
:102BA00001D000F003FB3B1D04221946154810F02C
:102BB0008FFE0346002B01D000F0F8FA00237B6063
:102BC0000123BB603B1D082219460E4810F024FE6D
:102BD0000346002B01D000F0E9FA40F2B273BB606B
:102BE0003B1D0C221946074810F016FE0346002B29
:102BF00001D000F0DBFA034809F022F800BF3837B3
:102C0000BD4680BD785D002080B592B000AF07F171
:102C1000380300221A605A609A60DA6007F12403D0
:102C200000221A605A609A60DA601A6107F11C0388
:102C300000221A605A603B4600221A605A609A606D
:102C4000DA601A615A619A61374B384A1A60364B1A
:102C500041F61F425A60344B00229A60324BFF22E9
:102C6000DA60314B00221A612F4B00229A612E4804
:102C70000FF039FE0346002B01D000F097FA4FF415
:102C80008053BB6307F138031946274810F0E2FE72
:102C90000346002B01D000F089FA234810F060F8B9
:102CA0000346002B01D000F081FA04237B627023DD
:102CB000BB620023FB6200233B6307237B6307F1B6
:102CC00024031946184810F08CFF0346002B01D04E
:102CD00000F06CFA0023FB6100233B6207F11C0348
:102CE0001946114811F02AFC0346002B01D000F0D0
:102CF0005DFA60233B6000237B600023BB60002300
:102D00003B613B460C221946074810F0E1FD0346A3
:102D1000002B01D000F04AFA034808F091FF00BFF1
:102D20004837BD4680BD00BFC05D002000040040A4
:102D300080B58CB000AF07F10C03242200211846A7
:102D400021F0FAFA3B1D00221A605A60204B214AFA
:102D50001A601F4B00225A601D4B00229A601C4BC8
:102D60004FF6FF72DA601A4B00221A61184B0022EC
:102D70009A610123FB6000233B6101237B610023F7
:102D8000BB610023FB6100233B6201237B620023C4
:102D9000BB620023FB6207F10C0319460C4810F0DC
:102DA0001BFB0346002B01D000F000FA00237B60E0
:102DB0000023BB603B1D1946054811F0BFFB0346CD
:102DC000002B01D000F0F2F900BF3037BD4680BDC6
:102DD000085E00200008004080B58EB000AF07F10B
:102DE000280300221A605A609A60DA6007F1200313
:102DF00000221A605A603B1D00221A605A609A60D5
:102E0000DA601A615A619A612C4B2D4A1A602B4B79
:102E10004FF49B725A60294B00229A60274BFF2285
:102E2000DA60264B00221A61244B00229A61234863
:102E30000FF059FD0346002B01D000F0B7F94FF415
:102E40008053BB6207F1280319461C4810F002FEAC
:102E50000346002B01D000F0A9F918480FF080FFBD
:102E60000346002B01D000F0A1F900233B620023B0
:102E70007B6207F120031946104811F05FFB0346FF
:102E8000002B01D000F092F960237B600023BB602F
:102E90000223FB6000237B613B1D0C22194607487F
:102EA00010F016FD0346002B01D000F07FF9034817
:102EB00008F0C6FE00BF3837BD4680BD505E00201A
:102EC000000C004080B582B000AF3B4600221A6083
:102ED0005A60154B154A1A60134B41F61F425A604F
:102EE000114B00229A60104B4FF6FF72DA600E4BC6
:102EF00000229A610C480FF0F6FC0346002B01D02B
:102F000000F054F900233B6000237B603B461946E8
:102F1000054811F013FB0346002B01D000F046F9E1
:102F200000BF0837BD4680BD985E002000100040FD
:102F300080B58CB000AF07F10C03242200211846A5
:102F400021F0FAF93B1D00221A605A60224B234AF5
:102F50001A60214B00225A601F4B00229A601E4BC0
:102F60004FF6FF72DA601C4B00221A611A4B0022E6
:102F70005A61194B00229A610123FB6000233B61D7
:102F800001237B610023BB610023FB6100233B62C3
:102F900001237B620023BB620023FB6207F10C0369
:102FA00019460D4810F018FA0346002B01D000F026
:102FB000FDF800237B600023BB603B1D19460648DB
:102FC00011F0BCFA0346002B01D000F0EFF800BF6F
:102FD0003037BD4680BD00BFE05E002000340140B8
:102FE00080B500AF114B124A1A60104B4FF4E1321A
:102FF0005A600E4B00229A600C4B0022DA600B4B99
:1030000000221A61094B0C225A61084B00229A6176
:10301000064B0022DA61054811F05FFB0346002BE6
:1030200001D000F0C3F800BF80BD00BF6C5F00207E
:103030000038014080B582B000AF1E4B5B691D4A6D
:1030400043F0010353611B4B5B6903F001037B6099
:103050007B68184B5B69174A43F002035361154BB9
:103060005B6903F002033B603B68002200210B20F8
:103070000BF07FFC0B200BF098FC002200210D20B0
:103080000BF077FC0D200BF090FC00220021392082
:103090000BF06FFC39200BF088FC002200213B2054
:1030A0000BF067FC3B200BF080FC00BF0837BD46EF
:1030B00080BD00BF0010024080B588B000AF07F1AE
:1030C000100300221A605A609A60DA60344B9B69E0
:1030D000334A43F020039361314B9B6903F0200393
:1030E000FB60FB682E4B9B692D4A43F010039361F4
:1030F0002B4B9B6903F01003BB60BB68284B9B699B
:10310000274A43F004039361254B9B6903F00403B2
:103110007B607B68224B9B69214A43F008039361E3
:103120001F4B9B6903F008033B603B6800224FF490
:1031300010611C480CF07BF9012241F21021194862
:103140000CF075F941F20E133B6100237B61002303
:10315000BB6107F11003194613480BF0BDFF4FF494
:1031600080633B6100237B610023BB6107F1100397
:1031700019460C480BF0B0FF41F610333B610123B8
:103180007B610023BB610223FB6107F11003194639
:1031900004480BF0A1FF00BF2037BD4680BD00BF33
:1031A00000100240000C01400010014080B400AF4C
:1031B00072B600BF00BFFDE780B483B000AF786097
:1031C0000B46FB707B68FA7883F8402100BF0C3710
:1031D000BD4680BC7047000080B483B000AF78600B
:1031E0000B46FB70044B1B68FA781A6400BF0C375F
:1031F000BD4680BC704700BF505E002080B483B0E5
:1032000000AF78607B689B8F03F00403002B14BF32
:1032100001230023DBB218460C37BD4680BC704743
:1032200080B483B000AF78607B689B8F03F00803A5
:10323000002B14BF01230023DBB218460C37BD4618
:1032400080BC704780B483B000AF78607B689B8F90
:1032500003F04003002B14BF01230023DBB2184608
:103260000C37BD4680BC704780B483B000AF786037
:103270007B689B8F03F48073002B14BF0123002312
:10328000DBB218460C37BD4680BC704780B483B0B3
:1032900000AF78607B689B8F03F48063002B14BFC2
:1032A00001230023DBB218460C37BD4680BC7047B3
:1032B00080B483B000AF78607B6893F82E301846F6
:1032C0000C37BD4680BC704780B483B000AF7860D7
:1032D0000B46FB707B68FA7883F83F2000BF0C3701
:1032E000BD4680BC704780B582B000AF7860396061
:1032F0007B68413314223968184621F037F800BF43
:103300000837BD4680BD80B582B000AF78607B686D
:10331000B4331846FDF74EFD0346DBB218460837B6
:10332000BD4680BD80B582B000AF78607B6803F594
:1033300001531C331846FFF7E6FF034618460837CB
:10334000BD4680BD80B483B000AF78607B6803F574
:10335000005393F88C3118460C37BD4680BC70473B
:1033600080B483B000AF78600B46FB707B68FA785E
:103370001A7100BF0C37BD4680BC704780B584B061
:1033800000AFF860B9607A603B60FB68B9681846C6
:10339000F1F76EFF124AFB681A60FB68012283F89E
:1033A0004020FB687822A3F84220FB687A685A62C2
:1033B000FB683A689A62FB68BA69DA62FB68FA6984
:1033C0001A63FB683A6A5A63FB687A6A9A63FB6815
:1033D000BA6ADA63FB6818461037BD4680BD00BF85
:1033E0004461030880B588B004AF78607B689B684F
:1033F00003F581433833FB607B689B6803F54D53CD
:1034000020330021184606F07BFC0346FB727B68E4
:1034100093F8403019B2FB7A9BB2013B9BB21BB2CE
:103420000122029201220192012200920022F868F8
:10343000F9F756FC7B6800225A617B689B6803F5AC
:103440004B533C331846F5F713FD7B689B6803F537
:103450004B533C3300211846F6F7F2FA00BF103701
:10346000BD4680BD80B588B002AF78607B689B6840
:1034700003F54B533C337B617B689B683B617B6806
:103480009B6803F581433833FB60F868F9F764FC07
:103490000346FB72F868F9F73AFD0346BB727B6896
:1034A00093F84030FA7A9A4206D07B68FA7A83F829
:1034B00040207B6800225A61BB7A002B4CD0FB7AFB
:1034C000072B41D801A252F823F000BFED340108C8
:1034D000F33401080D3501081335010819350108C9
:1034E0001F350108253501083B3501087B689B6ABB
:1034F00051E07B685B6A002B2DD07B685B6A0321FF
:103500001846FFF72DFF7B685B6A44E07B68DB6A47
:1035100041E07B681B6B3EE07B685B6B3BE07B685C
:103520009B6B38E03B691846FAF778FA7B68002213
:1035300083F840207B689B692DE07B68002283F83C
:1035400040207B68DB6B26E07B68002283F840200C
:103550007B689B691FE000BF0AF060FC02467B6845
:103560005B699A4234BF01230023DBB2002B01D0F8
:103570007B6810E00AF052FC034603F51C5310333D
:103580007A685361FA7A0023009300230021786956
:10359000F6F738FE7B6818461837BD4680BD00BF79
:1035A00080B58AB004AF78607B689B687B617B687C
:1035B0009B6803F5814338333B617B6903F5825394
:1035C00008331846FBF7DEFD03461A467B6883F88E
:1035D00028207B6903F5825308331846EDF782FFF4
:1035E00003461A467B6883F829207B6903F58253DA
:1035F00008331846F4F745FA03461A467B6883F801
:103600002A207B6903F5825308331846FBF7CCFD6B
:1036100003461A467B6883F82B207B6903F58253A7
:1036200008331846FBF7D2FD03461A467B6883F839
:103630002C207B6903F5825308331846FFF714FEEC
:1036400003461A467B6883F82D207B6903F5825375
:1036500008331846EDF758FF03461A467B6883F88F
:103660002E207B689B6803F58B5304331846FFF7C5
:1036700069FE03461A467B6883F832207B689B68A4
:1036800003F58B5304331846FFF74CFE03461A46E6
:103690007B6883F833207B6903F58253083318462F
:1036A000F1F74EFB03461A467B6883F82F207B69AF
:1036B00003F5825308331846FBF79AFD03461A4672
:1036C0007B6883F831207B6903F582530833184601
:1036D000FBF79AFD03461A467B6883F830207B6827
:1036E000002283F834207B689B6803F54D53203318
:1036F0000A21184606F004FB0346FB737B6893F827
:10370000353019B2FB7B9BB2013B9BB21BB201224D
:103710000292012201920122009200223869F9F7F7
:10372000DFFA7B6800225A617B689B6803F54B5384
:103730003C331846F5F79CFB7B689B6803F54B53BD
:103740003C330A211846F6F77BF900BF1837BD460F
:1037500080BD00002DE9F041A4B006AF78607B6821
:103760009B6803F54B533C333B677B689B68FB6668
:103770007B689B6803F581433833BB66B86EF9F705
:10378000EBFA034687F87730B86EF9F7C0FB0346CB
:1037900087F867307B6893F8353097F877209A423E
:1037A00069D07B6897F8772083F835207B6893F899
:1037B0003430053B032B5AD801A252F823F000BF46
:1037C000D1370108033801080F38010863380108B0
:1037D00097F87730FF220121184608F077FC03465E
:1037E000DAB27B6883F82F207B689B6803F54D5322
:1037F0000C337A6892F82F2011461846F1F7B7F883
:1038000036E07B6897F8772083F8302030E097F82F
:10381000773003220021184608F058FC0346DAB23C
:103820007B6883F831207B689B6803F54B533C33FE
:103830007A6892F8312011461846F5F7B9FA7B6894
:103840009B6803F54B533C331846F5F711FB7B6837
:103850009B6803F54B533C330A211846F6F7F0F802
:1038600006E07B6897F8772083F8322000E000BFFD
:103870007B6800225A617B6893F83430002B40F05B
:10388000B68197F86730002B00F0E78197F8773022
:103890000C2B00F29E8101A252F823F0D1380108CE
:1038A000E5380108F93801080D39010849390108DE
:1038B0005D39010887390108B9390108E339010880
:1038C0002139010835390108CD3B0108233A0108A7
:1038D0007B6893F8293083F00103DAB27B6883F8C0
:1038E0002920BAE17B6893F8283083F00103DAB22B
:1038F0007B6883F82820B0E17B6893F82B3083F055
:103900000103DAB27B6883F82B20A6E17B6893F889
:103910002C3083F00103DAB27B6883F82C209CE121
:103920007B6893F82D3083F00103DAB27B6883F86B
:103930002D2092E17B6893F82E3083F00103DAB2F8
:103940007B6883F82E2088E17B6893F82A3083F027
:103950000103DAB27B6883F82A207EE17B6897F85E
:10396000772083F834207B6893F82F3019B2002336
:1039700002930523019301230093FF230122B86ED4
:10398000F9F7AEF969E17B6897F8772083F834207E
:103990007B6893F8303019B2AD4B1B781AB2AD4B3F
:1039A0001B781BB20020029005200190012000909E
:1039B000B86EF9F795F950E17B6897F8772083F8AE
:1039C00034207B6893F8313019B20123029301232C
:1039D00001930123009303230022B86EF9F780F9C5
:1039E0003BE17B6893F83330002B00F035817B6836
:1039F00097F8772083F834207B6893F8323019B237
:103A00007B6893F83330013B9BB21BB201220292D8
:103A100001220192012200920022B86EF9F760F9AA
:103A20001AE1386FF5F724FA64235A220121386F1E
:103A3000F7F78BFFFB6E1846F9F750FC3B6F5033DE
:103A400032211846FFF7C8FB7B6893F832407B6849
:103A50009B6803F58B5304331846FFF773FC03464A
:103A60009C4214BF01230023DBB2002B4BD07B68A8
:103A70009B6803F58B5304337A6892F83220114621
:103A8000184606F033FB7B6893F832407B689B68EE
:103A900003F58B5304331846FFF754FC03469C424E
:103AA0000CBF01230023DBB2002B2CD07B689B686A
:103AB00003F58B5304331846FBF7B2FB3866396EB7
:103AC000386FF5F789F97B689B6803F58B530433EE
:103AD0007A6892F8322007F12400194606F086FB36
:103AE000FB6E03F58254083407F1240318461FF0D7
:103AF0009BFF034619462046FFF7F5FB07F1240319
:103B000018461FF0C2FDFB6E03F5825308337A6836
:103B100092F8312011461846FFF7D6FBFB6E03F5ED
:103B2000825008307B6893F828C07B6893F829E0BE
:103B30007B6893F82A807B6893F82B307A6892F838
:103B40002C20796891F82D107C6894F82E407D68BF
:103B500095F82F507E6896F830600596049503948A
:103B6000029101920093434672466146EFF7B6F91F
:103B7000F86EEEF739F97B689B6803F5804378337C
:103B80007A6892F82B2011461846FBF7CAFA7B6830
:103B90009B6803F5814338337A6892F82C201146EC
:103BA0001846FBF7BEFA7B689B6803F5854328330C
:103BB0007A6892F8282011461846FBF7CFFA7B68FE
:103BC000002283F835207B689B69BBE17B685B6AD8
:103BD000B8E1FB6E03F5825308331846EFF77BFB21
:103BE0007B68002283F835207B689B69AAE197F8FF
:103BF0006730012B31D17B6893F8343087F8773008
:103C00007B6893F834207B6883F835207B6800223A
:103C100083F834203B6F64330A21184606F070F8AD
:103C2000034687F866307B6893F8353019B297F809
:103C300066309BB2013B9BB21BB201220292012271
:103C40000192012200920022B86EF9F749F804E0CF
:103C5000B3620308B462030800BF002387F876301C
:103C60007B6893F834207B6893F836309A420FD300
:103C70007B6893F834207B6893F837309A4207D8F2
:103C80007B6893F8343087F87730012387F87630F3
:103C900097F86730002B02D07B6800225A610AF047
:103CA000BDF802467B685B699A4234BF012300235A
:103CB000DBB2002B01D07B6844E10AF0AFF8034689
:103CC00003F51C5310337A685361142387F85F306F
:103CD000002387F83D303B6F64334121184605F0DF
:103CE00077FFB8653B6F64334221184605F070FFDB
:103CF000786597F877300A2B00F2128101A252F80A
:103D000023F000BF313D01084B3D0108A33D0108F0
:103D1000D13D0108693D0108593E0108873E01086F
:103D2000C73E0108E33E0108FF3D01082D3E0108A2
:103D3000462387F83C307B6893F82930002B00F04D
:103D4000F380432387F83C30EEE07B6893F828301B
:103D5000002B01D0BB6D00E07B6D07F13C021946E2
:103D6000104620F09FFAE0E07B6893F82A30002BA1
:103D700001D0052200E0012207F13C0374491846F6
:103D800020F090FA3B6F64334821184605F020FF7D
:103D9000014607F13C0302331222184620F0E6FAEE
:103DA000C3E03B6F03F164027B6893F82B30002B78
:103DB00001D04B2300E04C231946104605F008FFC4
:103DC000014607F13C031422184620F0CFFAACE07C
:103DD0003B6F03F164027B6893F82C30002B01D019
:103DE0004B2300E04C231946104605F0F1FE014636
:103DF00007F13C031422184620F0B8FA95E03B6F17
:103E000003F164027B6893F82D30002B01D062230C
:103E100000E063231946104605F0DAFE014607F17B
:103E20003C031422184620F0A1FA7EE0FB6E03F555
:103E3000825008307B6893F829207B6893F82E30F5
:103E40000021EEF7BBFC03461A4607F13C0341494B
:103E5000184620F027FA68E07B6893F82F30184660
:103E6000642300930023FF22002108F0CDF80346CD
:103E700087F8533097F8532007F13C002523364943
:103E800020F010FA51E07B6893F82930002B0AD01B
:103E90007B6893F830301A4607F13C032F491846E7
:103EA00020F000FA41E07B6893F830301BB21846EE
:103EB00008F024F903461A4607F13C03284918463E
:103EC00020F0F0F931E07B6893F831301A465A233C
:103ED00003FB02F207F13C031E49184620F0E2F909
:103EE00023E07B689B6803F58B5304337A6892F870
:103EF000322007F10C00194606F078F907F10C039F
:103F000018461FF091FD014607F13C0314221846A4
:103F100020F02CFA07F10C0318461FF0B6FB04E062
:103F2000002387F83C3000E000BF07F13C0197F820
:103F3000772097F8763000930B460A21386FF6F712
:103F400061F97B6818467837BD46BDE8F08100BF4F
:103F5000045203080C5203081052030818520308B5
:103F60002052030880B584B000AFF860B9607A6071
:103F70003B60FB68B9681846F1F77AF9064AFB68B6
:103F80001A60FB687A685A62FB683A689A62FB6852
:103F900018461037BD4680BD0C61030890B5A1B02E
:103FA00004AF78607B689B6803F54B533C33FB663A
:103FB000FB6E64333221184605F0A2FE034687F8F3
:103FC0006B307B689B6803F58140383097F86B3025
:103FD0009BB2013B9BB21BB20122029201220192D1
:103FE0000122009200220021F8F77AFE7B689B688C
:103FF00003F54B533C331846F4F73AFFFB6E03F1DD
:10400000640107F108033222184605F01DFE07F18E
:104010000803354918461FF003FD7B681B79022B06
:1040200016D1FB6E03F1640107F120035B221846F1
:1040300005F00AFE07F1200207F1080311461846B1
:104040001FF0D4FC07F1200318461FF01EFB30E0E0
:104050007B681B79012B16D1FB6E03F1640107F11C
:1040600038035D22184605F0EFFD07F1380207F12D
:104070000803114618461FF0B9FC07F1380318462B
:104080001FF003FB15E0FB6E03F1640107F1500321
:104090005C22184605F0D8FD07F1500207F108032D
:1040A000114618461FF0A2FC07F1500318461FF0F6
:1040B000ECFA7B689B6803F54B543C3407F108032A
:1040C00018461FF0B1FC034619462046F5F7CEFC12
:1040D0007B6800225A6107F1080318461FF0D5FAE1
:1040E0007437BD4690BD00BF2852030880B588B024
:1040F00002AF78607B689B687B617B689B6803F597
:10410000814338333B613869F8F726FE0346FB7379
:104110003869F8F7FCFE0346BB73BB7B012B03D168
:104120007B6800225A6105E0BB7B022B02D17B68D1
:104130001B6A6EE03869F8F7D9FE0346002B14BFFE
:1041400001230023DBB2002B02D07B6800225A61DE
:1041500009F064FE02467B685B699A4234BF012322
:104160000023DBB2002B01D07B6852E009F056FE41
:10417000034603F5EA4330337A685361BB7B012B76
:104180003AD1FB7B022B1CD0022B32DC002B02D05D
:10419000012B0BD02DE07B685A6A7B681B7919468E
:1041A0001046FFF7DDF87B685B6A32E07B689A6A4D
:1041B0007B681B7919461046FFF7D2F87B689B6A2B
:1041C00027E07B6903F586531E337A68127911461E
:1041D0001846EFF739FB7B689B6803F58543283366
:1041E0001846EDF73DF800213869F8F741FF7B6884
:1041F0000FE07B689B690CE07B689B6803F54B5084
:104200003C30FA7B0023009300233221F5F7FAFFBC
:104210007B6818461837BD4680BD80B58AB004AFAC
:1042200078607B689B687B617B689B6803F5814352
:1042300038333B617B6903F5825308331846FEF738
:10424000DDFF03461A467B6883F82C207B6903F563
:10425000825308331846FEF7E3FF03461A467B688D
:1042600083F82D207B6903F582530833002118461B
:10427000EEF7CDFD03461A467B6883F82E207B6956
:1042800003F58253083300211846EEF7DCFD0346A0
:104290001A467B681A867B6903F5825308331846F1
:1042A000FFF706F803461A467B6883F832207B69DD
:1042B00003F5825308331846EFF71EF803461A46F3
:1042C0007B6883F833207B6903F5825308331846F3
:1042D000EFF725F803461A467B689A867B6800222A
:1042E00083F836207B689B6803F54D5320331921F2
:1042F000184605F005FD0346FB7300217869EDF7CC
:1043000060FE0346002B01D0002300E00823BB73AE
:10431000BB7B19B2FB7B9BB2013B9BB21BB2012260
:104320000292012201920122009200223869F8F7DC
:10433000D7FC7B6800225A617B689B6803F54B536E
:104340003C331846F4F794FD7B689B6803F54B53A8
:104350003C3319211846F5F773FB00BF1837BD46EB
:1043600080BD0000F0B597B004AF78607B689B68B3
:1043700003F54B533C33FB637B689B68BB637B68F3
:104380009B6803F5814338337B63786BF8F7E4FC73
:10439000034687F84730786BF8F7B9FD034687F88E
:1043A0003330786BF8F7A2FD0346002B14BF0123CE
:1043B0000023DBB2002B4AD07B6893F83630023BF7
:1043C000042B40D801A252F823F000BFE1430108BA
:1043D00003440108234401082F4401083B44010819
:1043E00097F84730002B07D097F847300233DAB2FE
:1043F0007B6883F82E2027E07B68002283F82E203C
:1044000022E097F847307A68528F934205DB97F89D
:1044100047309AB27B681A8616E07B6800221A86BB
:1044200012E07B6897F8472083F832200CE07B6825
:1044300097F8472083F8332006E097F847309AB280
:104440007B689A8600E000BF7B6800225A617B6827
:1044500093F83630002B40F0188197F83330002B5A
:1044600000F0458197F84730082B00F2008101A247
:1044700052F823F099440108AD440108C1440108F1
:10448000054501084D45010877450108A14501088A
:10449000CB450108234601087B6893F82C3083F054
:1044A0000103DAB27B6883F82C2020E17B6893F863
:1044B0002D3083F00103DAB27B6883F82D2016E1FA
:1044C0007B6897F8472083F836207B6893F82E3076
:1044D00087F8463097F84630022B04D997F84630D3
:1044E000023B87F8463097F8463019B20023029312
:1044F00001230193012300931C230022786BF8F71A
:10450000EFFBF4E07B6897F8472083F83620BB6B1D
:1045100003F586531E33002200211846EFF722F8D8
:1045200003463B867B681B8E19B27B685B8F013B21
:104530009BB21AB2B7F930300020029005200190EA
:1045400001200090786BF8F7CBFBD0E07B6897F800
:10455000472083F836207B6893F8323019B2002365
:1045600002930123019301230093FF230122786B1F
:10457000F8F7B6FBBBE07B6897F8472083F8362056
:104580007B6893F8333019B200230293052301931B
:10459000052300934B230022786BF8F7A1FBA6E0DC
:1045A0007B6897F8472083F836207B689B8E19B28A
:1045B0000023029314230193142300934FF4A07358
:1045C0001422786BF8F78CFB91E0FB6B50333221AF
:1045D0001846FEF701FEBB6B03F5825008307B687E
:1045E00093F82C507B6893F82D607B6893F82EC06D
:1045F0007B681B8E7A6892F83220796891F83310C4
:104600007C68A48E03940291019200936346324623
:104610002946EEF74BFDB86BEDF7E6FB7B689B692F
:1046200088E27B685B6A002B60D07B689B6803F53F
:104630007B5328331846EFF714FC0346002B0CBFBE
:1046400001230023DBB2002B08D07B685B6A0021CA
:104650001846FEF785FE7B685B6A6BE27B689B68A9
:1046600003F5854328331846ECF726FE3EE0BB6B86
:1046700003F5825308331846EEF72DFE7B680022BF
:1046800083F837207B689B6954E297F83330012B1D
:104690002DD17B6893F8363087F847307B6893F8E4
:1046A00036207B6883F837207B68002283F8362029
:1046B000FB6B64331921184605F022FB034687F88B
:1046C00032307B6893F8373019B297F832309BB2AA
:1046D000013B9BB21BB201220292012201920122F4
:1046E00000920022786BF8F7FBFA00E000BF00238D
:1046F00087F845307B6893F836207B6893F838302C
:104700009A420FD37B6893F836207B6893F8393050
:104710009A4207D87B6893F8363087F847300123F0
:1047200087F8453097F83330002B02D07B680022A1
:104730005A6109F073FB02467B685B699A4234BF99
:1047400001230023DBB2002B01D07B68F2E109F0EA
:1047500065FB034603F51C5310337A685361142339
:1047600087F82F3000237B73FB6B6433412118469D
:1047700005F02EFAB862FB6B64334221184605F04F
:1047800027FA786297F84730062B00F2C28101A21F
:1047900052F823F0B1470108DF470108FD4701083F
:1047A00055480108BF480108514A0108DD4A01087F
:1047B000FB6B03F164027B6893F82C30002B01D073
:1047C000462300E047231946104605F001FA01464A
:1047D00007F10C03142218461FF0C8FD9DE17B6809
:1047E00093F82D30002B01D0BB6A00E07B6A07F103
:1047F0000C02194610461FF055FD8EE17B6893F8B8
:104800002E30002B18D07B6893F82E301A4607F113
:104810000C03CA4918461FF045FDFB6B6433492160
:10482000184605F0D5F9014607F10C0303331122B0
:1048300018461FF09BFD70E1FB6B64334221184664
:1048400005F0C6F9014607F10C03142218461FF0C3
:104850008DFD62E17B681B8E002B22D0BB6B03F5C4
:10486000825308331846ECF73DFE0346002B09D06F
:104870007B681B8E1A4607F10C03B14918461FF0DE
:1048800011FD4AE17B681B8E1BB2184607F036FC0F
:1048900003461A4607F10C03AA4918461FF002FD09
:1048A0003BE1FB6B64334221184605F091F9014668
:1048B00007F10C03142218461FF058FD2DE17B6808
:1048C0001B8E002B00F0B6807B6893F832301A46BE
:1048D000920013447B847B8C3B2B15D87A8C07F198
:1048E0000C03964918461FF0DDFCFB6B64334A212C
:1048F000184605F06DF9014607F10C030333112248
:1049000018461FF033FD07E17A8C8F4BA3FB02138F
:1049100059090B461B015B1A9B00D31A9BB2002B53
:104920006CD07B8C884AA2FB03235B099BB21A469E
:1049300007F10C03814918461FF0B4FC032387F8E4
:10494000213097F8213007F10C02D418FB6B643347
:104950004921184605F03CF9014697F82130C3F18A
:1049600014031A4620461FF001FDFB6B64334921F6
:10497000184605F02DF903461846EBF755FC03469B
:10498000DAB297F82130134487F8213097F82130B4
:10499000132B00F2C18097F8213007F10C02D018D8
:1049A0007A8C694BA3FB021359090B461B015B1A56
:1049B0009B00D31A9BB21A4664491FF073FC97F808
:1049C0002130043387F8213097F82130132B00F27F
:1049D000A38097F8213007F10C02D418FB6B6433E5
:1049E0004A21184605F0F4F8014697F82130C3F142
:1049F00014031A4620461FF0B9FC8DE07B8C524A06
:104A0000A2FB03235B099BB21A4607F10C034B4937
:104A100018461FF047FCFB6B64334921184605F02C
:104A2000D7F8014607F10C030333112218461FF093
:104A30009DFC71E0FB6B64334221184605F0C8F819
:104A4000014607F10C03142218461FF08FFC63E0A7
:104A50007B6893F83330002B2FD07B6893F833308A
:104A6000A7F84230432387F84130BB6B03F58253EC
:104A700008331846ECF736FD034683F00103DBB23A
:104A8000002B10D0B7F842201346DB001344033349
:104A90002F4A82FB03125210DB17D31AA7F84230B9
:104AA000462387F84130B7F8422097F8413007F1A4
:104AB0000C0028491FF0F6FB2FE07B689B6803F58C
:104AC0004D5320334221184605F082F8014607F184
:104AD0000C03142218461FF049FC1EE07B689B8ED5
:104AE0001A4607F10C031C4918461FF0DBFB7B68D4
:104AF0009B6803F54D5320334A21184605F068F8AA
:104B0000014607F10C030433102218461FF02EFC57
:104B100003E000233B7300E000BF07F10C0197F8AE
:104B2000472097F8453000930B461921F86BF5F7AD
:104B300069FB7B6818464C37BD46F0BD2C52030814
:104B4000345203083C520308898888884452030879
:104B5000676666664C5203085452030880B58AB0F3
:104B600004AF78607B689B687B617B689B6803F51A
:104B7000814338333B617B6903F58253083301215C
:104B80001846EEF744F903461A467B6883F8282056
:104B90007B6903F58253083301211846EEF753F978
:104BA00003461A467B685A857B68FF2283F82C20CF
:104BB0007B689B6803F54D5320332421184605F08C
:104BC0009FF80346FB7301217869EDF7FAF9034674
:104BD000002B01D0002300E00323BB73BB7B19B281
:104BE000FB7B9BB2013B9BB21BB2012202920122D2
:104BF00001920122009200223869F8F771F87B686F
:104C000000225A617B689B6803F54B533C3318467E
:104C1000F4F72EF97B689B6803F54B533C33242152
:104C20001846F4F70DFF00BF1837BD4680BD0000E1
:104C300080B592B004AF78607B689B6803F54B53F6
:104C40003C333B637B689B68FB627B689B6803F536
:104C500081433833BB62B86AF8F77EF8034687F8B9
:104C60003730B86AF8F753F9034687F82730B86A3F
:104C7000F8F73CF90346002B14BF01230023DBB2F5
:104C8000002B20D07B6893F92C30002B02D0012B15
:104C900006D015E07B6897F8372083F828200FE0CE
:104CA00097F837307A68128E934205DB97F83730E1
:104CB0009AB27B685A8502E07B6800225A8500BF61
:104CC0007B6800225A617B6893F92C30002B80F2BC
:104CD0009A8097F82730002B00F0C88097F837307B
:104CE000032B00F2828001A252F823F0FD4C010850
:104CF000274D01086F4D01089F4D010897F9372096
:104D00007B6883F82C207B6893F8283019B2002345
:104D1000029301230193012300931E230022B86A0A
:104D2000F7F7DEFFA2E097F937207B6883F82C20A5
:104D3000FB6A03F586531E33012200211846EEF765
:104D400011FC0346BB847B685B8D19B27B681B8EAC
:104D5000013B9BB21AB2B7F9243000200290052023
:104D6000019001200090B86AF7F7BAFF7EE03B6B34
:104D7000503332211846FEF72FFAFB6A03F58253AF
:104D800008337A6892F828107A68528D1846EEF740
:104D900009FAF86AEDF728F87B689B691DE17B68E2
:104DA0005B6A002B61D07B689B6803F57B532833DB
:104DB0001846EFF756F80346012B0CBF01230023DA
:104DC000DBB2002B08D07B685B6A01211846FEF736
:104DD000C7FA7B685B6A00E17B689B6803F58543E3
:104DE00028331846ECF768FA3FE0FB6A03F5825374
:104DF00008331846EEF76FFA7B68002283F82D20FF
:104E00007B689B69E9E097F82730012B2ED17B68FE
:104E100093F92C3087F837307B6893F92C30DAB26D
:104E20007B6883F82D207B68FF2283F82C203B6B66
:104E300064332421184604F063FF034687F82630C4
:104E40007B6893F82D3019B297F826309BB2013B5E
:104E50009BB21BB201220292012201920122009216
:104E60000022B86AF7F73CFF00E000BF002387F894
:104E700036307B6893F92C301A467B6893F82E30D5
:104E80009A4210DB7B6893F92C301A467B6893F8C2
:104E90002F309A4207DC7B6893F92C3087F8373043
:104EA000012387F8363097F82730002B02D07B6833
:104EB00000225A6108F0B2FF02467B685B699A42A1
:104EC00034BF01230023DBB2002B01D07B6884E0D8
:104ED00008F0A4FF034603F51C5310337A685361AE
:104EE000142387F8233000237B7397F83730002B87
:104EF00002D0012B2CD060E07B6893F82830002B87
:104F000018D07B6893F828301A4607F10C0335490E
:104F100018461FF0C7F93B6B64334921184604F06B
:104F200057FE014607F10C030333112218461FF008
:104F30001DFA45E03B6B64334221184604F048FEFD
:104F4000014607F10C03142218461FF00FFA37E050
:104F50007B685B8D002B22D0FB6A03F582530833FC
:104F60001846ECF7BFFA0346002B09D07B685B8D2F
:104F70001A4607F10C031C4918461FF093F91FE06D
:104F80007B685B8D1BB2184607F0B8F803461A46DB
:104F900007F10C03154918461FF084F910E03B6B2C
:104FA00064334221184604F013FE014607F10C0356
:104FB000142218461FF0DAF902E000233B7300BF09
:104FC00007F10C0197F8372097F8363000930B461D
:104FD0002421386BF5F716F97B6818463837BD463B
:104FE00080BD00BF2C520308345203083C52030812
:104FF00080B58AB004AF78607B689B687B617B6812
:105000009B6803F5814338333B617B6903F5825329
:1050100008331846FEF716F903461A467B6883F8EC
:1050200028207B6903F58253083302211846EDF7E7
:10503000EEFE03461A467B6883F82A207B6903F557
:105040008253083302211846EDF7FDFE03461A4647
:105050007B689A857B6903F5825308331846FEF70F
:1050600015F903461A467B6883F829207B68FF22DE
:1050700083F82E207B689B6803F54D5320332A214B
:10508000184604F03DFE0346FB7302217869ECF7F5
:1050900098FF0346002B01D0002300E00523BB73DB
:1050A000BB7B19B2FB7B9BB2013B9BB21BB20122C3
:1050B0000292012201920122009200223869F7F740
:1050C0000FFE7B6800225A617B689B6803F54B5397
:1050D0003C331846F3F7CCFE7B689B6803F54B53D3
:1050E0003C332A211846F4F7ABFC00BF1837BD4605
:1050F00080BD000090B593B004AF78607B689B687A
:1051000003F54B533C333B637B689B68FB627B68D6
:105110009B6803F581433833BB62B86AF7F71CFE1E
:10512000034687F83730B86AF7F7F1FE034687F889
:105130002730B86AF7F7DAFE0346002B14BF0123C5
:105140000023DBB2002B20D07B6893F92E30012B9B
:1051500002D0022B06D015E07B6897F8372083F841
:105160002A200FE097F837307A68528E934205DB99
:1051700097F837309AB27B689A8502E07B68002204
:105180009A8500BF7B6800225A617B6893F92E30B4
:10519000002B80F2D18097F82730002B00F0FF80A1
:1051A00097F83730052B00F2B98001A252F823F0AE
:1051B000C9510108DD510108075201084F52010889
:1051C00063520108035301087B6893F8283083F089
:1051D0000103DAB27B6883F82820E0E097F93720F2
:1051E0007B6883F82E207B6893F82A3019B200235D
:1051F000029301230193012300931E230022B86A26
:10520000F7F76EFDCBE097F937207B6883F82E2007
:10521000FB6A03F586531E33022200211846EEF77F
:10522000A1F90346FB837B689B8D19B27B685B8E7B
:10523000013B9BB21AB2B7F91E3000200290052044
:10524000019001200090B86AF7F74AFDA7E07B685B
:1052500093F8293083F00103DAB27B6883F82920C0
:105260009DE03B6B503332211846FDF7B5FFFB6ADA
:1052700003F5825008307B6893F828107B6893F818
:1052800029207B6893F82A407B689B8D00932346F6
:10529000EDF7A2FFF86AECF7A7FDFB6A03F582536E
:1052A00008331846FDF7CEFF034687F82530FB6A22
:1052B00003F5825308331846EDF7CAFA03467B8498
:1052C000FB6A03F5825308331846EDF7D8FA034614
:1052D0003B847B689B6803F58143783397F82520EE
:1052E00011461846FDF768FF7B689B6803F581430C
:1052F00078333A8C798C1846F9F772F97B689B6998
:1053000033E17B685B6A002B48D07B685B6A0221D3
:105310001846FEF725F87B685B6A26E1FB6A03F511
:10532000825308331846EDF7D6FF7B68002283F8D6
:105330002F207B689B6918E197F82730012B2ED12D
:105340007B6893F92E3087F837307B6893F92E30DD
:10535000DAB27B6883F82F207B68FF2283F82E2047
:105360003B6B64332A21184604F0CAFC034687F8D5
:1053700026307B6893F82F3019B297F826309BB20D
:10538000013B9BB21BB20122029201220192012237
:1053900000920022B86AF7F7A3FC00E000BF0023E8
:1053A00087F836307B6893F92E301A467B6893F87D
:1053B00030309A4210DB7B6893F92E301A467B68B6
:1053C00093F831309A4207DC7B6893F92E3087F8E6
:1053D0003730012387F8363097F82730002B02D07A
:1053E0007B6800225A6108F019FD02467B685B6900
:1053F0009A4234BF01230023DBB2002B01D07B682B
:10540000B3E008F00BFD034603F51C5310337A6834
:10541000536114237B7700237B7297F83730032B7B
:1054200000F2938001A252F823F000BF3D5401081E
:105430006B540108C35401082D5501083B6B03F15F
:1054400064027B6893F82830002B01D0412300E0F0
:1054500042231946104604F0BBFB014607F108033E
:10546000142218461EF082FF72E07B6893F82A30FF
:10547000002B18D07B6893F82A301A4607F10803EE
:105480003C4918461EF00EFF3B6B64334921184619
:1054900004F09EFB014607F108030333112218466E
:1054A0001EF064FF54E03B6B64334221184604F065
:1054B0008FFB014607F10803142218461EF056FF21
:1054C00046E07B689B8D002B22D0FB6A03F582535C
:1054D00008331846ECF706F80346002B09D07B6822
:1054E0009B8D1A4607F10803234918461EF0DAFE81
:1054F0002EE07B689B8D1BB2184606F0FFFD03462D
:105500001A4607F108031D4918461EF0CBFE1FE09E
:105510003B6B64334221184604F05AFB014607F105
:105520000803142218461EF021FF11E07B6893F84F
:105530002930002B04D007F10803114A1A6007E054
:1055400007F108030F4A1A6002E000233B7200BF14
:1055500007F1080197F8372097F8363000930B468B
:105560002A21386BF4F74EFE7B6818463C37BD465F
:1055700090BD00BF2C520308345203083C5203086C
:10558000323476003132760080B588B004AF78606E
:105590007B689B6803F54D5320333721184604F090
:1055A000AFFB0346FB737B689B6803F58140383093
:1055B000FB7B9BB2013B9BB21BB2012202920122F8
:1055C00001920122009200220021F7F789FB7B68FB
:1055D0009B6803F54B533C331846F3F749FC7B6853
:1055E0009B6803F54B533C3337211846F4F728FAF0
:1055F0007B6800225A6100BF1037BD4680BD80B570
:1056000086B002AF78607B689B6803F581433833CE
:10561000FB60F868F7F7A0FB0346FB72F868F7F742
:1056200076FC0346BB727B689B6803F58043783346
:105630001846F7F76CFC03467B72BB7A012B02D04D
:105640007B7A012B03D17B6800225A6105E0BB7A8B
:10565000022B02D17B681B6A84E0F868F7F746FCEE
:105660000346002B14BF01230023DBB2002B02D022
:105670007B6800225A6108F0D1FB02467B685B69B7
:105680009A4234BF01230023DBB2002B01D07B6898
:1056900068E008F0C3FB034603F5EA4330337A6859
:1056A0005361BB7A012B2DD17B685B6A002B01D142
:1056B0007B6857E0FB7A022B18D0022B1FDC002BF3
:1056C00002D0012B09D01AE07B685B6A00211846E2
:1056D000FDF746FE7B685B6A44E07B685B6A0121FC
:1056E0001846FDF73DFE7B685B6A3BE07B685B6AC2
:1056F00002211846FDF734FE7B685B6A32E07B6866
:105700009B692FE07B7A012B1FD17B689B6A002B62
:1057100001D17B6826E0FB7A002B02D0012B09D057
:1057200011E07B689B6A00211846FDF719FE7B6833
:105730009B6A17E07B689B6A01211846FDF710FE03
:105740007B689B6A0EE07B680CE07B689B6803F5D6
:105750004B503C30FA7A0023009300233721F4F7B2
:1057600051FD7B6818461037BD4680BD80B582B0BC
:1057700000AF786039603B68D9683B681A693B685C
:105780005B69786805F078F878680837BD4680BDB1
:1057900080B483B000AF78607B68B3F8E2309BB22E
:1057A00018460C37BD4680BC704780B582B000AF4C
:1057B00078607B68184605F063FC03461846083796
:1057C000BD4680BD80B582B000AF78607B6888330D
:1057D000184605F055FC03469BB218460837BD46EF
:1057E00080BD80B582B000AF78607B6844331846D6
:1057F00005F046FC03469BB218460837BD4680BDFF
:1058000080B582B000AF78607B6803F58673184678
:1058100005F01FFC03469BB218460837BD4680BD05
:1058200080B582B000AF78607B6803F58E73184650
:1058300005F00FFC03469BB218460837BD4680BDF5
:1058400080B582B000AF78607B6803F59673184628
:10585000F2F7ADF8034618460837BD4680BD80B460
:1058600083B000AF78607B68B3F846319BB21846CE
:105870000C37BD4680BC704780B582B000AF786001
:105880000B467B8078887B68B3F8543119467B6877
:10589000B3F856311A4606F019FC03469AB27B68F3
:1058A000A3F8442100BF0837BD4680BD80B483B053
:1058B00000AF78607B6800229A817B6800229A732F
:1058C00000BF0C37BD4680BC704780B483B000AFCA
:1058D0007860012318460C37BD4680BC704780B500
:1058E00082B000AF78607B6803F58A53183318469E
:1058F000EBF7EDFD034618460837BD4680BD80B581
:1059000082B000AF78607B6803F585436833184642
:1059100005F09FFB03469BB218460837BD4680BD85
:1059200080B485B000AFF860B9607A603B60FB6816
:10593000BA689A61FB687A68DA61FB683A681A6249
:1059400000BF1437BD4680BC704780B582B000AF41
:1059500078607B689B69002B0CD07B681B69002BEF
:1059600008D008F05BFA02467B681B699A4201D3B3
:10597000012300E00023002B02D07B689B6900E03C
:105980007B6818460837BD4680BD80B582B000AF41
:1059900078607B689B89002B0CD008F03FFA0246A8
:1059A0007B689B8919464FF47A7301FB03F31A4411
:1059B0007B681A6100BF0837BD4680BD80B483B0E4
:1059C00000AF78600B467B807B687A889A8100BF45
:1059D0000C37BD4680BC704780B485B000AF78609E
:1059E0000023FB607B681B79012B06D87B689B68D2
:1059F00003F57B532833FB6006E07B689B6803F567
:105A000081437833FB6000BFFB6818461437BD46FE
:105A100080BC704780B58CB004AF78607B689B68B1
:105A2000BB617B68002283F868207B6800225A668D
:105A30007B681B79032B06D17B68012283F86820E1
:105A40007B6800221A717B6893F8683083F0010349
:105A5000DBB2002B11D07B681B79002B04D108F03E
:105A6000DDF902467B685A667B689B6803F57B53C9
:105A7000283303211846EEF7E1F97B681B791946B4
:105A8000B869ECF704F80346FB82FB8AD9B27B685D
:105A900003F124007B6893F868307A6812790292E7
:105AA0000193012300930A230246B869ECF749FBEE
:105AB00003467B750023FB83FF237B7700233B7723
:105AC0001EE0F98A3A7F786813465B0013445B0056
:105AD000034424331B88CB1A002BB8BF5B42FB73F3
:105AE000FA7B7B7F9A4234BF01230023DBB2002B79
:105AF00003D0FB7B7B773B7FFB833B7F01333B7793
:105B00003A7F7B7D9A42DCD37B681B79012B0FD1D6
:105B10007B689B6803F57B5328331846F1F752FFE7
:105B2000034683F00103DBB2002B01D0012300E028
:105B30000023002B1ED008F071F9034603F57A7399
:105B40003B610AE07B689B6803F57B53283318466A
:105B5000F1F738FF0346002B0BD108F05FF902463E
:105B60003B6993428CBF01230023DBB2002BE9D1B8
:105B700000E000BF7B689B6803F581403830B7F9CF
:105B80001E107B7D9BB2013B9BB21BB20022029296
:105B900001220192012200920022F7F7A1F808F0F9
:105BA0003DF902467B681A667B689B6803F54B5398
:105BB0003C331846F3F75CF97B689B6803F54B535D
:105BC0003C3351211846F3F73BFF7B6800225A61B2
:105BD00000BF2037BD4680BD80B58EB004AF786071
:105BE0007B689B6803F54B533C33FB617B689B6888
:105BF000BB617B689B6803F5814338337B617B68BD
:105C00001846FFF7E9FE38617869F7F7A5F803460B
:105C1000FB847869F7F77BF90346FB737869F7F73C
:105C200065F90346002B14BF01230023DBB2002BD0
:105C300005D07B6800221A667B6800225A61FB7BD4
:105C4000002B11D07B6893F86830002B03D17B6860
:105C50001B79002B08D0FB8CDBB21946786800F06A
:105C60002CF97B689B6924E17B6893F8683083F0AA
:105C70000103DBB2002B13D07B685B6E002B0FD0CF
:105C80003869F1F79FFE0346002B07D1EFF756FF67
:105C9000034683F00103DBB2002B01D0012300E0B7
:105CA0000023002B2AD07B681B6E002B0AD008F043
:105CB000B5F802467B681B6ED31AB3F57A7F01D222
:105CC000012300E00023002B01D00023F1E008F0C5
:105CD000A5F802467B685B6E03F57A739A428CBF27
:105CE00001230023DBB2002B08D0FB8CDBB219466A
:105CF000786800F0E2F87B689B69DAE0FB7B022BB6
:105D000002D17B681B6AD4E07B685B6E002B0AD1F2
:105D10003869F1F757FE034683F00103DBB2002B2D
:105D200001D0012300E00023002B04D008F076F816
:105D300002467B685A6608F071F802467B685B6928
:105D40009A4234BF01230023DBB2002B01D07B68D1
:105D5000AFE008F063F8034603F59C4320337A680C
:105D60005361FB8C87F825301DE097F825301A46E3
:105D700013465B0013445B0020337A6813440633F8
:105D80001846FAF7ADFA034683F00103DBB2002BA5
:105D900003D097F92530FB8409E097F82530013BC3
:105DA000DBB287F8253097F92530002BDDDAFA8C45
:105DB000796813465B0013445B000B4424331B8853
:105DC000BB73002387F8243011E097F82420134692
:105DD0005B0013445B0020337A6813440633184693
:105DE000EBF75DFB97F82430013387F8243097F800
:105DF0002430092BE9D97B6803F124007B6893F8F0
:105E000068307A681279B97B02920193012300937A
:105E10000A230246B869ECF794F903467B737B7B4F
:105E2000002B02D17B68DB6943E0002387F8233035
:105E3000002387F8223016E0B97B97F82220786893
:105E400013465B0013445B00034424331B889942D0
:105E500004D197F8223087F8233009E097F82230F0
:105E6000013387F8223097F822207B7B9A42E3D3D4
:105E70007B689B6803F58140383097F8233019B26E
:105E80007B7B9BB2013B9BB21BB2002202920122A0
:105E90000192012200920022F6F722FF7B6803F1B3
:105EA0002401BB7B7A7B01200090F869F3F7F4FFB3
:105EB0007B6818462837BD4680BD80B582B000AFEC
:105EC00078600B46FB707B689B681846FA7813462F
:105ED0005B0013445B0020337A6813440633194691
:105EE000EBF7A3FD7B689B6803F57B5328331846CB
:105EF000FAF7A8F800BF0837BD4680BDB0B588B036
:105F000004AF78607B689B68FB607B689B6803F5E7
:105F10007B5328331846EDF7A4FF0346FB72FB7A48
:105F20001946F868EBF7B3FD03463B817B689B6835
:105F300003F581443834B7F90850F868FFF7CFFC0F
:105F40000346013B9BB21BB2002202920122019246
:105F500001220092012229462046F6F7C1FE7B6805
:105F60009B6803F54B533C331846F2F781FF7B687F
:105F70009B6803F54B533C3303211846F3F760FD50
:105F80007B6800225A6100BF1037BD46B0BDB0B576
:105F900096B004AF78607B689B6803F54B533C3345
:105FA0007B647B689B683B647B689B6803F58143EB
:105FB0003833FB63F86BF6F7CFFE03467B87F86B4D
:105FC000F6F7A5FF034687F8393097F83930012BEB
:105FD00022D17B6C503332211846FDF7FDF87B8FC0
:105FE0001946386CECF701F8034683F00103DBB285
:105FF000002B08D07B68586A00230122532103F04C
:1060000063F800238FE07B6C50331846F2F7E4FD11
:106010007B6800225A613BE097F83930022B37D178
:106020003B6C1846F7F780F9386CEBF77DFB0021E5
:10603000386CEBF753FD024607F134031068186023
:1060400007F134031946386CECF798F903467B6383
:1060500007F134031946386CEBF7E7FC0121386C83
:10606000EBF73CFD024607F134031068186007F1B6
:1060700034031946386CECF781F903467B6307F16A
:1060800034031946386CEBF7D0FC7B681B6A4AE096
:10609000F86BF6F72BFF0346002B14BF01230023F8
:1060A000DBB2002B02D07B6800225A6107F0B6FEFB
:1060B00002467B685B699A422CBF01230023DBB256
:1060C000002B2FD007F1080306241D4604E02846C4
:1060D000EFF736F9013C0635002CF8DA7B8FD9B2A0
:1060E00007F1080203230293002301930023009386
:1060F0000723386CECF725F8034687F838307B8F98
:10610000DBB297F8382007F1080100200090786C86
:10611000F3F7C2FE07F082FE034603F56A436033DD
:106120007A6853617B6818464837BD46B0BD0000A9
:1061300090B5A9B004AF78607B689B68C7F88430DD
:106140007B681846FFF748FCC7F880003223A7F8A1
:106150008E304FF41673A7F88C30D7F8843003F5DF
:10616000825308331846EBF7BDF9034683F0010369
:10617000DBB2002B06D07A23A7F88E3040F25743CB
:10618000A7F88C30D7F8843003F5825308337A6847
:10619000127907F124001946ECF7EBFDD7F88030AF
:1061A000043307F124021146184604F085FB7B688E
:1061B0009B6803F581403830B7F98E20B7F98C30F1
:1061C0000021029101210191012100910021F6F7A6
:1061D00087FD002387F88B3026E097F88B307A68AC
:1061E0001C335B00134400225A8097F88B007B68B5
:1061F000B3F86E301A466D4B1B885B089BB2009358
:1062000013460722002105F0FFFE024697F88B3067
:1062100091B27A6824335B0013440A465A8097F897
:106220008B30013387F88B3097F88B30072BD4D91C
:106230007B6800229A667B68002283F838207B689E
:10624000002283F85E207B68002283F86C207B6844
:1062500000221A667B6800225A667B6800225A6117
:10626000524B1B885B089AB27B68A3F85A207B6864
:106270000022A3F85C207B689B6803F5804078309F
:106280007B68B3F85C3019B27B681B79012B04D1B1
:106290007B68B3F87E301BB203E07B68B3F87C30D8
:1062A0001BB20022029205220192012200920022DA
:1062B000F6F716FD7B689B6803F54D5320333221BA
:1062C000184603F085FCF867F86FE9F7ADFF034661
:1062D00087F88A3097F88A30132B02D9132387F86E
:1062E0008A3097F88A4007F1300318461DF009F903
:1062F00007F1300307F10C002246F96F1DF0FCFB9B
:1063000007F1300318461DF0FEF807F14C0307F1C2
:106310000C01274A184603F0B8FB7B681A7907F18D
:106320006403D7F884101846EBF748FD07F13403EF
:1063300007F1640207F14C01184603F0B9FB07F1BD
:10634000340207F10C03114618461DF0A4F907F1B9
:10635000340318461DF099F907F1640318461DF03F
:1063600094F907F14C0318461DF08FF97B689B6880
:1063700003F54B533C331846F2F77AFD7B689B6874
:1063800003F54B543C3407F10C0318461DF04CFB4D
:10639000034619462046F3F769FB07F10C0318463C
:1063A0001DF073F99437BD4690BD00BFA462030889
:1063B0005C52030890B58DB002AFF860B960114629
:1063C0001A460B46FB801346BB80002387F8273014
:1063D0001DE097F82730FA681C335B0013445B8894
:1063E000BB84BA8CFB889A4205D3BA8CBB889A428C
:1063F00001D8012200E0002297F8273028333B44DF
:1064000003F80C2C97F82730013387F8273097F8DA
:106410002730072BDDD9FB6803F12800FB6803F167
:106420003A01FB6803F14A0207F11C0308240094B7
:1064300004F0A1FF0346002B38D0002387F8263054
:1064400019E0FB689B6803F586531E33FA681279DE
:1064500097F8264097F826101846EDF783F803467C
:106460001A46630028333B4423F8142C97F826304F
:10647000013387F8263097F82630032BE1D9FB68E3
:1064800003F1280007F114010423BA6805F0A6F807
:10649000BB6806331A88084B1B889A4204D9BB682C
:1064A0000633054A12881A80012300E000231846AB
:1064B0002C37BD4690BD00BFA462030880B485B0F0
:1064C00000AF78600B467B804FF47A73FB81082322
:1064D0007B7300233B731FE03B7B7A681C335B00BC
:1064E00013445B887B817B89002B12D07A897B885F
:1064F000D31A83EAE372A2EBE372FB899A4208DAC9
:106500007A897B88D31A002BB8BF5B42FB813B7B27
:106510007B733B7B01333B733B7B072BDCD97B7B62
:10652000062B15D87B7B7A681C335B0013445B8891
:106530007A889A420CD97B7B01337A681C335B00E2
:1065400013445B887A889A4202D27B7B01337B7347
:106550007B7B18461437BD4680BC7047B0B588B009
:1065600002AF78600B46FB707B689B683B61FC78F0
:106570003B6903F5825308337A6811790122184682
:10658000ECF7B4F803461D463B6903F58253083324
:106590007A68117901221846ECF7EEF80346009369
:1065A0002B4608220021204605F02EFD0346FB81E4
:1065B000FB787A681C335B0013445B88BB81FB78F3
:1065C000042B25D8BA89FB89F989890889B20B443B
:1065D0009A421DDD7B68B3F85A207B68B3F85A30C5
:1065E0009B089BB2D31A9AB27B68A3F85A207B68A7
:1065F000B3F85A204D4B1B889B089BB29A426FD22E
:106600004A4B1B889B089AB27B68A3F85A2067E024
:10661000BA89FB89F989C90889B20B449A4219DD04
:106620007B68B3F85A207B68B3F85A30DB089BB21A
:1066300013449AB27B68A3F85A207B68B3F85A20B7
:106640003A4B1B889A424BD9384B1A887B68A3F87F
:106650005A2045E0FB78042B21D8BA89FB89F989B7
:10666000890889B25B1A9A4219DA7B68B3F85A2012
:106670007B68B3F85A309B089BB213449AB27B688C
:10668000A3F85A207B68B3F85A20284B1B889A42FB
:1066900026D9264B1A887B68A3F85A2020E0BA89AD
:1066A000FB89F989C90889B25B1A9A423ADA7B6890
:1066B000B3F85A207B68B3F85A30DB089BB2134416
:1066C0009AB27B68A3F85A207B68B3F85A20174B1C
:1066D0001B889A4204D9154B1A887B68A3F85A2064
:1066E000FB780133FB7519E0F87D7B68B3F86E30F9
:1066F0001A467B68B3F85A300093134607220021EC
:1067000005F082FC0246FB7D91B27A6824335B007F
:1067100013440A465A80FB7D0133FB75FB7D072B32
:10672000E2D900E000BF1837BD46B0BDA46203083F
:10673000B0B58CB002AF78607B689B687B627B6A87
:1067400003F586531E337A68127902211846ECF756
:1067500009FF034607F10C0196227868FFF72AFE2D
:106760000346002B00F09C807B6A03F586531E33A2
:106770007A68127903211846ECF7F4FE03467B840D
:106780007B6A03F586531E337A6812790221184614
:10679000ECF7E8FE03463B847B6A03F58250083041
:1067A0007B68197900230122ECF708F80346FB8384
:1067B000F88B398C7A8C3B8A1C467B8A0093234663
:1067C00005F0F8FB0346BB83404B1B88BA8B9A420B
:1067D00029D97B8C19467868FFF770FE0346FB7653
:1067E000788C398CFB7E7A681C335B0013445B88A1
:1067F0001C463B8A1D46FB7E7A6824335B001344AB
:106800005B8800932B46224605F0D4FB03463B836E
:106810003B8A3A8B9A4206D93B8B3A8A9B1A642B65
:1068200001DD3B8B7B827A8A284B1B889A4202D9F6
:10683000264B1B887B827B689B681846F8F76EFEA8
:106840000346FB827B681979FB8A5BB207F10C0275
:1068500000930323786AEBF74EFB03467B75FB8AB4
:106860005AB27B68187907F10C017B7D00930346CF
:10687000786AEBF711FF7B7D002B08D07B689B6863
:1068800003F5854328331846EAF7EAFC1AE07B68EB
:106890009B6803F5854328331846EAF723FD11E08A
:1068A0007B689B6803F5854328331846EAF71AFD91
:1068B0007B6A03F586531E337A68127911461846AF
:1068C000ECF7C2FF00BF2837BD46B0BDA462030885
:1068D000F0B5A9B006AF78607B689B6803F54B53B1
:1068E0003C33FB677B689B68BB677B681846FFF798
:1068F00073F878677B689B6803F5814338333B679F
:10690000386FF6F729FA0346A7F86E30386FF6F7B6
:10691000FEFA034687F86D30386FF6F7E7FA03465C
:10692000002B14BF01230023DBB2002B02D07B68B5
:1069300000225A6197F86D30012B40F05F817B682F
:1069400093F85E30002B00F0E0807B6F1B68103303
:106950001B680021786F98477B6893F86C30052B93
:1069600040F0CA807B6F1B681C331B68786F9847A8
:106970000346A7F86A30B7F86E30A7F88630BB6FC9
:1069800003F5825308331846EAF7ACFD034683F05B
:106990000103DBB2002B07D0B7F98630184605F0AB
:1069A000C7FB0346A7F886307B6893F8383087F832
:1069B000693097F869307A681C335B001344B7F884
:1069C00086205A8097F869307A6824335B00134434
:1069D000B7F86A205A80B7F88640BB6F03F5825338
:1069E00008337A68117901221846EBF7C5FE034691
:1069F0001E3B9C42B4BF01230023DBB2002B68D0B6
:106A00007B6893F8383019467868FFF7A7FD7B68F4
:106A100093F838300133DAB27B6883F8382007F115
:106A20003C014FF4167364227868FFF7C3FC0346F9
:106A3000002B52D0BC6F7B689B681846F8F76EFD40
:106A400003465AB27B681B7907F13C010020009095
:106A50002046EBF721FEB7F88630B3F5AF7F3CD97F
:106A60007B689B681846F8F759FD0346A7F866301F
:106A70007B6893F838307A6824335B001344598874
:106A80007B681B79B7F96620B86FEBF74AF80346C5
:106A9000A7F86430B7F86430B3F5E17F1DD97B689F
:106AA00019797B6893F838301C46B7F966200023C3
:106AB00000930B464FF4D771B86FEBF765F80346B8
:106AC00019467A6804F124035B0013440A465A808D
:106AD00003E07B68082283F838207B6800221A666E
:106AE0007B6800225A667B68002283F86C207B68F2
:106AF000002283F85E2008E07B68002283F85E2095
:106B00007B6800225A617B685FE37B6893F85E30A4
:106B100083F00103DBB2002B6CD07B6893F8383034
:106B2000072B4BD87B68012283F85E207B6893F8A3
:106B300038307A6824335B0013445B88A7F86230EE
:106B40007B6F1B681C331B68786F98470346A7F858
:106B50006030B7F86220B7F860309A4201D2012263
:106B600000E002227B6883F86C207B6F1B6818337F
:106B70001B68B7F862201146786F98477B6F1B68D7
:106B800010331B680121786F984707F047F90246D8
:106B90007B681B6F1A447B681A6607F03FF9024650
:106BA0007B685B6F1A447B685A6607F037F90246C8
:106BB0007B689B6F1A447B689A661BE07868FFF7D6
:106BC000B7FDBB6F03F5825308337A68127907F17A
:106BD00030001946ECF7BAFB7B6F043307F1300243
:106BE0001146184603F068FEF86FF4F7E5F87B6885
:106BF0001B6AEAE27B6800225A6127E07B6893F80F
:106C00005E3083F00103DBB2002B1FD097F86D30AC
:106C1000022B1BD17868FFF78BFDBB6F03F5825306
:106C200008337A68127907F124001946ECF78EFBD5
:106C30007B6F043307F124021146184603F03CFE33
:106C4000F86FF4F7B9F87B681B6ABEE27B689B6853
:106C500003F5804378331846F6F759F9034687F869
:106C60005F3097F85F30022B31D17B689B6803F56A
:106C7000854328331846EAF735FBBB6F03F582538B
:106C800008337A68127907F118001946ECF75EFBB1
:106C90007B6F043307F118021146184603F00CFE0F
:106CA000F86FF4F789F87B681B791946B86FEAF733
:106CB00015FF024607F114031068186007F114036A
:106CC0001946B86FEAF7B1FE7B681B6A7DE27B6804
:106CD00093F85E3083F00103DBB2002B5BD07B685E
:106CE0009B6803F5804378331846F6F735F803467A
:106CF000A7F85C307B689B6803F5804378331846BF
:106D0000F6F7F4F80346002B14BF01230023DBB28F
:106D1000002B11D07B68B7F85C20A3F85C207B6F58
:106D20001B6830331B687A68B2F85C201146786FB4
:106D300098477B6800225A6197F85F30012B2AD16F
:106D40007B68B3F85C30002B0BD07B680022A3F883
:106D50005C207B6F1B6810331B680021786F98479D
:106D600016E07B689B6803F5804378331846F5F797
:106D7000F3FF03469AB27B68A3F85C207B6F1B6825
:106D800030331B687A68B2F85C201146786F9847F8
:106D90007B6800225A6107F041F802467B685B6914
:106DA0009A4234BF01230023DBB2002B01D07B6861
:106DB0000BE207F033F8034603F5FA727B685A6179
:106DC0007B689B6E002B11D007F028F802467B6889
:106DD0009B6E9A420AD9786FF0F7F4FD034683F070
:106DE0000103DBB2002B01D0012300E00023002BC4
:106DF00001D00023E9E17B689B681846F8F78EFB19
:106E00000346A7F85A30B7F86E30A7F858307B6FB2
:106E10001B6814331B68786F98470346A7F85630F1
:106E20007B6F1B681C331B68786F98470346A7F875
:106E300054307B6F1B6820331B68786F984703467C
:106E400087F853307B681B79B7F95A20B7F854108C
:106E5000B86FEAF766FE0346A7F850309F4B1B88D1
:106E6000B7F854209A421BD37868FFF761FCBB6FD8
:106E700003F5825308337A68127907F1080019463E
:106E8000ECF764FA7B6F043307F1080211461846E9
:106E900003F012FDF86FF3F78FFF7B681B6A94E134
:106EA0007B685B6E002B08D006F0B8FF02467B685B
:106EB0005B6E9A4201D3012300E00023002B00F017
:106EC0008E807B6893F85E30002B18D0B7F8562080
:106ED000B7F85430D31A002BB8BF5B42102B0EDC2E
:106EE0007B6F1B682C331B68786F98470346C82B51
:106EF00005D897F85330012B01D9012300E0002376
:106F0000002B3CD07B6893F86C30052B36D801A25F
:106F100052F823F07D6F01087D6F01082D6F010885
:106F20007D6F0108476F01087D6F01087B680322B0
:106F300083F86C2006F072FF02467B685B6F1A4490
:106F40007B685A661BE07B689B6803F585432833A2
:106F50001846EAF785F9B7F950301946386FF6F751
:106F600087F87B68052283F86C2006F057FF0246FD
:106F70007B685B6F1A447B685A6600E000BF7B68E1
:106F800093F86C30032B12D1B7F85620B7F8543071
:106F900008339A420BDD7B68042283F86C2006F0EC
:106FA0003DFF02467B685B6F1A447B685A667B68CC
:106FB00093F86C30012B12D1B7F85620B7F8543043
:106FC00008339A420BDD7B68022283F86C2006F0BE
:106FD00025FF02467B685B6F1A447B685A667B68B4
:106FE0001B6E002B12D07B6893F86C30002B0DD0F9
:106FF0007B6893F86C30052B08D006F00FFF024633
:107000007B681B6E9A4201D9012300E00023002B0C
:107010000BD07B689B6803F5854328331846EAF755
:107020004BF97B68052283F86C20002387F88530B4
:107030007B68B3F86E30B7F854209A4210D3B7F893
:1070400054007B68B3F86E301946244B1B881A46EF
:1070500064230093002304F0D7FF034687F88530AC
:107060007B6893F86C3087F8843097F88430012B74
:107070003ED997F884301A4652011344DBB2423BA2
:1070800087F884307B6893F86C30042B28D17B6FB1
:107090001B682C331B68786F98470346A7F84E305F
:1070A000B7F84E3041F25042C821184605F00EF8AC
:1070B0000346A7F84E30B7F84E001E230093002376
:1070C000C82241F2504104F09FFF0346DAB297F81C
:1070D0008430134487F884300AE000BFA4620308B8
:1070E0007B6893F86C30052B02D1642387F88430D9
:1070F00006F094FE02467B681B6E9A4234BF012361
:107100000023DBB2002B34D00023C7F8803006F018
:1071100085FEB8647B681B6EBA6C9A4205D27B68A8
:107120001A6EBB6CD31AC7F880307B681A6FD7F819
:107130008030D31A642203FB02F27B681B6FB2FB20
:10714000F3F387F8473097F8472097F884309A424E
:1071500003D997F8473087F8843097F88430632B49
:1071600007D97B6893F86C30052B02D0632387F82E
:107170008430FC6F7B6893F838300133DDB2BB6F2D
:1071800003F5825308331846EAF7ACF903461E4666
:107190007B6893F85E307A68B2F85C20B7F85800E4
:1071A000B7F85010059297F88520049297F884203C
:1071B0000392029397F853300193009603460A46D0
:1071C00029462046F3F7C8F97B6818468C37BD4638
:1071D000F0BD00BF90B59BB004AF78607B689B6842
:1071E0003B653B6D03F5825308337A68127907F1EA
:1071F00024001946EBF7BDFD7B681B79022B17D1E4
:107200007B689B6803F581437C3307F124021146B8
:10721000184603F051FB7B689B6803F58143783384
:107220007A68B2F8502011461846FEF725FB0AE0AE
:107230007B689B6803F57B532C3307F124021146CE
:10724000184603F039FB7B68012283F838207B68FD
:10725000002283F846207B68002283F84720002321
:1072600087F857300BE097F857307A6813440022BC
:1072700083F8422097F85730013387F8573097F852
:107280005730022BEFD97B6800229A647B6800227A
:107290005A617B689B6803F5814038307B6893F8BE
:1072A000383019B201230293012301930123009383
:1072B00003230022F5F714FD3B6D03F586531E33BF
:1072C0007A6802F13A017A6812791846ECF796FA70
:1072D0007B680022A3F852207B689B6803F58040FE
:1072E00078307B68B3F8523019B27B68B3F8543009
:1072F0001BB200220292052201920122009200227A
:10730000F5F7EEFC7B689B6803F54D532033322183
:10731000184602F05DFCF864F86CE8F785FF034658
:1073200087F8563097F85630132B02D9132387F875
:10733000563097F8564007F1300318461CF0E1F834
:1073400007F1300307F10C002246F96C1CF0D4FB66
:1073500007F1300318461CF0D6F807F10C03264954
:1073600018461CF05DFB7B681B79022B15D07B68EF
:107370001A7907F13403396D1846EAF71FFD07F152
:10738000340207F10C03114618461CF02FFB07F1DD
:10739000340318461CF079F90FE07B689B6803F50D
:1073A0004D5320335B21184602F012FC024607F1D0
:1073B0000C03114618461CF033FB7B689B6803F5F1
:1073C0004B533C331846F1F753FD7B689B6803F53C
:1073D0004B543C3407F10C0318461CF025FB0346C4
:1073E00019462046F2F742FB07F10C0318461CF041
:1073F0004CF95C37BD4690BD5C52030890B58BB02C
:1074000002AFF860B9601346FB710023FB7715E00B
:10741000FB689B6803F586531E33FA681279FC7F7C
:10742000F97F1846ECF79EF803461A4663002033AE
:107430003B4423F80C2CFB7F0133FB77FB7F032BB2
:10744000E6D9FB6803F12800FB6803F13A02FB6808
:10745000423307F114010424009403F08CFF034627
:10746000002B3DD0FB6803F1280007F11401042331
:10747000BA6804F0B3F80023BB7721E0BB7FFA6859
:10748000134493F84230002B0BD0BB7FBA7F5200DD
:10749000B9680A44F9681C335B000B445B881380AD
:1074A0000BE0BB7F5B00BA681A44BB7F1188FA68A7
:1074B0001C335B0013440A465A80BB7F0133BB7701
:1074C000BB7F032BDAD9BB6806331A88174B1B889E
:1074D0009A4226D9BB680633144A12881A8021E0E2
:1074E00000237B770DE07B7F7A7F5200B9680A44E6
:1074F000F9681C335B000B445B8813807B7F01338E
:107500007B777B7F032BEED9BB6806331A88074B4A
:107510001B889A4206D9BB680633044A12881A802F
:1075200000E000BF2437BD4690BD00BFA462030841
:1075300080B588B000AFF860B9607A60BB6803F5C9
:1075400082530833FA68127907F114001946EBF7F1
:10755000FDFE7B68043307F114021146184603F060
:10756000ABF900BF2037BD4680BD00002DE9F041DA
:107570009AB006AF78607B689B68BB647B689B6849
:1075800003F5814338337B647B681846FEF724FAA1
:107590003864786CF5F7E0FB0346FB87786CF5F709
:1075A000B6FC034687F83D30786CF5F79FFC034640
:1075B0007B87B7F93A30002B37D07B6893F8473098
:1075C000002B2AD03B6C1B6818331B68FA8F1146BE
:1075D000386C98477B68002283F84620B7F93A3028
:1075E000002B11DA7B68DB6C002B06D13B6C1B682F
:1075F00010331B680021386C984706F00FFC0346D7
:1076000003F5FA727B68DA6406F008FC034603F5BA
:107610009C5308337A68936404E0FB8FDAB27B688A
:1076200083F838207B6800225A617B689B68184683
:10763000F7F774FF03463B8797F83D30012B40F086
:107640009A807B6893F84730002B54D03B6C1B68C2
:1076500010331B680021386C98477B6893F84630DC
:10766000002B32D07B68002283F846203B6C1B68DD
:107670001C331B68386C984703467B867B6893F8FD
:10768000383087F8313097F831307A681C335B0036
:1076900013447A8E5A8097F831307A681344012265
:1076A00083F8422097F8312007F11C0319467868C7
:1076B000FFF7A4FE3B8F5AB27B681B7907F11C01D0
:1076C00000200090B86CEAF7E7FF7B68002283F89F
:1076D00047207B6893F83830FB87B7F93E100123C9
:1076E0000293012301930123009303230022786C6A
:1076F000F5F7F6FA38E07B68012283F84720FB8F24
:107700007A681C335B0013445B88BB86B7F934107E
:10771000A14B1B881AB2BB8E40F2DC50834201D9C8
:10772000052300E001230020029032200190009305
:1077300013466422786CF5F7D3FA3B6C1B68183358
:107740001B68BA8E1146386C98473B6C1B68103327
:107750001B680121386C984706F060FB034603F56F
:107760001C5310337A6893647B6800225A617B68EB
:107770000022DA6493E097F83D30022B40F08F80CE
:107780003B6C1B6810331B680021386C9847BB6C3E
:1077900003F5825308331846E9F7B6FE0346002B7B
:1077A00008D07B68B3F840207B68DB8F9A4201D217
:1077B000012300E00023002B06D07B68DB8FC83359
:1077C0009AB27B68A3F8402007F10C031846EAF749
:1077D00085F87B685B8FBB817B689B8FFB817B68B7
:1077E000DB8F3B827B68B3F840307B82BB6C03F558
:1077F00086531E3307F10C0211461846ECF7B0F819
:107800000346002B41D07B6819797B6803F13A026B
:107810003B8F5BB200930323B86CEAF76CFB034623
:1078200087F837307B6803F13A013B8F5AB27B68A7
:10783000187997F8373000930346B86CEAF72CFFB5
:107840003A6CB96C7868FFF773FE7B689B6803F548
:107850004B533C331846F3F7AFFA97F83730002B09
:1078600008D07B689B6803F5854328331846E9F701
:10787000F7FC07E07B689B6803F5854328331846CF
:10788000E9F730FD7B681B6AABE17B689B6803F519
:10789000854328331846E9F725FD7B68A1E17B681D
:1078A0009B6803F5804378331846F5F730FB0346B1
:1078B00087F8303097F83030022B20D17B689B68F6
:1078C00003F5854328331846E9F70CFD3A6CB96C8B
:1078D0007868FFF72DFE7B681B791946B86CEAF7CC
:1078E000FDF8024607F108031068186007F1080365
:1078F0001946B86CEAF799F87B681B6A71E17B68F6
:107900001B79022B64D07B6893F8473083F0010326
:10791000DBB2002B5CD07B689B6803F58043783337
:107920001846F5F719FA0346FB857B689B6803F553
:10793000804378331846F5F7D9FA0346002B14BF75
:1079400001230023DBB2002B10D07B68FA8DA3F853
:1079500052203B6C1B6830331B687A68B2F85220A7
:107960001146386C98477B6800225A6197F830308E
:10797000012B2DD17B68B3F85230002B0ED07B68E1
:107980000022A3F852203B6C1B6810331B680021B7
:10799000386C984719E000BFA46203087B689B68B5
:1079A00003F5804378331846F5F7D6F903469AB2C3
:1079B0007B68A3F852203B6C1B6830331B687A68E5
:1079C000B2F852201146386C98477B6800225A6101
:1079D00006F024FA02467B685B699A4234BF0123B1
:1079E0000023DBB2002B01D07B68FAE006F016FA28
:1079F000034603F5FA727B685A617B68DB6C002BE7
:107A000008D006F00BFA02467B68DB6C9A4201D97B
:107A1000012300E00023002B09D07B680022DA64F8
:107A20003B6C1B6810331B680121386C98477B68DE
:107A30009B6C002B11D006F0F1F902467B689B6C21
:107A40009A420AD9386CEFF7BDFF034683F0010371
:107A5000DBB2002B01D0012300E00023002B06D075
:107A60003A6CB96C7868FFF763FD0023B9E03B6CB2
:107A70001B6814331B68386C98470346BB853B6C06
:107A80001B681C331B68386C984703467B853B6C2E
:107A90001B6820331B68386C9847034687F82930E9
:107AA0003B6C1B682C331B68386C98470346FB847F
:107AB0007B681B79022B01D0C82300E02823BB84FC
:107AC0007B6893F84730002B36D0BA8D7B8DD31A64
:107AD000002BB8BF5B42102B2EDCFA8CBB8C9A4279
:107AE0002AD897F82930002B26D07B6893F84630A7
:107AF00083F00103DBB2002B0CD07B689B6C002B66
:107B000008D006F08BF902467B689B6C9A4201D93B
:107B1000012300E00023002B0ED07B689B6803F557
:107B2000854328331846E9F79BFB7B68012283F8DD
:107B300046207B6800229A64BB8DA7F84E307B6894
:107B400093F8473083F00103DBB2002B09D07B6848
:107B500093F838307A681C335B0013445B88A7F8CD
:107B60004E307B689B6803F54B543C34BB6C03F58B
:107B700086531E337A6892F838107A68127918465C
:107B8000EBF7F0FC03469846BB6C03F582530833D1
:107B90001846E9F7A7FC03463B607B6893F847303B
:107BA0007A6892F84620796891F838100846796822
:107BB000014491F842107868B0F85200B7F84E606E
:107BC0007D8D059004910392029397F829300193DB
:107BD0003B68009333462A4641462046F2F7B4FEFE
:107BE0007B6818465037BD46BDE8F08180B588B047
:107BF00004AF78607B689B6803F54B533C33FB60B4
:107C00007B689B6803F581433833BB60F868F3F702
:107C1000E1F803461A467B6883F83020012302937B
:107C20000123019301230093022300220021B8685D
:107C3000F5F756F87B6800225A627B68002283F8C9
:107C40002C207B68002283F82D207B68002283F89B
:107C50002E207B6803225A867B6800225A617B684B
:107C6000012283F82F207B6800229A6200BF103720
:107C7000BD4680BD90B597B004AF78607B689B68C7
:107C800003F54B533C333B647B689B68FB637B6829
:107C90009B6803F581433833BB637B681846FDF767
:107CA0009BFE78637B6893F8303083F00103DBB28E
:107CB000002B0AD07B689B6803F585432833184660
:107CC000E9F710FB7B681B6A34E27B689B6803F56D
:107CD000804378331846F5F71AF90346002B14BF92
:107CE00001230023DBB2002B0DD07B68002283F838
:107CF0002E207B6B1B6810331B687A6892F82E204D
:107D00001146786B9847B86BF5F726F803467B86E3
:107D1000B86BF5F7FCF8034687F83130786BEFF76E
:107D200051FE034683F00103DBB2002B22D07B68B7
:107D30001B79022B01D00023FCE17B689B6A002B9E
:107D400013D006F06BF802467B689B6A9A420CD906
:107D50007B689B6803F5814378331846EFF77CFE18
:107D60000346002B01D0012300E00023002B01D0AB
:107D70000023DFE197F83130002B04D17B685B8E64
:107D80007A8E9A4202D07B6800225A6106F046F849
:107D900002467B685B6A9A422CBF01230023DBB258
:107DA000002B29D006F03AF8034603F164027B6801
:107DB0005A627B6B1B681C331B68786B98470346C1
:107DC0001C467B6B1B6814331B68786B9847034613
:107DD000E31A9BB2FB857B6B1B682C331B68786BAB
:107DE00098470346BB623B6C5433BA6A92B2B7F908
:107DF0002E101846F6F7E6F906F010F802467B68F2
:107E00005B699A4234BF01230023DBB2002B01D00F
:107E10007B688FE17B681846FDF7DEFD0346002B8B
:107E200001D0043300E000237B627B6893F82D309F
:107E3000002B00F0B88005F0F1FF034603F1640267
:107E40007B685A6197F83130012B18D17B6800228A
:107E500083F82D207B6893F82C3019B2012302930C
:107E6000012301930123009302230022B86BF4F74E
:107E700037FF7B68012283F82F207B685AE197F84F
:107E80003130022B56D17B6893F82E3083F00103FA
:107E9000DAB27B6883F82E20FB6B03F5825308333C
:107EA0007A68127911461846EAF7E6FF03463B84E2
:107EB0007B689B681846F7F731FB0346FB837B68BA
:107EC0001B79B7F91E20398C00200090F86BE9F778
:107ED0005BFE03463B847B6B1B6818331B683A8C44
:107EE0001146786B98477B6B1B6810331B687A6868
:107EF00092F82E201146786B98477B6893F82E30C5
:107F0000002B0FD03B6C54331846FDF7CFFC7B6839
:107F10001B79022B06D105F081FF034603F5FA62B7
:107F20007B689A627B689B6803F585432833184613
:107F3000E9F796F97B6893F82F30002B0CD07B681B
:107F4000002283F82F20386CF0F792FF7B4B7C4A9D
:107F50007C49386CF2F7CAFF7B685B8E7A8E9A4256
:107F60001DD07B687A8E5A867B6893F82C3001335B
:107F7000DBB27A8E1946786A02F00FFD7B6893F8BF
:107F80002C307A8E1946386CF3F7FCF805F046FF72
:107F9000034603F57A727B685A617B68CAE0386CE5
:107FA000F3F770F9C5E005F039FF034603F57A727F
:107FB0007B685A617B685B8E7A8E9A4207D07B68B9
:107FC0007A8E5A867B8EDAB27B6883F82C2097F8FB
:107FD0003130012B4CD17B68012283F82D207B8E20
:107FE000DAB27B6883F82C2000237B847B8EDBB2A3
:107FF0000133DBB24FF0FF321946786A02F0CDFC54
:1080000003467B84012387F847300A2387F84630EC
:108010007B8E002B02D07B8E022B05D10A2387F8A2
:108020004730642387F846307B68002283F82E208F
:108030007B6B1B6810331B687A6892F82E20114600
:10804000786B9847B7F922100023029397F84630CF
:10805000019397F84730009347F230530022B86BF2
:10806000F4F73EFE7B68012283F82F207B6861E0F5
:1080700097F83130022B27D1786800F065F8034675
:10808000002B16D007F10C03796A1846FDF76EFB3A
:108090007B681A7907F10C031946F86BE9F7C7FEFC
:1080A0007B689B6803F5854328331846E9F7D8F8C1
:1080B00007E07B689B6803F5854328331846E9F79A
:1080C00011F97B681B6A35E07B6893F82F30002B31
:1080D00006D07B68002283F82F20386CF0F7C8FEAA
:1080E000002387F8453017E097F845300133DBB2BD
:1080F0004FF0FF321946786A02F04FFC024697F8BB
:10810000453092B25B0048333B4423F8302C97F85B
:108110004530013387F8453097F84530022BE3D9D5
:108120007B6893F82C2007F118031946386CF3F795
:10813000F7FA7B6818464C37BD4690BD605203087D
:10814000685203086C52030880B58AB004AF7860A7
:108150007B689B6803F5814038300123029301233B
:10816000019301230093012300220021F4F7B8FDBD
:108170007B689B6803F54B533C331846F0F778FE59
:108180007B689B6803F5854328331846E9F768F850
:108190007B689B6803F581437C337B617B681B793B
:1081A000022B05D07B689B6803F57B532C337B61E6
:1081B0000023FB7413E0FB7C0133DBB24FF0FF3292
:1081C0001946786902F0E9FB0246FB7C92B25B003B
:1081D00018333B4423F80C2CFB7C0133FB74FB7CF1
:1081E000022BE8D97B689B6803F54B533C3307F1BE
:1081F0000C0103221846F3F793FA7B689B6803F59A
:108200004D530C331846F0F7F7FC0346002B02D011
:10821000052005F00DFE7B689B6803F5814338332C
:108220001846F4F799FD0346BB747B689B6803F519
:10823000814338331846F4F76AFE0346002B14BF17
:1082400001230023DBB2002B06D0BB7C002B0CBF2C
:1082500001230023DBB211E07B689B6803F54B50E0
:108260003C30BB7C002B0CBF01230023DBB200227F
:10827000009296225E21F3F7B1FCBEE7184618374C
:10828000BD4680BD80B582B000AF78607B689B68DA
:1082900003F54B533C331846F3F736FB00BF083762
:1082A000BD4680BD90B58DB004AF78607B689B689B
:1082B00003F54B533C33FB617B689B6803F58253AA
:1082C00008337A68127907F108001946EAF751FD78
:1082D0007B681846FDF780FBB861BB69043307F182
:1082E00008021146184602F0E7FAF869F2F772FD43
:1082F0007B681B79002B07D17B683C229A847B68C2
:1083000041F288329A6237E07B681B79022B2CD1CC
:108310007B684FF4FA729A847B6844F620629A6212
:108320007B689B6803F5814378331846EFF74AFB77
:10833000034683F00103DBB2002B1DD07B689B68F2
:1083400003F58143783301211846F6F785F94FF498
:108350007A7005F06DFD7B689B6803F58143783387
:1083600000211846F6F778F906E07B6832229A84F5
:108370007B6844F620629A627B689B6803F58253AF
:1083800008337A68127911461846EAF775FD0346F4
:10839000FB827B689B681846F7F7C0F80346BB82F0
:1083A0007B689B681C467B681B79B7F91420F98AA7
:1083B000002000902046E9F7E7FB03461A467B6859
:1083C000DA877B689B6803F5814038307B68B3F8B7
:1083D0005C301BB2002202920A220192012200921A
:1083E00000220021F4F77CFC7B6800221A637B6882
:1083F000FA22A3F846207B6800229A637B68002259
:1084000083F84820F869F0F733FD0A4B0A4A0B4914
:10841000F869F2F76BFD7B6800225A617B680022E5
:10842000DA647B68002283F8522000BF2437BD46FF
:1084300090BD00BF78520308685203087C520308BD
:1084400090B597B002AF78607B689B6803F54B539B
:108450003C33BB647B689B6803F5814338337B64A2
:108460007B681846FDF7B8FA3864786CF4F74FFD6E
:10847000034687F84F3097F84F30002B02D07B68C7
:1084800000225A617B68DB6C002B08D005F0C6FC2B
:1084900002467B68DB6C9A4201D9012300E000238D
:1084A000002B02D07B680022DA647B6893F84830A6
:1084B000002B0ED07B68DB6C002B0AD1386CEFF7F9
:1084C00081FA034683F00103DBB2002B01D00123C4
:1084D00000E00023002B14D07B681B79022B02D014
:1084E000002300F0EEBC7B689B6803F58143783382
:1084F0001846EFF7B1FA0346002B02D0002300F034
:10850000E0BC05F08BFC02467B681B6B9A422CBFDB
:1085100001230023DBB2002B25D03B6C1B681C33EE
:108520001B68386C984703461A467B68DB8FD31A62
:108530009BB2FB873B6C1B6824331B68386C9847E5
:108540000346BB8705F06AFC02467B68B3F84630F9
:108550001A447B681A63BB6C5433BA8FB7F93E1068
:108560001846F5F72FFE786CF4F7F6FB03467B8789
:10857000786CF4F7BBFC0346002B14BF01230023E7
:10858000DBB2002B18D07B6893F84830002B06D163
:10859000012387F84F307B6800225A610CE07B682A
:1085A00093F84830012B07D13B6C1B6830331B68B4
:1085B0007A8F1146386C984705F030FC02467B688C
:1085C0005B699A4234BF01230023DBB2002B02D047
:1085D0007B6800F076BC05F021FC034603F5FA72D7
:1085E0007B685A613B6C1B681C331B68386C98476E
:1085F00003463B873B6C1B6828331B68386C9847E5
:1086000003467B633B6C1B682C331B68386C9847B4
:1086100003463B633B6C1B6824331B68386C9847EC
:108620000346FB6297F84F30012B40F0F4807B68E3
:10863000FA22A3F846207B6893F84830002B44D1F7
:108640007B68012283F8482005F0E8FB02467B683E
:108650001B6E1A447B68DA643B6C1B6814331B681E
:10866000386C984703461A467B68DA877B68DB8F4D
:108670004FF4C86240F24C41184603F027FD034610
:108680009AB27B68DA87BB6C54331846FDF70EF953
:108690003B6C1B6830331B687A8F1146386C9847E7
:1086A0009849B86CF3F7DAF805F0B8FB78627B68A4
:1086B0009A6D7B6A1A447B685A617B6800229A63D0
:1086C0007B6800225A637B68FBE37B6893F8483041
:1086D000012B5ED1B7F938307A68D28F934240F3DC
:1086E000C5807B68DB8F9A1DB7F938309A42C0F29B
:1086F000BD803B6B042B00F2B980FB6A002B40F37A
:10870000B580FB6A0A33804A82FB0312D210DB1762
:10871000D31A9AB2FB6A9BB213449AB27B689A87C7
:108720003B6C1B6830331B687A68928F1146386C3B
:1087300098477649B86CF3F791F87B689B6803F526
:10874000854328331846E8F78BFD05F067FBB862D0
:108750007B689A6DBB6A1A447B685A617B689A6A27
:10876000BB6A1A447B685A63BB6A03F52F3303F56F
:1087700048737A6893637B68022283F848207B6899
:108780000022A3F840207B68002283F82C207B681D
:1087900097E33B6C1B6810331B680021386C9847CB
:1087A0007B6893F84830052B0DD17B68B3F85030C7
:1087B000082B08D9396C786800F094FB0346002B2D
:1087C00001D0012300E00023002B12D07B68DB697D
:1087D000002B0ED07B68DA697B681B79194610463E
:1087E000FAF7BEFD7B68012283F852207B68DB69C3
:1087F00067E37B68002283F848204549B86CF3F7AB
:108800002DF805F00BFB02467B689B6D1A447B68D4
:108810005A617B6855E397F84F30022B26D17B686D
:108820001B6A002B22D07B689B6803F582530833B8
:108830007A68127907F108001946EAF787FD3B6C60
:10884000043307F108021146184602F035F87B6838
:108850001A6A7B681B7919461046FAF781FD7B6816
:10886000012283F852207B681B6A2AE37B689B699C
:10887000002B0CD07B689B6803F580437833184647
:10888000F4F745FB0346002B01D0012300E0002351
:10889000002B02D07B689B6913E37B685C6B05F05F
:1088A000BDFA03469C4294BF01230023DBB2002B98
:1088B00000F0D7827B6893F84830023B032B00F22C
:1088C000C78201A252F823F0D9880108578B01080A
:1088D000ED8B0108058D0108002387F84E307B6879
:1088E000B3F84030002B15D13A8F7B68A3F84020B5
:1088F00005F094FA034603F57A727B685A637B6845
:10890000DFE200BF8852030867666666905203087C
:108910009C52030805F082FA034603F57A727B68DD
:108920005A637B6893F82C30032B50D0B7F938305A
:108930007A68D28F93424ADA7B68B3F840301A469D
:10894000B7F938309A4242DD7B681B79022B15D08B
:108950003B6C1B6834331B68386C984703461A46D7
:108960009F4BA3FB02235B099BB219467B689A8F3E
:108970008BB213449AB27B689A8705E07B689B8F21
:1089800001339AB27B689A873B6C1B6830331B6853
:108990007A68928F1146386C9847012387F84E30D9
:1089A00005F03CFA02467B689B6A1A447B685A636E
:1089B0007B6893F82C30012B04D17B68032283F869
:1089C0002C2059E07B68022283F82C2054E07B683D
:1089D00093F82C30032B4FD0B7F938307A68D28F08
:1089E000934249DD7B68B3F840301A46B7F9383016
:1089F0009A4241DA7B681B79022B15D03B6C1B68CD
:108A000034331B68386C984703461A46744BA3FBF3
:108A100002235B099BB219467B689A8F8BB2D31AEB
:108A20009AB27B689A8705E07B689B8F013B9AB27C
:108A30007B689A873B6C1B6830331B687A68928F1F
:108A40001146386C9847012387F84E3005F0E6F957
:108A500002467B689B6A1A447B685A637B6893F87A
:108A60002C30022B04D17B68032283F82C2003E0F6
:108A70007B68012283F82C203A8F7B68A3F8402082
:108A800097F84E30002B01D07B681AE27B68B3F870
:108A90004030002B00F0DE817B689B8C1A467B6B9C
:108AA000934200F2D7817B6893F82C30032B0AD0D5
:108AB000B7F938307A68D28F9B1A002BB8BF5B4267
:108AC000132B00F3C7813A8F7B68DA877B689B8F13
:108AD0009B089AB27B68A3F84420BB6C54331846B9
:108AE000FCF7E4FE3F49B86CF2F7B8FE3B6C1B683C
:108AF00030331B687A68918F7A68B2F844200A4450
:108B000092B21146386C98477B689B6803F58543A1
:108B100028331846E8F7A4FB05F080F978617B68F4
:108B20009A6D7B691A447B685A617B6903F59C43A3
:108B300020337A6853637B68032283F848207B687C
:108B400000229A637B689B8C952B02D87B689622C7
:108B50009A847B68B5E17B689B8C1A467B6B934259
:108B600000F27A813B6B042B00F276813A8F7B68AE
:108B7000DB8FD31A9AB27B68A3F842201A49B86CEB
:108B8000F2F76CFE3B6C1B6830331B687A68918F80
:108B90007A68B2F844208A1A92B21146386C984723
:108BA0007B689B6803F5854328331846E8F758FB34
:108BB00005F034F9B8617B689A6DBB691A447B682B
:108BC0005A61BB6903F51C4340337A6853637B6881
:108BD000042283F848207B6800229A637B6870E156
:108BE0001F85EB51A4520308B0520308B7F938208F
:108BF0007B68DB8F19467B68B3F84230CB1A9A4208
:108C000080F22C817B689B8C1A467B6B934200F22E
:108C100025813B6B042B00F221817B680022A3F8A5
:108C200050207B68DA8F3B8FD31AFB837B68B3F8C5
:108C30004230FA8B9A4203D27B68FA8BA3F8422027
:108C40007B68B3F842305B009AB27B68A3F842209D
:108C50007B68B3F842309D4AA2FB03235B089AB2BB
:108C60007B68A3F842207B68B3F842207B68B3F8A6
:108C700054309A4205D27B68B3F854207B68A3F83D
:108C800042207B681B79022B0DD07B68B3F8422011
:108C90007B68B3F854309A4205D97B68B3F8542006
:108CA0007B68A3F842203B6C1B6838331C687B68E8
:108CB000998F7B68B3F844207B68D88F7B68B3F8C2
:108CC000423000930346386CA0477B689B6803F5ED
:108CD000854328331846E8F7D9FA7D49B86CF2F78E
:108CE000BDFD05F09BF802467B689B6D1A447B68CE
:108CF0005A617B68052283F848207B6800229A63CA
:108D00007B68DEE03B6C28331846FCF741FD0346E8
:108D10001A467B68B3F850309A428CBF0123002377
:108D2000DBB2002B00F09C803B6C28331846FCF72C
:108D30002FFD03461A467B68A3F850207B68B3F8E2
:108D40005030032B4BD97B68B3F850300B2B27D80E
:108D50003B6C28331846FCF728FD03467B847B8C4C
:108D6000FA337B847B8C5B4AA2FB03121209FA2143
:108D700001FB02F29B1A9BB27A8CD31A7B847B8C08
:108D8000554AA2FB03239B099BB24FF4FA6232219E
:108D9000184603F09BF903469AB27B68A3F8462075
:108DA0003B6C28331846FCF700FD03463B843B8CA4
:108DB00032334A4A82FB03125211DB17D31A40F2B4
:108DC000E7320021184603F081F903463B847B68B3
:108DD000B3F850203B8C1946B86CF2F763FD7B6802
:108DE000B3F85030172B0CD87B68B3F850300F2BEA
:108DF00009D93B6C2833184602F0BCF80346002B17
:108E000001D0012300E00023002B29D03B6C1B681C
:108E100010331B680021386C9847396C786800F073
:108E200061F87B68002283F848207B68DB69002BAF
:108E300016D07B68DA697B681B7919461046FAF709
:108E40008FFA7B68012283F852207B68DB6938E067
:108E500000BF06E000BF04E000BF02E000BF00E08A
:108E600000BF7B689B6B002B08D004F0D7FF024645
:108E70007B689B6B9A4201D9012300E00023002B01
:108E80001BD03B6C1B6810331B680021386C984763
:108E90007B68002283F848201149B86CF2F7DEFCA9
:108EA00004F0BCFF02467B689B6D1A447B685A61E4
:108EB0007B6800229A637B6803E0B86CF2F7E2F902
:108EC0007B6818465437BD4690BD00BFABAAAAAA1E
:108ED000BC520308D34D6210CDCCCCCC1F85EB51D6
:108EE0009C520308F0B585B000AF786039603B68EC
:108EF00028331846FCF775FC03461C463B682833AC
:108F00001846FCF75FFC0346E31A0133DA0F1344FB
:108F10005B10FB60FB6803FB03F37A68B2F8422046
:108F200011467A68B2F8422001FB02F29B1ABB603C
:108F3000BB68002B1ADD3B681C1D7B68B3F84450EE
:108F4000BE683B6828331846FCF72FFC03463246C0
:108F50002946204601F054FD7B689B6803F5854354
:108F600028331846E8F77CF9012300E0002318466F
:108F70001437BD46F0BD80B582B000AF78607B6825
:108F800093F8523083F00103DBB2002B07D07B68EB
:108F90009B6803F54B533C331846F2F7B5FC00BF12
:108FA0000837BD4680BD80B586B004AF78607B6869
:108FB0009B6803F58140383000230293012301931D
:108FC00001230093012300220021F3F789FE7B682F
:108FD00093F82430002B08D07B689B6803F5854309
:108FE00028331846E8F77EF907E07B689B6803F5AD
:108FF000854328331846E8F733F97B689B6803F507
:109000004B533C331846EFF733FF7B689B6803F5FF
:109010004B503C307B6893F824107B6893F82520F4
:109020006423F2F792FC7B6893F82630002B0DD076
:109030007B689B6803F54B503C307B6803F126014D
:10904000AA230093C8233222F3F74EF97B6800224B
:109050005A6100BF0837BD4680BD80B584B000AFFF
:1090600078607B689B6803F5814338331846F3F7D3
:109070004EFF0346FB73FB7B022B06D17B68662207
:1090800083F825207B681B6A1AE0FB7B002B0AD142
:109090007B689B6803F5804378331846F3F737FF06
:1090A0000346002B01D0012300E00023002B06D053
:1090B0007B68662283F825207B689B6900E07B68DB
:1090C00018461037BD4680BD80B584B000AFF8604B
:1090D0007B600B46FB721346BB72FB68BA7A83F85F
:1090E0002420FB68FA7A83F825207B68002B07D0C0
:1090F000FB6826331322796818461BF037F903E022
:10910000FB68002283F8262000BF1037BD4680BDD3
:1091100080B586B004AF78607B689B6803F58140BA
:10912000383000230293012301930123009301238C
:1091300000220021F3F7D4FD7B6814211846FCF7C8
:109140003DFC7B681846FCF720FC7B689B6803F5B8
:109150004B533C331846EFF78BFE7B6800225A6175
:1091600000BF0837BD4680BD80B584B000AF7860D1
:109170007B689B6803F54B533C33FB607B689B68C3
:1091800003F5814338331846F3F7C1FE0346FB72FB
:10919000FB7A012B02D17B689B6935E0FB7A022BBD
:1091A00002D17B681B6A2FE07B689B6803F58043D4
:1091B00078331846F3F7ABFE0346FB72FB7A012BBC
:1091C00002D17B689B691FE0FB7A022B02D17B688E
:1091D0005B6A19E004F022FE02467B685B699A42F2
:1091E00034BF01230023DBB2002B01D07B680BE0EE
:1091F00004F014FE034603F56A4360337A68536152
:10920000F868F2F7F1FD7B6818461037BD4680BD5F
:1092100090B589B004AF78607B689B6803F58040A7
:1092200078307B689B8D1BB2002202920A22019249
:109230000222009200220021F3F752FD7B689B6816
:1092400003F5825308331846E9F702FB0346FB8116
:109250007B689B6803F5825308331846E9F70FFBD8
:109260000346BB817B689B6803F581403830B7F9C2
:109270000E10B7F90E20B7F90C30002402940A241E
:10928000019405240094F3F72BFD7B689B6803F59C
:109290004B533C331846EFF7EBFD7B689B6803F5B7
:1092A0004B533C330B491846F0F7E0FB7B68002238
:1092B00083F828207B68002283F829207B6800221D
:1092C00083F82A207B6800225A6100BF1437BD460C
:1092D00090BD00BFCC5203082DE9F04196B008AF15
:1092E00078607B689B6803F54B533C333B637B683A
:1092F0009B6803F57B532833FB627B689B6803F50F
:1093000081437833BB627B689B6803F58043783385
:109310001846F3F721FD0346FB847B689B8CFA8C8F
:109320009A4211D07B68FA8C9A847B6800225A6139
:109330007B68012283F82A20FB6A1B6830331B6894
:10934000FA8C1146F86A98477B689B6803F580435E
:1093500078331846F3F7DBFD0346002B14BF0123D7
:109360000023DBB2002B1DD07B6893F82A3083F0FA
:109370000103DAB27B6883F82A207B6893F82A30ED
:10938000002B08D0FB6A1B6830331B68FA8C11462F
:10939000F86A984706E0FB6A1B6810331B680021D7
:1093A000F86A98477B689B6803F581433833184611
:1093B000F3F7D2FC0346FB847B68DB8CFA8C9A4281
:1093C00022D07B68FA8CDA847B6800225A617B6841
:1093D00093F82830002B05D0FB8C1946B86AFCF7AF
:1093E0004BFA11E07B6893F82930002B05D0FB8CF9
:1093F0001946B86AF5F718F906E0BB6A1B683033FE
:109400001B680021B86A9847BB6A0121184602F020
:10941000DCFE0346002B20D07B6893F8283083F0D5
:109420000103DBB2002B2CD07B68DB8C1946B86AB9
:10943000FCF722FABB6A1B6830331B687A6892F823
:109440002E201146B86A98477B68012283F82820AD
:109450007B68012283F8292013E07B6893F8283089
:10946000002B0ED0BB6A1B6830331B680021B86A22
:1094700098477B68002283F828207B68002283F8C5
:1094800029207B689B6803F5814338331846F3F73E
:109490003EFD034687F8253097F82530012B23D170
:1094A000BB6A1B6808331B68B86A98470346002BE1
:1094B00021D07B6893F8293083F00103DBB2002BC5
:1094C00009D07B68012283F82920FB8C1946B86AF1
:1094D000F5F7AAF80FE07B68002283F82920002125
:1094E000B86AF5F7A1F806E097F82530022B02D10B
:1094F0007B681B6A16E104F091FC02467B685B699D
:109500009A4234BF01230023DBB2002B01D07B68D9
:1095100008E104F083FC034603F2EB127B685A6116
:109520007B6893F82A30002B02D07B689B8C00E08C
:109530000023BB817B68DB8CFB817B689B6803F528
:109540007B5328331846FCF75BF903463B82BB6A22
:109550001846FCF755F903467B827B689B6803F548
:109560007B5328331846FCF77AF90346BB82BB6A63
:109570001B681C331B68B86A98470346FB82FB6A6A
:109580001846FCF74DF903463B83ECF7E3FA034634
:109590007B83FB6A1B6828331B68F86A984703467D
:1095A00040F2E7320021184602F090FD03469BB2DC
:1095B000BB83BB6A1B6828331B68B86A984703469D
:1095C00040F2E7320021184602F080FD03469BB2CC
:1095D000FB837B689B681846FCF791F903463B8444
:1095E000ECF7ACFA0346002B09D07B8BA3F57A731A
:1095F000002BB8BF5B42312B01DC012300E00023CC
:1096000087F8243097F8243083F00103DBB2002B75
:1096100005D07B8BB3F57A7F01D100237B837B68F8
:109620009B6803F57B5328331846EAF71AFC034678
:10963000012B0CBF0123002387F8233097F8233038
:10964000002B0ED07B689B6803F57B5328331846AC
:10965000FCF7F6F80346002B14BF01230023DBB20E
:1096600000E0002387F822307B689B6803F57B537A
:1096700028330021184602F0A8FD034687F837304A
:1096800097F82330002B0DD07B689B6803F57B5344
:1096900028330121184602F098FD034683F00103A8
:1096A00087F837303C6B7B6893F82A50BB6A0121FE
:1096B000184602F08AFD034698467B689B6803F5CE
:1096C0007B5328331846EEF77DF903461E46BB6AE6
:1096D0001846EEF777F903463B607B689B6803F515
:1096E000814378330121184602F06FFD034683F071
:1096F0000103DBB207F10C0197F82420069297F8DA
:109700002220059297F83720049297F8232003929D
:1097100002933B680193009643462A462046F2F79F
:1097200017FC7B6818463837BD46BDE8F08180B528
:1097300086B004AF78607B68022283F828207B68BB
:109740009B6803F581403830012302930123019384
:1097500001230093012300220121F3F7C1FA7B6862
:109760009B6803F54B533C331846EFF781FB7B684E
:109770009B6803F54B533C3352211846F0F760F9D0
:109780007B689B6803F54D530C3350211846EBF76B
:10979000EEF87B689B6803F54D530C331846EFF7E2
:1097A0001BFA00BF0837BD4680BD80B586B002AF4A
:1097B00078607B689B6803F5814338331846F3F77C
:1097C000CBFA0346FB737B6893F82830FA7B9A4206
:1097D00014D07B68FA7B83F828207B689B6803F5AC
:1097E0004B503C30FB7B002B0CBF01230023DBB232
:1097F0000022009264225721F2F7F0F97B689B68FF
:1098000003F5814338331846F3F781FB0346002BF9
:1098100014BF01230023DBB2002B19D0FB7B002BEC
:1098200013D17B689B681846F4F7C0F8034683F0B1
:109830000103DBB2002B08D07B68586A00230122A9
:109840005921FFF741FC002303E07B689B6900E09E
:109850007B6818461037BD4680BD80B586B004AF22
:1098600078607B68022283F828207B68012283F8D5
:1098700029207B6801225A857B689B681846F3F78C
:10988000CDFC7B6800229A857B689B6803F581404C
:109890003830012302930123019301230093012314
:1098A00000220121F3F71CFA7B689B6803F54B53F8
:1098B0003C331846EFF7DCFA7B689B6803F54B53A3
:1098C0003C3361211846F0F7BBF87B689B6803F5D1
:1098D0004D530C3350211846EBF749F87B689B68D1
:1098E00003F54D530C331846EFF776F900BF0837F0
:1098F000BD4680BD80B586B002AF78607B6893F8C6
:109900002930002B6FD07B689B6803F58143383387
:109910001846F3F721FA0346FB737B6893F8283067
:10992000FA7B9A4214D07B68FA7B83F828207B6804
:109930009B6803F54B503C30FB7B002B0CBF012395
:109940000023DBB20022009264225821F2F746F98C
:109950007B689B6803F5814338331846F3F7D7FAE1
:109960000346002B14BF01230023DBB2002B00F0C1
:109970008780FB7B002B33D17B68002283F8292072
:109980007B689B6803F54B533C331846EFF770FA3E
:109990007B689B6803F54D530C3350211846EAF75A
:1099A000E6FF7B689B6803F54D530C331846EFF7D1
:1099B00013F97B689B6803F54B533C3361211846D0
:1099C000F0F73EF87B689B6803F54B503C307B68B2
:1099D000998D7B685A8D0123F2F7C4FC7B6850E0B7
:1099E0007B689B694DE07B689A8D7B685B8D9A42B2
:1099F0002AD27B689B681A467B689B8D1946104665
:109A0000F3F717FC034683F00103DBB2002B08D009
:109A10007B68586A002301225421FFF755FB00237D
:109A20002FE07B689B8D01339AB27B689A857B68B7
:109A30009B6803F54B503C307B68998D7B685A8D51
:109A40000023F2F78FFC1BE07B689B681846F3F756
:109A5000ADFF034683F00103DBB2002B07D07B6828
:109A6000586A002301225921FFF72EFB06E07B688C
:109A7000586A002300225521FFF726FB002300E04F
:109A80007B6818461037BD4680BD80B584B000AFF6
:109A9000F860B9607A60B968F8681AF004F8796813
:109AA000F86819F0A7FF00BFF8681037BD4680BD01
:109AB00090B58BB000AFF860B9607A60002387F88A
:109AC000273007F114031846FBF7FFFE0346002B6F
:109AD00003D0012387F8273024E007F11803B96881
:109AE000184619F0A3FF07F11C037968184619F00E
:109AF0009DFF07F11C0207F118031146184600F0FC
:109B000052F803461C4607F11C03184619F0FBFCEB
:109B100007F11803184619F0F6FC002C02D00123B7
:109B200087F8273097F82730002B2BD0B86819F02A
:109B3000E0FD0446786819F0DCFD034623443B62EF
:109B4000B86819F0DAFD02463B6A934208D9786892
:109B500019F0D3FD02463B6A934201D8012300E08D
:109B60000023002B0ED0BA680021786819F0EAFEB5
:109B70000346184600F022F803461946F86819F023
:109B800065FD0CE07968B86819F02AFF03461846AD
:109B900000F014F803461946F86819F057FDF86804
:109BA0002C37BD4690BD80B483B000AF786039607B
:109BB000012318460C37BD4680BC704780B483B083
:109BC00000AF78607B6818460C37BD4680BC704794
:109BD00080B582B000AF78600B46FB70FB78652BD8
:109BE0002DD87B681B78002B0FD0FA781346DB004A
:109BF0009B1A9B007A6813440833184619F07BFDC2
:109C00000346002B01D0012300E00023002B0CD0E1
:109C1000FA781346DB009B1A9B007A6813440833DA
:109C2000184619F001FF03460AE0FA7879681346EE
:109C3000DB009B1A9B000B4404331B6800E00023ED
:109C400018460837BD4680BD90B58DB000AFF860AE
:109C5000B9601346FB71F86819F0EAFCFB79652BD3
:109C600049D8BB681B78002B0FD0FA791346DB006C
:109C70009B1A9B00BA6813440833184619F03BFD41
:109C80000346002B01D0012300E00023002B0CD061
:109C9000FA791346DB009B1A9B00BA681344083319
:109CA0001946F86819F057FD25E0FA79B9681346A6
:109CB000DB009B1A9B000B4404331C6807F12C0348
:109CC000184619F01EFC07F12C0207F11403214677
:109CD000184619F025FF07F114031946F86819F022
:109CE000DAFC07F11403184619F0CFFC07F12C0336
:109CF000184619F008FC00BFF8683437BD4690BD1F
:109D000080B485B000AF78600B46FB700023FB7316
:109D1000FB783C2B00F2958001A252F823F000BFA3
:109D2000159E0108439E0108439E0108439E0108B9
:109D3000439E0108439E0108439E0108439E01087B
:109D4000439E0108439E01081B9E0108439E010893
:109D5000439E0108439E0108439E0108439E01085B
:109D6000439E0108439E0108439E0108439E01084B
:109D7000439E0108439E0108439E0108439E01083B
:109D8000439E0108219E0108439E0108439E01084D
:109D9000439E0108439E0108439E0108439E01081B
:109DA000439E0108439E0108439E0108439E01080B
:109DB000279E0108439E0108439E0108439E010817
:109DC000439E0108439E01082D9E0108439E010801
:109DD000439E0108439E0108439E0108439E0108DB
:109DE000439E0108439E0108339E0108439E0108DB
:109DF000439E0108439E0108439E0108399E0108C5
:109E0000439E0108439E0108439E0108439E0108AA
:109E10003F9E01080923FB7314E00E23FB7311E03E
:109E20000A23FB730EE00523FB730BE00723FB7390
:109E300008E00423FB7305E00423FB7302E0042322
:109E4000FB7300BFFB7B18461437BD4680BC7047D0
:109E500080B586B000AFF860B9607A603B600023DF
:109E6000FB756623BB75386819F0D3FC034683F095
:109E70000103DBB2002B4BD0404B1B6819463868FE
:109E800019F0E3FD0346002B0CBF01230023DBB2D6
:109E9000002B02D04123FB753AE000237B7534E0B0
:109EA0007B7DFA68134493F82C3B1946FA680B46FD
:109EB000DB005B1A9B00134404331B683B61396968
:109EC000386819F0C2FD0346002B0CBF01230023A4
:109ED000DBB2002B16D07B7DFA68134493F82C3B41
:109EE000FB757B7DFA68134493F82C3B1946F868A0
:109EF000FFF706FF03461A46FB7D1344DBB201332E
:109F0000BB7505E07B7D01337B757B7D062BC7D957
:109F1000FB7D3B7528E03A7DF9681346DB009B1A10
:109F20009B000B4404331B681946B86819F08DFD7B
:109F30000346002B0CBF01230023DBB2002B10D003
:109F40003A7D1346DB009B1A9B00FA6813440833E2
:109F50007968184619F0FFFBFB6801221A7001238B
:109F600007E03B7D01333B753A7DBB7D9A42D2D3FE
:109F7000002318461837BD4680BD00BF44000020AE
:109F800080B582B000AF78607868E6F74DF9034697
:109F900018460837BD4680BD80B483B000AF7860F6
:109FA0007B68B43318460C37BD4680BC704780B51B
:109FB00082B000AF786039607B6839681846F6F780
:109FC00067FD00BF0837BD4680BD80B483B000AFD9
:109FD000786039607B683A68DA6600BF0C37BD4646
:109FE00080BC704790B591B000AF786039607B68F5
:109FF00003F504531C3339681846FFF7E6FF7B6806
:10A000000122384918460FF0CFFC0346002B0CBF45
:10A0100001230023DBB2002B4BD07B6803F50053F8
:10A02000D3F8944107F13C03184619F06AFA07F196
:10A030003C0207F124032146184619F071FD07F18F
:10A040000C0307F124022849184600F049FB07F1E8
:10A050002403184619F019FB07F13C03184619F0C0
:10A0600052FA7B6803F58154143407F10C03184647
:10A0700019F0DAFC03460122194620460FF0D4FC01
:10A080000346002B0CBF01230023DBB2002B0BD0B7
:10A090007B6803F501531C337A6802F58152143250
:10A0A00011461846F6F738FD07F10C03184619F06B
:10A0B000ECFA7B6803F501531C331846F6F712FEE1
:10A0C0007B6803F50053002283F88C217B6803F53D
:10A0D00000531A460023C2F8903100BF4437BD46F2
:10A0E00090BD00BFD8520308DC52030890B589B078
:10A0F00000AF78600B46FB707B6803F5005393F864
:10A100008C31FA789A4235D007F10803FA787968E9
:10A11000184600F0F5F807F10803184619F079FB26
:10A120000346002B04D0786800F03CF800241AE0C5
:10A13000786800F037F8FB781946786800F05AF92B
:10A140000346002B0ED0FB781946786800F06AFAB7
:10A150000346002B06D07B6803F500531A46FB78B4
:10A1600082F88C31012407F10803184619F08DFAA2
:10A17000012C00E000BF2437BD4690BD80B584B0FF
:10A1800000AF786039603968786800F06DF8034690
:10A19000FB73FB7B19467868FFF7A8FF00BF1037F9
:10A1A000BD4680BD80B582B000AF78607B6803F5A6
:10A1B0000053D3F89031002B14D07B6803F5005383
:10A1C000D3F89031184619F0B7FF7B6803F50053B8
:10A1D0001A460023C2F890317B6803F50053002231
:10A1E00083F88C2100BF0837BD4680BD80B588B09C
:10A1F00000AFF860B9601346FB71BB6803F501530B
:10A200001C331846F9F77FF80346FB77FA79FB7F92
:10A210009A4212D2BB6803F501531C331846FFF76C
:10A22000BBFEB861FB791946B86900F071FA0346C4
:10A230001946F86819F037FC10E007F114031846C6
:10A2400019F05FF907F114031A460649F86819F086
:10A2500067FC07F11403184619F055F9F868203720
:10A26000BD4680BDE0520308B0B58AB000AF78604B
:10A27000396000247B6803F501531C331846F9F755
:10A2800042F8034687F82630002387F827302BE072
:10A2900007F10C0397F8272079681846FFF7A6FF07
:10A2A00007F10C03184619F0BFFB034614221946A8
:10A2B00038681AF049F80346002B0CBF012300232D
:10A2C000DBB2002B03D097F82740002500E00125E2
:10A2D00007F10C03184619F0D8F9012D0BD197F8A6
:10A2E0002730013387F8273097F8272097F8263052
:10A2F0009A42CDD30024234618462837BD46B0BD28
:10A3000080B588B000AFF860B9601346FB71BB68D8
:10A3100003F501531C331846F8F7F5FF0346FB77A6
:10A32000FA79FB7F9A4213D2BB6803F501531C33C1
:10A330001846FFF731FEB861FB791946B86900F09D
:10A34000E7F9034618331946F86819F0ACFB10E03A
:10A3500007F11403184619F0D4F807F114031A464C
:10A360000021F86819F0DCFB07F11403184619F016
:10A37000CAF8F8682037BD4680BD80B588B000AF08
:10A38000F860B9601346FB71BB6803F501531C33D9
:10A390001846F8F7B8FF0346FB77FA79FB7F9A4235
:10A3A00013D2BB6803F501531C331846FFF7F4FDC5
:10A3B000B861FB791946B86900F0AAF90346303351
:10A3C0001946F86819F06FFB10E007F114031846FE
:10A3D00019F097F807F114031A460021F86819F0EC
:10A3E0009FFB07F11403184619F08DF8F868203721
:10A3F000BD4680BD90B5D7B000AF07F5AC73A3F5EF
:10A40000AA7318600A4607F5AC73A3F255131A70C5
:10A4100007F5AC73A3F5AA731B6801227F491846A0
:10A420000FF0C2FA0346002B14BF01230023DBB256
:10A43000002B01D00024EAE007F5A07007F5AC730B
:10A44000A3F255131A7807F5AC73A3F5AA7319682C
:10A45000FFF793FF07F5A073184619F0DAF90346E2
:10A46000002B01D00124CDE007F5947307F5A0720D
:10A470006B49184600F05EF907F59473184619F019
:10A48000D3FA024607F110031946104610F0C7F838
:10A490000346002B14BF01230023DBB2002B01D0A5
:10A4A0000024AAE007F5AC73A3F5A4731B68002B86
:10A4B00008D007F5AC73A3F5A4731B7A03F020034F
:10A4C000002B01D1002498E007F5AC73A3F5AA7323
:10A4D0001B6803F58154143407F59473184619F07A
:10A4E000A3FA03460122194620460FF09DFA0346BF
:10A4F000002B14BF01230023DBB2002B01D000246A
:10A500007BE007F5AC73A3F5A4731B68184619F03C
:10A510000BFE03461A4607F5AC73A3F5AA731B6836
:10A5200003F50053C3F8902107F5AC73A3F5AA73A4
:10A530001B6803F50053D3F89031002B0CD107F5BD
:10A54000AC73A3F5AA731B6803F581531433184643
:10A550000FF018FF002450E007F5AC73A3F5A673C5
:10A5600000221A6007F5AC73A3F5AA731B6803F504
:10A570008150143007F5AC73A3F5AA731B6803F57B
:10A580000053D3F8901107F5AC73A3F5A4731A68C0
:10A5900007F10C030FF0DAFB07F5AC73A3F5AA7310
:10A5A0001B6803F58153143318460FF0EBFE07F5D3
:10A5B000AC73A3F5A4731A6807F5AC73A3F5A6737F
:10A5C0001B689A4218D007F5AC73A3F5AA731B68F1
:10A5D00003F50053D3F89031184619F0ADFD07F597
:10A5E000AC73A3F5AA731B6803F500531A46002346
:10A5F000C2F89031002400E0012407F59473184656
:10A6000019F043F807F5A073184619F03EF82346F1
:10A61000184607F5AE77BD4690BD00BFD852030877
:10A62000DC52030890B58FB000AF78600B46FB702A
:10A630007B680122284918460FF0B6F90346002B23
:10A6400014BF01230023DBB2002B01D000243EE025
:10A6500007F12003FA7879681846FFF751FE07F1F1
:10A66000080307F120021D49184600F039F807F1E8
:10A670002003184619F009F87B6803F58154143457
:10A6800007F10803184619F0CFF9034601221946CD
:10A6900020460FF0C9F90346002B14BF0123002305
:10A6A000DBB2002B01D000240CE07B6803F50453DF
:10A6B0001C337A6802F58152143211461846FFF7AE
:10A6C00076FC012407F10803184618F0DEFF234644
:10A6D00018463C37BD4690BDD8520308DC520308EB
:10A6E00080B584B000AFF860B9607A60BA680021C4
:10A6F000786819F031F903461846FFF75FFA034608
:10A700001946F86818F0A2FFF8681037BD4680BDFA
:10A7100080B582B000AF786039603968786800F041
:10A7200049F83968786800F065F803461846083734
:10A73000BD4680BD80B588B000AFF860B9607A6072
:10A74000B868FFF71DFCF86107F11803796818462F
:10A7500019F06CF907F1140307F1180211461846B5
:10A7600000F05AF807F114031946F86818F067FF6B
:10A7700007F11403184618F0C6FE07F1180318462F
:10A7800018F0C1FE786818F0B4FF0246FB69134464
:10A790001946F86819F01DF8FA69B968F86819F0EF
:10A7A0000FF97968F86819F01BF900BFF8682037CD
:10A7B000BD4680BD80B582B000AF786039607868F2
:10A7C000F6F7F8FA02463B6893422CBF01230023B8
:10A7D000DBB2002B08D07868F6F7ECFA03461A468D
:10A7E0003968034818F09CFE00BF0837BD4680BD9D
:10A7F000E452030880B483B000AF786039607B68AE
:10A8000019683A681346DB001344DB000B44184612
:10A810000C37BD4680BC704780B582B000AF786011
:10A8200039607B683968184600F004F878680837A2
:10A83000BD4680BD80B582B000AF786039603968B0
:10A84000786818F05FFE78680837BD4680BD80B430
:10A8500083B000AF786039607B68012283F84220C2
:10A860007B68012283F840207B683A681A6000BF49
:10A870000C37BD4680BC704780B485B000AFF8602F
:10A88000B9607A603B60FB6800221A60FB680022B6
:10A890005A60FB6800229A60FB68BA681A60FB681D
:10A8A0007A685A60FB683A689A60FB681846143701
:10A8B000BD4680BC7047000080B483B000AF7860B4
:10A8C00039603B681A687B68DA603B685A687B6865
:10A8D0001A613B689A687B685A617B68DA6813463C
:10A8E0009B001A447B689A617B681B69094A82FB5A
:10A8F00003129210DB17D21A7B68DA617B68DB697E
:10A90000042B02DC7B680522DA6100BF0C37BD46F0
:10A9100080BC70476766666680B483B000AF7860BD
:10A92000084611461A4603467B800B467B70134649
:10A930003B707B680A22DA607B680A221A617B68B6
:10A9400000225A617A887B681A607B680A229A61C1
:10A950007B680522DA617B781AB27B681A847B688F
:10A960003A7883F8222000BF0C37BD4680BC704780
:10A9700080B483B000AF78600B467B807B68002298
:10A980009A80B7F902207B68DA807B6800229A609F
:10A9900000BF0C37BD4680BC704780B485B000AFA7
:10A9A000F8600B467A60FB72FB7A032B18D0032BFE
:10A9B0001FDC012B02D0022B09D01AE07B68002B90
:10A9C00002DBFB687A68DA60FB68DB6813E07B68AF
:10A9D000002B02DBFB687A681A61FB681B690AE0DE
:10A9E0007B68002B02DBFB687A685A61FB685B6955
:10A9F00001E000BF002318461437BD4680BC7047F5
:10AA0000B0B588B000AFF8607A603B600B467B81E0
:10AA10007B899B001846E5F761FD02460B46C7E9B6
:10AA20000623786800F0C7FA3DA3D3E90023E5F7D1
:10AA3000BFFD02460B46D7E90601E5F7E3FE0246F5
:10AA40000B46C7E90623FB68B3F920301A460123F9
:10AA500093407B6134A3D3E90023D7E90601E5F7EE
:10AA6000A7FD02460B4614461D467869E5F726FD0C
:10AA700002460B4620462946E5F79AFD02460B465C
:10AA80001046194619F094F902460B46104619462D
:10AA9000E6F73EF80246FB68DA60FB68DB681A46B8
:10AAA000FB681B6802FB03F35A003B685B081A440F
:10AAB0003B68B2FBF3F31A46FB681A61FB68DB687C
:10AAC0001A463B6802FB03F3DB081A46FB685A612F
:10AAD000FB685B691A46FB681B685B0813441A46EF
:10AAE000FB685A61FB685B691A46FB681B68B2FB2E
:10AAF000F3F31A46FB685A61FB685B6942F2107215
:10AB0000934207DDFB68DB68DA0F13445B101A46DB
:10AB1000FB685A6100BF2037BD46B0BDAFF300806F
:10AB2000182D4454FB210940333333333333E33F8F
:10AB300080B48DB000AF78600B467B8013463B80BD
:10AB40007B6893F82230002B48D0B7F9003003F12E
:10AB50006402B7F902309A4240DA7B68B3F90430F4
:10AB6000002B1AD17B6800229A60B7F90220B7F94E
:10AB70000030D31A3B627B689B69B7F90210B7F9C2
:10AB800000208A1A03FB02F27B68DB69396A01FB49
:10AB900003F31A447B689A6073E07B689B697A6868
:10ABA000B2F906201146B7F900208A1A02FB03F316
:10ABB000FB627B68DB69B7F90210B7F900208A1ADB
:10ABC00002FB03F3BB62FA6ABB6A13447B627B68D5
:10ABD0009A687B6A1A447B689A6052E07B68B3F992
:10ABE0000430002B1AD17B6800229A60B7F902204A
:10ABF000B7F90030D31AFB607B68DB68B7F9021045
:10AC0000B7F900208A1A03FB02F27B681B69F96816
:10AC100001FB03F31A447B689A6032E07B68DB68CF
:10AC20007A68B2F906201146B7F900208A1A02FBA9
:10AC300003F3FB617B681B69B7F90210B7F90020C9
:10AC40008A1A02FB03F3BB617B685B697A68B2F91D
:10AC500004201146B7F9002011447A68B2F90620A1
:10AC600052008A1A02FB03F37B61FA69BB69134441
:10AC70007A6913443B617B689A683B691A447B6834
:10AC80009A607B68B3F906207B689A807B683A8873
:10AC9000DA807B689A687B68B3F92030013B012138
:10ACA00001FA03F31344BB607B68B3F920301A4602
:10ACB000BB681341BB60BB6818463437BD4680BCD7
:10ACC000704780B584B000AFF860084611461A4658
:10ACD00003467B810B463B811346FB807B89002B1F
:10ACE0002FD03B89002B2CD0FB687A89A3F8CC208D
:10ACF000FB683A89A3F8CE20FB68FA88A3F8D02035
:10AD0000FB683A8BA3F8D220FB68002283F8D4209A
:10AD1000FB680022C3F8D820FB680022A3F8E220D9
:10AD2000FB6800211846FFF792FDFB68883300217D
:10AD30001846FFF78CFDFB68443300211846FFF7E7
:10AD400086FD00BF1037BD4680BD80B584B000AF22
:10AD5000786039607B6893F8D430DBB2002B73D015
:10AD60007B6893F8DD30DBB2002B0AD03B681BB266
:10AD70001A467B68B3F8D0309BB29A4201DD0123BA
:10AD800000E00023002B0ED07B68002283F8DD203A
:10AD90007B6803F188027B68B3F8E0309BB2194608
:10ADA000104600F0C0F93B681BB21A467B68B3F846
:10ADB000D0309BB219467B68B3F8D2309BB20B44BB
:10ADC0009A42CCBF01230023DBB2002B00F0848029
:10ADD0007B68002283F8D4207B68D3F8D830002B1E
:10ADE00014BF01230023DBB2002B19D003F016F8A7
:10ADF000B86078687B68D3F8D830BA68D31A194637
:10AE000000F091F97B68BA68C3F8D8207B68B3F882
:10AE1000E2309BB201339AB27B68A3F8E22005E0EE
:10AE200002F0FCFF02467B68C3F8D8207B68002252
:10AE300083F8DD207B68012283F8DC203B689AB22E
:10AE40007B68A3F8DE2047E07B6893F8DC30DBB258
:10AE5000002B0AD03B681BB21A467B68B3F8D0308F
:10AE60009BB29A4201DA012300E00023002B0ED0AE
:10AE70007B68002283F8DC207B6803F144027B6856
:10AE8000B3F8DE309BB21946104600F04CF93B682F
:10AE90001BB21A467B68B3F8D0309BB219467B6868
:10AEA000B3F8D2309BB2CB1A9A42B4BF012300232D
:10AEB000DBB2002B10D07B68012283F8D4207B68A2
:10AEC000002283F8DC207B68012283F8DD203B68C8
:10AED0009AB27B68A3F8E0207B6893F8DC30DBB2A1
:10AEE000002B09D07B68B3F8DE309BB21A463B6872
:10AEF000934201D9012300E00023002B04D03B68DA
:10AF00009AB27B68A3F8DE207B6893F8DD30DBB271
:10AF1000002B09D07B68B3F8E0309BB21A463B683F
:10AF2000934201D2012300E00023002B04D03B68B0
:10AF30009AB27B68A3F8E0207B68B3F8CC30FB8141
:10AF40007B6893F8D430DBB2002B07D07B68B3F872
:10AF5000CE309AB2FB891344FB8106E07B68B3F8DC
:10AF6000CE309BB2FA89D31AFB81FB891846103781
:10AF7000BD4680BD80B584B000AF78607B68184660
:10AF800000F01BF90346642202FB03F3FB607B68BD
:10AF9000184600F075F803461A46FB68B3FBF2F357
:10AFA000FB60FB68092B94BF01230023DBB218462A
:10AFB0001037BD4680BD80B582B000AF786078683C
:10AFC000E5F77CFA02460B461046194618F0CAFD12
:10AFD00002460B46104619460837BD4680BD80B56F
:10AFE00084B000AF786039607B681B78DBB25B08A7
:10AFF000FB733968786800F00DF87B685A68FB7B52
:10B0000013447A681278D2B2B3FBF2F318461037C1
:10B01000BD4680BD80B485B000AF786039607B6884
:10B020001B78DBB25B08FB733A687B685968FB7B73
:10B030000B4479680978C9B2B3FBF1F3D21A7B6883
:10B040005B681A447B685A6000BF1437BD4680BCF9
:10B05000704780B485B000AF78607B681B78DBB246
:10B060005B08FB737B685A68FB7B13447A68127831
:10B07000D2B2B3FBF2F318461437BD4680BC70471A
:10B0800080B485B000AF78600023FB607B6893F8E4
:10B090004030DBB2002B0CBF01230023DBB2002BBE
:10B0A00001D000233AE07B6893F84030DBB2012BFB
:10B0B0000CBF01230023DBB2002B02D07B681B688E
:10B0C0002CE00023FB7209E0FA7A7B6853F8223007
:10B0D000FA681344FB60FB7A0133FB727B6893F8D8
:10B0E0004030DBB2FA7A9A4234BF01230023DBB24C
:10B0F000002BE9D17B6893F84030DBB25B08DBB210
:10B100001A46FB681344FB607B6893F84030DBB25F
:10B110001A46FB6893FBF2F3FB60FB681846143792
:10B12000BD4680BC704780B483B000AF78603960A2
:10B130007B6893F84030DAB27B6893F84130DBB239
:10B140009A4234BF01230023DBB2002B0ED07B6870
:10B1500093F84030DBB25A1CD1B27A6882F84010C2
:10B1600019467B683A6843F8212021E07B6893F810
:10B170004230DBB219467B683A6843F821207B688D
:10B1800093F84230DBB20133DBB27A68194682F8B9
:10B1900042107A6892F84120D2B293422CBF012328
:10B1A0000023DBB2002B03D07B68002283F842200F
:10B1B00000BF0C37BD4680BC704780B586B000AF7D
:10B1C00078607B6893F84030DBB2022B94BF012398
:10B1D0000023DBB2002B02D04FF47A733DE0002352
:10B1E0007B617868FFF74CFF0346FB600023FB742C
:10B1F00013E0FA7C7B6853F82230BB60BA68FB68C6
:10B20000D31ABB60BB6803FB03F3BB60BB687A69FE
:10B2100013447B61FB7C0133FB747B6893F8403003
:10B22000DBB2FA7C9A4234BF01230023DBB2002B4D
:10B23000DFD17B6893F84030DBB25B08DBB21A46A3
:10B240007B6913447B617B6893F84030DBB21A461C
:10B250007B69B3FBF2F37B617B6918461837BD4607
:10B2600080BD80B584B000AFF860084611461A462C
:10B270000346FB720B463B811346FB80FB68FA7A60
:10B2800011461846E8F7C5FBFA883B899A4201D275
:10B290003B89FB80B7F90620FB685A81B7F9082083
:10B2A000FB689A81FB6800225A7200BF1037BD46C6
:10B2B00080BD80B483B000AF78607B681B7A002BC0
:10B2C00004D07B6800221A72012300E00023184694
:10B2D0000C37BD4680BC704780B584B000AF786045
:10B2E0000B467B807B68B3F90A309AB27B68B3F96E
:10B2F0000A305B101BB29BB21344FB817B68B3F92D
:10B300000C309AB27B68B3F90C305B101BB29BB265
:10B31000D31ABB817B88B989FA89184600F0D6FE1A
:10B3200003467B807B687A8811461846FFF757FEF4
:10B3300003467B817B685B7A002B0CD07B897A6823
:10B34000B2F90C20934212DA7B6801221A727B68F0
:10B3500000225A720BE07B897A68B2F90A20934284
:10B3600005DD7B6801221A727B6801225A7200BFD8
:10B370001037BD4680BD2DE9B04F98B000AF78635F
:10B380003963FA62BB624FF000024FF00003C7E975
:10B3900016234FF000024FF00003C7E914234FF0CB
:10B3A00000024FF00003C7E912234FF000024FF0F4
:10B3B0000003C7E910230023FB6300237B8769E0B8
:10B3C0007A8FBB6A13441B78002B60D07B8F5A00A6
:10B3D0003B6B13441B8819467B8F5A00FB6A13444E
:10B3E0001B8801FB03F3DA173B627A62D7E9162365
:10B3F000396A51183961796A4B417B61D7E9042375
:10B40000C7E916237B8F5A003B6B13441B889BB202
:10B410000022BB61FA61D7E91423B9695118B960F8
:10B42000F9694B41FB60D7E90223C7E914237B8FFD
:10B430005A00FB6A13441B889BB200229A4693462B
:10B44000D7E9122312EB0A01396043EB0B037B604F
:10B45000D7E90023C7E912237B8F5A003B6B1344C3
:10B460001B8819467B8F5A003B6B13441B8801FBDA
:10B4700003F3DA171C461546D7E9102312EB04082C
:10B4800043EB0509C7E91089FB6B0133FB637B8F35
:10B4900001337B877A8FB7F880309A4290D3FB6B69
:10B4A000012B01DC002394E0F86BE5F717F8044664
:10B4B0000D46D7E91601E5F74DF802460B46204642
:10B4C0002946E5F775F802460B4690469946D7E9B6
:10B4D0001401E5F73FF804460D46D7E91201E5F7F8
:10B4E00039F802460B4620462946E5F761F8024640
:10B4F0000B4640464946E4F7A3FE02460B46796BED
:10B50000C1E900237B6BD3E90045F86BE4F7E6FF64
:10B5100080468946D7E91001E5F71CF802460B463C
:10B5200040464946E5F744F802460B4692469B469C
:10B53000D7E91401E5F70EF880468946D7E91401EA
:10B54000E5F708F802460B4640464946E5F730F86D
:10B5500002460B4650465946E4F772FE02460B4639
:10B5600020462946E5F74EF902460B46796BC1E9BC
:10B570000023D7E91201E4F7EDFF804689467B6B93
:10B58000D3E90045D7E91401E4F7E4FF02460B468E
:10B5900020462946E5F70CF802460B464046494648
:10B5A000E4F74EFE02460B46796BC1E902237B6B42
:10B5B000D3E90245F86BE4F791FF02460B462046BB
:10B5C0002946E5F71FF902460B46796BC1E90223CC
:10B5D000012318466037BD46BDE8B08FB0B588B0CE
:10B5E00000AFF860B9607A607B800023FB8331E0B4
:10B5F000FB68D3E90045FB8B5B00BA6813441B88EA
:10B600001846E4F75BFF02460B4620462946E4F75E
:10B61000CFFF02460B4610461946FB68D3E90223CA
:10B62000E4F710FE02460B46C7E90423D7E90401FC
:10B6300018F0BEFB02460B46F98B490078684418A7
:10B6400010461946E5F78CFA03469BB22380FB8B24
:10B650000133FB83FA8B7B889A42C9D300BF00BFBA
:10B660002037BD46B0BD000080B485B000AF154B9B
:10B670009B69144A43F001039361124B9B6903F0E9
:10B680000103BB60BB680F4BDB690E4A43F080537C
:10B69000D3610C4BDB6903F080537B607B680A4B02
:10B6A0005B68FB60FB6823F0E063FB60FB6843F0D2
:10B6B0000073FB60044AFB68536000BF1437BD464B
:10B6C00080BC7047001002400000014080B58CB083
:10B6D00000AF786007F1200300221A605A609A6078
:10B6E000DA607B681B685B4A93424AD15A4B9B697C
:10B6F000594A43F400739361574B9B6903F40073F9
:10B70000FB61FB69544B9B69534A43F0040393610B
:10B71000514B9B6903F00403BB61BB6970233B621F
:10B7200003237B6207F1200319464C4803F0D4FC45
:10B730004B4B4C4A1A604A4B00225A60484B00223D
:10B740009A60474B8022DA60454B4FF480721A6151
:10B75000434B4FF480625A61414B00229A61404B47
:10B760000022DA613E4803F03BF90346002B01D08A
:10B77000F7F71CFD7B683A4A1A62394A7B685362C4
:10B7800064E07B681B68384A93425FD1324B9B6907
:10B79000314A43F4004393612F4B9B6903F4004308
:10B7A0007B617B692C4B9B692B4A43F010039361AF
:10B7B000294B9B6903F010033B613B69264B9B6956
:10B7C000254A43F004039361234B9B6903F0040370
:10B7D000FB60FB6801233B6203237B6207F12003CC
:10B7E0001946224803F078FC04233B6203237B6262
:10B7F00007F120031946194803F06EFC1C4B1D4A43
:10B800001A601B4B00225A60194B00229A60184B99
:10B810008022DA60164B4FF480721A61144B4FF499
:10B8200080625A61124B00229A61114B0022DA6148
:10B830000F4803F0D5F80346002B01D0F7F7B6FC0C
:10B840007B680B4A1A620A4A7B68536200BF303732
:10B85000BD4680BD002401400010024000080140A8
:10B86000B45B002008000240003C01400010014091
:10B87000F85B00205804024080B58AB000AF7860C1
:10B8800007F1180300221A605A609A60DA607B6838
:10B890001B68444A934232D1434BDB69424A43F42A
:10B8A0008043D361404BDB6903F480437B617B6958
:10B8B0003D4B9B693C4A43F0080393613A4B9B69BB
:10B8C00003F008033B613B694FF42043BB61022353
:10B8D000FB6103237B6207F118031946334803F029
:10B8E000FBFB4FF48043BB610023FB6100233B6201
:10B8F00007F1180319462D4803F0EEFB4EE07B6874
:10B900001B682B4A934249D1274BDB69264A43F4F3
:10B910000043D361244BDB6903F40043FB60FB6805
:10B92000214B9B69204A43F0080393611E4B9B699E
:10B9300003F00803BB60BB682823BB610223FB61E3
:10B9400003237B6207F118031946184803F0C4FB70
:10B95000184B194A1A60174B10225A60154B0022D7
:10B960009A60144B8022DA60124B00221A61114B4C
:10B9700000225A610F4B00229A610E4B0022DA61BD
:10B980000C4803F02DF80346002B01D0F7F70EFC0E
:10B990007B68084A9A64074A7B68536200BF28376D
:10B9A000BD4680BD0038004000100240000C014040
:10B9B000003C0040EC5C00201C04024080B58CB0D0
:10B9C00000AF786007F1200300221A605A609A6085
:10B9D000DA607B681B685C4A93420CD15B4B9B69C5
:10B9E0005A4A43F400639361584B9B6903F4006324
:10B9F000FB61FB69A3E07B681B68B3F1804F14D146
:10BA0000524BDB69514A43F00103D3614F4BDB6971
:10BA100003F00103BB61BB69002200211C2002F07E
:10BA2000A8FF1C2002F0C1FF89E07B681B68484A20
:10BA3000934259D1454BDB69444A43F00203D36139
:10BA4000424BDB6903F002037B617B693F4B9B69DF
:10BA50003E4A43F0200393613C4B9B6903F0200373
:10BA60003B613B6904233B6200237B620023BB6292
:10BA700007F120031946374803F02EFB364B374AAF
:10BA80001A60354B10225A60334B00229A60324BB9
:10BA90008022DA60304B4FF480721A612E4B002204
:10BAA0005A612D4B20229A612B4B0022DA612A48E1
:10BAB00002F096FF0346002B01D0F7F777FB7B6877
:10BAC000254A1A63244A7B6853627B68224A1A62B9
:10BAD000214A7B685362002200211D2002F049FFA9
:10BAE0001D2002F062FF2AE07B681B681C4A93421B
:10BAF0000CD1164BDB69154A43F00803D361134B95
:10BB0000DB6903F00803FB60FB6818E07B681B68D7
:10BB1000144A934213D10D4BDB690C4A43F01003D6
:10BB2000D3610A4BDB6903F01003BB60BB680022E2
:10BB30000021362002F01DFF362002F036FF00BF44
:10BB40003037BD4680BD00BF002C014000100240D0
:10BB50000004004000140140285F00203000024033
:10BB6000000C00400010004080B58AB000AF786043
:10BB700007F1180300221A605A609A60DA607B6845
:10BB80001B682A4A934224D1294BDB69284A43F097
:10BB90000403D361264BDB6903F004037B617B69FB
:10BBA000234B9B69224A43F008039361204B9B6916
:10BBB00003F008033B613B69C023BB610023FB61C9
:10BBC00000233B6207F1180319461A4803F084FA70
:10BBD00028E07B681B68184A934223D1144B9B6969
:10BBE000134A43F400539361114B9B6903F40053D0
:10BBF000FB60FB680E4B9B690D4A43F01003936199
:10BC00000B4B9B6903F01003BB60BB68C023BB6197
:10BC10000023FB6100233B6207F118031946074824
:10BC200003F05AFA00BF2837BD4680BD0008004027
:10BC300000100240000C014000340140001001409F
:10BC400080B58AB000AF786007F1180300221A604F
:10BC50005A609A60DA607B681B683D4A934219D14A
:10BC60003C4B9B693B4A43F004039361394B9B690E
:10BC700003F004037B617B694FF48073BB61022393
:10BC8000FB6102237B6207F118031946324803F077
:10BC900023FA58E07B681B68B3F1804F18D12D4B15
:10BCA0009B692C4A43F0040393612A4B9B6903F080
:10BCB00004033B613B690323BB610223FB61022355
:10BCC0007B6207F118031946234803F005FA3AE0AE
:10BCD0007B681B68214A934218D11E4B9B691D4A01
:10BCE00043F0080393611B4B9B6903F00803FB605F
:10BCF000FB680223BB610223FB6102237B6207F125
:10BD000018031946164803F0E7F91CE07B681B6826
:10BD1000144A934217D10F4B9B690E4A43F0040318
:10BD200093610C4B9B6903F00403BB60BB68082361
:10BD3000BB610223FB6102237B6207F118031946F2
:10BD4000054803F0C9F900BF2837BD4680BD00BFD4
:10BD5000002C014000100240000801400004004097
:10BD6000000C0140000C004080B588B000AF786046
:10BD700007F1100300221A605A609A60DA607B684B
:10BD80001B681C4A934231D11B4B9B691A4A43F4EE
:10BD900080439361184B9B6903F48043FB60FB680D
:10BDA000154B9B69144A43F004039361124B9B6942
:10BDB00003F00403BB60BB684FF400733B610223D4
:10BDC0007B610323FB6107F1100319460B4803F065
:10BDD00083F94FF480633B6100237B610023BB61E7
:10BDE00007F110031946054803F076F900BF203724
:10BDF000BD4680BD003801400010024000080140EF
:10BE000080B400AF00BFFDE780B400AF00BFFDE726
:10BE100080B400AF00BFFDE780B400AF00BFFDE716
:10BE200080B400AF00BFFDE780B400AF00BFBD46E7
:10BE300080BC704780B400AF00BFBD4680BC704777
:10BE400080B400AF00BFBD4680BC704780B500AF76
:10BE500001F0D2FF00BF80BD80B500AF024802F004
:10BE6000D1FE00BF80BD00BFB45B002080B500AF35
:10BE7000024802F0C7FE00BF80BD00BF285F00205F
:10BE800080B500AF024803F006FC00BF80BD00BFD4
:10BE90009C6A002080B500AF024807F0CDFB00BFD0
:10BEA00080BD00BF785D002080B500AF024807F07C
:10BEB000C3FB00BF80BD00BFC05D002080B500AFE8
:10BEC000024807F0B9FB00BF80BD00BF985E0020AC
:10BED00080B500AF024802F095FE00BF80BD00BFF4
:10BEE000EC5C002080B500AF024802F08BFE00BF82
:10BEF00080BD00BFF85B002080B400AF012318466E
:10BF0000BD4680BC704780B582B000AF78603960B4
:10BF100018F094FA034616221A604FF0FF331846C1
:10BF20000837BD4680BD80B582B000AF78604FF065
:10BF3000FF317868FFF7E7FF00BFFDE780B586B007
:10BF400000AF7860144A154BD31A7B617B693B6163
:10BF5000134B1B68002B02D1114B124A1A60104B75
:10BF60001A687B6813443A699A4207D218F066FA55
:10BF700003460C221A604FF0FF3309E0084B1B68A0
:10BF8000FB60074B1A687B681344054A1360FB6823
:10BF900018461837BD4680BD00000120000400008F
:10BFA000B45F0020387F002080B400AF00BFBD46E2
:10BFB00080BC704780B487B000AFF860B9607A6029
:10BFC0003B60BA687B689A4201D13B6817E07A68A7
:10BFD000BB68D31A5B107B61FA68BB68D31A396AF5
:10BFE0003A688A1A03FB02F27B691A447968BB68D3
:10BFF000CB1A92FBF3F33A6813443B613B69184652
:10C000001C37BD4680BC704780B588B002AFF86071
:10C01000B9607A603B603B6A00933B687A68B968B4
:10C02000F868FFF7C7FF78613A683B6A9A4206DA18
:10C030003A6A3968786900F049F8034606E03A68D8
:10C04000396A786900F042F8034600BF184618378D
:10C05000BD4680BD80B584B002AF0346FB710B4680
:10C06000BB7113467B71FB79642B01D96423FB718F
:10C07000BB79462B01D94623BB717B79092B01D8AB
:10C080000A237B71FA79BB799A420CD8F879BA798C
:10C090007B795B08DBB2009300230021FFF7B4FF3C
:10C0A0000346DBB20EE0F879BB79591C7B795B085B
:10C0B000DBB25A1C7B79009313466422FFF7A4FF7E
:10C0C0000346DBB218460837BD4680BD80B485B054
:10C0D00000AFF860B9607A60FA68BB689A4201DA2A
:10C0E000BB6806E0FA687B689A4201DD7B6800E085
:10C0F000FB6818461437BD4680BC704780B483B0D7
:10C1000000AF0346FB80B7F906201346DB0013445B
:10C11000A233064A82FB03125210DB17D31A1BB25A
:10C1200018460C37BD4680BC704700BF6766666620
:10C1300080B483B000AF0346FB80B7F906309B3B69
:10C14000054A82FB03125210DB17D31A1BB21846A2
:10C150000C37BD4680BC7047398EE33880B584B05B
:10C1600000AFF860084611461A460346FB720B46BC
:10C170003B811346FB80FB6803F58670FB883A8998
:10C18000F97AFFF76EF8FB6803F58E703B8CBA8B7B
:10C19000397EFFF766F8FB6803F596703B8CBA8B27
:10C1A000397EFFF75EF8FB6803F58E7300211846B1
:10C1B000E7F740FCFB6803F5967300211846E7F7A4
:10C1C00039FC00BF1037BD4680BD80B582B000AFDE
:10C1D00078600B46FB70FB78002B07D07B6803F57B
:10C1E0008E731846EBF7E3FB034607E07B6803F525
:10C1F0008E731846FFF75DF8034600BF18460837F0
:10C20000BD4680BD80B483B000AF78607B68B3F872
:10C21000443118460C37BD4680BC704780B483B0AB
:10C2200000AF78607B6893F8313018460C37BD4614
:10C2300080BC704780B58AB002AF78607B689B682D
:10C2400003F54B533C33FB617B689B68BB617B68A8
:10C250009B6803F5814378337B617B689B68184654
:10C26000F3F75CF903461AB27B68A3F85420BB6964
:10C2700003F5825308331846E6F7A3FD03467B8295
:10C280007B8A19467869F9F7F7FA7B681846EBF765
:10C2900024FC7B689B6803F57B5328331846E7F73B
:10C2A000E0FD03467B74BB6903F5825308337A7C57
:10C2B00011461846E6F7E0FD0346FB817B68B3F9BB
:10C2C00054207B7CF98900200090B869E5F75CFC7C
:10C2D0000346BB817B689B6803F57B532833BA898F
:10C2E00011461846F3F7FEFBBB6903F5825308338A
:10C2F00002211846E6F7C0FD0346FB817B68B3F9CF
:10C300005420F989002300930223B869E5F73CFC27
:10C310000346BB817B689B6803F581437833BA8908
:10C3200011461846F2F742F87B6893F85C30002B10
:10C330000ED07B7C002B0BD1BB6903F582530833F5
:10C340001846F6F76DFF0346002B01D0012300E0ED
:10C350000023002B11D07B689B6803F57B532833A7
:10C3600001211846F3F72CFB7B68012283F82D206E
:10C370007B68002283F85C2010E07B689B6803F5F3
:10C380007B5328331846F3F728FA0346002B01D0D5
:10C39000002200E007227B6883F82D207B680022C2
:10C3A0005A617B6800229A647B6800221A647B6869
:10C3B00000229A637B6800225A647B680022DA6458
:10C3C0007B68012283F856207B6800229A657B688F
:10C3D0000022DA63F869ECF74BFD7B68012201214A
:10C3E0001846EBF779FE7B7C002B08D17B689B68B5
:10C3F00003F57B53283306211846E7F71FFD00BFDE
:10C400002037BD4680BD000090B589B000AF786090
:10C410007B689B68FB617B689B6803F57B532833D3
:10C42000BB617B689B6803F5814378337B617B69E3
:10C43000BA69F969786800F01BFAB869E7F711FD85
:10C440000346FB747B68DB69002B0BD0FB7C012B64
:10C4500008D1BB691846F9F7F3F90346002B01D060
:10C46000012300E00023002B08D07B68DB69012159
:10C470001846F6F775FF7B68DB69F2E1786800F033
:10C48000A5FF0346002B0ED07B681B6A002B0AD049
:10C490007B689B6803F5854328331846E4F7E0FE84
:10C4A0007B681B6ADDE17B681846EBF727FD01F02E
:10C4B000B5FC02467B685B699A4234BF01230023C6
:10C4C000DBB2002B01D07B68CBE101F0A7FC024678
:10C4D0007B68B3F85E301A447B685A617B689B6B5B
:10C4E000002B08D001F09AFC02467B689B6B9A42B5
:10C4F00001D3012300E00023002B09D0FB7C002B9B
:10C5000003D1786800F0BEFC02E0786800F03CFDE2
:10C510007B68DB6B002B08D001F080FC02467B6857
:10C52000DB6B9A4201D3012300E00023002B28D0CB
:10C530007B680022DA637B691B6810331B6800216B
:10C54000786998477B689B6803F58253083302211A
:10C550001846E6F791FC03463B827B683A8A022143
:10C560001846EBF7CBFF7B6800211846EBF7E7FF97
:10C57000F869E5F739FC7B68002202211846EBF7E1
:10C5800059FF7B6893F82430002B18D07B689B6898
:10C590001846EBF788FA034683F00103DBB2002B61
:10C5A00022D07B68002283F824200621B869E7F7AF
:10C5B00045FC7B6800211846EBF710FD14E07B6812
:10C5C0009B681846EBF76FFA0346002B0CD07B688C
:10C5D000012283F824200021B869E7F72FFC7B684B
:10C5E00001211846EBF7FAFC7B68DB69002B1BD0B6
:10C5F000FB7C002B18D17B6893F8243083F0010377
:10C60000DBB2002B10D0BB691846EBF7DBF9034611
:10C6100083F00103DBB2002B06D0E9F78FFA034663
:10C62000002B01D0012300E00023002B12D07B68F7
:10C6300093F82D301946786801F044FB0346002B2F
:10C6400008D07B68DB6900211846F6F789FE7B6815
:10C65000DB6906E17B689B681846F2F75FFF0346DB
:10C660001AB27B68A3F854207B6893F82D30072B0F
:10C670000AD1BB691B6808331B68B8699847034631
:10C68000002B01D0012300E00023002B1BD07B688E
:10C690009B6803F5854328331846E4F70DFE7B6855
:10C6A000082283F82D2001F0B9FB034603F59C43D3
:10C6B00020337A68936378687B6893F82D20FB7C3D
:10C6C0001946EBF7B7FEFB7C002B0DD17B6893F886
:10C6D0002D30002B08D001F0A1FB02467B689B6C3B
:10C6E0009A4201D9012300E00023002B20D0786872
:10C6F00000F0ABFC0346002B0ED001F08FFB02468E
:10C700007B68B3F860301A447B689A647B680121C7
:10C710001846EBF73FFC0BE07B689B6C002B07D0C7
:10C720007B6800229A647B6800211846EBF732FC94
:10C730007B6893F82D30052B0ED17B689B6803F541
:10C7400082530833FA7C11461846E6F77CFB034611
:10C75000002B01D0012300E00023002B18D07B68C0
:10C760009C6B01F05BFB0346E31A404AA2FB0323E8
:10C770009B09FB60FB68632B0AD87B689B6803F509
:10C780004B533C33FA68D2B201211846EDF7D0FA88
:10C79000FB7C012B3ED17B6893F82D30012B39D1E6
:10C7A0007B68DB6C002B08D001F038FB02467B680D
:10C7B000DB6C9A4201D3012300E00023002B26D03A
:10C7C0007B680022DA64BB691846EBF7FBF8034686
:10C7D00083F00103DAB27B6883F825207B6893F845
:10C7E0002530002B16D0BB691B6810331B68002155
:10C7F000B86998477B68072283F82D2078687B68A2
:10C8000093F82D20FB7C1946EBF714FE02E07868C4
:10C8100000F083FD786800F012FA78687B6893F87E
:10C820002D107B68B3F954301A46EBF7B7F97B68E3
:10C830001B6D002B0BD07B681A6D7B68DB6ED418E8
:10C8400001F0ECFA03469C4201D8012300E00023EA
:10C85000002B05D07B6800221A65F869E5F7C4FA59
:10C860007B6818462437BD4690BD00BFD34D62108B
:10C8700080B58CB002AFF860B9607A603B603B680D
:10C8800001211846FFF7A1FC0346002B4AD03B6864
:10C890001B680C331B6838689847034683F0010314
:10C8A000DBB2002B00F0B080BB6803F58253083385
:10C8B00002211846E6F7E0FA0346FB83FB68B3F96A
:10C8C0005420F98B002300930223B868E5F75CF944
:10C8D0000346FB83BB6803F5825308331846E6F72B
:10C8E00070FA0346BB833B681B6818331B68FA8BDE
:10C8F000114638689847BB8B19463868F8F7BCFF73
:10C900003B681B6810331B68012138689847FB6837
:10C91000012283F85620FB6800229A65FB680022FA
:10C920005A6171E03B681B680C331B683868984794
:10C930000346002B68D0BB6803F5825308330221FD
:10C940001846E6F764FA034687F8233097F8233051
:10C95000002B46D0BB6803F58253083302211846EA
:10C96000E6F771FA0346FB84FB689B6803F5825384
:10C97000083302211846E6F77FFA03463B84FA8C17
:10C98000B7F920309A4202DB3B8C0A3BFB84FB6800
:10C990009B681846FB68B3F95420F98C0123009377
:10C9A0000223E5F7F1F803463B843B8C19463868CF
:10C9B000F2F75CFB01F032FA024697F823304EF6AC
:10C9C000602101FB03F31A44FB68DA63FB68FA8C0D
:10C9D00002211846EBF792FDFB681846EBF7CDFDF8
:10C9E0000FE03B681B6810331B68002138689847CC
:10C9F000B868E5F7F9F9FB68002202211846EBF761
:10CA000019FDFB6800225A617868E7F72AFA0346A5
:10CA1000012B14BF01230023DBB2002B40F00B815C
:10CA20007B6801211846FFF7D0FB0346FB76FB7EAF
:10CA3000002B6FD0FB6893F8253083F00103DBB245
:10CA4000002B00F0F980FB689B6803F582530833E4
:10CA500001211846E6F710FA0346FB827B681B6843
:10CA60000C331B6878689847034683F00103DBB2F8
:10CA7000002B2CD0FB689B681846FB68B3F9542048
:10CA8000F98A002300930123E5F77EF80346BB8271
:10CA90007B681B6818331B68BA8A11467868984708
:10CAA0007B681B6810331B68012178689847FB6816
:10CAB000012283F82D20F868FB6893F82D301A4680
:10CAC0000121EBF7B7FCFB6800225A61B4E0FB6878
:10CAD00093F82D30052B40F0AF807B681B68103336
:10CAE0001B68012178689847FB68FA8A012118467B
:10CAF000EBF704FDFB68012283F82D20F868FB6842
:10CB000093F82D301A460121EBF794FCFB680022C4
:10CB10005A6191E07B681B680C331B687868984702
:10CB20000346002B0BD0FB6893F82D301946F868AC
:10CB300001F0DFF80346002B01D0012300E00023C1
:10CB4000002B73D0BB6803F58253083301211846CC
:10CB5000E6F75DF90346BB76BB7E002B4DD0BB6884
:10CB600003F58253083301211846E6F76CF90346B2
:10CB7000BB84FB689B6803F5825308330121184688
:10CB8000E6F77AF903463B83BA8CB7F918309A4234
:10CB900002DB3B8B0A3BBB84FB689B681846FB6847
:10CBA000B3F95420B98C012300930123E4F7ECFF7F
:10CBB00003463B833B8B19467868F3F772FA01F022
:10CBC0002DF90246BB7E4EF6602101FB03F31A44A9
:10CBD000FB689A63FB68052283F82D20F868FB68E0
:10CBE00093F82D301A460121EBF724FCFB68BA8C30
:10CBF00001211846EBF782FC12E07B681B681033BA
:10CC00001B68002178689847FB68072283F82D206D
:10CC1000F868FB6893F82D301A460121EBF70AFCFF
:10CC2000B868E5F7E1F8FB6800225A61FB6800226A
:10CC300083F8252000E000BF2837BD4680BD80B5C1
:10CC40008AB002AF78607B689B6803F57B5328331A
:10CC50001846E7F706F90346FB777B689B68BB61DC
:10CC60007B689B6803F57B5328337B617B691B687A
:10CC700014331B687869984703467B82BB6903F5C8
:10CC800082530833FA7F11461846E6F7F5F8034653
:10CC90003B827B68B3F95420FB7F398A00200090E7
:10CCA000B869E4F771FF0346FB81FA897B8A9A42EF
:10CCB00004D0FB8919467869F2F7FAFF00BF2037E4
:10CCC000BD4680BD80B584B000AF78600B46FB7078
:10CCD0007B689B68FB6001F0A1F8B8607B681B6C07
:10CCE000002B02D0FB78002B11D0FB6803F5825398
:10CCF00008331846F6F7DCFA03461A4641F2883341
:10CD000002FB03F31A46BB681A447B681A647B680B
:10CD10001B6CBA689A4201D3012300E00023184635
:10CD20001037BD4680BD000090B589B000AFF860F7
:10CD3000084611461A4603467B810B463B81134643
:10CD4000FB80FB689B6803F57B5328331846E7F7A5
:10CD500088F80346002B14BF01230023DBB2002B0D
:10CD600040F08980FB689B68BB61FB6830331846E4
:10CD7000FEF76FF9F8617A893B899A4212D83A89AD
:10CD80007B89D31A042B0DDC3B6BC82B0AD87B6B39
:10CD9000192B07D8FB6830333A8F11461846FEF737
:10CDA0001EF9F8613A8FFB69D31A002BB8BF5B42BA
:10CDB000952B20DD01F032F80446BB6903F5825360
:10CDC000083300211846E6F722F803461A464EF6C5
:10CDD000602302FB03F3E218FB685A64FB6803223A
:10CDE00083F82D20F868FB6893F82D301A4600214F
:10CDF000EBF720FB40E0FB685B6C002B13D101F0EC
:10CE00000DF80446BB6903F5825308330021184628
:10CE1000E5F7FDFF03461A464EF6602302FB03F3D7
:10CE2000E218FB685A64FB685C6C00F0F7FF03468D
:10CE3000E31A134AA2FB03239B097B617B69632BE3
:10CE400012D8FB689B6803F54B543C34FB68002107
:10CE50001846EBF7CBFA034619467B69DBB21A4654
:10CE60002046ECF765FF07E0FB6806220021184624
:10CE7000EBF7E0FA00E000BF2437BD4690BD00BFED
:10CE8000D34D621080B584B000AF78607B689B683A
:10CE900003F57B5328331846F2F757FC0346FB8112
:10CEA0007B689B6818467B68B3F95420F989002396
:10CEB000E4F737FE0346FB817B6893F82D30023B95
:10CEC000062B50D801A252F823F000BFE9CE01088A
:10CED00067CF0108F3CE01082BCF01082BCF010843
:10CEE00067CF01085DCF01087B68032283F82D20FE
:10CEF0003AE07B689B6803F57B5328330121184691
:10CF0000F2F75EFD7B68012283F82D207B689B6829
:10CF100003F5854328331846E4F7CEF97B68FA8990
:10CF200000211846EBF7EAFA1EE07B68072283F837
:10CF30002D207B689B6803F57B532833002118461E
:10CF4000F2F73EFD7B68FA8900211846EBF7D6FA26
:10CF50007B689B681846E4F747FF05E07B68002282
:10CF600083F82D2000E000BF78687B6893F82D30AF
:10CF70001A460021EBF75EFA7B6800229A6300BF35
:10CF80001037BD4680BD00BF80B584B000AF78606B
:10CF90007B689B6803F57B5328331846F2F7D5FB73
:10CFA0000346FB817B689B6818467B68B3F9542075
:10CFB000F9890123E4F7B5FD0346FB817B6893F80B
:10CFC0002D30082B2CD0082B2FDC022B02D0052B68
:10CFD00005D02AE07B68032283F82D2026E07B68B9
:10CFE000072283F82D207B689B6803F5854328334F
:10CFF0001846E4F735F97B689B6803F57B532833C3
:10D0000000211846F2F7DCFC7B68FA8901211846FA
:10D01000EBF774FA7B689B681846E4F7E5FE05E0D9
:10D020007B68002283F82D2000E000BF78687B68D1
:10D0300093F82D301A460121EBF7FCF97B680022AA
:10D040009A6300BF1037BD4680BD90B591B004AF64
:10D0500078607B689B6803F57B532833BB62BB6AAF
:10D060001B681C331B68B86A984703467B62BB6A1F
:10D070001B6814331B68B86A984703463B627B6899
:10D080009B6803F58253083300211846E5F7F4FE48
:10D090000346FB83BB6A1B6828331B68B86A984742
:10D0A0000346BB61BB6A1B682C331B68B86A984790
:10D0B00003467B61BB6A1B6824331B68B86A9847C8
:10D0C00003463B613A6A7B6AD31A002BB8BF5B42C6
:10D0D000052B26DCBB69B3F5FA7F22D83B69002B10
:10D0E0001FDD7B6893F82D30012B1AD17B6802225B
:10D0F00083F82D2000F092FE034603F5FA627B6868
:10D100009A637B689B6803F5854328331846E4F7E8
:10D11000A7F878687B6893F82D301A460021EBF762
:10D1200089F97B689B6803F5825308330021184610
:10D13000E5F789FE0346002B14BF01230023FB7390
:10D14000002387F82F30FB7B002B10D0BC6A7B6854
:10D150009B6803F5825308331846F6F74FF80346E9
:10D1600019462046FFF731F8034687F82F307B68D1
:10D1700093F82D30032B40F08D80FB7B002B67D084
:10D1800097F82F3019467868FFF79CFD0346002B6F
:10D1900000F0BD807B689B6803F582530833002153
:10D1A0001846E5F750FE0346BB857B689B6803F590
:10D1B0008253083300211846E5F75EFE03467B8163
:10D1C000BA8DB7F90A309A4202DB7B890A3BBB85EC
:10D1D0007B689B6818467B68B3F95420B98D01239E
:10D1E00000930023E4F7D0FC03467B817B689B68B7
:10D1F00003F57B5328337A8911461846F2F751FF1D
:10D200007B68052283F82D2078687B6893F82D30A1
:10D210001A460021EBF70EF97B68BA8D00211846FB
:10D22000EBF76CF900F0FAFD04467B689B6803F5A8
:10D230008253083300211846E5F7E9FD03461A46F4
:10D240004EF6602302FB03F3E2187B689A635EE00C
:10D250007B689B6803F58253083300211846E5F785
:10D26000D6FD0346002B14BF01230023DBB2002BA5
:10D270004DD07B6A99B23B6A9AB23B699BB2F88BFC
:10D2800002937B690193BB69009303467868FFF7BB
:10D290004BFD3CE07B6893F82D30052B37D197F898
:10D2A0002F30002B33D07B689B6803F57B532833EA
:10D2B00001211846F2F784FB7B68012283F82D20B8
:10D2C0007B689B6803F57B5328331846F2F73DFAD9
:10D2D0000346BB817B689B6818467B68B3F9542082
:10D2E000B9890023E4F71DFC0346BB8178687B689D
:10D2F00093F82D301A460021EBF79CF87B68BA8929
:10D3000000211846EBF7FAF87B6800221A6497F8B8
:10D310002F3018463437BD4690BD80B588B000AF79
:10D3200078607B689B6803F57B532833FB61FB695E
:10D330001B681C331B68F86998470346BB61FB698F
:10D340001B6814331B68F869984703467B61FB69C7
:10D350001B6828331B68F869984703463B61FB69E3
:10D360001B6824331B68F86998470346FB607A6999
:10D37000BB69D31A002BB8BF5B42052B21DC3B698C
:10D38000B3F5FA7F1DD8FB68002B1ADD7B680222FB
:10D3900083F82D2000F042FD034603F5FA627B6816
:10D3A0009A637B689B6803F5854328331846E3F747
:10D3B00057FF78687B6893F82D301A460121EBF708
:10D3C00039F800BF2037BD4680BD000090B591B050
:10D3D00004AF78607B689B6803F5814378337B6298
:10D3E0007B689B683B627B689B6803F5804378336E
:10D3F0001846EFF7B1FC0346FB857B689B6803F595
:10D40000804378331846EFF782FD0346FB777B684D
:10D410009B6803F57B5328331846E6F722FD034645
:10D42000BB77FB7F012B10D1BB7F002B06D1786827
:10D4300000F0E2F97B6800221A6402E0786800F0EC
:10D44000D3FB7B6800225A610EE0FB7F022B0BD1DD
:10D45000BB7F002B05D1786800F05EFA7B68002264
:10D460001A647B6800225A617B689B6803F58043DD
:10D4700078331846EFF73AFD0346002B14BF01231B
:10D480000023DBB2002B3FD0BB7F002B1DD1FB8DD7
:10D490001946786800F04CFB0346002B2CD03B6A01
:10D4A00003F582530833F98D00221846E5F7D1FEC3
:10D4B0007B68303300211846E6F7BCFA7B68FA8DAA
:10D4C000B97F1846EBF71AF816E0FB8D1946786815
:10D4D00000F0BFFB0346002B0ED03B6A03F58253DE
:10D4E0000833F98D01221846E5F7B3FE7B68FA8D03
:10D4F000B97F1846EBF702F87B6800225A6100F00A
:10D500008DFC02467B681A657B689B6803F5814346
:10D5100038331846EFF720FC0346FB857B689B6891
:10D5200003F5814338331846EFF7F1FC0346FB77E8
:10D53000FB7F012B60D17B68DB6B002B06D000F0FA
:10D540006DFC02467B68DA6300234EE17B6893F84A
:10D550005630002B49D03B6A03F5825308331846F6
:10D56000E5F776F90346BB833B6A03F5825308333C
:10D570001846E5F784F903467B83786AFEF742FE96
:10D5800003463B83388BB98B7A8B6423009300234B
:10D59000FEF73AFD03463B837B689B6803F58140B9
:10D5A0003830B7F9181000230293052301930123A3
:10D5B000009364230022EFF793FB7B68002283F83B
:10D5C00056203B8BFB8500F029FC02467B68B3F8B4
:10D5D00068301A447B689A657B6801211846EAF72F
:10D5E000AEFF7B6800225A610BE000F017FC024698
:10D5F0007B689A650023F8E0FB7F022B01D10123B1
:10D60000F3E07B689B6803F5814338331846EFF7F6
:10D610006DFC0346002B14BF01230023DBB2002B5B
:10D6200073D0FB8DFB827B6A1B6814331B68786A9E
:10D6300098470346BB823B6A03F58253083318467A
:10D64000FEF7ECFD0346FB747B68B3F95420B98AFE
:10D650000223386AE4F765FA0346BB827B6893F8D5
:10D660005630002B25D0FB8DBB827B68FA8D0221C2
:10D670001846EAF743FF7B68B3F95420F98A002380
:10D6800000930223386AE4F77FFA0346FB817B6A42
:10D690001B6818331B68FA891146786A98473B6AF9
:10D6A00003F582530833FA7CB98A1846E5F7EBFD97
:10D6B00026E0FB8DFB743B6A03F582530833FA7C4A
:10D6C000B98A1846E5F7DFFD3B6A03F58253083354
:10D6D0001846E5F776FB03463B823B8A1946786A93
:10D6E000F8F7CAF87B6801211846EAF728FF00F02E
:10D6F00095FB02467B68B3F868301A447B689A65EC
:10D7000000F08CFB02467B681A657B689B6D002BE2
:10D7100008D000F083FB02467B689B6D9A4201D3E0
:10D72000012300E00023002B5ED03B6A03F5825307
:10D73000083302211846E5F79FFB0346BB853B6A89
:10D7400003F582530833002202211846E4F7CEFF86
:10D750000346BB813B6A03F5825308330022022152
:10D760001846E5F709F803467B81012387F82B303B
:10D770003B6A03F5825308331846EAF782F90346F9
:10D78000002B0FD0BA8D1B4BA3FB021399080B463D
:10D790009B000B44D31A9BB2BA8DD31ABB850523C9
:10D7A00087F82B307B689B6803F581403830B7F9E8
:10D7B0002C10B7F90C20B7F90A400023029397F810
:10D7C0002B30019397F82B3000932346EFF788FA1C
:10D7D0007B68012283F856207B6800211846EAF70F
:10D7E000AEFE7B6800229A65002318463437BD469A
:10D7F00090BD00BFCDCCCCCC90B587B002AF7860E7
:10D800007B6893F82D30082B06D0082B55DC002BB5
:10D8100002D0072B0ED050E07B6893F82430002B09
:10D8200008D07B689B6803F5854328331846E3F7E7
:10D8300059FD6DE07B689B6803F582530833002136
:10D840001846E5F719FB0346FB817B689B68184681
:10D85000F1F764FE03461AB27B68A3F854207B6894
:10D860009B6818467B68B3F95420F989002300931C
:10D870000023E4F789F90346FB817B689B6803F585
:10D880007B532833FA8911461846F2F72BF97B6847
:10D890009B6803F57B53283301211846F2F790F873
:10D8A0007B68012283F82D2078687B6893F82D30FF
:10D8B0001A460021EAF7BEFD2AE07B689B6803F563
:10D8C0007B53283300211846F2F77AF87B68072249
:10D8D00083F82D2078687B6893F82D301A46002154
:10D8E000EAF7A8FD7B689B681846E4F77DFA7C6838
:10D8F0007B689B6803F58253083300211846E5F7DF
:10D90000BBFA03461A4600212046EAF7F7FD00BF9E
:10D910001437BD4690BD000090B589B002AF786065
:10D920007B6893F82D30082B71D801A252F823F0B0
:10D9300055D901080FDA01080FDA01080FDA0108DA
:10D94000ADD901080FDA01080FDA010871D9010811
:10D9500055D901087B6893F82430002B08D07B68E8
:10D960009B6803F5854328331846E3F7BBFCDAE0F0
:10D970007B689B6803F5854328331846E3F770FC02
:10D980007B689B6803F57B53283301211846F2F727
:10D9900017F87B68012283F82D2078687B6893F85C
:10D9A0002D301A460021EAF745FDBCE07B689B68F4
:10D9B00003F57B53283301211846F2F701F87B6801
:10D9C000012283F82D207B6800229A6378687B68A7
:10D9D00093F82D301A460021EAF72CFD7C687B680D
:10D9E0009B6803F58253083300211846E5F744FA93
:10D9F00003461A4600212046EAF780FD7B689B68B3
:10DA000003F5854328331846E3F72AFC8BE07B684F
:10DA10009B6803F5825308331846E5F76DFC03460F
:10DA2000FB757B689B6803F5825308331846E5F75E
:10DA300076FC03463B61FB7D002B73D03B69002BDA
:10DA400070D07B689B6803F5825308331846E3F770
:10DA500049FD034683F00103DBB2002B0BD0FA7DB6
:10DA60001346DB0013440333304A82FB0312521087
:10DA7000DB17D31AFB757B689B6803F57B53283350
:10DA80001846F1F762FE0346FB817B689B681846E7
:10DA90007B68B3F95420F9890023E4F742F8034680
:10DAA0001A46FB7D9BB21344BB817B689B6818467A
:10DAB0007B68B3F95420B989002300930023E4F76D
:10DAC00063F80346FB817B689B6803F57B5328332F
:10DAD000FA8911461846F2F71FFB7B68042283F887
:10DAE0002D2000F09BF902463B694FF47A7101FB4F
:10DAF00003F31A447B689A6378687B6893F82D3047
:10DB00001A460021EAF796FC7B68BA89002118467C
:10DB1000EAF7F4FC7B689B6803F5854328331846D5
:10DB2000E3F79EFB00BF1C37BD4690BD6766666687
:10DB300080B586B002AF78600B467B807B6893F837
:10DB40002D30082B2FD801A252F823F075DB0108E5
:10DB5000A7DB0108A7DB0108A7DB010871DB0108CF
:10DB600079DB010879DB010875DB010875DB010849
:10DB7000002335E0012333E07B689B6803F57B538A
:10DB8000283301211846F1F71BFF7B68012283F837
:10DB90002D2078687B6893F82D301A460021EAF72B
:10DBA00049FC00231CE07B689B6818467B68B3F93E
:10DBB00054207988002300930023E3F7E5FF034610
:10DBC000FB817B689B6803F57B532833FA891146F8
:10DBD0001846F1F787FF7B68012283F82D20012387
:10DBE00018461037BD4680BD80B584B000AF786060
:10DBF0007B6893F82D30052B26D17B689B6803F555
:10DC00007B53283300211846F1F7DAFE7B680722A0
:10DC100083F82D207B689B6803F58253083301212C
:10DC20001846E5F729F90346FB817B68FA8901214B
:10DC30001846EAF763FC78687B6893F82D301A463B
:10DC40000121EAF7F7FB00E000BF00BF1037BD4637
:10DC500080BD80B586B002AF78600B467B807B6864
:10DC600093F82D30082B0CDC072B08DA002B06D09C
:10DC7000002B06DB043B022B03D800231EE001230C
:10DC80001CE07B689B6818467B68B3F95420798850
:10DC9000002300930123E3F777FF0346FB817B68B2
:10DCA0009B6803F57B532833FA8911461846F1F730
:10DCB00019FF7B68012283F82D20012318461037B5
:10DCC000BD4680BD80B483B000AF78600B46FB706A
:10DCD000FB78002B05D0FB78072B02D0FB78082BB4
:10DCE00001D1012300E0002318460C37BD4680BC5B
:10DCF000704780B483B000AF78600B46FB70FB7850
:10DD0000012B05D0FB78022B02D0FB78032B01D12D
:10DD1000012300E0002318460C37BD4680BC704745
:10DD2000FEF742F90B480C490C4A002302E0D45894
:10DD3000C4500433C4188C42F9D3094A094C002357
:10DD400001E013600432A242FBD316F07DFBF4F72E
:10DD500025FC704700000020F8010020746F0308C4
:10DD6000F8010020347F0020FEE7000080B500AFFE
:10DD7000084B1B68074A43F010031360032000F0B0
:10DD8000EDFD0F2000F008F8FDF76EFC00231846AB
:10DD900080BD00BF0020024080B582B000AF786037
:10DDA000124B1A68124B1B7819464FF47A73B3FB67
:10DDB000F1F3B2FBF3F3184600F005FE0346002B27
:10DDC00001D001230EE07B680F2B0AD8002279686E
:10DDD0004FF0FF3000F0CDFD064A7B681360002352
:10DDE00000E0012318460837BD4680BD40000020F2
:10DDF000540000205000002080B400AF054B1B7879
:10DE00001A46054B1B681344034A136000BFBD4606
:10DE100080BC704754000020B85F002080B400AF81
:10DE2000024B1B681846BD4680BC7047B85F002097
:10DE300080B584B000AF7860FFF7F0FFB8607B6812
:10DE4000FB60FB68B3F1FF3F05D00A4B1B781A4615
:10DE5000FB681344FB6000BFFFF7E0FF0246BB68AE
:10DE6000D31AFA689A42F7D800BF00BF1037BD46F0
:10DE700080BD00BF5400002080B586B000AF786040
:10DE80000023FB7500233B610023BB600023FB6084
:10DE90007B68002B01D10123CEE07B689B68002BBF
:10DEA0007B689B6A002B09D17B680022DA627B6861
:10DEB000002283F824207868FDF708FC786800F0D9
:10DEC0002BFB0346FB757B689B6A03F01003002B5A
:10DED00040F0A980FB7D002B40F0A5807B689B6A09
:10DEE00023F4885323F0020343F002027B689A6212
:10DEF0007B685A687B681B6851498B420AD17B68F2
:10DF0000DB69B3F5402F02D07B68DB6904E04FF496
:10DF1000002301E07B68DB691A437B681B7B5B00A5
:10DF20001343BA681343BB607B689B68B3F5807F7B
:10DF300003D07B689B68012B02D14FF4807300E013
:10DF400000233A6913433B617B681B7D012B19D188
:10DF50007B681B7B002B09D17B689B69013B5A03C3
:10DF60003B69134343F400633B610BE07B689B6AAE
:10DF700043F020027B689A627B68DB6A43F001020F
:10DF80007B68DA627B681B685B6823F469417B68A5
:10DF90001B683A690A435A607B681B689A68294B78
:10DFA00013407A681268B9680B4393607B689B687A
:10DFB000B3F5807F03D07B689B68012B04D17B681D
:10DFC0001B69013B1B05FB607B681B68DB6A23F454
:10DFD00070017B681B68FA680A43DA627B681B6819
:10DFE0009A68194B1340BA689A420BD17B68002299
:10DFF000DA627B689B6A23F0030343F001027B68CB
:10E000009A6218E07B689B6A23F0120343F01002C7
:10E010007B689A627B68DB6A43F001027B68DA62A4
:10E020000123FB7507E07B689B6A43F010027B6865
:10E030009A620123FB75FB7D18461837BD4680BDEB
:10E04000003C0140FDF7E1FFFE0E1FFF80B584B0EC
:10E0500000AF78600023FB737B6893F82430012BBA
:10E0600001D102231AE07B68012283F8242078681A
:10E0700000F052FA0346FB73FB7B002B09D17B684F
:10E080009B6A23F4885323F0010343F001027B6869
:10E090009A627B68002283F82420FB7B18461037A5
:10E0A000BD4680BD80B586B000AFF860B9607A60CB
:10E0B0000023FB75FB681B68644A934204D0FB682D
:10E0C0001B68634A934206D1604B5B6803F470237C
:10E0D000002B40F0B380FB6893F82430012B01D172
:10E0E0000223AEE0FB68012283F82420F86800F0E8
:10E0F000B9F90346FB75FB7D002B40F09A80FB6865
:10E100009B6A23F4706323F0010343F48072FB687D
:10E110009A62FB681B684E4A934205D14B4B5B6881
:10E1200003F47023002B15D1FB689B6A23F4801243
:10E13000FB689A62FB681B685B6803F48063002BD2
:10E1400026D0FB689B6A23F4405343F48052FB685B
:10E150009A621DE0FB689B6A43F48012FB689A6236
:10E16000FB681B68394A934204D0FB681B68384A35
:10E1700093420DD1354B5B6803F48063002B07D0CD
:10E18000FB689B6A23F4405343F48052FB689A6215
:10E19000FB689B6A03F48053002B06D0FB68DB6AA4
:10E1A00023F00602FB68DA6202E0FB680022DA6212
:10E1B000FB68002283F82420FB681B6A254A9A62C8
:10E1C000FB681B6A244ADA62FB681B6A234A1A63EB
:10E1D000FB681B686FF002021A60FB681B689A6894
:10E1E000FB681B6842F480729A60FB68186AFB68DF
:10E1F0001B684C331946BA687B6800F067FCFB6803
:10E200001B689B6803F46023B3F5602F08D1FB689B
:10E210001B689A68FB681B6842F4A0029A600FE0D2
:10E22000FB681B689A68FB681B6842F480129A605E
:10E2300006E0FB68002283F8242001E00123FB753F
:10E24000FB7D18461837BD4680BD00BF0024014045
:10E25000002801409BE5010817E6010833E60108A4
:10E2600080B483B000AF786000BF0C37BD4680BC7F
:10E270007047000080B485B000AF7860396000233B
:10E28000FB730023BB607B6893F82430012B01D122
:10E290000223DCE07B68012283F824203B685B6872
:10E2A000062B1CD87B681B68596B3B685A68134661
:10E2B0009B001344053B1F2202FA03F3DB43194082
:10E2C0003B6818683B685A6813469B001344053B3B
:10E2D00000FA03F27B681B680A435A633CE03B6820
:10E2E0005B680C2B1CD87B681B68196B3B685A68F1
:10E2F00013469B001344233B1F2202FA03F3DB4324
:10E3000019403B6818683B685A6813469B001344E1
:10E31000233B00FA03F27B681B680A431A631BE085
:10E320007B681B68D96A3B685A6813469B00134494
:10E33000413B1F2202FA03F3DB4319403B68186894
:10E340003B685A6813469B001344413B00FA03F2B2
:10E350007B681B680A43DA623B681B68092B1CD97F
:10E360007B681B68D9683B681A6813465B001344D6
:10E370001E3B072202FA03F3DB4319403B6898680F
:10E380003B681A6813465B0013441E3B00FA03F215
:10E390007B681B680A43DA6019E07B681B681969AF
:10E3A0003B681A6813465B001344072202FA03F322
:10E3B000DB4319403B6898683B681A6813465B006A
:10E3C000134400FA03F27B681B680A431A613B6836
:10E3D0001B68102B03D03B681B68112B32D17B6864
:10E3E0001B681D4A934225D17B681B689B6803F418
:10E3F0000003002B26D17B681B689A687B681B682A
:10E4000042F400029A603B681B68102B1AD1134B30
:10E410001B68134AA2FB03239A0C13469B00134468
:10E420005B00BB6002E0BB68013BBB60BB68002BCC
:10E43000F9D107E07B689B6A43F020027B689A620F
:10E440000123FB737B68002283F82420FB7B1846A2
:10E450001437BD4680BC70470024014040000020B6
:10E4600083DE1B4380B584B000AF78600023FB607F
:10E470000023BB607B681B689B6803F00103012BD2
:10E4800040D07B681B689A687B681B6842F0010279
:10E490009A601F4B1B681F4AA2FB03239B0CBB60A7
:10E4A00002E0BB68013BBB60BB68002BF9D1FFF702
:10E4B000B5FCF8601FE0FFF7B1FC0246FB68D31A19
:10E4C000022B18D97B681B689B6803F00103012BA2
:10E4D00011D07B689B6A43F010027B689A627B686C
:10E4E000DB6A43F001027B68DA627B68002283F812
:10E4F0002420012307E07B681B689B6803F001036D
:10E50000012BD8D1002318461037BD4680BD00BF6F
:10E510004000002083DE1B4380B584B000AF7860EC
:10E520000023FB607B681B689B6803F00103012BE1
:10E530002ED17B681B689A687B681B6822F00102F9
:10E540009A60FFF76BFCF8601BE0FFF767FC024680
:10E55000FB68D31A022B14D97B681B689B6803F0F5
:10E560000103012B0DD17B689B6A43F010027B688D
:10E570009A627B68DB6A43F001027B68DA620123FE
:10E5800007E07B681B689B6803F00103012BDCD06C
:10E59000002318461037BD4680BD80B584B000AF5B
:10E5A00078607B685B6AFB60FB689B6A03F05003E2
:10E5B000002B27D1FB689B6A43F40072FB689A62C8
:10E5C000FB681B689B6803F46023B3F5602F15D1CB
:10E5D000FB681B7B002B11D1FB689B6A23F48072C4
:10E5E000FB689A62FB689B6A03F48053002B05D199
:10E5F000FB689B6A43F00102FB689A62F868E7F7E0
:10E60000B1FE04E0FB681B6A1B6B7868984700BF8B
:10E610001037BD4680BD80B584B000AF78607B68A0
:10E620005B6AFB60F868FFF71BFE00BF1037BD4652
:10E6300080BD80B584B000AF78607B685B6AFB60AA
:10E64000FB689B6A43F04002FB689A62FB68DB6AE6
:10E6500043F00402FB68DA62F868E8F70BF800BFE1
:10E660001037BD4680BD000090B587B000AF786020
:10E670000023FB750023FB607B6893F82430012B9B
:10E6800001D1022397E07B68012283F82420786877
:10E69000FFF742FF0346FB757868FFF7E3FE03468A
:10E6A000FB75FB7D002B40F081807B689B6A23F427
:10E6B000885323F0020343F002027B689A62404BC6
:10E6C0001C68022003F01EF90346B4FBF3F35B0061
:10E6D000FB6002E0FB68013BFB60FB68002BF9D1AB
:10E6E0007B681B689A687B681B6842F008029A6026
:10E6F000FFF794FB38611BE0FFF790FB02463B6994
:10E70000D31A0A2B14D97B681B689B6803F0080393
:10E71000002B0DD07B689B6A23F0120343F010029C
:10E720007B689A627B68002283F82420012342E000
:10E730007B681B689B6803F00803002BDCD17B68B7
:10E740001B689A687B681B6842F004029A60FFF7B6
:10E7500065FB38611BE0FFF761FB02463B69D31A9A
:10E760000A2B14D97B681B689B6803F00403002BF9
:10E770000DD07B689B6A23F0120343F010027B6884
:10E780009A627B68002283F82420012313E07B68CF
:10E790001B689B6803F00403002BDCD17B689B6A39
:10E7A00023F0030343F001027B689A627B68002236
:10E7B00083F82420FB7D18461C37BD4690BD00BF62
:10E7C0004000002080B485B000AF78607B6803F023
:10E7D0000703FB600C4BDB68BB60BA684FF6FF03B6
:10E7E0001340BB60FB681A02BB68134343F0BF636E
:10E7F00043F40033BB60044ABB68D36000BF1437E6
:10E80000BD4680BC704700BF00ED00E080B400AFA3
:10E81000044BDB681B0A03F007031846BD4680BCA7
:10E82000704700BF00ED00E080B483B000AF034646
:10E83000FB7197F90730002B0BDBFB7903F01F020C
:10E84000064997F907305B09012000FA02F241F806
:10E85000232000BF0C37BD4680BC704700E100E0BC
:10E8600080B483B000AF03463960FB7197F907307D
:10E87000002B0ADB3B68DAB20C4997F9073012012A
:10E88000D2B20B4483F800230AE03B68DAB20849AD
:10E89000FB7903F00F03043B1201D2B20B441A764A
:10E8A00000BF0C37BD4680BC704700BF00E100E0F0
:10E8B00000ED00E080B489B000AFF860B9607A6024
:10E8C000FB6803F00703FB61FB69C3F10703042B3B
:10E8D00028BF0423BB61FB690433062B02D9FB6903
:10E8E000033B00E000237B614FF0FF32BB6902FA7B
:10E8F00003F3DA43BB681A407B699A404FF0FF315B
:10E900007B6901FA03F3D9437B680B401343184634
:10E910002437BD4680BC704780B582B000AF7860B8
:10E920007B68013BB3F1807F01D301230FE00A4AEA
:10E930007B68013B53600F214FF0FF30FFF790FFE2
:10E94000054B00229A60044B07221A6000231846E8
:10E950000837BD4680BD00BF10E000E080B582B042
:10E9600000AF78607868FFF72DFF00BF0837BD461D
:10E9700080BD80B586B000AF0346B9607A60FB7396
:10E9800000237B61FFF742FF78617A68B968786994
:10E99000FFF790FF024697F90F3011461846FFF730
:10E9A0005FFF00BF1837BD4680BD80B582B000AFA5
:10E9B0000346FB7197F907301846FFF735FF00BF94
:10E9C0000837BD4680BD80B582B000AF78607868FA
:10E9D000FFF7A2FF034618460837BD4680BD00007A
:10E9E00080B485B000AF78600023FB607B68002BAB
:10E9F00001D1012359E07B681B681A462D4B9A42CE
:10EA00000FD87B681B681A462B4B13442B4AA2FB7A
:10EA100003231B099A007B681A647B68284ADA631F
:10EA20000EE07B681B681A46264B1344234AA2FB60
:10EA300003231B099A007B681A647B68224ADA6305
:10EA40007B68022283F821207B681B681B68FB60BF
:10EA5000FB6823F47F5323F03003FB607B685A6824
:10EA60007B689B681A437B68DB681A437B681B6979
:10EA70001A437B685B691A437B689B691A437B680E
:10EA8000DB691343FA681343FB607B681B68FA6811
:10EA90001A607B6800229A637B68012283F8212038
:10EAA0007B68002283F82020002318461437BD46D7
:10EAB00080BC704707040240F8FFFDBFCDCCCCCC32
:10EAC00000000240F8FBFDBF0004024080B586B0A4
:10EAD00000AFF860B9607A603B600023FB75FB68AB
:10EAE00093F82030012B01D102234BE0FB68012277
:10EAF00083F82020FB6893F82130DBB2012B3AD158
:10EB0000FB68022283F82120FB6800229A63FB68DD
:10EB10001B681A68FB681B6822F001021A603B68D8
:10EB20007A68B968F86800F0A9FAFB68DB6A002B1C
:10EB300008D0FB681B681A68FB681B6842F00E026D
:10EB40001A600FE0FB681B681A68FB681B6822F0FC
:10EB500004021A60FB681B681A68FB681B6842F0B5
:10EB60000A021A60FB681B681A68FB681B6842F09F
:10EB700001021A6005E0FB68002283F820200223CE
:10EB8000FB75FB7D18461837BD4680BD80B485B047
:10EB900000AF78600023FB737B6893F82130DBB211
:10EBA000022B08D07B6804229A637B68002283F8DA
:10EBB0002020012320E07B681B681A687B681B68A3
:10EBC00022F00E021A607B681B681A687B681B685B
:10EBD00022F001021A607B681A6C7B68DB6B0121F2
:10EBE00001FA02F25A607B68012283F821207B68D7
:10EBF000002283F82020FB7B18461437BD4680BCDA
:10EC00007047000080B584B000AF78607B68DB6B34
:10EC10001B68FB607B681B681B68BB607B681B6CA8
:10EC200004229A40FB681340002B00F0F180BB687F
:10EC300003F00403002B00F0EB807B681B681B686B
:10EC400003F02003002B07D17B681B681A687B68E0
:10EC50001B6822F004021A607B681B681A465F4B2F
:10EC60009A4258D97B681B685D4A93424FD07B68B3
:10EC70001B685C4A934248D07B681B685A4A93429F
:10EC800040D07B681B68594A934238D07B681B6828
:10EC9000574A934230D07B681B68564A934228D02B
:10ECA0007B681B684D4A934220D07B681B68524AA0
:10ECB000934219D07B681B68504A934212D07B68FC
:10ECC0001B684F4A93420AD07B681B684D4A9342A7
:10ECD00002D14FF480431BE04FF4802318E04FF43F
:10ECE000806315E0402313E0042311E04FF08063BC
:10ECF0000EE04FF480030BE04FF4802308E04FF464
:10ED0000804305E04FF4806302E0402300E00423E9
:10ED10003D4A536057E07B681B68314A93424FD0AD
:10ED20007B681B682F4A934248D07B681B682E4A39
:10ED3000934240D07B681B682C4A934238D07B6852
:10ED40001B682B4A934230D07B681B68294A934248
:10ED500028D07B681B68214A934220D07B681B68BF
:10ED6000254A934219D07B681B68244A934212D0EB
:10ED70007B681B68224A93420AD07B681B68214A41
:10ED8000934202D14FF480431BE04FF4802318E0FC
:10ED90004FF4806315E0402313E0042311E04FF0AB
:10EDA00080630EE04FF480030BE04FF4802308E013
:10EDB0004FF4804305E04FF4806302E0402300E01D
:10EDC0000423124A53607B68DB6A002B00F0368113
:10EDD0007B68DB6A7868984730E100BF80000240BA
:10EDE000080002401C000240300002404400024083
:10EDF000580002406C000240080402401C0402401B
:10EE0000300402404404024000040240000002407A
:10EE10007B681B6C02229A40FB681340002B00F0B9
:10EE2000DD80BB6803F00203002B00F0D7807B6815
:10EE30001B681B6803F02003002B0BD17B681B6849
:10EE40001A687B681B6822F00A021A607B6801223C
:10EE500083F821207B681B681A467B4B9A4258D95D
:10EE60007B681B68794A93424FD07B681B68784A5D
:10EE7000934248D07B681B68764A934240D07B68B7
:10EE80001B68754A934238D07B681B68734A93426B
:10EE900030D07B681B68724A934228D07B681B681D
:10EEA000694A934220D07B681B686E4A934219D00E
:10EEB0007B681B686C4A934212D07B681B686B4A64
:10EEC00093420AD07B681B68694A934202D14FF48F
:10EED00000531BE04FF4003318E04FF4007315E0CB
:10EEE000202313E0022311E04FF000730EE04FF4F3
:10EEF00000130BE04FF4003308E04FF4005305E03B
:10EF00004FF4007302E0202300E00223594A5360CB
:10EF100057E07B681B684D4A93424FD07B681B6863
:10EF20004B4A934248D07B681B684A4A934240D080
:10EF30007B681B68484A934238D07B681B68474A05
:10EF4000934230D07B681B68454A934228D07B6847
:10EF50001B683D4A934220D07B681B68414A93421C
:10EF600019D07B681B68404A934212D07B681B68AB
:10EF70003E4A93420AD07B681B683D4A934202D1C5
:10EF80004FF400531BE04FF4003318E04FF40073CC
:10EF900015E0202313E0022311E04FF000730EE090
:10EFA0004FF400130BE04FF4003308E04FF400532C
:10EFB00005E04FF4007302E0202300E002232E4A14
:10EFC00053607B68002283F820207B689B6A002BBB
:10EFD00034D07B689B6A786898472FE07B681B6C0D
:10EFE00008229A40FB681340002B28D0BB6803F02E
:10EFF0000803002B23D07B681B681A687B681B689A
:10F0000022F00E021A607B681A6C7B68DB6B0121B0
:10F0100001FA02F25A607B6801229A637B6801223E
:10F0200083F821207B68002283F820207B681B6BFB
:10F03000002B04D07B681B6B7868984700BF00BF2B
:10F040001037BD4680BD00BF80000240080002406E
:10F050001C000240300002404400024058000240C0
:10F060006C000240080402401C04024030040240CC
:10F0700044040240000402400000024080B485B015
:10F0800000AFF860B9607A603B60FB681A6CFB689F
:10F09000DB6B012101FA02F25A60FB681B683A68D7
:10F0A0005A60FB685B68102B08D1FB681B687A68A4
:10F0B0009A60FB681B68BA68DA6007E0FB681B6847
:10F0C000BA689A60FB681B687A68DA6000BF143718
:10F0D000BD4680BC7047000080B48BB000AF786044
:10F0E000396000237B6200233B6279E101227B6A65
:10F0F00002FA03F3FB613B681B68FA691340BB61CA
:10F10000BA69FB699A4240F068813B685B68964A3D
:10F1100093425ED0944A934275D8944A934258D011
:10F12000924A93426FD8924A934252D0904A934265
:10F1300069D8904A93424CD08E4A934263D88E4A03
:10F14000934246D08C4A93425DD8122B2AD8122B78
:10F1500059D801A252F823F0D3F10108ADF101080A
:10F16000BFF1010801F2010807F2010807F20108E6
:10F1700007F2010807F2010807F2010807F2010887
:10F1800007F2010807F2010807F2010807F2010877
:10F1900007F2010807F2010807F20108B5F10108BA
:10F1A000C9F10108754A934213D02CE03B68DB6833
:10F1B0003B6229E03B68DB6804333B6224E03B6848
:10F1C000DB6808333B621FE03B68DB680C333B6263
:10F1D0001AE03B689B68002B02D104233B6213E0DA
:10F1E0003B689B68012B05D108233B627B68FA6969
:10F1F0001A6109E008233B627B68FA695A6103E0FF
:10F2000000233B6200E000BFBB69FF2B01D87B6895
:10F2100001E07B6804337B61BB69FF2B02D87B6A0A
:10F220009B0002E07B6A083B9B003B617B691A689C
:10F230000F213B6901FA03F3DB431A40396A3B694A
:10F2400001FA03F31A437B691A603B685B6803F0B9
:10F250008053002B00F0C180494B9B69484A43F022
:10F2600001039361464B9B6903F00103BB60BB68DC
:10F27000444A7B6A9B08023352F82330FB607B6A66
:10F2800003F003039B000F2202FA03F3DB43FA6847
:10F290001340FB607B683C4A93421FD07B683B4A2B
:10F2A000934219D07B683A4A934213D07B68394A1B
:10F2B00093420DD07B68384A934207D07B68374A27
:10F2C000934201D105230AE0062308E0042306E067
:10F2D000032304E0022302E0012300E000237A6A12
:10F2E00002F0030292009340FA681343FB60254941
:10F2F0007B6A9B080233FA6841F823203B685B680D
:10F3000003F48013002B06D0254B9A682449BB696F
:10F3100013438B6006E0224B9A68BB69DB432049AC
:10F3200013408B603B685B6803F40013002B06D02E
:10F330001B4BDA681A49BB691343CB6006E0184BD4
:10F34000DA68BB69DB4316491340CB603B685B68F6
:10F3500003F40033002B25D0114B5A681049BB69C8
:10F3600013434B6025E000BF000032100000311055
:10F3700000002210000021100000121000001110E7
:10F38000001002400000014000080140000C014054
:10F39000001001400014014000180140001C014011
:10F3A00000040140154B5A68BB69DB431349134005
:10F3B0004B603B685B6803F48033002B06D00F4B37
:10F3C0001A680E49BB6913430B6006E00B4B1A68C1
:10F3D000BB69DB43094913400B607B6A01337B62E5
:10F3E0003B681A687B6A22FA03F3002B7FF47EAE37
:10F3F00000BF00BF2C37BD4680BC704700040140F1
:10F4000080B485B000AF78600B467B807B689A68DB
:10F410007B881340002B02D00123FB7301E0002303
:10F42000FB73FB7B18461437BD4680BC704780B425
:10F4300083B000AF78600B467B8013467B707B788F
:10F44000002B03D07A887B681A6103E07B881A045A
:10F450007B681A6100BF0C37BD4680BC704780B521
:10F4600084B000AF78607B68002B01D10123E8E015
:10F470007B6893F89132DBB2002B06D17B680022C7
:10F4800083F89022786813F0E3F97B68032283F80D
:10F4900091227B6800225A717B681B68184605F030
:10F4A0001EFA7B6818687B6804330ECB05F0F4F90C
:10F4B0000346002B05D07B68022283F891220123AA
:10F4C000BFE07B681B680021184605F022FA03465E
:10F4D000002B05D07B68022283F891220123B0E043
:10F4E0000023FB733EE0FA7B796813469B001344CC
:10F4F000DB000B44113301221A70FA7B7968134642
:10F500009B001344DB000B441033FA7B1A70FA7B28
:10F51000796813469B001344DB000B44133300222D
:10F520001A70FA7B796813469B001344DB000B4486
:10F53000203300221A60FA7B796813469B0013443B
:10F54000DB000B44243300221A60FB7B79685A1CD1
:10F5500013469B001344DB000B4400221A60FB7B24
:10F560000133FB737B681B79FA7B9A42BBD3002380
:10F57000FB7344E0FA7B796813469B001344DB007D
:10F580000B4403F2511300221A70FA7B7968134678
:10F590009B001344DB000B4403F5A873FA7B1A703D
:10F5A000FA7B796813469B001344DB000B4403F29B
:10F5B000531300221A70FA7B796813469B00134498
:10F5C000DB000B4403F5B07300221A60FA7B796804
:10F5D00013469B001344DB000B4403F5B273002277
:10F5E0001A60FA7B796813469B001344DB000B44D6
:10F5F00003F5B47300221A60FB7B0133FB737B6855
:10F600001B79FA7B9A42B5D37B6818687B68043310
:10F610000ECB05F08AF90346002B05D07B68022249
:10F6200083F8912201230CE07B6800225A737B68E7
:10F63000012283F891227B681B68184607F01FFCA3
:10F64000002318461037BD4680BD80B582B000AF9C
:10F6500078607B6893F89032012B01D1022316E089
:10F660007B68012283F890227B681B68184605F0AE
:10F6700020F90121786813F072FB7B681B6818463B
:10F6800007F0F3FB7B68002283F8902200231846E2
:10F690000837BD4680BD80B588B000AF78607B6814
:10F6A0001B68184607F0F5FBB861BB6903F400431B
:10F6B000002B03D0786800F047FB19E1BB6903F425
:10F6C0008063002B13D07B681B68B3F844309AB278
:10F6D0007B681B6822F4806292B2A3F844207868A9
:10F6E00013F031F90021786800F005F900E1BB69F9
:10F6F00003F48043002B0CD07B681B68B3F84430C4
:10F700009AB27B681B6822F4804292B2A3F844202C
:10F71000EEE0BB6903F40053002B0CD07B681B6840
:10F72000B3F844309AB27B681B6822F4005292B25C
:10F73000A3F84420DCE0BB6903F48053002B27D0FE
:10F740007B681B68B3F840309AB27B681B6822F074
:10F75000040292B2A3F840207B681B68B3F84030E3
:10F760009AB27B681B6822F0080292B2A3F840208C
:10F77000786813F021F97B681B68B3F844309AB2BB
:10F780007B681B6822F4805292B2A3F84420AFE059
:10F79000BB6903F40063002B00F083800023FB7738
:10F7A00010E07B681B681A46FB7F9B001A44FB7FB6
:10F7B000128892B25B0020333B4423F8182CFB7F65
:10F7C0000133FB77FB7F072BEBD97B681B68B3F812
:10F7D00040309AB27B681B6842F0010292B2A3F8F3
:10F7E00040207B681B68B3F840309AB27B681B6886
:10F7F00022F0010292B2A3F8402000BF7B681B6890
:10F80000B3F844309BB203F48063002BF6D07B68DE
:10F810001B68B3F844309AB27B681B6822F480629C
:10F8200092B2A3F844200023FB770FE0FB7F7A68B5
:10F8300012681146FA7F92000A445B0020333B4471
:10F8400033F8183C1380FB7F0133FB77FB7F072BDA
:10F85000ECD97B681B68B3F840309AB27B681B68B0
:10F8600042F0080292B2A3F840207B681B68B3F80C
:10F8700044309AB27B681B6822F4006292B2A3F80B
:10F8800044207B681B68B3F840309AB27B681B68E1
:10F8900042F0040292B2A3F84020786813F072F8A4
:10F8A00026E0BB6903F40073002B0FD07B681B6854
:10F8B000B3F844309AB27B681B6822F4007292B2AB
:10F8C000A3F84420786813F030F811E0BB6903F422
:10F8D0008073002B0CD07B681B68B3F844309AB25D
:10F8E0007B681B6822F4807292B2A3F8442000BFA8
:10F8F0002037BD4680BD80B582B000AF78600B4632
:10F90000FB707B6893F89032012B01D1022312E047
:10F910007B68012283F890227B68FA785A737B68AF
:10F920001B68FA781146184607F08CFA7B680022AB
:10F9300083F89022002318460837BD4680BD80B565
:10F9400084B000AF7860084611461A460346FB7043
:10F950000B463B801346BB700023FB7297F90330C4
:10F96000002B0EDAFB7803F0070213469B001344CA
:10F97000DB0010337A681344FB60FB6801225A7085
:10F980000EE0FB7803F0070213469B001344DB00F4
:10F9900003F5A8737A681344FB60FB6800225A7071
:10F9A000FB7803F00703DAB2FB681A703A88FB6849
:10F9B0001A61FB68BA78DA70BB78022B02D1FB6857
:10F9C00000221A717B6893F89032012B01D1022337
:10F9D0000EE07B68012283F890227B681B68F9683F
:10F9E000184604F0D5FF7B68002283F89022FB7A4A
:10F9F00018461037BD4680BD80B584B000AF786032
:10FA00000B46FB7097F90330002B0EDAFB7803F0FE
:10FA1000070213469B001344DB0010337A6813443B
:10FA2000FB60FB6801225A700EE0FB7803F00702CE
:10FA300013469B001344DB0003F5A8737A68134454
:10FA4000FB60FB6800225A70FB7803F00703DAB210
:10FA5000FB681A707B6893F89032012B01D1022366
:10FA60000EE07B68012283F890227B681B68F968AE
:10FA7000184605F04DFB7B68002283F89022002396
:10FA800018461037BD4680BD80B586B000AFF8601F
:10FA90007A603B600B46FB72FB7A03F00702134669
:10FAA0009B001344DB0003F5A873FA6813447B61E1
:10FAB0007B697A685A617B693A689A617B6900223E
:10FAC000DA617B6900225A70FB7A03F00703DAB22D
:10FAD0007B691A70FB681B687969184605F004FD9C
:10FAE000002318461837BD4680BD80B483B000AFF0
:10FAF00078600B46FB70FB7803F0070279681346C9
:10FB00009B001344DB000B4403F5B6731B681846D7
:10FB10000C37BD4680BC704780B586B000AFF8603A
:10FB20007A603B600B46FB72FB7A03F007021346D8
:10FB30009B001344DB001033FA6813447B617B693C
:10FB40007A685A617B693A689A617B69012283F815
:10FB500024207B693A681A627B690022DA617B693A
:10FB600001225A70FB7A03F00703DAB27B691A703C
:10FB7000FB681B687969184605F0B6FC0023184637
:10FB80001837BD4680BD80B584B000AF78600B46A5
:10FB9000FB70FB7803F007037A681279934201D96E
:10FBA00001234CE097F90330002B0EDAFB7803F0C9
:10FBB000070213469B001344DB0010337A6813449A
:10FBC000FB60FB6801225A700CE0FA7813469B0038
:10FBD0001344DB0003F5A8737A681344FB60FB68E9
:10FBE00000225A70FB6801229A70FB7803F0070329
:10FBF000DAB2FB681A707B6893F89032012B01D15E
:10FC000002231CE07B68012283F890227B681B683A
:10FC1000F968184607F019F8FB7803F00703002B82
:10FC200008D17B681A687B6803F52673194610466D
:10FC300007F03EF97B68002283F8902200231846E3
:10FC40001037BD4680BD80B584B000AF78600B46EC
:10FC5000FB70FB7803F00F037A681279934201D9A5
:10FC6000012340E097F90330002B0EDAFB7803F014
:10FC7000070213469B001344DB0010337A681344D9
:10FC8000FB60FB6801225A700EE0FB7803F007026C
:10FC900013469B001344DB0003F5A8737A681344F2
:10FCA000FB60FB6800225A70FB6800229A70FB78A8
:10FCB00003F00703DAB2FB681A707B6893F890329E
:10FCC000012B01D102230EE07B68012283F89022F0
:10FCD0007B681B68F968184607F007F87B68002204
:10FCE00083F89022002318461037BD4680BD80B5AA
:10FCF00082B000AF78600B46FB707B6893F890325F
:10FD0000012B01D102231BE07B68012283F89022A2
:10FD100097F90330002B09DA7B681A68FB7803F047
:10FD200007031946104604F01DFE04E07B681B68BB
:10FD3000184604F022FE7B68002283F890220023FC
:10FD400018460837BD4680BD80B596B000AF7860D4
:10FD5000BBE37B681B68B3F84430A7F84E30B7F8B4
:10FD60004E30DBB203F00F0387F84D3097F84D307B
:10FD7000002B40F07581B7F84E3003F01003002BD4
:10FD80004ED17B681B681B889BB223F4E14323F0B0
:10FD90007003FB817B681A68FB896FEA43436FEA53
:10FDA00053439BB213807B6810337B657B681B6871
:10FDB000B3F850309BB21A467B6D1B78DB001344BE
:10FDC00002335B007A681268134403F580631B8872
:10FDD000C3F309027B6DDA617B6D5A697B6DDB6968
:10FDE0001A447B6D5A610021786812F084FD7B68AB
:10FDF0005B7BDBB2002B00F068837B6D9B69002B83
:10FE000040F063837B685B7BDBB263F07F03DAB235
:10FE10007B681B68A3F84C207B6800225A7354E36C
:10FE20007B6803F5A8737B657B681B681B88A7F854
:10FE30004A30B7F84A3003F40063002B34D07B68B3
:10FE40001B68B3F850309BB21A467B6D1B78DB0001
:10FE5000134406335B007A681268134403F5806329
:10FE60001B88C3F309027B6DDA617B6818687B68C5
:10FE700003F526717B6DDA887B6DDB699BB207F039
:10FE800067F87B681B681B889AB240F68F73134033
:10FE90003B827B681B683A8A42F0800292B21A80E9
:10FEA000786812F0FBFC10E3B7F94A30002B80F2BF
:10FEB0000C837B681B681B889AB240F68F731340D3
:10FEC000FB837B681B68FA8B42F0800292B21A8037
:10FED0007B681B68B3F850309BB21A467B6D1B7869
:10FEE000DB00134406335B007A681268134403F5A1
:10FEF00080631B88C3F309027B6DDA617B6DDB696C
:10FF0000002B19D07B6D5B69002B15D07B681868BE
:10FF10007B6D59697B6DDA887B6DDB699BB207F07D
:10FF200017F87B6D5A697B6DDB691A447B6D5A61EA
:10FF30000021786812F0C4FC7B681B681B88A7F856
:10FF40004A30B7F84A3003F40063002B40F0BD821A
:10FF5000B7F84A3003F44053B3F5405F00F0B58280
:10FF60007B681B68BB617B681B68B3F850309BB231
:10FF70001A46BB691344BB61BB6903F20C437B6146
:10FF80007B691B889BB2C3F309039AB27B691A8011
:10FF90007B6D1B693E2B1DD97B6D1B695B097B64E7
:10FFA0007B6D1B6903F01F03002B02D17B6C013BAF
:10FFB0007B647B691B889AB27B6C9BB29B029BB271
:10FFC00013439BB26FEA43436FEA53439AB27B6990
:10FFD0001A8026E07B6D1B69002B0AD17B691B8888
:10FFE0009BB26FEA43436FEA53439AB27B691A802C
:10FFF00017E07B6D1B695B087B647B6D1B6903F0FD
:020000040802F0
:100000000103002B02D07B6C01337B647B691B886E
:100010009AB27B6C9BB29B029BB213439AB27B69F0
:100020001A807B681B681B889BB223F4804323F0F3
:1000300070037B827B8A83F480537B827B8A83F488
:1000400000537B827B681A687B8A43F07F4343F4CA
:100050007F0343F4004343F080039BB2138034E2F8
:100060007B681B681A4697F84D309B0013441B8829
:10007000A7F84A30B7F94A30002B80F2FC807B6841
:100080001B681A4697F84D309B0013441B889AB2A0
:1000900040F68F731340A7F848307B681B681A46F8
:1000A00097F84D309B001344B7F8482042F0800287
:1000B00092B21A8097F84D2013469B001344DB0040
:1000C00003F5A8737A6813447B657B6D1B7B002B5B
:1000D00025D17B681B68B3F850309BB21A467B6D04
:1000E0001B78DB00134406335B007A681268134404
:1000F00003F580631B88C3F30903A7F85030B7F8F2
:100100005030002B00F092807B6818687B6D596935
:100110007B6DDA88B7F8503006F01AFF86E07B6D09
:10012000DB78022B0AD1B7F84A301A46796D786825
:1001300000F0D9F90346A7F8503077E07B681B68D8
:100140001A467B6D1B789B0013441B889BB223F4DB
:10015000E04323F07003A7F852307B681B681A460F
:100160007B6D1B789B001A44B7F8523043F07F43F5
:1001700043F47F0343F4004343F0C0039BB2138076
:100180007B681B681A467B6D1B789B0013441B8899
:100190009BB203F48043002B24D07B681B68B3F828
:1001A00050309BB21A467B6D1B78DB001344023340
:1001B0005B007A681268134403F580631B88C3F3FD
:1001C0000903A7F85030B7F85030002B2ED07B68C9
:1001D00018687B6D59697B6D1A89B7F8503006F045
:1001E000B7FE23E07B681B68B3F850309BB21A4619
:1001F0007B6D1B78DB00134406335B007A68126862
:10020000134403F580631B88C3F30903A7F8503038
:10021000B7F85030002B09D07B6818687B6D59699E
:100220007B6D5A89B7F8503006F092FE7B6DDA6923
:10023000B7F850301A447B6DDA617B6D5A69B7F8B4
:1002400050301A447B6D5A617B6D9B69002B05D041
:10025000B7F850207B6D1B699A4206D27B6D1B78E4
:100260001946786812F02CFB05E07B681B68796DF5
:10027000184605F039F9B7F84A3003F08003002B2F
:1002800000F0238197F84D2013469B001344DB00B8
:1002900010337A6813447B657B681B681A4697F8AD
:1002A0004D309B0013441B889BB223F4E14323F0A1
:1002B0007003A7F842307B681B681A4697F84D30E8
:1002C0009B001A44B7F842306FEA43436FEA534346
:1002D0009BB213807B6DDB78012B40F0A2807B6D9D
:1002E00000229A617B6D1B7B002B00F09380B7F896
:1002F0004A3003F04003002B46D07B6D5B78002B27
:1003000026D17B681B687B627B681B68B3F8503022
:100310009BB21A467B6A13447B627B6D1B781A0181
:100320007B6A134403F204433B623B6A1B889BB223
:10033000C3F309039AB23B6A1A803B6A1B889BB2DB
:100340006FEA43436FEA53439AB23B6A1A8061E013
:100350007B6D5B78012B5DD17B681B68FB627B68E2
:100360001B68B3F850309BB21A46FB6A1344FB6219
:100370007B6D1B781A01FB6A134403F20443BB62D2
:10038000BB6A00221A8045E07B681B68FB637B6DBB
:100390005B78002B26D17B681B687B637B681B68BE
:1003A000B3F850309BB21A467B6B13447B637B6D72
:1003B0001B781A017B6B134403F20C433B633B6BCA
:1003C0001B889BB2C3F309039AB23B6B1A803B6B49
:1003D0001B889BB26FEA43436FEA53439AB23B6B6D
:1003E0001A8017E07B6D5B78012B13D17B681B684B
:1003F000B3F850309BB21A46FB6B1344FB637B6D22
:100400001B781A01FB6B134403F20C43BB63BB6BF9
:1004100000221A807B6D1B781946786812F06BFAFF
:1004200053E0B7F84A3003F48073002B46D17B6861
:100430001B68B3F850309BB21A467B6D1B78DB000B
:10044000134402335B007A681268134403F5806337
:100450001B88C3F30903A7F840307B6D9A69B7F88E
:1004600040309A4207D97B6D9A69B7F84030D21A6A
:100470007B6D9A6102E07B6D00229A617B6D9B69C6
:10048000002B06D17B6D1B781946786812F033FA81
:100490001BE07B6D5A69B7F840301A447B6D5A6196
:1004A0007B6DDA69B7F840301A447B6DDA617B689E
:1004B0001B68796D184605F017F806E0B7F84A3062
:1004C0001A46796D786800F01BF97B681B68B3F8F1
:1004D00044309BB21BB2002BFFF63BAC0023184606
:1004E0005837BD4680BD80B588B000AFF860B960B0
:1004F0001346FB80FB8803F48043002B7ED0FB680F
:100500001B68B3F850309BB21A46BB681B78DB00FF
:10051000134402335B00FA681268134403F58063E6
:100520001B88C3F309037B83BB689A697B8B9A4260
:1005300006D3BB689A697B8BD21ABB689A6102E0CA
:10054000BB6800229A61BB689B69002B23D1FB68C2
:100550001B681A46BB681B789B0013441B889BB220
:1005600023F4804323F070033B833B8B83F40053DD
:100570003B83FB681B681A46BB681B789B001A44C8
:100580003B8B43F07F4343F47F0343F4004343F04A
:1005900080039BB21380FB8803F04003002B1FD025
:1005A000FB681B681A46BB681B789B0013441B88BA
:1005B0009BB223F4E04323F07003FB82FB681B68CB
:1005C0001A46BB681B789B001A44FB8A43F07F43A2
:1005D00043F47F0343F4004343F0C0039BB2138012
:1005E0007B8B002B00F08780FB681868BB6859691B
:1005F000BB681A897B8B06F0ABFC7CE0FB681B6850
:10060000B3F850309BB21A46BB681B78DB0013442A
:1006100006335B00FA681268134403F580631B8895
:10062000C3F309037B83BB689A697B8B9A4206D329
:10063000BB689A697B8BD21ABB689A6102E0BB687F
:1006400000229A61BB689B69002B23D1FB681B6861
:100650001A46BB681B789B0013441B889BB223F48B
:10066000804323F07003FB83FB8B83F40053FB83F5
:10067000FB681B681A46BB681B789B001A44FB8BFF
:1006800043F07F4343F47F0343F4004343F080038C
:100690009BB21380FB8803F04003002B1FD1FB6843
:1006A0001B681A46BB681B789B0013441B889BB2CF
:1006B00023F4E04323F07003BB83FB681B681A46F6
:1006C000BB681B789B001A44BB8B43F07F4343F409
:1006D0007F0343F4004343F0C0039BB213807B8B42
:1006E000002B08D0FB681868BB685969BB685A8939
:1006F0007B8B06F02DFC7B8B18462037BD4680BDDA
:1007000080B5A4B000AFF860B9601346FB80FB88E9
:1007100003F04003002B00F0DD81FB681B68B3F899
:1007200050309BB21A46BB681B78DB00134402337F
:100730005B00FA681268134403F580631B88C3F3F7
:100740000903A7F88630BB689A69B7F886309A42E1
:1007500007D9BB689A69B7F88630D21ABB689A6124
:1007600002E0BB6800229A61BB689B69002B40F0E5
:10077000B980BB685B78002B26D1FB681B68FB62E5
:10078000FB681B68B3F850309BB21A46FB6A1344EF
:10079000FB62BB681B781A01FB6A134403F2044333
:1007A000BB62BB6A1B889BB2C3F309039AB2BB6AE4
:1007B0001A80BB6A1B889BB26FEA43436FEA5343BC
:1007C0009AB2BB6A1A801AE0BB685B78012B16D11B
:1007D000FB681B687B63FB681B68B3F850309BB2F7
:1007E0001A467B6B13447B63BB681B781A017B6BD7
:1007F000134403F204433B633B6B00221A80FB6803
:100800001B687B62BB685B78002B26D1FB681B688A
:10081000FB61FB681B68B3F850309BB21A46FB695A
:100820001344FB61BB681B781A01FB69134403F294
:100830000C43BB61BB691B889BB2C3F309039AB22B
:10084000BB691A80BB691B889BB26FEA43436FEA9E
:1008500053439AB2BB691A8017E0BB685B78012BDF
:1008600013D1FB681B68B3F850309BB21A467B6A01
:1008700013447B62BB681B781A017B6A134403F242
:100880000C433B623B6A00221A80BB681B78194606
:10089000F86812F030F8FB8803F48043002B00F076
:1008A000FC82FB681B681A46BB681B789B001344DC
:1008B0001B889BB223F4E04323F07003FB82FB68A8
:1008C0001B681A46BB681B789B001A44FB8A43F0DE
:1008D0007F4343F47F0343F4404343F080039BB2E0
:1008E0001380DAE2FB8803F48043002B21D0FB68FD
:1008F0001B681A46BB681B789B0013441B889BB27D
:1009000023F4E04323F07003A7F88A30FB681B68E8
:100910001A46BB681B789B001A44B7F88A3043F02C
:100920007F4343F47F0343F4404343F080039BB28F
:100930001380BB6893F82430012B40F0AE82BB6873
:100940005A69B7F886301A44BB685A61BB68DA69DD
:10095000B7F886301A44BB68DA61BB681A6ABB68AC
:100960001B699A420BD3BB681B69C7F88C30BB6804
:100970001A6AD7F88C30D21ABB681A6217E0BB68C3
:100980001B6A002B08D1B7F88630C7F88C30BB68DB
:10099000002283F824200AE0BB68002283F8242088
:1009A000BB681B6AC7F88C30BB6800221A62BB6840
:1009B0005B78002B65D1FB681B68FB63FB681B68D9
:1009C000B3F850309BB21A46FB6B1344FB63BB6811
:1009D0001B781A01FB6B134403F20443BB63BB6B2C
:1009E0001B889BB2C3F309039AB2BB6B1A80D7F87A
:1009F0008C303E2B1DD9D7F88C305B09BB64D7F8FF
:100A00008C3003F01F03002B02D1BB6C013BBB6495
:100A1000BB6B1B889AB2BB6C9BB29B029BB213430D
:100A20009BB26FEA43436FEA53439AB2BB6B1A809F
:100A300044E0D7F88C30002B0AD1BB6B1B889BB2EB
:100A40006FEA43436FEA53439AB2BB6B1A8035E0B7
:100A5000D7F88C305B08BB64D7F88C3003F0010307
:100A6000002B02D0BB6C0133BB64BB6B1B889AB2FA
:100A7000BB6C9BB29B029BB213439AB2BB6B1A80B6
:100A80001CE0BB685B78012B18D1FB681B687B649A
:100A9000FB681B68B3F850309BB21A467B6C13445A
:100AA0007B64BB681B781A017B6C134403F204431C
:100AB0003B64D7F88C309AB23B6C1A80FB6818689C
:100AC000BB685969BB681A89D7F88C309BB206F0AD
:100AD000FAF9E2E1FB681B68B3F850309BB21A46A2
:100AE000BB681B78DB00134406335B00FA681268AE
:100AF000134403F580631B88C3F30903A7F886300A
:100B0000BB689A69B7F886309A4207D3BB689A697E
:100B1000B7F88630D21ABB689A6102E0BB6800223F
:100B20009A61BB689B69002B40F0C080BB685B7812
:100B3000002B26D1FB681B68FB67FB681B68B3F8BA
:100B400050309BB21A46FB6F1344FB67BB681B789F
:100B50001A01FB6F134403F20443BB67BB6F1B888E
:100B60009BB2C3F309039AB2BB6F1A80BB6F1B8899
:100B70009BB26FEA43436FEA53439AB2BB6F1A804A
:100B80001AE0BB685B78012B16D1FB681B687B669B
:100B9000FB681B68B3F850309BB21A467B6E134457
:100BA0007B66BB681B781A017B6E134403F2044317
:100BB0003B663B6E00221A80FB681B687B67BB6844
:100BC0005B78002B2BD1FB681B68FB66FB681B68FE
:100BD000B3F850309BB21A46FB6E1344FB66BB68F9
:100BE0001B781A01FB6E134403F20C43C7F88030E4
:100BF000D7F880301B889BB2C3F309039AB2D7F8A9
:100C000080301A80D7F880301B889BB26FEA43434C
:100C10006FEA53439AB2D7F880301A8017E0BB6866
:100C20005B78012B13D1FB681B68B3F850309BB283
:100C30001A467B6F13447B67BB681B781A017B6F76
:100C4000134403F20C433B673B6F00221A80BB68DE
:100C50001B781946F86811F04EFEFB8803F48043B8
:100C6000002B40F01A81FB681B681A46BB681B7892
:100C70009B0013441B889BB223F4E04323F07003D2
:100C8000A7F88830FB681B681A46BB681B789B0076
:100C90001A44B7F8883043F07F4343F47F0343F4AA
:100CA000404343F080039BB21380F6E0FB8803F4DB
:100CB0008043002B21D1FB681B681A46BB681B7858
:100CC0009B0013441B889BB223F4E04323F0700382
:100CD000A7F84E30FB681B681A46BB681B789B0060
:100CE0001A44B7F84E3043F07F4343F47F0343F494
:100CF000404343F080039BB21380BB6893F82430D9
:100D0000012B40F0CA80BB685A69B7F886301A4494
:100D1000BB685A61BB68DA69B7F886301A44BB68A9
:100D2000DA61BB681A6ABB681B699A420BD3BB685D
:100D30001B69C7F88C30BB681A6AD7F88C30D21A96
:100D4000BB681A6217E0BB681B6A002B08D1B7F8B2
:100D50008630C7F88C30BB68002283F824200AE074
:100D6000BB681B6AC7F88C30BB6800221A62BB687C
:100D7000002283F82420FB681B687B65BB685B78D6
:100D8000002B65D1FB681B68FB65FB681B68B3F82B
:100D900050309BB21A46FB6D1344FB65BB681B7851
:100DA0001A01FB6D134403F20C43BB65BB6D1B883A
:100DB0009BB2C3F309039AB2BB6D1A80D7F88C308B
:100DC0003E2B1DD9D7F88C305B09BB66D7F88C3029
:100DD00003F01F03002B02D1BB6E013BBB66BB6D52
:100DE0001B889AB2BB6E9BB29B029BB213439BB211
:100DF0006FEA43436FEA53439AB2BB6D1A8041E0F6
:100E0000D7F88C30002B0AD1BB6D1B889BB26FEAE0
:100E100043436FEA53439AB2BB6D1A8032E0D7F86E
:100E20008C305B08BB66D7F88C3003F00103002BD5
:100E300002D0BB6E0133BB66BB6D1B889AB2BB6E22
:100E40009BB29B029BB213439AB2BB6D1A8019E00E
:100E5000BB685B78012B15D1FB681B68B3F8503079
:100E60009BB21A467B6D13447B65BB681B781A01E5
:100E70007B6D134403F20C433B65D7F88C309AB278
:100E80003B6D1A80FB681868BB685969BB685A8952
:100E9000D7F88C309BB206F016F8FB681B681A4630
:100EA000BB681B789B0013441B889BB223F4E04370
:100EB00023F04003BB82BB8A83F01003BB82BB8A52
:100EC00083F02003BB82FB681B681A46BB681B7853
:100ED0009B001A44BB8A43F07F4343F47F0343F4EF
:100EE000004343F080039BB21380002318469037E1
:100EF000BD4680BD80B487B000AFF8607B600B4614
:100F00007B8113463B817B8903F080039BB2002BDE
:100F10000BD07B8903F0070213469B001344DB00D0
:100F20001033FA6813447B6109E07A8913469B0009
:100F30001344DB0003F5A873FA6813447B613B8913
:100F4000002B07D17B6900221A737B689AB27B69F8
:100F5000DA800BE07B6901221A737B689AB27B69A5
:100F60001A817B681B0C9AB27B695A810023184650
:100F70001C37BD4680BC704780B586B000AF786036
:100F80007B68002B01D1012372E27B681B6803F0B0
:100F90000103002B00F08780924B5B6803F00C0389
:100FA000042B0CD08F4B5B6803F00C03082B12D181
:100FB0008C4B5B6803F48033B3F5803F0BD1894BD6
:100FC0001B6803F40033002B6CD07B685B68002B3C
:100FD00068D101234CE27B685B68B3F5803F06D1A2
:100FE000804B1B687F4A43F4803313602EE07B689C
:100FF0005B68002B0CD17B4B1B687A4A23F480334F
:101000001360784B1B68774A23F4802313601DE03C
:101010007B685B68B3F5A02F0CD1724B1B68714ADB
:1010200043F4802313606F4B1B686E4A43F4803394
:1010300013600BE06B4B1B686A4A23F48033136028
:10104000684B1B68674A23F4802313607B685B68E6
:10105000002B13D0FCF7E2FE386108E0FCF7DEFE5F
:1010600002463B69D31A642B01D9032300E25D4B8E
:101070001B6803F40033002BF0D014E0FCF7CEFE25
:10108000386108E0FCF7CAFE02463B69D31A642BBC
:1010900001D90323ECE1534B1B6803F40033002B0D
:1010A000F0D100E000BF7B681B6803F00203002B57
:1010B00063D04C4B5B6803F00C03002B0BD0494B07
:1010C0005B6803F00C03082B1CD1464B5B6803F4F0
:1010D0008033002B16D1434B1B6803F00203002B17
:1010E00005D07B681B69012B01D00123C0E13D4B7A
:1010F0001B6823F0F8027B685B69DB003949134306
:101100000B603AE07B681B69002B20D0364B012234
:101110001A60FCF783FE386108E0FCF77FFE0246A8
:101120003B69D31A022B01D90323A1E12D4B1B6884
:1011300003F00203002BF0D02A4B1B6823F0F802C7
:101140007B685B69DB00274913430B6015E0264B86
:1011500000221A60FCF762FE386108E0FCF75EFED0
:1011600002463B69D31A022B01D9032380E11D4BB0
:101170001B6803F00203002BF0D17B681B6803F0AF
:101180000803002B3AD07B689B69002B19D0174BC2
:1011900001221A60FCF742FE386108E0FCF73EFECF
:1011A00002463B69D31A022B01D9032360E10D4BA0
:1011B0005B6A03F00203002BF0D0012000F0CEFAAE
:1011C0001CE00A4B00221A60FCF728FE38610FE091
:1011D000FCF724FE02463B69D31A022B08D90323ED
:1011E00046E100BF0010024000004242800442423B
:1011F000924B5B6A03F00203002BE9D17B681B680A
:1012000003F00403002B00F0A6800023FB758B4B3A
:10121000DB6903F08053002B0DD1884BDB69874AD3
:1012200043F08053D361854BDB6903F08053BB608F
:10123000BB680123FB75824B1B6803F48073002B92
:1012400018D17F4B1B687E4A43F480731360FCF710
:10125000E5FD386108E0FCF7E1FD02463B69D31A81
:10126000642B01D9032303E1754B1B6803F48073DE
:10127000002BF0D07B68DB68012B06D16F4B1B6A1B
:101280006E4A43F0010313622DE07B68DB68002B9C
:101290000CD16A4B1B6A694A23F001031362674B46
:1012A0001B6A664A23F0040313621CE07B68DB6858
:1012B000052B0CD1614B1B6A604A43F00403136297
:1012C0005E4B1B6A5D4A43F0010313620BE05B4B0C
:1012D0001B6A5A4A23F001031362584B1B6A574A90
:1012E00023F0040313627B68DB68002B15D0FCF746
:1012F00095FD38610AE0FCF791FD02463B69D31A7F
:1013000041F28832934201D90323B1E04B4B1B6A6F
:1013100003F00203002BEED014E0FCF77FFD3861F0
:101320000AE0FCF77BFD02463B69D31A41F28832A2
:10133000934201D903239BE0404B1B6A03F0020355
:10134000002BEED1FB7D012B05D13C4BDB693B4AE9
:1013500023F08053D3617B68DB69002B00F087802A
:10136000364B5B6803F00C03082B61D07B68DB69AC
:10137000022B46D1334B00221A60FCF74FFD386137
:1013800008E0FCF74BFD02463B69D31A022B01D95A
:1013900003236DE0294B1B6803F00073002BF0D191
:1013A0007B681B6AB3F5803F08D1244B5B6823F44C
:1013B00000327B689B68214913434B601F4B5B687D
:1013C00023F474127B68196A7B685B6A0B431B49C0
:1013D00013434B601B4B01221A60FCF71FFD386161
:1013E00008E0FCF71BFD02463B69D31A022B01D92A
:1013F00003233DE0114B1B6803F00073002BF0D07A
:1014000035E0104B00221A60FCF708FD386108E057
:10141000FCF704FD02463B69D31A022B01D90323D2
:1014200026E0064B1B6803F00073002BF0D11EE092
:101430007B68DB69012B07D1012319E00010024012
:1014400000700040600042420B4B5B68FB60FB6831
:1014500003F480327B681B6A9A4206D1FB6803F46E
:1014600070127B685B6A9A4201D0012300E000237E
:1014700018461837BD4680BD0010024080B584B0C4
:1014800000AF786039607B68002B01D10123D0E088
:101490006A4B1B6803F007033A689A4210D9674BFE
:1014A0001B6823F0070265493B6813430B60634BDD
:1014B0001B6803F007033A689A4201D00123B8E0A1
:1014C0007B681B6803F00203002B20D07B681B683D
:1014D00003F00403002B05D0594B5B68584A43F4D2
:1014E000E06353607B681B6803F00803002B05D0A2
:1014F000534B5B68524A43F460535360504B5B68F4
:1015000023F0F0027B689B684D4913434B607B6876
:101510001B6803F00103002B40D07B685B68012B44
:1015200007D1474B1B6803F40033002B15D101236F
:101530007FE07B685B68022B07D1414B1B6803F09F
:101540000073002B09D1012373E03D4B1B6803F0AE
:101550000203002B01D101236BE0394B5B6823F0C0
:1015600003027B685B68364913434B60FCF756FC0B
:10157000F8600AE0FCF752FC0246FB68D31A41F21D
:101580008832934201D9032353E02D4B5B6803F06B
:101590000C027B685B689B009A42EBD1274B1B686F
:1015A00003F007033A689A4210D2244B1B6823F0D9
:1015B000070222493B6813430B60204B1B6803F072
:1015C00007033A689A4201D0012332E07B681B6826
:1015D00003F00403002B08D0194B5B6823F4E0628E
:1015E0007B68DB68164913434B607B681B6803F01C
:1015F0000803002B09D0124B5B6823F460527B6810
:101600001B69DB000E4913434B6000F021F80246D2
:101610000B4B5B681B0903F00F030A49CB5C22FAF2
:1016200003F3094A1360094B1B681846FCF7B4FB27
:10163000002318461037BD4680BD00BF0020024081
:10164000001002408C62030840000020500000207F
:1016500080B487B000AF0023FB600023BB60002391
:101660007B6100237B6000233B611E4B5B68FB605A
:10167000FB6803F00C03042B02D0082B03D027E0F7
:10168000194B3B6127E0FB689B0C03F00F03174AE3
:10169000D35C7B60FB6803F48033002B10D0114BCC
:1016A0005B685B0C03F00103114AD35CBB607B6891
:1016B0000D4A03FB02F2BB68B2FBF3F37B6104E06B
:1016C0007B680C4A02FB03F37B617B693B6102E0B0
:1016D000054B3B6100BF3B6918461C37BD4680BCCB
:1016E000704700BF0010024000127A00E862030851
:1016F000F862030800093D0080B400AF024B1B688C
:101700001846BD4680BC70474000002080B500AF41
:10171000FFF7F2FF0246054B5B681B0A03F0070365
:101720000349CB5C22FA03F3184680BD0010024047
:101730009C62030880B500AFFFF7DEFF0246054B51
:101740005B68DB0A03F007030349CB5C22FA03F36F
:10175000184680BD001002409C62030880B485B02A
:1017600000AF78600A4B1B680A4AA2FB03235B0A9E
:101770007A6802FB03F3FB6000BFFB685A1EFA6045
:10178000002BF9D100BF00BF1437BD4680BC7047A5
:1017900040000020D34D621080B586B000AF786065
:1017A00000233B610023FB607B681B6803F001039F
:1017B000002B7DD00023FB754F4BDB6903F080537A
:1017C000002B0DD14C4BDB694B4A43F08053D36166
:1017D000494BDB6903F08053BB60BB680123FB7599
:1017E000464B1B6803F48073002B18D1434B1B68D6
:1017F000424A43F480731360FCF710FB386108E041
:10180000FCF70CFB02463B69D31A642B01D9032376
:101810006DE03A4B1B6803F48073002BF0D0364B1D
:101820001B6A03F44073FB60FB68002B2ED07B68BF
:101830005B6803F44073FA689A4227D02E4B1B6A08
:1018400023F44073FB602E4B01221A602C4B0022C4
:101850001A60294AFB681362FB6803F00103002B3E
:1018600014D0FCF7DBFA38610AE0FCF7D7FA02463D
:101870003B69D31A41F28832934201D9032336E0FF
:101880001D4B1B6A03F00203002BEED01A4B1B6AA0
:1018900023F440727B685B68174913430B62FB7D3E
:1018A000012B05D1144BDB69134A23F08053D3611C
:1018B0007B681B6803F00203002B08D00E4B5B68AB
:1018C00023F440427B689B680B4913434B607B6861
:1018D0001B6803F01003002B08D0074B5B6823F450
:1018E00080027B685B69044913434B600023184600
:1018F0001837BD4680BD00BF001002400070004098
:101900004004424280B588B000AF786000237B611C
:101910000023FB6100233B610023FB600023BB61CC
:101920007B68013B0F2B00F2AF8001A252F823F03D
:10193000071A02086D1A0208891A0208F719020824
:10194000891A0208891A0208891A0208FF1902086E
:10195000891A0208891A0208891A0208891A0208D3
:10196000891A0208891A0208891A020871190208DC
:101970004A4B5B68FB60494B1B6803F08073002B8C
:1019800000F08480FB689B0C03F00F03444AD35C97
:101990003B61FB6803F48033002B15D03F4B5B6841
:1019A0005B0C03F001033F4AD35C7B61FB6803F4EB
:1019B0008033002B0DD03C4A7B69B2FBF3F23B69CC
:1019C00002FB03F3FB6104E03B69384A02FB03F3CB
:1019D000FB61324B5B6803F48003B3F5800F02D1E7
:1019E000FB69BB6152E0FB695B00314AA2FB032348
:1019F0005B08BB614AE0FFF72BFEB86149E0FFF7E7
:101A000027FEB86145E0254B1B6AFB60FB6803F4C9
:101A10004073B3F5807F08D1FB6803F00203002B0D
:101A200003D04FF40043BB611FE0FB6803F4407335
:101A3000B3F5007F09D1194B5B6A03F00203002B59
:101A400003D049F64043BB610FE0FB6803F44073E9
:101A5000B3F5407F1CD1114B1B6803F40033002BFE
:101A600016D04FF22443BB6112E011E0FFF762FE93
:101A700002460A4B5B689B0B03F0030301335B00D8
:101A8000B2FBF3F3BB6104E000BF02E000BF00E083
:101A900000BFBB6918462037BD4680BD001002401C
:101AA000FC6203080C63030800127A0000093D0081
:101AB000ABAAAAAA80B582B000AF78607B68002B81
:101AC00001D1012376E07B685B6A002B08D17B683B
:101AD0005B68B3F5827F09D07B680022DA6105E09C
:101AE0007B6800221A617B6800225A617B680022B1
:101AF0009A627B6893F85130DBB2002B06D17B6889
:101B0000002283F850207868F9F7B6FE7B6802223D
:101B100083F851207B681B681A687B681B6822F079
:101B200040021A607B685B6803F482727B689B6882
:101B300003F404431A437B68DB6803F400631A432D
:101B40007B681B6903F002031A437B685B6903F03F
:101B500001031A437B689B6903F400731A437B6893
:101B6000DB6903F038031A437B681B6A03F08003C8
:101B700042EA03017B689B6A03F400527B681B689E
:101B80000A431A607B689B691A0C7B681B6802F029
:101B900004025A607B681B68DA697B681B6822F460
:101BA0000062DA617B6800225A657B68012283F853
:101BB0005120002318460837BD4680BD80B588B047
:101BC00000AFF860B9603B601346FB80FCF726F974
:101BD000F861FB887B83FB6893F85130DBB2012B03
:101BE00001D002232AE1BB68002B02D0FB88002B26
:101BF00001D1012322E1FB6893F85030012B01D180
:101C000002231BE1FB68012283F85020FB680322BA
:101C100083F85120FB6800225A65FB68BA681A6392
:101C2000FB68FA889A86FB68FA88DA86FB680022E5
:101C30009A63FB6800229A87FB680022DA87FB68B8
:101C400000225A64FB6800221A64FB689B68B3F5A3
:101C5000004F0FD1FB681B681A68FB681B6822F0F5
:101C600040021A60FB681B681A68FB681B6842F434
:101C700080421A60FB681B681B6803F04003402B1E
:101C800007D0FB681B681A68FB681B6842F04002BB
:101C90001A60FB68DB68B3F5006F52D1FB685B68C4
:101CA000002B02D07B8B012B45D1FB681B6B1A8864
:101CB000FB681B68DA60FB681B6B9A1CFB681A6385
:101CC000FB68DB8E9BB2013B9AB2FB68DA8632E09E
:101CD000FB681B689B6803F00203022B12D1FB68B0
:101CE0001B6B1A88FB681B68DA60FB681B6B9A1C0D
:101CF000FB681A63FB68DB8E9BB2013B9AB2FB6800
:101D0000DA8618E0FCF78AF80246FB69D31A3A68CB
:101D10009A4203D83B68B3F1FF3F02D13B68002BE6
:101D200009D1FB68012283F85120FB68002283F867
:101D30005020032382E0FB68DB8E9BB2002BC7D1CF
:101D400053E0FB685B68002B02D07B8B012B47D1F3
:101D5000FB681A6BFB681B680C3312781A70FB68FF
:101D60001B6B5A1CFB681A63FB68DB8E9BB2013B42
:101D70009AB2FB68DA8633E0FB681B689B6803F065
:101D80000203022B13D1FB681A6BFB681B680C3330
:101D900012781A70FB681B6B5A1CFB681A63FB688D
:101DA000DB8E9BB2013B9AB2FB68DA8618E0FCF747
:101DB00035F80246FB69D31A3A689A4203D83B6861
:101DC000B3F1FF3F02D13B68002B09D1FB68012230
:101DD00083F85120FB68002283F8502003232DE074
:101DE000FB68DB8E9BB2002BC6D1FA693968F868B4
:101DF00000F048FD0346002B02D0FB6820225A6504
:101E0000FB689B68002B0AD100237B61FB681B6881
:101E1000DB687B61FB681B689B687B617B69FB6897
:101E2000012283F85120FB68002283F85020FB68D0
:101E30005B6D002B01D0012300E000231846203702
:101E4000BD4680BD80B588B002AFF860B9603B6028
:101E50001346FB80FB6893F85130DBB2012B01D0B5
:101E6000022304E1FB685B68B3F5827F12D1FB6853
:101E70009B68002B0ED1FB68042283F85120FA885E
:101E80003B6800931346BA68B968F86800F0F3F845
:101E90000346ECE0FBF7C2FF7861BB68002B02D081
:101EA000FB88002B01D10123E1E0FB6893F850305F
:101EB000012B01D10223DAE0FB68012283F85020D4
:101EC000FB68042283F85120FB6800225A65FB68F6
:101ED000BA689A63FB68FA889A87FB68FA88DA8797
:101EE000FB6800221A63FB6800229A86FB680022C6
:101EF000DA86FB6800221A64FB6800225A64FB68D9
:101F00009B68B3F5004F0FD1FB681B681A68FB682C
:101F10001B6822F040021A60FB681B681A68FB68A5
:101F20001B6822F480421A60FB681B681B6803F080
:101F30004003402B07D0FB681B681A68FB681B68CE
:101F400042F040021A60FB68DB68002B70D135E07C
:101F5000FB681B689B6803F00103012B15D1FB682C
:101F60001B6803F10C02FB689B6B1278D2B21A70EB
:101F7000FB689B6B5A1CFB689A63FB68DB8F9BB208
:101F8000013B9AB2FB68DA8718E0FBF747FF02468D
:101F90007B69D31A3A689A4203D83B68B3F1FF3F92
:101FA00002D13B68002B09D1FB68012283F8512044
:101FB000FB68002283F85020032358E0FB68DB8F86
:101FC0009BB2002BC4D138E0FB681B689B6803F010
:101FD0000103012B13D1FB681B68DA68FB689B6B5C
:101FE00092B21A80FB689B6B9A1CFB689A63FB6831
:101FF000DB8F9BB2013B9AB2FB68DA8718E0FBF7F4
:102000000DFF02467B69D31A3A689A4203D83B68AF
:10201000B3F1FF3F02D13B68002B09D1FB680122DD
:1020200083F85120FB68002283F8502003231EE030
:10203000FB68DB8F9BB2002BC6D17A693968F868E0
:1020400000F0CEFB0346002B02D0FB6820225A652D
:10205000FB68012283F85120FB68002283F850209E
:10206000FB685B6D002B01D0012300E000231846C4
:102070001837BD4680BD80B58AB000AFF860B96042
:102080007A607B8001237B62FBF7C8FE3862FB68C5
:1020900093F85130FB77FB685B68BB617B88FB8200
:1020A000FB7F012B0CD0BB69B3F5827F06D1FB68A7
:1020B0009B68002B02D1FB7F042B01D002237FE120
:1020C000BB68002B05D07B68002B02D07B88002BDF
:1020D00001D1012374E1FB6893F85030012B01D149
:1020E00002236DE1FB68012283F85020FB6893F81E
:1020F0005130DBB2042B03D0FB68052283F851205A
:10210000FB6800225A65FB687A689A63FB687A88E4
:10211000DA87FB687A889A87FB68BA681A63FB6873
:102120007A88DA86FB687A889A86FB6800221A64C5
:10213000FB6800225A64FB681B681B6803F04003BD
:10214000402B07D0FB681B681A68FB681B6842F0CD
:1021500040021A60FB68DB68B3F5006F7ED1FB6854
:102160005B68002B02D0FB8A012B6CD1FB681B6BD8
:102170001A88FB681B68DA60FB681B6B9A1CFB689B
:102180001A63FB68DB8E9BB2013B9AB2FB68DA866E
:1021900059E0FB681B689B6803F00203022B1BD10C
:1021A000FB68DB8E9BB2002B16D07B6A012B13D110
:1021B000FB681B6B1A88FB681B68DA60FB681B6B8B
:1021C0009A1CFB681A63FB68DB8E9BB2013B9AB2D8
:1021D000FB68DA8600237B62FB681B689B6803F060
:1021E0000103012B19D1FB68DB8F9BB2002B14D0AC
:1021F000FB681B68DA68FB689B6B92B21A80FB680D
:102200009B6B9A1CFB689A63FB68DB8F9BB2013B5C
:102210009AB2FB68DA8701237B62FBF7FFFD024677
:102220003B6AD31A3A6B9A420DD83B6BB3F1FF3F2E
:1022300009D0FB68012283F85120FB68002283F853
:1022400050200323BCE0FB68DB8E9BB2002BA0D1A7
:10225000FB68DB8F9BB2002B9BD182E0FB685B6845
:10226000002B02D0FB8A012B71D1FB681A6BFB6833
:102270001B680C3312781A70FB681B6B5A1CFB68C6
:102280001A63FB68DB8E9BB2013B9AB2FB68DA866D
:102290005DE0FB681B689B6803F00203022B1CD106
:1022A000FB68DB8E9BB2002B17D07B6A012B14D10D
:1022B000FB681A6BFB681B680C3312781A70FB689A
:1022C0001B6B5A1CFB681A63FB68DB8E9BB2013BDD
:1022D0009AB2FB68DA8600237B62FB681B689B6806
:1022E00003F00103012B19D1FB68DB8F9BB2002B9C
:1022F00014D0FB681B68DA68FB689B6BD2B21A705B
:10230000FB689B6B5A1CFB689A63FB68DB8F9BB274
:10231000013B9AB2FB68DA8701237B62FBF77EFD03
:1023200002463B6AD31A3A6B9A4203D83B6BB3F12D
:10233000FF3F02D13B6B002B09D1FB68012283F8E0
:102340005120FB68002283F85020032338E0FB680B
:10235000DB8E9BB2002B9CD1FB68DB8F9BB2002BEA
:1023600097D13A6A396BF86800F08CFA0346002B73
:1023700008D0FB6820225A65FB68002283F85020B1
:1023800001231DE0FB689B68002B0AD100233B6101
:10239000FB681B68DB683B61FB681B689B683B61F3
:1023A0003B69FB68012283F85120FB68002283F817
:1023B0005020FB685B6D002B01D0012300E000235F
:1023C00018462837BD4680BD80B584B000AFF860A0
:1023D000B9601346FB80FB6893F85130DBB2012BE8
:1023E00001D0022397E0BB68002B02D0FB88002BB2
:1023F00001D101238FE0FB6893F85030012B01D10C
:10240000022388E0FB68012283F85020FB68032246
:1024100083F85120FB6800225A65FB68BA681A638A
:10242000FB68FA889A86FB68FA88DA86FB680022DD
:102430009A63FB6800225A64FB6800221A64FB68F6
:1024400000229A87FB680022DA87FB689B68B3F555
:10245000004F0FD1FB681B681A68FB681B6822F0ED
:1024600040021A60FB681B681A68FB681B6842F42C
:1024700080421A60FB689B6C294ADA62FB689B6C9D
:10248000284A9A62FB689B6C274A1A63FB689B6C1C
:1024900000225A63FB68986CFB681B6B1946FB684B
:1024A0001B680C331A46FB68DB8E9BB2FCF70EFBF5
:1024B0000346002B0BD0FB685B6D43F01002FB68FA
:1024C0005A65FB68002283F85020012323E0FB6853
:1024D0001B681B6803F04003402B07D0FB681B6898
:1024E0001A68FB681B6842F040021A60FB68002211
:1024F00083F85020FB681B685A68FB681B6842F031
:1025000020025A60FB681B685A68FB681B6842F02F
:1025100002025A60002318461037BD4680BD00BF36
:1025200075260208CF2502089126020880B584B0DE
:1025300000AF78600023FB737B689B6C002B0FD08F
:102540007B689B6C1846FCF721FB0346002B07D0E9
:102550007B685B6D43F010027B685A650123FB7357
:102560007B68DB6C002B0FD07B68DB6C1846FCF7BC
:102570000DFB0346002B07D07B685B6D43F0100218
:102580007B685A650123FB737B681B685A687B680C
:102590001B6822F003025A607B68012283F85120F5
:1025A000FB7B18461037BD4680BD80B483B000AFBA
:1025B000786000BF0C37BD4680BC704780B483B0E4
:1025C00000AF786000BF0C37BD4680BC704780B557
:1025D00086B000AF78607B685B6A7B61FBF71EFCAE
:1025E00038617B681B681B6803F02003202B3BD0FD
:1025F0007B691B685A687B691B6822F020025A605D
:102600007B691B685A687B691B6822F002025A606A
:102610003A696421786900F035F90346002B05D04A
:102620007B695B6D43F020027B695A657B699B681F
:10263000002B0AD10023FB607B691B68DB68FB6011
:102640007B691B689B68FB60FB687B690022DA86FC
:102650007B69012283F851207B695B6D002B03D0DD
:102660007869FFF7ABFF02E078690EF023FB1837BB
:10267000BD4680BD80B584B000AF78607B685B6A82
:10268000FB60F868FFF791FF00BF1037BD4680BDC3
:1026900080B584B000AF78607B685B6AFB60FB68E4
:1026A0001B685A68FB681B6822F003025A60FB68CB
:1026B0005B6D43F01002FB685A65FB68012283F8EA
:1026C0005120F868FFF77AFF00BF1037BD4680BD84
:1026D00080B588B000AFF860B9603B601346FB710D
:1026E000FBF79CFB0246BB6A9B1A3A681344FB61EA
:1026F000FBF794FBB861394B1B685B011B0DFA6952
:1027000002FB03F37B6154E03B68B3F1FF3F50D021
:10271000FBF784FB0246BB69D31AFA699A4202D9D5
:10272000FB69002B3DD1FB681B685A68FB681B687E
:1027300022F0E0025A60FB685B68B3F5827F11D13A
:10274000FB689B68B3F5004F04D0FB689B68B3F54A
:10275000806F07D1FB681B681A68FB681B6822F052
:1027600040021A60FB689B6AB3F5005F0FD1FB68FB
:102770001B681A68FB681B6822F400521A60FB6829
:102780001B681A68FB681B6842F400521A60FB68F9
:10279000012283F85120FB68002283F85020032394
:1027A00017E07B69002B01D10023FB617B69013BB2
:1027B0007B61FB681B689A68BB681340BA689A42E1
:1027C0000CBF01230023DBB21A46FB799A429BD14E
:1027D000002318462037BD4680BD00BF40000020C2
:1027E00080B586B002AFF860B9607A60FB685B685C
:1027F000B3F5827F11D1FB689B68B3F5004F04D01D
:10280000FB689B68B3F5806F07D1FB681B681A688B
:10281000FB681B6822F040021A60FB685B68B3F536
:10282000827F17D1FB689B68B3F5806F12D17B68FC
:102830000093BB6800220121F868FFF749FF0346B7
:10284000002B1AD0FB685B6D43F02002FB685A65D1
:10285000032313E07B680093BB6800228021F868A3
:10286000FFF736FF0346002B07D0FB685B6D43F094
:102870002002FB685A65032300E000231846103746
:10288000BD4680BD80B586B002AFF860B9607A60A1
:102890007B680093BB6801220221F868FFF718FFEC
:1028A0000346002B07D0FB685B6D43F02002FB68FA
:1028B0005A65032313E07B680093BB6800228021E4
:1028C000F868FFF705FF0346002B07D0FB685B6D38
:1028D00043F02002FB685A65032300E000231846FA
:1028E0001037BD4680BD80B582B000AF78607B6890
:1028F000002B01D1012341E07B6893F83D30DBB22E
:10290000002B06D17B68002283F83C207868F9F719
:1029100055F87B68022283F83D207B681A687B6843
:1029200004331946104601F08BFA7B68012283F8C4
:1029300046207B68012283F83E207B68012283F8D1
:102940003F207B68012283F840207B68012283F8C6
:1029500041207B68012283F842207B68012283F8B2
:1029600043207B68012283F844207B68012283F89E
:1029700045207B68012283F83D2000231846083754
:10298000BD4680BD80B485B000AF78607B6893F8A9
:102990003D30DBB2012B01D0012344E07B680222F1
:1029A00083F83D207B681B68DA687B681B6842F00F
:1029B0000102DA607B681B681D4A934218D07B686D
:1029C0001B681C4A934213D07B681B68B3F1804F8D
:1029D0000ED07B681B68184A934209D07B681B683D
:1029E000164A934204D07B681B68154A934211D162
:1029F0007B681B689B6803F00703FB60FB68062B82
:102A000010D07B681B681A687B681B6842F0010263
:102A10001A6007E07B681B681A687B681B6842F0D5
:102A200001021A60002318461437BD4680BC704767
:102A3000002C014000340140000400400008004028
:102A4000000C004080B483B000AF78607B681B68E6
:102A5000DA687B681B6822F00102DA607B681B6819
:102A60001A6A41F211131340002B0FD17B681B68C7
:102A70001A6A40F244431340002B07D17B681B685D
:102A80001A687B681B6822F001021A607B680122C9
:102A900083F83D20002318460C37BD4680BC7047A4
:102AA00080B582B000AF78607B68002B01D1012334
:102AB00041E07B6893F83D30DBB2002B06D17B68A8
:102AC000002283F83C20786800F039F87B68022205
:102AD00083F83D207B681A687B68043319461046EA
:102AE00001F0AEF97B68012283F846207B68012261
:102AF00083F83E207B68012283F83F207B68012217
:102B000083F840207B68012283F841207B68012202
:102B100083F842207B68012283F843207B680122EE
:102B200083F844207B68012283F845207B680122DA
:102B300083F83D20002318460837BD4680BD80B489
:102B400083B000AF786000BF0C37BD4680BC7047D3
:102B500080B584B000AF786039600023FB733B68B8
:102B6000002B09D17B6893F83E30DBB2012B14BFF8
:102B700001230023DBB222E03B68042B09D17B68F0
:102B800093F83F30DBB2012B14BF01230023DBB2EB
:102B900015E03B68082B09D17B6893F84030DBB225
:102BA000012B14BF01230023DBB208E07B6893F8FC
:102BB0004130DBB2012B14BF01230023DBB2002B19
:102BC00001D00123BDE03B68002B04D17B680222C9
:102BD00083F83E2013E03B68042B04D17B6802227B
:102BE00083F83F200BE03B68082B04D17B6802226E
:102BF00083F8402003E07B68022283F841203B6891
:102C00000C2B41D801A252F823F000BF412C02083E
:102C1000892C0208892C0208892C0208532C0208EE
:102C2000892C0208892C0208892C0208652C0208CC
:102C3000892C0208892C0208892C0208772C0208AA
:102C40007B681B68DA687B681B6842F00202DA6006
:102C50001DE07B681B68DA687B681B6842F0040231
:102C6000DA6014E07B681B68DA687B681B6842F0F6
:102C70000802DA600BE07B681B68DA687B681B6817
:102C800042F01002DA6002E00123FB7300BFFB7B1D
:102C9000002B55D17B681B6801223968184601F06A
:102CA00028FC7B681B68294A934204D07B681B6818
:102CB000274A934201D1012300E00023002B07D0D3
:102CC0007B681B685A6C7B681B6842F400425A643C
:102CD0007B681B681D4A934218D07B681B681C4A9E
:102CE000934213D07B681B68B3F1804F0ED07B6892
:102CF0001B68184A934209D07B681B68164A9342A6
:102D000004D07B681B68154A934211D17B681B680D
:102D10009B6803F00703BB60BB68062B10D07B6881
:102D20001B681A687B681B6842F001021A6007E0A2
:102D30007B681B681A687B681B6842F001021A6096
:102D4000FB7B18461037BD4680BD00BF002C0140FC
:102D5000003401400004004000080040000C004026
:102D600080B582B000AF78607B68002B01D1012371
:102D700041E07B6893F83D30DBB2002B06D17B68E5
:102D8000002283F83C20786800F039F87B68022242
:102D900083F83D207B681A687B6804331946104627
:102DA00001F04EF87B68012283F846207B680122FF
:102DB00083F83E207B68012283F83F207B68012254
:102DC00083F840207B68012283F841207B68012240
:102DD00083F842207B68012283F843207B6801222C
:102DE00083F844207B68012283F845207B68012218
:102DF00083F83D20002318460837BD4680BD80B4C7
:102E000083B000AF786000BF0C37BD4680BC704710
:102E100080B584B000AF786039603B68002B09D181
:102E20007B6893F83E30DBB2012B14BF01230023F3
:102E3000DBB222E03B68042B09D17B6893F83F307A
:102E4000DBB2012B14BF01230023DBB215E03B688A
:102E5000082B09D17B6893F84030DBB2012B14BFFB
:102E600001230023DBB208E07B6893F84130DBB23A
:102E7000012B14BF01230023DBB2002B01D001235F
:102E800072E03B68002B04D17B68022283F83E206D
:102E900013E03B68042B04D17B68022283F83F20B7
:102EA0000BE03B68082B04D17B68022283F84020AA
:102EB00003E07B68022283F841207B681B680122C3
:102EC0003968184601F015FB7B681B68284A934255
:102ED00004D07B681B68274A934201D1012300E09C
:102EE0000023002B07D07B681B685A6C7B681B682B
:102EF00042F400425A647B681B681D4A934218D012
:102F00007B681B681B4A934213D07B681B68B3F134
:102F1000804F0ED07B681B68174A934209D07B68AC
:102F20001B68164A934204D07B681B68144A93427C
:102F300011D17B681B689B6803F00703FB60FB688B
:102F4000062B10D07B681B681A687B681B6842F0F0
:102F500001021A6007E07B681B681A687B681B68BF
:102F600042F001021A60002318461037BD4680BDAA
:102F7000002C0140003401400004004000080040E3
:102F8000000C004080B582B000AF786039607B688B
:102F90001B6800223968184601F0ABFA7B681B6891
:102FA0002E4A934204D07B681B682D4A934201D17C
:102FB000012300E00023002B17D07B681B681A6AEE
:102FC00041F211131340002B0FD17B681B681A6A62
:102FD00040F244431340002B07D17B681B685A6CB6
:102FE0007B681B6822F400425A647B681B681A6A7B
:102FF00041F211131340002B0FD17B681B681A6A32
:1030000040F244431340002B07D17B681B681A68C9
:103010007B681B6822F001021A603B68002B04D118
:103020007B68012283F83E2013E03B68042B04D127
:103030007B68012283F83F200BE03B68082B04D11A
:103040007B68012283F8402003E07B68012283F83B
:103050004120002318460837BD4680BD002C0140A2
:103060000034014080B586B000AFF860B9607A6086
:103070007B800023FB75BB68002B09D1FB6893F8AC
:103080003E30DBB2022B0CBF01230023DBB222E077
:10309000BB68042B09D1FB6893F83F30DBB2022BED
:1030A0000CBF01230023DBB215E0BB68082B09D15C
:1030B000FB6893F84030DBB2022B0CBF01230023E6
:1030C000DBB208E0FB6893F84130DBB2022B0CBFA7
:1030D00001230023DBB2002B01D0022367E1BB6890
:1030E000002B09D1FB6893F83E30DBB2012B0CBFFB
:1030F00001230023DBB222E0BB68042B09D1FB686B
:1031000093F83F30DBB2012B0CBF01230023DBB26D
:1031100015E0BB68082B09D1FB6893F84030DBB29F
:10312000012B0CBF01230023DBB208E0FB6893F8FE
:103130004130DBB2012B0CBF01230023DBB2002B9B
:1031400024D07B68002B02D07B88002B01D1012387
:103150002DE1BB68002B04D1FB68022283F83E20DE
:1031600016E0BB68042B04D1FB68022283F83F20E1
:103170000EE0BB68082B04D1FB68022283F84020D4
:1031800006E0FB68022283F8412001E001230EE102
:10319000BB680C2B00F2AE8001A252F823F000BFF6
:1031A000D5310208F5320208F5320208F53202087C
:1031B0001D320208F5320208F5320208F532020823
:1031C00065320208F5320208F5320208F5320208CB
:1031D000AD320208FB685B6A774A9A62FB685B6AF9
:1031E000764ADA62FB685B6A754A1A63FB68586A5A
:1031F0007968FB681B6834331A467B88FBF766FCEA
:103200000346002B01D00123D1E0FB681B68DA687C
:10321000FB681B6842F40072DA606EE0FB689B6A30
:10322000654A9A62FB689B6A644ADA62FB689B6A39
:10323000634A1A63FB68986A7968FB681B683833CD
:103240001A467B88FBF742FC0346002B01D0012382
:10325000ADE0FB681B68DA68FB681B6842F48062BB
:10326000DA604AE0FB68DB6A534A9A62FB68DB6A11
:10327000524ADA62FB68DB6A514A1A63FB68D86A11
:103280007968FB681B683C331A467B88FBF71EFC99
:103290000346002B01D0012389E0FB681B68DA6834
:1032A000FB681B6842F40062DA6026E0FB681B6B77
:1032B000414A9A62FB681B6B404ADA62FB681B6BEF
:1032C0003F4A1A63FB68186B7968FB681B684033D8
:1032D0001A467B88FBF7FAFB0346002B01D001233B
:1032E00065E0FB681B68DA68FB681B6842F4805283
:1032F000DA6002E00123FB7500BFFB7D002B55D196
:10330000FB681B680122B968184601F0F2F8FB68F7
:103310001B682C4A934204D0FB681B682A4A9342DC
:1033200001D1012300E00023002B07D0FB681B68BC
:103330005A6CFB681B6842F400425A64FB681B68C5
:10334000204A934218D0FB681B681F4A934213D04F
:10335000FB681B68B3F1804F0ED0FB681B681B4AEB
:10336000934209D0FB681B68194A934204D0FB685A
:103370001B68184A934211D1FB681B689B6803F0D5
:1033800007033B613B69062B10D0FB681B681A687A
:10339000FB681B6842F001021A6007E0FB681B68CB
:1033A0001A68FB681B6842F001021A60FB7D184630
:1033B0001837BD4680BD00BF2F3D0208D73D02082B
:1033C0009D3C0208002C01400034014000040040F4
:1033D00000080040000C004080B586B000AF786067
:1033E00039607B68002B01D1012393E07B6893F85F
:1033F0003D30DBB2002B06D17B68002283F83C20F5
:103400007868F8F7B1FB7B68022283F83D207B687F
:103410001B689B687A68126823F4804323F00703D3
:1034200093607B681A687B6804331946104600F085
:1034300007FD7B681B689B687B617B681B689B69D9
:103440003B617B681B681B6AFB603B681B687A6991
:1034500013437B613B6923F4407323F003033B6117
:103460003B689A683B689B691B0213433A691343A4
:103470003B613B6923F4406323F00C033B613B69F0
:1034800023F4704323F0F0033B613B68DA683B6848
:10349000DB691B0213433A6913433B613B681B69B9
:1034A0001A013B681B6A1B0313433A6913433B61D0
:1034B000FB6823F02203FB603B685A683B685B694A
:1034C0001B011343FA681343FB607B681B687A692E
:1034D0009A607B681B683A699A617B681B68FA6826
:1034E0001A627B68012283F846207B68012283F8F8
:1034F0003E207B68012283F83F207B68012283F80D
:1035000042207B68012283F843207B68012283F8F4
:103510003D20002318461837BD4680BD80B584B0D5
:1035200000AF786039607B6893F83E30FB737B684E
:1035300093F83F30BB737B6893F842307B737B68B2
:1035400093F843303B733B68002B10D1FB7B012B7E
:1035500002D17B7B012B01D0012369E07B68022231
:1035600083F83E207B68022283F8422031E03B68EA
:10357000042B10D1BB7B012B02D13B7B012B01D053
:10358000012355E07B68022283F83F207B680222FA
:1035900083F843201DE0FB7B012B08D1BB7B012B73
:1035A00005D17B7B012B02D13B7B012B01D0012379
:1035B0003EE07B68022283F83E207B68022283F88B
:1035C0003F207B68022283F842207B68022283F836
:1035D00043203B68002B03D03B68042B08D00FE04E
:1035E0007B681B6801220021184600F082FF16E06C
:1035F0007B681B6801220421184600F07AFF0EE068
:103600007B681B6801220021184600F072FF7B686E
:103610001B6801220421184600F06BFF00BF7B6885
:103620001B681A687B681B6842F001021A6000235D
:1036300018461037BD4680BD80B584B000AF7860B5
:103640007B681B68DB68FB607B681B681B69BB6071
:10365000BB6803F00203002B20D0FB6803F00203D9
:10366000002B1BD07B681B686FF002021A617B681D
:1036700001221A777B681B689B6903F00303002B08
:1036800003D0786800F0EFFA05E07868E2F750FEC2
:103690007868E2F7BFFF7B6800221A77BB6803F007
:1036A0000403002B20D0FB6803F00403002B1BD085
:1036B0007B681B686FF004021A617B6802221A772C
:1036C0007B681B689B6903F44073002B03D0786808
:1036D00000F0C9FA05E07868E2F72AFE7868E2F7B8
:1036E00099FF7B6800221A77BB6803F00803002B60
:1036F00020D0FB6803F00803002B1BD07B681B68FD
:103700006FF008021A617B6804221A777B681B68D5
:10371000DB6903F00303002B03D0786800F0A3FA01
:1037200005E07868E2F704FE7868E2F773FF7B68EB
:1037300000221A77BB6803F01003002B20D0FB682F
:1037400003F01003002B1BD07B681B686FF0100286
:103750001A617B6808221A777B681B68DB6903F4AF
:103760004073002B03D0786800F07DFA05E078689C
:10377000E2F7DEFD7868E2F74DFF7B6800221A77FA
:10378000BB6803F00103002B0CD0FB6803F00103BE
:10379000002B07D07B681B686FF001021A61786804
:1037A000E2F7BCFEBB6803F08003002B0CD0FB6883
:1037B00003F08003002B07D07B681B686FF080024A
:1037C0001A61786800F080FFBB6803F04003002BAB
:1037D0000CD0FB6803F04003002B07D07B681B680C
:1037E0006FF040021A61786800F046FABB6803F097
:1037F0002003002B0CD0FB6803F02003002B07D024
:103800007B681B686FF020021A61786800F053FF34
:1038100000BF1037BD4680BD80B586B000AFF860F0
:10382000B9607A600023FB75FB6893F83C30012B8C
:1038300001D1022348E0FB68012283F83C207B6829
:103840000C2B39D801A252F823F000BF81380208AE
:10385000B9380208B9380208B93802088F380208A6
:10386000B9380208B9380208B93802089D38020888
:10387000B9380208B9380208B9380208AB3802086A
:10388000FB681B68B968184600F060FB17E0FB682E
:103890001B68B968184600F0C9FB10E0FB681B689C
:1038A000B968184600F036FC09E0FB681B68B96887
:1038B000184600F0A3FC02E00123FB7500BFFB6883
:1038C000002283F83C20FB7D18461837BD4680BD9A
:1038D00080B586B000AFF860B9607A600023FB75F0
:1038E000FB6893F83C30012B01D10223AEE0FB686A
:1038F000012283F83C207B680C2B00F29F8001A200
:1039000052F823F0393902083D3A02083D3A0208DC
:103910003D3A0208793902083D3A02083D3A020868
:103920003D3A0208BB3902083D3A02083D3A020816
:103930003D3A0208FB390208FB681B68B968184663
:1039400000F004FBFB681B689A69FB681B6842F087
:1039500008029A61FB681B689A69FB681B6822F081
:1039600004029A61FB681B689969BB681A69FB6865
:103970001B680A439A6164E0FB681B68B9681846D3
:1039800000F054FBFB681B689A69FB681B6842F4F3
:1039900000629A61FB681B689A69FB681B6822F4E5
:1039A00080629A61FB681B689969BB681B691A028F
:1039B000FB681B680A439A6143E0FB681B68B968AF
:1039C000184600F0A7FBFB681B68DA69FB681B68F8
:1039D00042F00802DA61FB681B68DA69FB681B6861
:1039E00022F00402DA61FB681B68D969BB681A69B6
:1039F000FB681B680A43DA6123E0FB681B68B9684F
:103A0000184600F0FBFBFB681B68DA69FB681B6863
:103A100042F40062DA61FB681B68DA69FB681B68C4
:103A200022F48062DA61FB681B68D969BB681B6994
:103A30001A02FB681B680A43DA6102E00123FB7586
:103A400000BFFB68002283F83C20FB7D1846183736
:103A5000BD4680BD80B584B000AF7860396000237A
:103A6000FB737B6893F83C30012B01D10223B4E057
:103A70007B68012283F83C207B68022283F83D208A
:103A80007B681B689B68BB60BB6823F07703BB60E7
:103A9000BB6823F47F43BB607B681B68BA689A608D
:103AA0003B681B68B3F5005F3ED0B3F5005F00F2E2
:103AB0008780B3F5805F00F08680B3F5805F7FD8A4
:103AC000702B1AD0702B7BD8602B50D0602B77D8FE
:103AD000502B3CD0502B73D8402B58D0402B6FD854
:103AE000302B64D0302B6BD8202B60D0202B67D8A4
:103AF000002B5CD0102B5AD062E07B6818683B68C2
:103B000099683B685A683B68DB6800F0D3FC7B68C7
:103B10001B689B68BB60BB6843F07703BB607B6836
:103B20001B68BA689A604FE07B6818683B689968C0
:103B30003B685A683B68DB6800F0BCFC7B681B682C
:103B40009A687B681B6842F480429A603CE07B681C
:103B500018683B6859683B68DB681A4600F033FC1C
:103B60007B681B685021184600F08AFC2CE07B68BB
:103B700018683B6859683B68DB681A4600F051FCDE
:103B80007B681B686021184600F07AFC1CE07B68AB
:103B900018683B6859683B68DB681A4600F013FCFC
:103BA0007B681B684021184600F06AFC0CE07B68CB
:103BB0001A683B681B681946104600F061FC03E078
:103BC0000123FB7300E000BF7B68012283F83D20E6
:103BD0007B68002283F83C20FB7B18461037BD46EB
:103BE00080BD80B582B000AF786039607B6893F8A3
:103BF0003C30012B01D1022331E07B68012283F8A4
:103C00003C207B68022283F83D203968786800F008
:103C100049FB0346002B09D07B68012283F83D2035
:103C20007B68002283F83C20012318E07B681B6836
:103C3000DA687B681B6822F04002DA607B681B68E8
:103C4000DA687B681B6822F48042DA607B680122B4
:103C500083F83D207B68002283F83C20002318462F
:103C60000837BD4680BD80B483B000AF786000BF28
:103C70000C37BD4680BC704780B483B000AF78601D
:103C800000BF0C37BD4680BC704780B483B000AF26
:103C9000786000BF0C37BD4680BC704780B584B0EB
:103CA00000AF78607B685B6AFB60FB685B6A7A6880
:103CB0009A4207D1FB6801221A77FB68012283F838
:103CC0003E202AE0FB689B6A7A689A4207D1FB682B
:103CD00002221A77FB68012283F83F201DE0FB686F
:103CE000DB6A7A689A4207D1FB6804221A77FB687C
:103CF000012283F8402010E0FB681B6B7A689A422F
:103D000007D1FB6808221A77FB68012283F841205B
:103D100003E0FB68012283F83D20F868FFF7B5FF58
:103D2000FB6800221A7700BF1037BD4680BD80B502
:103D300084B000AF78607B685B6AFB60FB685B6A9D
:103D40007A689A420BD1FB6801221A777B689B69DB
:103D5000002B36D1FB68012283F83E2031E0FB685E
:103D60009B6A7A689A420BD1FB6802221A777B68B9
:103D70009B69002B25D1FB68012283F83F2020E0BE
:103D8000FB68DB6A7A689A420BD1FB6804221A77D7
:103D90007B689B69002B14D1FB68012283F84020CB
:103DA0000FE0FB681B6B7A689A420AD1FB68082215
:103DB0001A777B689B69002B03D1FB68012283F88B
:103DC0004120F868E2F726FCFB6800221A7700BF62
:103DD0001037BD4680BD80B584B000AF78607B6889
:103DE0005B6AFB60FB685B6A7A689A4203D1FB6896
:103DF00001221A7719E0FB689B6A7A689A4203D11C
:103E0000FB6802221A7710E0FB68DB6A7A689A4244
:103E100003D1FB6804221A7707E0FB681B6B7A6802
:103E20009A4202D1FB6808221A77F868E2F7C2FBCF
:103E3000FB6800221A7700BF1037BD4680BD000026
:103E400080B485B000AF786039607B681B68FB6028
:103E50007B68394A934213D07B68384A93420FD02B
:103E60007B68B3F1804F0BD07B68354A934207D013
:103E70007B68344A934203D07B68334A934208D12B
:103E8000FB6823F07003FB603B685B68FA681343D0
:103E9000FB607B68284A934213D07B68274A934291
:103EA0000FD07B68B3F1804F0BD07B68244A9342DC
:103EB00007D07B68234A934203D07B68224A93420F
:103EC00008D1FB6823F44073FB603B68DB68FA6849
:103ED0001343FB60FB6823F080023B685B6913437C
:103EE000FB607B68FA681A603B689A687B68DA62F4
:103EF0003B681A687B689A627B680F4A934203D0DA
:103F00007B680E4A934203D13B681A697B681A6347
:103F10007B6801225A617B681B6903F00103002B57
:103F200005D07B681B6923F001027B681A6100BF22
:103F30001437BD4680BC7047002C0140003401405E
:103F40000004004000080040000C004080B487B02E
:103F500000AF786039607B681B6A7B617B681B6A95
:103F600023F001027B681A627B685B683B617B68B7
:103F70009B69FB60FB6823F07003FB60FB6823F028
:103F80000303FB603B681B68FA681343FB607B69B3
:103F900023F002037B613B689B687A6913437B6172
:103FA0007B68204A934203D07B681F4A93420CD11E
:103FB0007B6923F008037B613B68DB687A69134304
:103FC0007B617B6923F004037B617B68154A934224
:103FD00003D07B68144A934211D13B6923F4807368
:103FE0003B613B6923F400733B613B685B693A6961
:103FF00013433B613B689B693A6913433B617B68B0
:104000003A695A607B68FA689A613B685A687B68CB
:104010005A637B687A691A6200BF1C37BD4680BC50
:10402000704700BF002C01400034014080B487B0CD
:1040300000AF786039607B681B6A7B617B681B6AB4
:1040400023F010027B681A627B685B683B617B68C7
:104050009B69FB60FB6823F4E043FB60FB6823F48F
:104060004073FB603B681B681B02FA681343FB60EC
:104070007B6923F020037B613B689B681B017A69A5
:1040800013437B617B68214A934203D07B68204ABB
:1040900093420DD17B6923F080037B613B68DB6831
:1040A0001B017A6913437B617B6923F040037B61C9
:1040B0007B68164A934203D07B68154A934213D11A
:1040C0003B6923F480633B613B6923F400633B61FC
:1040D0003B685B699B003A6913433B613B689B69A2
:1040E0009B003A6913433B617B683A695A607B687D
:1040F000FA689A613B685A687B689A637B687A6958
:104100001A6200BF1C37BD4680BC7047002C0140BE
:104110000034014080B487B000AF786039607B68BC
:104120001B6A7B617B681B6A23F480727B681A625E
:104130007B685B683B617B68DB69FB60FB6823F045
:104140007003FB60FB6823F00303FB603B681B68A4
:10415000FA681343FB607B6923F400737B613B685F
:104160009B681B027A6913437B617B68214A9342F7
:1041700003D07B68204A93420DD17B6923F400630E
:104180007B613B68DB681B027A6913437B617B6957
:1041900023F480637B617B68164A934203D07B687B
:1041A000154A934213D13B6923F480533B613B6929
:1041B00023F400533B613B685B691B013A6913437D
:1041C0003B613B689B691B013A6913433B617B6818
:1041D0003A695A607B68FA68DA613B685A687B68BA
:1041E000DA637B687A691A6200BF1C37BD4680BCFF
:1041F000704700BF002C01400034014080B487B0FC
:1042000000AF786039607B681B6A3B617B681B6A22
:1042100023F480527B681A627B685B687B617B68F1
:10422000DB69FB60FB6823F4E043FB60FB6823F47D
:104230004073FB603B681B681B02FA681343FB601A
:104240003B6923F400533B613B689B681B033A695D
:1042500013433B617B68114A934203D07B68104A49
:10426000934209D17B6923F480437B613B685B699E
:104270009B017A6913437B617B687A695A607B682A
:10428000FA68DA613B685A687B681A647B683A6945
:104290001A6200BF1C37BD4680BC7047002C01402D
:1042A0000034014080B586B000AF786039600023EB
:1042B000FB757B681B689B683B613B6923F070035F
:1042C0003B613B685B683A6913433B613B6923F0A0
:1042D00007033B613B681B683A6913433B617B689A
:1042E0001B683A699A603B685B68702B1AD0702B28
:1042F00060D8602B54D0602B5CD8502B46D0502B0C
:1043000058D8402B19D0402B54D8302B55D0302BB7
:1043100050D8202B51D0202B4CD8002B4DD0102B17
:104320004BD047E07B6818683B68D9683B689A685F
:104330003B681B6900F0BEF840E03B681B68052B3A
:1043400001D101233BE07B681B681B6AFB607B6833
:104350001B681A6A7B681B6822F001021A627B687C
:104360001B689B69BB60BB6823F0F003BB603B68C4
:104370001B691B01BA681343BB607B681B68BA6882
:104380009A617B681B68FA681A6217E07B68186894
:104390003B6899683B681B691A4600F014F80DE009
:1043A0007B6818683B6899683B681B691A4600F08F
:1043B00038F803E00123FB7500E000BFFB7D1846E1
:1043C0001837BD4680BD80B487B000AFF860B960D3
:1043D0007A60FB681B6A7B61FB681B6A23F0010241
:1043E000FB681A62FB689B693B613B6923F0F00341
:1043F0003B617B681B013A6913433B617B6923F096
:104400000A037B617A69BB6813437B61FB683A6985
:104410009A61FB687A691A6200BF1C37BD4680BC8E
:10442000704780B487B000AFF860B9607A60FB680D
:104430001B6A7B61FB681B6A23F01002FB681A622F
:10444000FB689B693B613B6923F470433B617B687C
:104450001B033A6913433B617B6923F0A0037B6133
:10446000BB681B017A6913437B61FB683A699A61F7
:10447000FB687A691A6200BF1C37BD4680BC704772
:1044800080B485B000AF786039607B689B68FB6062
:10449000FB6823F07003FB603A68FB68134343F04A
:1044A0000703FB607B68FA689A6000BF1437BD465B
:1044B00080BC704780B487B000AFF860B9607A60A4
:1044C0003B60FB689B687B617B6923F47F437B6176
:1044D0003B681A027B681A43BB6813437A6913432B
:1044E0007B61FB687A699A6000BF1C37BD4680BC5F
:1044F000704780B487B000AFF860B9607A60BB687D
:1045000003F01F03012202FA03F37B61FB681A6ABE
:104510007B69DB431A40FB681A62FB681A6ABB6856
:1045200003F01F03796801FA03F31A43FB681A6268
:1045300000BF1C37BD4680BC7047000080B485B00A
:1045400000AF786039607B6893F83C30012B01D173
:10455000022350E07B68012283F83C207B68022222
:1045600083F83D207B681B685B68FB607B681B6889
:104570009B68BB60FB6823F07003FB603B681B68B3
:10458000FA681343FB607B681B68FA685A607B68B3
:104590001B681B4A934218D07B681B68194A9342D8
:1045A00013D07B681B68B3F1804F0ED07B681B680B
:1045B000154A934209D07B681B68144A934204D081
:1045C0007B681B68124A93420CD1BB6823F08003BE
:1045D000BB603B685B68BA681343BB607B681B6861
:1045E000BA689A607B68012283F83D207B680022CC
:1045F00083F83C20002318461437BD4680BC704722
:10460000002C01400034014000040040000800403C
:10461000000C004080B485B000AF786039600023A2
:10462000FB607B6893F83C30012B01D102233DE015
:104630007B68012283F83C20FB6823F0FF023B6883
:10464000DB681343FB60FB6823F440723B689B68A4
:104650001343FB60FB6823F480623B685B68134391
:10466000FB60FB6823F400623B681B681343FB603C
:10467000FB6823F480523B681B691343FB60FB68B3
:1046800023F400523B685B691343FB60FB6823F42F
:1046900080423B68DB691343FB607B681B68FA68F8
:1046A0005A647B68002283F83C20002318461437A4
:1046B000BD4680BC704780B483B000AF786000BF57
:1046C0000C37BD4680BC704780B483B000AF7860C3
:1046D00000BF0C37BD4680BC704780B582B000AFCC
:1046E00078607B68002B01D1012342E07B6893F85E
:1046F0004130DBB2002B06D17B68002283F84020DA
:104700007868F7F731FB7B68242283F841207B68C7
:104710001B68DA687B681B6822F40052DA607868EC
:1047200000F02CF87B681B681A697B681B6822F410
:1047300090421A617B681B685A697B681B6822F08B
:104740002A025A617B681B68DA687B681B6842F43E
:104750000052DA607B6800225A647B68202283F86A
:1047600041207B68202283F842207B6800225A6324
:10477000002318460837BD4680BD000080B584B0D0
:1047800000AF78607B681B681B6923F440517B682D
:10479000DA687B681B680A431A617B689A687B68E1
:1047A0001B691A437B685B691343BB607B681B68AA
:1047B000DB6823F4B05323F00C037A681268B968FD
:1047C0000B43D3607B681B685B6923F440717B6893
:1047D0009A697B681B680A435A617B681B682C4A8C
:1047E000934203D1FCF7A6FFF86002E0FCF78EFFCE
:1047F000F860FA6813469B0013449A001A447B68D9
:104800005B689B00B2FBF3F3224AA2FB03235B0924
:104810001901FA6813469B0013449A001A447B68F6
:104820005B689B00B2FBF3F21A4BA3FB02035B092C
:10483000642000FB03F3D31A1B013233154AA2FB99
:1048400003235B0903F0F0031944FA6813469B0045
:1048500013449A001A447B685B689B00B2FBF3F236
:104860000C4BA3FB02035B09642000FB03F3D31A88
:104870001B013233074AA2FB03235B0903F00F023B
:104880007B681B680A449A6000BF1037BD4680BD34
:10489000003801401F85EB5180B485B000AFF8604F
:1048A000384680E80E00002318461437BD4680BC09
:1048B000704780B485B000AF78607B680022A3F8B1
:1048C00044204FF43F43FB60FB689AB27B68A3F837
:1048D0004020002318461437BD4680BC704780B482
:1048E00085B000AF78604FF43F43FB607B68B3F85E
:1048F00040309AB2FB689BB2DB439BB213409AB242
:104900007B68A3F84020002318461437BD4680BCBE
:10491000704780B483B000AF78600B46FB70002313
:1049200018460C37BD4680BC704780B485B000AFD8
:10493000F860384680E80E00FB680122A3F84020AA
:10494000FB680022A3F84020FB680022A3F8442063
:10495000FB680022A3F85020002318461437BD46F8
:1049600080BC704780B483B000AF786039600023AA
:1049700018460C37BD4680BC704780B483B000AF8A
:104980007860002318460C37BD4680BC7047000095
:1049900080B49DB000AF78603960002387F86F3035
:1049A0007A683B681B789B0013441B889BB223F4F6
:1049B000EC4323F07003A7F86C303B68DB78032BE3
:1049C0001FD801A252F823F0D9490208F54902087C
:1049D0000B4A0208E7490208B7F86C3043F4007349
:1049E000A7F86C3012E0B7F86C3043F4C063A7F856
:1049F0006C300BE0B7F86C3043F48063A7F86C3090
:104A000004E0012387F86F3000E000BF7A683B685C
:104A10001B789B001A44B7F86C3043F07F4343F493
:104A20007F0343F4004343F080039BB213807A6812
:104A30003B681B789B0013441B889BB223F4E04324
:104A400023F070039BB23A6812781343A7F86630DC
:104A50007A683B681B789B001A44B7F8663043F0CD
:104A60007F4343F47F0343F4004343F080039BB24E
:104A700013803B681B7B002B40F078813B685B78A0
:104A8000002B00F084807B68BB617B68B3F85030FA
:104A90009BB21A46BB691344BB613B681B781A0181
:104AA000BB69134403F580637B613B68DB885B086B
:104AB0009BB25B009AB27B691A807A683B681B786C
:104AC0009B0013441B887B827B8A03F04003002BEE
:104AD0001BD07A683B681B789B0013441B889BB2F1
:104AE00023F4E04323F070033B827A683B681B7831
:104AF0009B001A443B8A43F07F4343F47F0343F413
:104B0000004343F0C0039BB213803B68DB78012B6A
:104B100020D07A683B681B789B0013441B889BB2AB
:104B200023F4E04323F04003BB81BB8983F02003DF
:104B3000BB817A683B681B789B001A44BB8943F0B1
:104B40007F4343F47F0343F4004343F080039BB26D
:104B50001380D5E27A683B681B789B0013441B885E
:104B60009BB223F4E04323F04003FB817A683B6867
:104B70001B789B001A44FB8943F07F4343F47F0377
:104B800043F4004343F080039BB21380B8E27B6898
:104B90003B637B68B3F850309BB21A463B6B1344BF
:104BA0003B633B681B781A013B6B134403F581633D
:104BB000FB623B68DB885B089BB25B009AB2FB6AD6
:104BC0001A807B68BB627B68B3F850309BB21A4690
:104BD000BB6A1344BB623B681B781A01BB6A13446F
:104BE00003F20C437B627B6A1B889BB2C3F309030D
:104BF0009AB27B6A1A803B681B693E2B1DD93B68C1
:104C00001B695B09BB663B681B6903F01F03002B34
:104C100002D1BB6E013BBB667B6A1B889AB2BB6E3E
:104C20009BB29B029BB213439BB26FEA43436FEA72
:104C300053439AB27B6A1A8026E03B681B69002BBB
:104C40000AD17B6A1B889BB26FEA43436FEA5343E6
:104C50009AB27B6A1A8017E03B681B695B08BB66E7
:104C60003B681B6903F00103002B02D0BB6E0133CC
:104C7000BB667B6A1B889AB2BB6E9BB29B029BB2DF
:104C800013439AB27B6A1A807A683B681B789B0050
:104C900013441B887B847B8C03F48043002B1BD044
:104CA0007A683B681B789B0013441B889BB223F4F3
:104CB000E04323F070033B847A683B681B789B00D9
:104CC0001A443B8C43F07F4343F47F0343F4404357
:104CD00043F080039BB213803B681B78002B24D1E8
:104CE0007A683B681B789B0013441B889BB223F4B3
:104CF000804323F07003BB83BB8B83F48053BB835F
:104D0000BB8B83F40053BB837A683B681B789B00A2
:104D10001A44BB8B43F07F4343F47F0343F40043C7
:104D200043F080039BB21380EAE17A683B681B780A
:104D30009B0013441B889BB223F4804323F0700331
:104D4000FB83FB8B83F40053FB837A683B681B78FF
:104D50009B001A44FB8B43F07F4343F47F0343F4EF
:104D6000004343F080039BB21380C9E13B68DB78CA
:104D7000022B1ED17A683B681B789B0013441B886A
:104D80009BB223F4E04323F07003A7F862307A6803
:104D90003B681B789B001A44B7F8623043F07F43AE
:104DA00043F47F0343F4014343F080039BB2138039
:104DB0001DE07A683B681B789B0013441B889BB2FC
:104DC00023F4E24323F07003A7F864307A683B6869
:104DD0001B789B001A44B7F8643043F07F4343F4D8
:104DE0007F0343F4004343F080039BB213807B684E
:104DF000FB657B68B3F850309BB21A46FB6D1344D9
:104E0000FB653B681B781A01FB6D134403F5806357
:104E1000BB653B681B895B089BB25B009AB2BB6DAC
:104E20001A807B687B657B68B3F850309BB21A466A
:104E30007B6D13447B653B681B781A017B6D1344C3
:104E400003F581633B653B685B895B089BB25B0054
:104E50009AB23B6D1A803B685B78002B40F09380E0
:104E60007A683B681B789B0013441B88A7F8403086
:104E7000B7F8403003F48043002B1BD07A683B68BE
:104E80001B789B0013441B889BB223F4E04323F060
:104E90007003FB877A683B681B789B001A44FB8F82
:104EA00043F07F4343F47F0343F4404343F08003E4
:104EB0009BB213807A683B681B789B0013441B8865
:104EC000BB87BB8F03F04003002B1BD07A683B6885
:104ED0001B789B0013441B889BB223F4E04323F010
:104EE00070037B877A683B681B789B001A447B8F32
:104EF00043F07F4343F47F0343F4004343F0C00394
:104F00009BB213807A683B681B789B0013441B8814
:104F10009BB223F4804323F070033B873B8F83F4E1
:104F200080533B873B8F83F400533B877A683B6811
:104F30001B789B001A443B8F43F07F4343F47F036D
:104F400043F4004343F080039BB213807A683B68CC
:104F50001B789B0013441B889BB223F4E04323F08F
:104F60004003FB867A683B681B789B001A44FB8EE3
:104F700043F07F4343F47F0343F4004343F0800353
:104F80009BB21380BCE07A683B681B789B0013449B
:104F90001B88A7F84E30B7F84E3003F48043002B3F
:104FA0001DD07A683B681B789B0013441B889BB21A
:104FB00023F4E04323F07003A7F84C307A683B6891
:104FC0001B789B001A44B7F84C3043F07F4343F4FE
:104FD0007F0343F4404343F080039BB213807A681D
:104FE0003B681B789B0013441B88A7F84A30B7F82E
:104FF0004A3003F04003002B1DD07A683B681B78D1
:105000009B0013441B889BB223F4E04323F07003FE
:10501000A7F848307A683B681B789B001A44B7F8B9
:10502000483043F07F4343F47F0343F4004343F0AD
:10503000C0039BB213803B68DB78012B24D07A68D5
:105040003B681B789B0013441B889BB223F4E0430E
:1050500023F04003A7F84430B7F8443083F020032E
:10506000A7F844307A683B681B789B001A44B7F86D
:10507000443043F07F4343F47F0343F4004343F061
:1050800080039BB213801DE07A683B681B789B000D
:1050900013441B889BB223F4E04323F04003A7F89A
:1050A00046307A683B681B789B001A44B7F8463054
:1050B00043F07F4343F47F0343F4004343F0800312
:1050C0009BB213807A683B681B789B0013441B8853
:1050D0009BB223F4804323F07003A7F842307A6830
:1050E0003B681B789B001A44B7F8423043F07F437B
:1050F00043F47F0343F4004343F080039BB21380E7
:1051000097F86F3018467437BD4680BC704700BFB3
:1051100080B48DB000AF786039603B681B7B002B9A
:1051200040F08E803B685B78002B44D07A683B6807
:105130001B789B0013441B88BB81BB8903F0400391
:10514000002B1BD07A683B681B789B0013441B889C
:105150009BB223F4E04323F070037B817A683B68C1
:105160001B789B001A447B8943F07F4343F47F0301
:1051700043F4004343F0C0039BB213807A683B685A
:105180001B789B0013441B889BB223F4E04323F05D
:1051900040033B817A683B681B789B001A443B893B
:1051A00043F07F4343F47F0343F4004343F0800321
:1051B0009BB2138092E17A683B681B789B00134492
:1051C0001B887B827B8A03F48043002B1BD07A6888
:1051D0003B681B789B0013441B889BB223F4E0437D
:1051E00023F070033B827A683B681B789B001A446B
:1051F0003B8A43F07F4343F47F0343F4404343F04F
:1052000080039BB213807A683B681B789B00134431
:105210001B889BB223F4804323F07003FB817A68E0
:105220003B681B789B001A44FB8943F07F4343F49F
:105230007F0343F4004343F080039BB213804DE1AE
:105240003B685B78002B40F0A5807A683B681B7850
:105250009B0013441B883B843B8C03F48043002B4E
:105260001BD07A683B681B789B0013441B889BB259
:1052700023F4E04323F07003FB837A683B681B78D8
:105280009B001A44FB8B43F07F4343F47F0343F4BA
:10529000404343F080039BB213807A683B681B78DD
:1052A0009B0013441B88BB83BB8B03F04003002B84
:1052B0001BD07A683B681B789B0013441B889BB209
:1052C00023F4E04323F070037B837A683B681B7808
:1052D0009B001A447B8B43F07F4343F47F0343F4EA
:1052E000004343F0C0039BB213807A683B681B788D
:1052F0009B0013441B889BB223F4E04323F070030C
:105300003B837A683B681B789B001A443B8B43F0D5
:105310007F4343F47F0343F4004343F0C0039BB255
:1053200013807A683B681B789B0013441B889BB2F0
:1053300023F4804323F07003FB827A683B681B7878
:105340009B001A44FB8A43F07F4343F47F0343F4FA
:10535000004343F080039BB213807A683B681B785C
:105360009B0013441B889BB223F4E04323F04003CB
:10537000BB827A683B681B789B001A44BB8A43F067
:105380007F4343F47F0343F4004343F080039BB225
:105390001380A3E07A683B681B789B0013441B884A
:1053A000FB85FB8D03F48043002B1BD07A683B68A0
:1053B0001B789B0013441B889BB223F4E04323F02B
:1053C0007003BB857A683B681B789B001A44BB8DD1
:1053D00043F07F4343F47F0343F4404343F08003AF
:1053E0009BB213807A683B681B789B0013441B8830
:1053F0007B857B8D03F04003002B1BD07A683B68D4
:105400001B789B0013441B889BB223F4E04323F0DA
:1054100070033B857A683B681B789B001A443B8D80
:1054200043F07F4343F47F0343F4004343F0C0035E
:105430009BB213807A683B681B789B0013441B88DF
:105440009BB223F4E04323F07003FB847A683B684B
:105450001B789B001A44FB8C43F07F4343F47F038B
:1054600043F4404343F080039BB213807A683B6867
:105470001B789B0013441B889BB223F4E04323F06A
:105480004003BB847A683B681B789B001A44BB8C42
:1054900043F07F4343F47F0343F4004343F080032E
:1054A0009BB213807A683B681B789B0013441B886F
:1054B0009BB223F4804323F070037B847A683B68BB
:1054C0001B789B001A447B8C43F07F4343F47F039B
:1054D00043F4004343F080039BB21380002318463B
:1054E0003437BD4680BC704780B5C2B000AF07F509
:1054F0008473A3F58273186007F58473A3F584732E
:10550000196007F58473A3F584731B685B78012B1E
:1055100040F0B78607F58473A3F584731B689A6916
:1055200007F58473A3F584731B681B699A4208D935
:1055300007F58473A3F584731B681B69C7F80431EE
:1055400007E007F58473A3F584731B689B69C7F8AC
:10555000043107F58473A3F584731B681B7B002B50
:105560003AD107F58473A3F584731B68596907F56D
:105570008473A3F584731B68DA88D7F804319BB26F
:1055800007F58470A0F58270006801F09CFC07F5B7
:105590008473A3F582731B683B6107F58473A3F5DD
:1055A00082731B68B3F850309BB21A463B691344B0
:1055B0003B6107F58473A3F584731B681B781A019C
:1055C0003B69134403F20443FB60D7F804319AB2F9
:1055D000FB681A8000F01FBE07F58473A3F584737F
:1055E0001B68DB78022B40F0628407F58473A3F517
:1055F00084731B681A6A07F58473A3F584731B68A8
:105600001B699A4240F2DF8307F58473A3F5827326
:105610001A6807F58473A3F584731B681B789B00D5
:1056200013441B889BB223F4E04323F07003A7F8D4
:10563000563007F58473A3F582731A6807F58473EF
:10564000A3F584731B681B789B001A44B7F8563087
:1056500043F07F4343F47F0343F4014343F080036B
:105660009BB2138007F58473A3F584731B681A6AD1
:10567000D7F80431D21A07F58473A3F584731B6835
:105680001A6207F58473A3F582731A6807F58473A9
:10569000A3F584731B681B789B0013441B889BB283
:1056A00003F04003002B00F0C78107F58473A3F5D6
:1056B00082731B683B6307F58473A3F584731B68CF
:1056C0005B78002B77D107F58473A3F582731B6891
:1056D000BB6207F58473A3F582731B68B3F850307F
:1056E0009BB21A46BB6A1344BB6207F58473A3F5E9
:1056F00084731B681B781A01BB6A134403F20C43C2
:105700007B627B6A1B889BB2C3F309039AB27B6AF4
:105710001A80D7F804313E2B21D9D7F804315B0920
:10572000C7F80031D7F8043103F01F03002B04D170
:10573000D7F80031013BC7F800317B6A1B889AB269
:10574000D7F800319BB29B029BB213439BB26FEA26
:1057500043436FEA53439AB27B6A1A8050E0D7F80A
:105760000431002B0AD17B6A1B889BB26FEA43434A
:105770006FEA53439AB27B6A1A8041E0D7F804314A
:105780005B08C7F80031D7F8043103F00103002BA0
:1057900004D0D7F800310133C7F800317B6A1B8889
:1057A0009AB2D7F800319BB29B029BB213439AB2D4
:1057B0007B6A1A8024E007F58473A3F584731B6861
:1057C0005B78012B1CD107F58473A3F582731B68EA
:1057D000B3F850309BB21A463B6B13443B6307F55A
:1057E0008473A3F584731B681B781A013B6B134405
:1057F00003F20C43FB62D7F804319AB2FB6A1A80B9
:1058000007F58473A3F584731B685B89A7F876306A
:1058100007F58473A3F584731B685969D7F80431BD
:105820009BB2B7F8762007F58470A0F58270006807
:1058300001F049FB07F58473A3F584731B685A696B
:10584000D7F804311A4407F58473A3F584731B68F1
:105850005A6107F58473A3F584731B681A6A07F508
:105860008473A3F584731B681B699A420FD907F5EB
:105870008473A3F584731B681A6AD7F80431D21AAB
:1058800007F58473A3F584731B681A620EE007F5AD
:105890008473A3F584731B681B6AC7F8043107F58A
:1058A0008473A3F584731B6800221A6207F584735E
:1058B000A3F584731B685B78002B77D107F584739D
:1058C000A3F582731B68BB6107F58473A3F582732C
:1058D0001B68B3F850309BB21A46BB691344BB61D6
:1058E00007F58473A3F584731B681B781A01BB69E1
:1058F000134403F204437B617B691B889BB2C3F3AF
:1059000009039AB27B691A80D7F804313E2B21D95A
:10591000D7F804315B09C7F8FC30D7F8043103F03D
:105920001F03002B04D1D7F8FC30013BC7F8FC3033
:105930007B691B889AB2D7F8FC309BB29B029BB262
:1059400013439BB26FEA43436FEA53439AB27B69B6
:105950001A8056E0D7F80431002B0AD17B691B88E6
:105960009BB26FEA43436FEA53439AB27B691A8052
:1059700047E0D7F804315B08C7F8FC30D7F80431AA
:1059800003F00103002B04D0D7F8FC300133C7F833
:10599000FC307B691B889AB2D7F8FC309BB29B0223
:1059A0009BB213439AB27B691A802AE007F584738D
:1059B000A3F584731B685B78012B22D107F58473F0
:1059C000A3F582731B683B6207F58473A3F58273AA
:1059D0001B68B3F850309BB21A463B6A13443B62D3
:1059E00007F58473A3F584731B681B781A013B6A5F
:1059F000134403F20443FB61D7F804319AB2FB6904
:105A00001A8007F58473A3F584731B681B89A7F8B4
:105A1000763007F58473A3F584731B685969D7F84A
:105A200004319BB2B7F8762007F58470A0F5827038
:105A3000006801F048FAEEE307F58473A3F5847378
:105A40001B685B78002B77D107F58473A3F582730D
:105A50001B68BB6407F58473A3F582731B68B3F8F6
:105A600050309BB21A46BB6C1344BB6407F5847379
:105A7000A3F584731B681B781A01BB6C134403F2F3
:105A800004437B647B6C1B889BB2C3F309039AB20B
:105A90007B6C1A80D7F804313E2B21D9D7F804311A
:105AA0005B09C7F8F830D7F8043103F01F03002B67
:105AB00004D1D7F8F830013BC7F8F8307B6C1B886D
:105AC0009AB2D7F8F8309BB29B029BB213439BB2B9
:105AD0006FEA43436FEA53439AB27B6C1A8056E0F5
:105AE000D7F80431002B0AD17B6C1B889BB26FEA7C
:105AF00043436FEA53439AB27B6C1A8047E0D7F86E
:105B000004315B08C7F8F830D7F8043103F001031B
:105B1000002B04D0D7F8F8300133C7F8F8307B6C8D
:105B20001B889AB2D7F8F8309BB29B029BB2134302
:105B30009AB27B6C1A802AE007F58473A3F584730C
:105B40001B685B78012B22D107F58473A3F5827360
:105B50001B683B6507F58473A3F582731B68B3F874
:105B600050309BB21A463B6D13443B6507F5847376
:105B7000A3F584731B681B781A013B6D134403F271
:105B80000443FB64D7F804319AB2FB6C1A8007F522
:105B90008473A3F584731B681B89A7F8763007F517
:105BA0008473A3F584731B685969D7F804319BB2D9
:105BB000B7F8762007F58470A0F58270006801F0D0
:105BC00082F907F58473A3F584731B685A69D7F8C3
:105BD00004311A4407F58473A3F584731B685A6172
:105BE00007F58473A3F584731B681A6A07F5847339
:105BF000A3F584731B681B699A420FD907F5847358
:105C0000A3F584731B681A6AD7F80431D21A07F512
:105C10008473A3F584731B681A620EE007F584731E
:105C2000A3F584731B681B6AC7F8043107F58473F6
:105C3000A3F584731B6800221A6207F58473A3F529
:105C400082731B683B6407F58473A3F584731B6838
:105C50005B78002B77D107F58473A3F582731B68FB
:105C6000BB6307F58473A3F582731B68B3F85030E8
:105C70009BB21A46BB6B1344BB6307F58473A3F551
:105C800084731B681B781A01BB6B134403F20C432B
:105C90007B637B6B1B889BB2C3F309039AB27B6B5C
:105CA0001A80D7F804313E2B21D9D7F804315B098B
:105CB000C7F8F430D7F8043103F01F03002B04D1E8
:105CC000D7F8F430013BC7F8F4307B6B1B889AB2ED
:105CD000D7F8F4309BB29B029BB213439BB26FEA9E
:105CE00043436FEA53439AB27B6B1A8050E0D7F874
:105CF0000431002B0AD17B6B1B889BB26FEA4343B4
:105D00006FEA53439AB27B6B1A8041E0D7F80431B3
:105D10005B08C7F8F430D7F8043103F00103002B17
:105D200004D0D7F8F4300133C7F8F4307B6B1B880C
:105D30009AB2D7F8F4309BB29B029BB213439AB24B
:105D40007B6B1A8024E007F58473A3F584731B68CA
:105D50005B78012B1CD107F58473A3F582731B6854
:105D6000B3F850309BB21A463B6C13443B6407F5C2
:105D70008473A3F584731B681B781A013B6C13446E
:105D800003F20C43FB63D7F804319AB2FB6B1A8021
:105D900007F58473A3F584731B685B89A7F87630D5
:105DA00007F58473A3F584731B685969D7F8043128
:105DB0009BB2B7F8762007F58470A0F58270006872
:105DC00001F081F827E207F58473A3F584731B685B
:105DD0001B6AC7F8043107F58473A3F582731A6848
:105DE00007F58473A3F584731B681B789B00134429
:105DF0001B889BB223F4E24323F07003A7F86230C0
:105E000007F58473A3F582731A6807F58473A3F505
:105E100084731B681B789B001A44B7F8623043F008
:105E20007F4343F47F0343F4004343F080039BB27A
:105E3000138007F58473A3F582731B68FB6507F570
:105E40008473A3F582731B68B3F850309BB21A4673
:105E5000FB6D1344FB6507F58473A3F584731B681E
:105E60001B781A01FB6D134403F20443BB65D7F89A
:105E700004319AB2BB6D1A8007F58473A3F584735D
:105E80001B681B89A7F8763007F58473A3F5847324
:105E90001B685969D7F804319BB2B7F8762007F52B
:105EA0008470A0F58270006801F00DF8B3E107F589
:105EB0008473A3F584731B681A6AD7F80431D21A65
:105EC00007F58473A3F584731B681A6207F584735E
:105ED000A3F582731A6807F58473A3F584731B68AE
:105EE0001B789B0013441B889BB203F04003002BDC
:105EF00000F0C68007F58473A3F582731B683B67C7
:105F000007F58473A3F584731B685B78002B77D146
:105F100007F58473A3F582731B68BB6607F584736A
:105F2000A3F582731B68B3F850309BB21A46BB6E60
:105F30001344BB6607F58473A3F584731B681B7851
:105F40001A01BB6E134403F20C437B667B6E1B8805
:105F50009BB2C3F309039AB27B6E1A80D7F804315F
:105F60003E2B21D9D7F804315B09C7F8F030D7F8B8
:105F7000043103F01F03002B04D1D7F8F030013BAC
:105F8000C7F8F0307B6E1B889AB2D7F8F0309BB21E
:105F90009B029BB213439BB26FEA43436FEA5343A6
:105FA0009AB27B6E1A8050E0D7F80431002B0AD1E8
:105FB0007B6E1B889BB26FEA43436FEA53439AB2EE
:105FC0007B6E1A8041E0D7F804315B08C7F8F030E7
:105FD000D7F8043103F00103002B04D0D7F8F030D8
:105FE0000133C7F8F0307B6E1B889AB2D7F8F030D7
:105FF0009BB29B029BB213439AB27B6E1A8024E041
:1060000007F58473A3F584731B685B78012B1CD19F
:1060100007F58473A3F582731B68B3F850309BB205
:106020001A463B6F13443B6707F58473A3F58473EB
:106030001B681B781A013B6F134403F20C43FB6689
:10604000D7F804319AB2FB6E1A8007F58473A3F572
:1060500084731B685B89A7F8763007F58473A3F512
:1060600084731B685969D7F804319BB2B7F876205E
:1060700007F58470A0F58270006800F024FFCAE084
:1060800007F58473A3F584731B685B78002B77D1C5
:1060900007F58473A3F582731B68FB6707F58473A8
:1060A000A3F582731B68B3F850309BB21A46FB6F9E
:1060B0001344FB6707F58473A3F584731B681B788F
:1060C0001A01FB6F134403F20443BB67BB6F1B88C9
:1060D0009BB2C3F309039AB2BB6F1A80D7F804319D
:1060E0003E2B21D9D7F804315B09C7F8EC30D7F83B
:1060F000043103F01F03002B04D1D7F8EC30013B2F
:10610000C7F8EC30BB6F1B889AB2D7F8EC309BB263
:106110009B029BB213439BB26FEA43436FEA534324
:106120009AB2BB6F1A805CE0D7F80431002B0AD119
:10613000BB6F1B889BB26FEA43436FEA53439AB22B
:10614000BB6F1A804DE0D7F804315B08C7F8EC301C
:10615000D7F8043103F00103002B04D0D7F8EC305A
:106160000133C7F8EC30BB6F1B889AB2D7F8EC301C
:106170009BB29B029BB213439AB2BB6F1A8030E072
:1061800007F58473A3F584731B685B78012B28D112
:1061900007F58473A3F582731B68C7F8843007F58D
:1061A0008473A3F582731B68B3F850309BB21A4610
:1061B000D7F884301344C7F8843007F58473A3F507
:1061C00084731B681B781A01D7F88430134403F2D8
:1061D0000443C7F88030D7F804319AB2D7F880303A
:1061E0001A8007F58473A3F584731B681B89A7F8CD
:1061F000763007F58473A3F584731B685969D7F863
:1062000004319BB2B7F8762007F58470A0F5827050
:10621000006800F058FE07F58473A3F582731A68CE
:1062200007F58473A3F584731B681B789B001344E4
:106230001B889BB223F4E04323F040037B817B89DE
:1062400083F010037B817B8983F020037B8107F53A
:106250008473A3F582731A6807F58473A3F58473B6
:106260001B681B789B001A447B8943F07F4343F4EF
:106270007F0343F4004343F080039BB2138000F09C
:10628000DEBC07F58473A3F584731B681B7B002BAE
:1062900040F0BB8007F58473A3F584731B689A698B
:1062A00007F58473A3F584731B681B699A4217D999
:1062B00007F58473A3F584731B681B69C7F8043161
:1062C00007F58473A3F584731B689A69D7F80431C2
:1062D000D21A07F58473A3F584731B689A610EE0E4
:1062E00007F58473A3F584731B689B69C7F80431B1
:1062F00007F58473A3F584731B6800229A6107F580
:106300008473A3F582731B68C7F8903007F5847314
:10631000A3F582731B68B3F850309BB21A46D7F8C6
:1063200090301344C7F8903007F58473A3F5847355
:106330001B681B781A01D7F89030134403F20C4302
:10634000C7F88C30D7F88C301B889BB2C3F3090395
:106350009AB2D7F88C301A80D7F804313E2B24D962
:10636000D7F804315B09C7F8E830D7F8043103F0F7
:106370001F03002B04D1D7F8E830013BC7F8E83001
:10638000D7F88C301B889AB2D7F8E8309BB29B02C2
:106390009BB213439BB26FEA43436FEA53439AB2F3
:1063A000D7F88C301A8000F010BCD7F80431002BDD
:1063B0000CD1D7F88C301B889BB26FEA43436FEA4D
:1063C00053439AB2D7F88C301A80FEE3D7F80431E1
:1063D0005B08C7F8E830D7F8043103F00103002B5D
:1063E00004D0D7F8E8300133C7F8E830D7F88C305C
:1063F0001B889AB2D7F8E8309BB29B029BB213433A
:106400009AB2D7F88C301A80DFE307F58473A3F5CE
:1064100084731B68DB78022B40F0188207F58473C5
:10642000A3F584731B685B78002B40F09D8007F513
:106430008473A3F582731B68C7F8AC3007F58473C7
:10644000A3F582731B68B3F850309BB21A46D7F895
:10645000AC301344C7F8AC3007F58473A3F58473EC
:106460001B681B781A01D7F8AC30134403F20443BD
:10647000C7F8A830D7F8A8301B889BB2C3F309032C
:106480009AB2D7F8A8301A8007F58473A3F58473FD
:106490001B681B693E2B2BD907F58473A3F5847306
:1064A0001B681B695B09C7F8E43007F58473A3F523
:1064B00084731B681B6903F01F03002B04D1D7F8FA
:1064C000E430013BC7F8E430D7F8A8301B889AB213
:1064D000D7F8E4309BB29B029BB213439BB26FEAA6
:1064E00043436FEA53439AB2D7F8A8301A8070E05A
:1064F00007F58473A3F584731B681B69002B0CD10B
:10650000D7F8A8301B889BB26FEA43436FEA534326
:106510009AB2D7F8A8301A805BE007F58473A3F528
:1065200084731B681B695B08C7F8E43007F5847344
:10653000A3F584731B681B6903F00103002B04D0CF
:10654000D7F8E4300133C7F8E430D7F8A8301B8817
:106550009AB2D7F8E4309BB29B029BB213439AB233
:10656000D7F8A8301A8034E007F58473A3F5847354
:106570001B685B78012B2CD107F58473A3F582731C
:106580001B68C7F8B43007F58473A3F582731B68E2
:10659000B3F850309BB21A46D7F8B4301344C7F85A
:1065A000B43007F58473A3F584731B681B781A0154
:1065B000D7F8B430134403F20443C7F8B03007F5FA
:1065C0008473A3F584731B681B699AB2D7F8B03043
:1065D0001A8007F58473A3F582731B68C7F8A4308B
:1065E00007F58473A3F584731B685B78002B40F078
:1065F0009D8007F58473A3F582731B68C7F89C30F0
:1066000007F58473A3F582731B68B3F850309BB20F
:106610001A46D7F89C301344C7F89C3007F58473AA
:10662000A3F584731B681B781A01D7F89C301344B8
:1066300003F20C43C7F89830D7F898301B889BB208
:10664000C3F309039AB2D7F898301A8007F5847318
:10665000A3F584731B681B693E2B2BD907F5847344
:10666000A3F584731B681B695B09C7F8E03007F565
:106670008473A3F584731B681B6903F01F03002B4D
:1066800004D1D7F8E030013BC7F8E030D7F89830B4
:106690001B889AB2D7F8E0309BB29B029BB213439F
:1066A0009BB26FEA43436FEA53439AB2D7F89830EC
:1066B0001A8069E007F58473A3F584731B681B696E
:1066C000002B0CD1D7F898301B889BB26FEA43435C
:1066D0006FEA53439AB2D7F898301A8054E007F51E
:1066E0008473A3F584731B681B695B08C7F8E030EB
:1066F00007F58473A3F584731B681B6903F001031A
:10670000002B04D0D7F8E0300133C7F8E030D7F8D9
:1067100098301B889AB2D7F8E0309BB29B029BB2AC
:1067200013439AB2D7F898301A802DE007F5847396
:10673000A3F584731B685B78012B25D107F584735F
:10674000A3F582731B68B3F850309BB21A46D7F892
:10675000A4301344C7F8A43007F58473A3F58473F9
:106760001B681B781A01D7F8A430134403F20C43BA
:10677000C7F8A03007F58473A3F584731B681B6901
:106780009AB2D7F8A0301A8007F58473A3F5847302
:106790001B68DB69002B00F0188207F58473A3F5F2
:1067A00082731A6807F58473A3F584731B681B78DA
:1067B0009B0013441B88A7F89630B7F8963003F473
:1067C0008043002B05D0B7F8963003F04003002B30
:1067D0000DD1B7F8963003F48043002B40F0F581DB
:1067E000B7F8963003F04003002B40F0EE8107F538
:1067F0008473A3F582731A6807F58473A3F5847311
:106800001B681B789B0013441B889BB223F4E04356
:1068100023F07003A7F8943007F58473A3F582730F
:106820001A6807F58473A3F584731B681B789B00B3
:106830001A44B7F8943043F07F4343F47F0343F4A2
:10684000004343F0C0039BB21380BEE107F584739D
:10685000A3F584731B68DB78012B40F0B48107F546
:106860008473A3F584731B689A6907F58473A3F591
:1068700084731B681B699A4217D907F58473A3F5C3
:1068800084731B681B69C7F8043107F58473A3F58B
:1068900084731B689A69D7F80431D21A07F5847398
:1068A000A3F584731B689A610EE007F58473A3F562
:1068B00084731B689B69C7F8043107F58473A3F5DB
:1068C00084731B6800229A6107F58473A3F58473AF
:1068D0001B685B78002B40F0858007F58473A3F577
:1068E00082731B68C7F8CC3007F58473A3F58273F5
:1068F0001B68B3F850309BB21A46D7F8CC3013441B
:10690000C7F8CC3007F58473A3F584731B681B7834
:106910001A01D7F8CC30134403F20443C7F8C83047
:10692000D7F8C8301B889BB2C3F309039AB2D7F8D3
:10693000C8301A80D7F804313E2B23D9D7F8043158
:106940005B09C7F8DC30D7F8043103F01F03002BD4
:1069500004D1D7F8DC30013BC7F8DC30D7F8C830B9
:106960001B889AB2D7F8DC309BB29B029BB21343D0
:106970009BB26FEA43436FEA53439AB2D7F8C830E9
:106980001A8060E0D7F80431002B0CD1D7F8C8305A
:106990001B889BB26FEA43436FEA53439AB2D7F81E
:1069A000C8301A804FE0D7F804315B08C7F8DC30F4
:1069B000D7F8043103F00103002B04D0D7F8DC3002
:1069C0000133C7F8DC30D7F8C8301B889AB2D7F843
:1069D000DC309BB29B029BB213439AB2D7F8C8300B
:1069E0001A8030E007F58473A3F584731B685B7825
:1069F000012B28D107F58473A3F582731B68C7F8B0
:106A0000D43007F58473A3F582731B68B3F8503054
:106A10009BB21A46D7F8D4301344C7F8D43007F5E0
:106A20008473A3F584731B681B781A01D7F8D430DC
:106A3000134403F20443C7F8D030D7F804319AB2B4
:106A4000D7F8D0301A8007F58473A3F582731B68DA
:106A5000C7F8C43007F58473A3F584731B685B78AB
:106A6000002B40F0858007F58473A3F582731B68C3
:106A7000C7F8BC3007F58473A3F582731B68B3F8BD
:106A800050309BB21A46D7F8BC301344C7F8BC301C
:106A900007F58473A3F584731B681B781A01D7F874
:106AA000BC30134403F20C43C7F8B830D7F8B83001
:106AB0001B889BB2C3F309039AB2D7F8B8301A8087
:106AC000D7F804313E2B23D9D7F804315B09C7F836
:106AD000D830D7F8043103F01F03002B04D1D7F8C6
:106AE000D830013BC7F8D830D7F8B8301B889AB2F5
:106AF000D7F8D8309BB29B029BB213439BB26FEA8C
:106B000043436FEA53439AB2D7F8B8301A805CE037
:106B1000D7F80431002B0CD1D7F8B8301B889BB2C2
:106B20006FEA43436FEA53439AB2D7F8B8301A80FA
:106B30004BE0D7F804315B08C7F8D830D7F80431F8
:106B400003F00103002B04D0D7F8D8300133C7F885
:106B5000D830D7F8B8301B889AB2D7F8D8309BB263
:106B60009B029BB213439AB2D7F8B8301A802CE03C
:106B700007F58473A3F584731B685B78012B24D11C
:106B800007F58473A3F582731B68B3F850309BB28A
:106B90001A46D7F8C4301344C7F8C43007F58473D5
:106BA000A3F584731B681B781A01D7F8C43013440B
:106BB00003F20C43C7F8C030D7F804319AB2D7F8C3
:106BC000C0301A8001E001233AE007F58473A3F591
:106BD00082731A6807F58473A3F584731B681B78A6
:106BE0009B0013441B889BB223F4804323F0700363
:106BF000A7F88A30B7F88A3083F48053A7F88A3030
:106C0000B7F88A3083F40053A7F88A3007F5847305
:106C1000A3F582731A6807F58473A3F584731B6860
:106C20001B789B001A44B7F88A3043F07F4343F443
:106C30007F0343F4004343F080039BB2138000239F
:106C4000184607F58477BD4680BD80B485B000AF97
:106C5000786039603B685B78002B20D07A683B68AD
:106C60001B789B0013441B889BB223F4E04323F062
:106C70004003BB81BB8983F01003BB817A683B680A
:106C80001B789B001A44BB8943F07F4343F47F0386
:106C900043F4004343F080039BB213801FE07A6803
:106CA0003B681B789B0013441B889BB223F48043F2
:106CB00023F07003FB81FB8983F48053FB817A68A6
:106CC0003B681B789B001A44FB8943F07F4343F4E5
:106CD0007F0343F4004343F080039BB213800023FF
:106CE00018461437BD4680BC704780B487B000AFEB
:106CF000786039603B681B7B002B40F09D803B68CF
:106D00005B78002B4CD07A683B681B789B0013445F
:106D10001B883B823B8A03F04003002B1BD07A6820
:106D20003B681B789B0013441B889BB223F4E04311
:106D300023F07003FB817A683B681B789B001A4440
:106D4000FB8943F07F4343F47F0343F4004343F064
:106D5000C0039BB213803B68DB78012B6CD07A6850
:106D60003B681B789B0013441B889BB223F4E043D1
:106D700023F04003BB81BB8983F02003BB817A6889
:106D80003B681B789B001A44BB8943F07F4343F464
:106D90007F0343F4004343F080039BB213804BE036
:106DA0007A683B681B789B0013441B88FB82FB8A34
:106DB00003F48043002B1BD07A683B681B789B0050
:106DC00013441B889BB223F4E04323F07003BB827F
:106DD0007A683B681B789B001A44BB8A43F07F4368
:106DE00043F47F0343F4404343F080039BB213809A
:106DF0007A683B681B789B0013441B889BB223F482
:106E0000804323F070037B827B8A83F480537B82F0
:106E10007B8A83F400537B827A683B681B789B00F3
:106E20001A447B8A43F07F4343F47F0343F40043D7
:106E300043F080039BB21380002318461C37BD46E5
:106E400080BC704780B483B000AF78600B46FB70A5
:106E5000FB78002B03D17B688022A3F84C20002311
:106E600018460C37BD4680BC704780B483B000AF75
:106E70007860002318460C37BD4680BC704780B44C
:106E800083B000AF7860002318460C37BD4680BC45
:106E9000704780B485B000AF78607B68B3F8443049
:106EA0009BB2FB60FB6818461437BD4680BC704738
:106EB00080B483B000AF78603960002318460C3787
:106EC000BD4680BC704780B48BB000AFF860B9603D
:106ED00011461A460B46FB801346BB80BB88013324
:106EE0005B08BB61FB687B61BB68FB61FB885A0088
:106EF0007B69134403F580633B62BB697B621EE0E0
:106F0000FB691B787B82FB6901331B781B021AB279
:106F1000B7F9123013431BB27B823B6A7A8A1A801C
:106F20003B6A02333B623B6A02333B62FB690133DB
:106F3000FB61FB690133FB617B6A013B7B627B6A1E
:106F4000002BDDD100BF00BF2C37BD4680BC704791
:106F500080B48BB000AFF860B96011461A460B469A
:106F6000FB801346BB80BB885B089BB2BB61FB68A0
:106F70007B61BB68FB61FB885A007B69134403F5A6
:106F800080633B62BB697B621BE03B6A1B889BB2F0
:106F90003B613B6A02333B623B69DAB2FB691A70C0
:106FA000FB690133FB613B691B0ADAB2FB691A70AA
:106FB000FB690133FB613B6A02333B627B6A013B45
:106FC0007B627B6A002BE0D1BB8803F001039BB29C
:106FD000002B07D03B6A1B889BB23B613B69DAB24E
:106FE000FB691A7000BF2C37BD4680BC704780B566
:106FF00082B000AF0346FB71FB79002B07D10BF089
:10700000E5FE0346002B01D0002301E000BF012371
:1070100018460837BD4680BD80B483B000AF034634
:10702000FB71FB79002B01D1002300E001231846FE
:107030000C37BD4680BC704780B588B000AFB960E2
:107040007A603B600346FB730023FB77FB7B002BDE
:1070500027D17B681B03BB613B689BB21B03FB8290
:10706000FB8A1A46B968B8690BF002FF03467B75C4
:107070007B7D082B0FD0082B10DC032B02DC022BAE
:1070800003DA0BE0062B03D008E00423FB7706E0CD
:107090000123FB7703E00323FB7700E000BFFB7FC6
:1070A00000E0042318462037BD4680BD80B588B077
:1070B00000AFB9607A603B600346FB730023FB7747
:1070C000FB7B002B35D17B681B03BB613B689BB20C
:1070D0001B03FB82FB8A1A46B968B8690BF03AFFBA
:1070E00003467B757B7D013B072B1FD801A252F81D
:1070F00023F000BF1571020815710208157102080E
:107100001B7102081B7102082D7102082771020809
:10711000217102080423FB7709E00123FB7706E0D5
:107120000323FB7703E00223FB7700E000BFFB7F34
:1071300000E0042318462037BD4680BD80B588B0E6
:1071400000AF03463A60FB710B46BB710023FB772F
:10715000FB79002B5DD1BB79042B55D801A252F8E5
:1071600023F000BF797102087F7102089171020853
:107170009F710208AB7102080023FB7747E03B6870
:10718000BB600BF023FE03461A46BB681A603EE064
:107190003B68FB60FB684FF480521A8037E03B6825
:1071A0003B613B6901221A6031E03B68BB61BB690E
:1071B00004331B689AB2BB691B689BB2D31A9BB29B
:1071C0000133FB82BB691B689BB2FA8A11461846E1
:1071D0000BF04CFF03467B757B7D082B0FD0082BF3
:1071E00010DC032B02DC022B03DA0BE0042B03D0B0
:1071F00008E00423FB7706E00123FB7703E0032389
:10720000FB7700E000BF02E00123FB7700BFFB7FBC
:1072100000E0042318462037BD4680BD80B485B009
:1072200000AF78607B6801331B78FB81FB891B0210
:107230001AB27B681B781BB213431BB2FB81FB891C
:1072400018461437BD4680BC704780B485B000AF87
:1072500078607B6803331B78FB60FB681B027A68ED
:10726000023212781343FB60FB681B027A6801321A
:1072700012781343FB60FB681B027A681278134391
:10728000FB60FB6818461437BD4680BC704780B46D
:1072900083B000AF78600B467B807B685A1C7A60B5
:1072A0007A88D2B21A707B881B0A7B807B685A1C52
:1072B0007A607A88D2B21A7000BF0C37BD4680BCA3
:1072C000704780B483B000AF786039607B685A1C27
:1072D0007A603A68D2B21A703B681B0A3B607B68DE
:1072E0005A1C7A603A68D2B21A703B681B0A3B603B
:1072F0007B685A1C7A603A68D2B21A703B681B0AE3
:107300003B607B685A1C7A603A68D2B21A7000BF40
:107310000C37BD4680BC704780B487B000AFF860C2
:10732000B9607A60FB687B61BB683B617B68002B5E
:107330000DD03A69531C3B617B69591C7961127805
:107340001A707B68013B7B607B68002BF1D100BF2A
:107350001C37BD4680BC704780B487B000AFF86072
:10736000B9607A60FB687B617B695A1C7A61BA6894
:10737000D2B21A707B68013B7B607B68002BF3D133
:1073800000BF00BF1C37BD4680BC704780B489B0C9
:1073900000AFF860B9607A60FB68FB61BB68BB61F5
:1073A00000237B61FB695A1CFA611B781946BB6993
:1073B0005A1CBA611B78CB1A7B617B68013B7B60EE
:1073C0007B68002B02D07B69002BEBD07B691846D1
:1073D0002437BD4680BC704780B483B000AF78606E
:1073E000396002E07B6801337B607B681B78002B8F
:1073F00005D07B681B781A463B689342F2D17B68C4
:107400001B7818460C37BD4680BC704780B483B0EB
:1074100000AF0346FB71FB79002B01D0002300E095
:10742000002318460C37BD4680BC704780B483B03B
:1074300000AF0346FB71FB79002B01D0002300E075
:10744000002318460C37BD4680BC704780B487B017
:1074500000AF78607B681B683B613B695A1C3A61EE
:107460001B787B617B6903F08003002B65D07B690F
:1074700003F0E003C02B06D17B6903F01F037B619F
:107480000123FB601AE07B6903F0F003E02B06D1D7
:107490007B6903F00F037B610223FB600EE07B69D5
:1074A00003F0F803F02B06D17B6903F007037B613F
:1074B0000323FB6002E04FF0FF3342E03B695A1CBC
:1074C0003A611B78FB72FB7A03F0C003802B02D079
:1074D0004FF0FF3335E07B699A01FB7A03F03F03FD
:1074E00013437B61FB68013BFB60FB68002BE5D12C
:1074F0007B697F2B0BD97B69B3F5584F03D37B692D
:10750000B3F5604F03D37B69B3F5881F02D34FF007
:10751000FF3316E07B69B3F5803F0ED37B69A3F59B
:1075200080339A01094B13407A69C2F3090213436D
:1075300043F0584343F45C437B617B683A691A60CB
:107540007B6918461C37BD4680BC70470000FF03AE
:1075500080B487B000AFF860B9607A60FB687F2BB9
:107560000AD87B68002B01D10023B7E0FB68DAB2B0
:10757000BB681A700123B1E0FB68B3F5006F1FD23E
:107580007B68012B01D80023A8E0FB689B09DBB2D4
:1075900003F01F03DAB2BB68591CB96062F03F0206
:1075A000D2B21A70FB68DBB203F03F03DAB2BB68F9
:1075B000591CB96062F07F02D2B21A7002238DE0CA
:1075C000FB68B3F5803F34D27B68022B07D9FB6898
:1075D000B3F5584F05D3FB68B3F5604F01D20023D4
:1075E0007CE0FB681B0BDBB203F00F03DAB2BB6875
:1075F000591CB96062F01F02D2B21A70FB689B0975
:10760000DBB203F03F03DAB2BB68591CB96062F029
:107610007F02D2B21A70FB68DBB203F03F03DAB22A
:10762000BB68591CB96062F07F02D2B21A700323A2
:1076300054E07B68032B01D800234FE0FB681B0C50
:107640001B0403F120539B097B61FB689BB2A3F5EC
:107650005C43FB607B69B3F5801F03D2FB68B3F525
:10766000806F01D3002339E07A69FB68134303F587
:107670008033FB60FB689B0CDBB203F00703DAB2DC
:10768000BB68591CB96062F00F02D2B21A70FB6875
:107690001B0BDBB203F03F03DAB2BB68591CB960C5
:1076A00062F07F02D2B21A70FB689B09DBB203F072
:1076B0003F03DAB2BB68591CB96062F07F02D2B2F4
:1076C0001A70FB68DBB203F03F03DAB2BB68591CE7
:1076D000B96062F07F02D2B21A70042318461C37D8
:1076E000BD4680BC704780B584B000AF7860002391
:1076F000FB737B68DB78002B2CD07B6858787B6829
:1077000003F134017B681A6B0123FFF7CFFC0346BA
:10771000002B1DD17B680022DA707B681A6B7B68B6
:107720005B6AD21A7B68DB699A4213D27B689B78CA
:10773000022B0FD17B6858787B6803F134017B689A
:107740001A6B7B68DB691A440123FFF7AFFC01E089
:107750000123FB73FB7B18461037BD4680BD80B507
:1077600084B000AF786039600023FB737B681B6BCB
:107770003A689A421BD07868FFF7B5FF0346FB735F
:10778000FB7B002B13D17B6858787B6803F13401B5
:1077900001233A68FFF750FC0346002B04D04FF05A
:1077A000FF333B600123FB737B683A681A63FB7B02
:1077B00018461037BD4680BD80B584B000AF7860F4
:1077C0007868FFF790FF0346FB73FB7B002B58D1D3
:1077D0007B681B78032B48D17B681B79012B44D134
:1077E0007B6834334FF4805200211846FFF7B4FD14
:1077F0007B68343303F5FF734AF655211846FFF7CB
:1078000046FD7B68343321491846FFF75AFD7B68F3
:10781000343303F5F2731E491846FFF752FD7B68B7
:10782000343303F5F4727B685B6919461046FFF741
:1078300048FD7B68343303F5F6727B681B69194693
:107840001046FFF73EFD7B681B6A5A1C7B681A6373
:107850007B6858787B6803F134017B681A6B0123DD
:10786000FFF724FC7B6800221A717B685B7800229A
:1078700000211846FFF762FC0346002B01D00123CC
:10788000FB73FB7B18461037BD4680BD52526141E9
:107890007272416180B483B000AF786039603B6838
:1078A000023B3B607B689B69023B3A689A4201D38A
:1078B000002308E07B68DA6A7B685B8919463B68CD
:1078C00001FB03F3134418460C37BD4680BC7047D8
:1078D00080B586B000AF786039607B681B683B611B
:1078E0003B68012B04D93B699B693A689A4202D3F1
:1078F00001237B6190E04FF0FF337B613B691B7894
:10790000032B62D0032B7DDC012B02D0022B41D054
:1079100078E03B68FB60FB685B08FA681344FB6037
:107920003B695A6AFB681B0B134419463869FFF719
:1079300016FF0346002B68D1FB685A1CFA60C3F39C
:107940000B033A69134493F83430BB603B695A6ABD
:10795000FB681B0B134419463869FFF700FF034609
:10796000002B54D1FB68C3F30B033A69134493F81B
:1079700034301B02BA681343BB603B6803F0010359
:10798000002B02D0BB681B0902E0BB68C3F30B03EA
:107990007B6141E03B695A6A3B68DB0A1344194644
:1079A0003869FFF7DCFE0346002B32D13B6903F157
:1079B00034023B68590040F6FE730B4013441846EE
:1079C000FFF72CFC03467B6126E03B695A6A3B6863
:1079D0009B0A134419463869FFF7C1FE0346002B82
:1079E00019D13B6903F134023B68990040F6FC73FE
:1079F0000B4013441846FFF728FC034623F070435E
:107A00007B6109E001237B6106E000BF04E000BF69
:107A100002E000BF00E000BF7B6918461837BD4692
:107A200080BD90B589B000AFF860B9607A6002237C
:107A3000FB77BB68012B40F2DC80FB689B69BA686E
:107A40009A4280F0D680FB681B78032B00F0978069
:107A5000032B00F3CE80012B02D0022B6ED0C8E0A6
:107A6000BB68BB61BB695B08BA691344BB61FB6857
:107A70005A6ABB691B0B13441946F868FFF76FFE7F
:107A80000346FB77FB7F002B40F0AC80FB6803F1E3
:107A90003402BB69591CB961C3F30B0313447B6106
:107AA000BB6803F00103002B0DD07B691B785BB230
:107AB00003F00F035AB27B68DBB21B015BB21343C6
:107AC0005BB2DBB201E07B68DBB27A691370FB6802
:107AD0000122DA70FB685A6ABB691B0B1344194612
:107AE000F868FFF73CFE0346FB77FB7F002B7BD15A
:107AF000FB6803F13402BB69C3F30B0313447B61DE
:107B0000BB6803F00103002B03D07B681B09DBB2C9
:107B10000EE07B691B785BB223F00F035AB27B68DF
:107B20001B0A5BB203F00F035BB213435BB2DBB221
:107B30007A691370FB680122DA705AE0FB685A6AAE
:107B4000BB68DB0A13441946F868FFF708FE0346D2
:107B5000FB77FB7F002B49D1FB6803F13402BB6844
:107B6000590040F6FE730B4013447A6892B21146F6
:107B70001846FFF78CFBFB680122DA7039E0FB68DE
:107B80005A6ABB689B0A13441946F868FFF7E7FD79
:107B90000346FB77FB7F002B2AD17B6823F07044E0
:107BA000FB6803F13402BB68990040F6FC730B409C
:107BB00013441846FFF749FB034603F07043234381
:107BC0007B60FB6803F13402BB68990040F6FC73EC
:107BD0000B40134479681846FFF773FBFB680122DA
:107BE000DA7006E000BF04E000BF02E000BF00E082
:107BF00000BFFB7F18462437BD4690BD80B588B0D6
:107C000000AFF860B9607A600023FB77FB681B68FF
:107C1000BB61BB68012B04D9BB699B69BA689A42F6
:107C200001D302234BE07B68002B0CD04FF0FF32D6
:107C30007968B869FFF7F5FE0346FB77FB7F002BF9
:107C400001D0FB7F3BE0B968F868FFF741FE78613F
:107C50007B69002B31D07B69012B01D102232EE0FF
:107C60007B69B3F1FF3F01D1012328E00022B9680D
:107C7000B869FFF7D6FE0346FB77FB7F002B01D0E8
:107C8000FB7F1CE0BB695A69BB699B69023B9A4256
:107C90000BD2BB695B695A1CBB695A61BB691B7912
:107CA00043F00103DAB2BB691A717B69BB60BB693F
:107CB0009B69BA689A42C6D300E000BF0023184609
:107CC0002037BD4680BD80B588B000AF7860396090
:107CD0007B681B683B613B68002B0DD13B691B69CE
:107CE000BB61BB69002B04D03B699B69BA699A42AE
:107CF0001BD30123BB6118E039687868FFF7E8FD02
:107D0000F860FB68012B01D80123A9E0FB68B3F1FF
:107D1000FF3F01D1FB68A3E03B699B69FA689A4287
:107D200001D2FB689CE03B68BB613B695B69002B4F
:107D300001D1002394E00023FB61BA693B689A42B9
:107D400029D1BB690133FB613B699B69FA699A429E
:107D500001D30223FB61F9697868FFF7B9FDF86088
:107D6000FB68012B03D0FB68B3F1FF3F01D1FB6837
:107D700076E0FB68002B0ED03B691B69FB60FB685B
:107D8000012B06D93B699B69FA689A4201D2FB68CC
:107D9000BB610023FB61FB69002B29D1BB69FB613F
:107DA000FB690133FB613B699B69FA699A4207D31E
:107DB0000223FB61FA69BB699A4201D900234FE0B3
:107DC000F9697868FFF784FDF860FB68002B0ED036
:107DD000FB68012B03D0FB68B3F1FF3F01D1FB68C7
:107DE0003EE0FA69BB699A42DAD1002338E000BF6D
:107DF0004FF0FF32F9693869FFF713FE0346FB7550
:107E0000FB7D002B09D13B68002B06D0FA6939684D
:107E10003869FFF706FE0346FB75FB7D002B16D184
:107E20003B69FA691A613B695A693B699B69023B84
:107E30009A4204D83B695B695A1E3B695A613B69A7
:107E40001B7943F00103DAB23B691A7107E0FB7D4D
:107E5000012B02D14FF0FF3300E00123FB61FB69EE
:107E600018462037BD4680BD80B586B000AF78602B
:107E700039607868FFF737FC0346002B01D00123F7
:107E80007DE039687868FFF705FDB8607B68BA68FF
:107E90001A637B6834334FF4805200211846FFF791
:107EA0005BFA7B685B891B03B3F5004F03D27B68E9
:107EB0005B891B0301E04FF400433B610023FB603F
:107EC00002E03B695B083B613B69B3F5805F06D923
:107ED000386903F017FCF860FB68002BF1D03B69B0
:107EE000B3F5805F24D93A690021F868FFF734FAC6
:107EF0003B691B0B3B6100237B6103E07A693B69B3
:107F000013447B617B685B891A467B6993420BD281
:107F10007B685878BA687B691A443B69F968FFF74F
:107F2000C5F80346002BE9D0F86803F0F7FB1DE025
:107F30007B683433FB6001233B6100237B6103E0FA
:107F40007A693B6913447B617B685B891A467B696C
:107F500093420BD27B685878BA687B691A443B69B4
:107F6000F968FFF7A3F80346002BE9D07B685B892B
:107F70001A467B69934214BF01230023DBB21846E3
:107F80001837BD4680BD80B586B000AF78603960D7
:107F90007B681B683B613B68B3F5001F04D23B68FC
:107FA00003F01F03002B01D0022363E07B683A68D3
:107FB0001A617B689B687B617B69002B06D13B69FA
:107FC0001B78022B02D93B699B6A7B617B69002B82
:107FD0000CD13B685B093A691289934201D30223B1
:107FE00048E03B699A6A7B689A6129E03B695B8952
:107FF0001B03FB6019E07B6879691846FFF768FC92
:1080000078617B69B3F1FF3F01D1012332E07B69E5
:10801000012B04D93B699B697A699A4201D30223F7
:1080200028E03A68FB68D31A3B603A68FB689A42DA
:10803000E1D279693869FFF72DFC02467B689A61C5
:108040007B687A695A617B689B69002B01D10223A6
:1080500010E07B689A693B681B0B1A447B689A6145
:108060003B6903F134023B68C3F30B031A447B689A
:10807000DA61002318461837BD4680BD80B586B04A
:1080800000AF786039607B681B683B617B681B6967
:108090002033FB60FB68B3F5001F02D37B6800222E
:1080A0009A617B689B69002B01D1042378E0FB680F
:1080B000C3F30B03002B66D17B689B695A1C7B685A
:1080C0009A617B685B69002B0AD1FB685B093A699E
:1080D0001289934257D37B6800229A6104235FE0A0
:1080E000FB681B0B3A695289013A1340002B4AD1B5
:1080F0007A687B685B6919461046FFF7E9FB78618F
:108100007B69012B01D802234AE07B69B3F1FF3F71
:1081100001D1012344E03B699B697A699A4228D3E3
:108120003B68002B04D17B6800229A61042337E06E
:108130007A687B685B6919461046FFF7C4FD786171
:108140007B69002B01D107232AE07B69012B01D138
:10815000022325E07B69B3F1FF3F01D101231FE03A
:1081600079693869FFF780FE0346002B01D00123AF
:1081700016E07B687A695A6179693869FFF78AFB8A
:1081800002467B689A617B68FA681A613B6903F171
:108190003402FB68C3F30B031A447B68DA610023E3
:1081A00018461837BD4680BD80B586B000AF7860F0
:1081B00039607B681B68FB6000217868FFF7E3FE8D
:1081C0000346FB75FB7D002B2BD100233B617B68B5
:1081D0009B691946F868FFF7C2FA0346FB75FB7DF9
:1081E000002B1DD17B68DB691B78E52B04D07B68F5
:1081F000DB691B78002B07D13B6901333B613A698E
:108200003B689A4202D10CE000233B61012178686F
:10821000FFF734FF0346FB75FB7D002BD7D000E052
:1082200000BFFB7D042B01D10723FB75FB7D1846A6
:108230001837BD4680BD80B584B000AF7860396026
:108240003B681A331846FEF7E9FF0346FB607B687C
:108250001B78032B09D13B6814331846FEF7DEFF69
:1082600003461B04FA681343FB60FB68184610378B
:10827000BD4680BD80B584B000AFF860B9607A605B
:10828000BB681A337A6892B211461846FEF7FFFFB0
:10829000FB681B78032B09D1BB6803F114027B68D0
:1082A0001B0C9BB219461046FEF7F1FF00BF1037BA
:1082B000BD4680BD90B587B000AF786039603B683F
:1082C0001A331846FEF7AAFF0346002B01D00023FD
:1082D00058E03B681B7803F03F035A1E13465B00CF
:1082E00013449B0013447B610123FB8100233B610A
:1082F00032E0264A3B6913441B781A463B68134414
:108300001846FEF78BFF0346BB81FB89002B19D073
:108310007B69FF2B11D8BB89184603F06FFA04461E
:108320007B695A1C7A615B007A6813441B88184683
:1083300003F064FA03469C4201D0002322E0BB898B
:10834000FB8106E0BB894FF6FF72934201D0002308
:1083500018E03B6901333B613B690C2BC9D93B6891
:108360001B7803F04003002B0BD0FB89002B08D0B7
:108370007B695B007A6813441B88002B01D00023C3
:1083800000E0012318461C37BD4690BD106303086A
:1083900080B586B000AF786039603B681A33184604
:1083A000FEF73CFF0346002B01D0002350E03B6862
:1083B0001B7823F040035A1E13465B0013449B00B6
:1083C00013447B610123FB8100233B6128E0224AA7
:1083D0003B6913441B781A463B6813441846FEF762
:1083E0001DFF0346BB81FB89002B0FD07B69FF2B50
:1083F00001D900232CE0BB89FB817B695A1C7A617F
:108400005B007A681344FA891A8006E0BB894FF64C
:10841000FF72934201D000231AE03B6901333B61B4
:108420003B690C2BD3D93B681B7803F04003002B2E
:108430000DD0FB89002B0AD07B69FF2B01D90023CB
:1084400006E07B695B007A68134400221A800123EE
:1084500018461837BD4680BD1063030880B588B044
:1084600000AFF860B96011461A460B46FB7113461F
:10847000BB71BB680D33BA791A70BB680B330F221E
:108480001A70BB680C3300221A70BB681A330021C3
:108490001846FEF7FCFEFB795A1E13465B00134498
:1084A0009B001344FB610023FB820023BB61FB8A1A
:1084B0004FF6FF72934207D0FB695A1CFA615B00CA
:1084C000FA6813441B88FB82174ABB6913441B7864
:1084D0001A46BB681344FA8A11461846FEF7D7FEBF
:1084E000FB8A002B02D14FF6FF73FB82BB6901337D
:1084F000BB61BB690C2BDAD9FB8A4FF6FF72934242
:1085000006D0FB695B00FA6813441B88002B03D17B
:10851000FB7943F04003FB71BB68FA791A7000BF26
:108520002037BD4680BD00BF1063030880B58CB006
:1085300000AFF860B9607A603B600B22B968F868F8
:10854000FEF7EAFE3B68052B2BD93B68FB6122E076
:108550007B689A1C7A601B887B840023BB6217E0CF
:10856000FB695A007B8C03F001031344FB617B8C95
:108570005B087B84FB6903F48033002B05D0FB6927
:1085800083F4883383F02103FB61BB6A0133BB6250
:10859000BB6A0F2BE4D97B681B88002BD8D1FB6901
:1085A0003B600723BB623B68DBB203F00F03DBB227
:1085B000303387F82F3097F82F30392B04D997F8BC
:1085C0002F30073387F82F30BB6A5A1EBA62303318
:1085D0003B4497F82F2003F81C2C3B681B093B6099
:1085E0003B68002BDFD107F11402BB6A13447E22E3
:1085F0001A7000237B6214E0FA687B6A13441B78CC
:108600001846FEF703FF0346002B07D0BB6A013B69
:108610007A6A9A4210D07B6A01337B627B6A0133AB
:108620007B627A6ABB6A9A4207D2FA687B6A134411
:108630001B78202BE0D100E000BFBB6A072B07D8D6
:10864000BB6A5A1CBA6230333B4413F81C1C00E06E
:1086500020217B6A5A1C7A62FA6813440A461A700F
:108660007B6A072BE9D900BF00BF3037BD4680BD0C
:1086700080B485B000AF78600023FB730B23BB6030
:10868000FB7BDAB25208DB011343DAB27B68591C78
:1086900079601B781344FB73BB68013BBB60BB680C
:1086A000002BEDD1FB7B18461437BD4680BC7047CC
:1086B00080B586B000AF786039600423FB757B68B5
:1086C0001B683B61FF237B75FF233B7581E07B6863
:1086D0009B6919463869FFF742F80346FB75FB7D35
:1086E000002B7CD17B68DB691B78BB75BB7D002BC5
:1086F00002D10423FB7577E07B68DB690B331B78C1
:1087000003F03F03FB737B68FA7B9A71BB7DE52B1B
:108710000ED0BB7D2E2B0BD0FB7B23F02003082B30
:108720000CBF01230023DBB21A463B68934202D000
:10873000FF237B7544E0FB7B0F2B2FD1BB7D03F028
:108740004003002B0DD07B68DB695B7B3B75BB7DF9
:1087500023F04003BB75BB7D7B757B681A697B6822
:10876000DA62BA7D7B7D9A4215D17B68DB690D3375
:108770001B783A7D9A420ED13B69DA687B68DB69E7
:1087800019461046FFF704FE0346002B03D07B7DFD
:10879000013BDBB200E0FF237B7511E07B7D002B0A
:1087A00009D17B68DB691846FFF762FF03461A466A
:1087B0003B7D934215D07B684FF0FF32DA6210E0C8
:1087C00000217868FFF75AFC0346FB75FB7D002B00
:1087D00009D17B689B69002B7FF479AF04E000BF6F
:1087E00002E000BF00E000BFFB7D002B02D07B68F1
:1087F00000229A61FB7D18461837BD4680BD80B5C2
:1088000086B000AF78607B681B683B6100217868A8
:10881000FFF7B9FB0346FB75FB7D002B01D0FB7D09
:10882000A9E0FF233B753B7D7B757B684FF0FF32F2
:10883000DA627B689B6919463869FEF790FF034648
:10884000FB75FB7D002B40F090807B68DB691B781B
:10885000BB75BB7D002B02D10423FB758AE07B68CE
:10886000DB690B331B7803F03F03FB737B68FA7BF8
:108870009A71BB7DE52B07D0FB7B03F00803002B2F
:1088800009D0FB7B0F2B06D0FF237B757B684FF055
:10889000FF32DA625EE0FB7B0F2B36D17B6893F808
:1088A0002B3003F04003002B54D1BB7D03F0400379
:1088B000002B0DD07B68DB695B7B3B75BB7D23F0B8
:1088C0004003BB75BB7D7B757B681A697B68DA6288
:1088D000BA7D7B7D9A4215D17B68DB690D331B78AD
:1088E0003A7D9A420ED13B69DA687B68DB691946AA
:1088F0001046FFF7DFFC0346002B03D07B7D013BD6
:10890000DBB200E0FF237B7524E07B7D002B09D1E7
:108910007B68DB691846FFF7ABFE03461A463B7DD2
:10892000934224D07B6893F82B3003F00103002B93
:108930000AD17B68D8697B6820330B221946FEF781
:1089400025FD0346002B14D0FF237B757B684FF079
:10895000FF32DA6200217868FFF790FB0346FB756F
:10896000FB7D002B3FF465AF04E000BF02E000BFD9
:1089700000E000BFFB7D18461837BD4680BD0000F3
:1089800080B58CB000AF78607B681B68FB617B684A
:1089900093F82B3003F0A003002B01D00623E0E076
:1089A00000237B6202E07B6A01337B62FB69DA6849
:1089B0007B6A5B0013441B88002BF4D17B6803F1B6
:1089C000200107F10C030C221846FEF7A5FCFB7DE5
:1089D00003F00103002B32D07B68402283F82B2068
:1089E0000123BB6216E07B6803F12000FB69DA68B3
:1089F00007F10C01BB6AFFF799FD7868FFF7FFFEEE
:108A0000034687F82F3097F82F30002B06D1BB6A2A
:108A10000133BB62BB6A632BE5D900E000BFBB6AD0
:108A2000642B01D107239CE097F82F30042B02D050
:108A300097F82F3095E0FA7D7B6883F82B20FB7D3B
:108A400003F00203002B07D07B6A0C33474AA2FBDA
:108A500003239B08013300E001233B62396A7868F5
:108A6000FFF7A2FB034687F82F3097F82F30002B33
:108A700048D13B6A013B3B623B6A002B42D07B689A
:108A80001A693B6A5B01D31A19467868FFF77BFACB
:108A9000034687F82F3097F82F30002B32D17B68B0
:108AA00020331846FFF7E4FD0346FB767B689B699D
:108AB0001946F869FEF753FE034687F82F3097F8FA
:108AC0002F30002B1DD1FB69D8687B68D9693B6AC0
:108AD000DAB2FB7EFFF7C2FCFB690122DA700021EB
:108AE0007868FFF7CBFA034687F82F3097F82F30D6
:108AF000002B07D13B6A013B3B623B6A002BD5D17F
:108B000000E000BF97F82F30002B28D17B689B69CD
:108B10001946F869FEF723FE034687F82F3097F8C9
:108B20002F30002B1BD17B68DB69202200211846E7
:108B3000FEF712FC7B68D8697B6820330B2219464C
:108B4000FEF7EAFB7B6893F82B207B68DB690C332C
:108B500002F01802D2B21A70FB690122DA7097F89B
:108B60002F3018463037BD4680BD00BF4FECC44E95
:108B700080B586B000AF78607B681B683B617B681E
:108B80001B69FB607B68DB6AB3F1FF3F07D07B6842
:108B9000DB6A19467868FFF7F6F9034600E0002320
:108BA000FB75FB7D002B28D17B689B6919463869D2
:108BB000FEF7D5FD0346FB75FB7D002B15D17B68C9
:108BC000DB69E5221A703B690122DA707B681B6958
:108BD000FA689A420BD900217868FFF74FFA0346EA
:108BE000FB75FB7D002BDFD002E000BF00E000BF83
:108BF000FB7D042B01D10223FB75FB7D1846183742
:108C0000BD4680BD80B588B000AF786039607B68B4
:108C10001B68FB603B6800229A757B689B69002B90
:108C200000F048817B68DB6AB3F1FF3F4ED0002340
:108C30007B820023BB61BB69FB6134E0FB68DA68BF
:108C4000FB69591CF9615B0013441B88BB827B8A5A
:108C5000002B0AD1BB8AB3F5584F06D3BB8AB3F5B4
:108C6000604F02D2BB8A7B821DE07B8A1A04BB8ADA
:108C700042EA0300BB6910333A681344991DBB698B
:108C8000C3F1FF031A46FEF763FC0346BB82BB8AAF
:108C9000002B02D10023BB610DE0BB8ABA691344EB
:108CA000BB6100237B82FB68DA68FB695B001344CD
:108CB0001B88002BC2D17B8A002B01D00023BB6113
:108CC0003A68BB691344163300221A700023BB6153
:108CD000BB69FB616BE07B68DA69FB69591CF96170
:108CE00013441B78BB82BB8A202B5FD0BB8A052B29
:108CF00001D1E523BB82FB69092B09D1BB690B2B91
:108D000006D8BB695A1CBA613A6813442E225A72BB
:108D1000BB8ADBB21846FEF779FB0346002B1ED058
:108D2000FB69082B1BD0FB690B2B18D07B68DA6919
:108D3000FB6913441B781846FEF778FB0346002BAB
:108D40000DD0BB8A1B021AB27B68D969FB69581C1B
:108D5000F8610B441B781BB213431BB2BB82BB8A66
:108D600040F26231184602F01DFD0346BB82BB8A09
:108D7000002B02D10023BB611CE0B88ABB69083319
:108D80003A681344591CBB69C3F10C031A46FEF739
:108D9000DFFB0346BB82BB8A002B02D10023BB61F1
:108DA00008E0BB8ABA691344BB6100E000BFFB69FD
:108DB0000A2B90D93A68BB691344093300221A7010
:108DC0003B689B7D002B52D1BB69002B07D1BB694F
:108DD0005A1CBA613A6813443F229A7538E000235E
:108DE000BB61BB69FB610823FB752AE03A68FB693C
:108DF000134409331B78BB82BB8A2E2B01D110236D
:108E0000FB75BB8A402B0ED9BB8A5A2B0BD87B68CB
:108E1000DB690C331A78FB7D1340DBB2002B02D0E8
:108E2000BB8A2033BB82BB8AD9B23A68BB69134480
:108E300016330A461A70FB690133FB61BB690133C3
:108E4000BB613A68FB69134409331B78002BCDD111
:108E50003A68BB691344163300221A707B68DB69D9
:108E60000C331B78002B02D13B6800225A727B68BE
:108E7000DB69DA7A3B681A727B68DB691C33184657
:108E8000FEF7E3F902463B681A607B68DB6916333C
:108E90001846FEF7C3F903461A463B68DA807B683A
:108EA000DB6918331846FEF7B9F903461A463B68E2
:108EB0009A8000E000BF2037BD4680BD80B58AB0F3
:108EC00000AF786039603B681B68BB607B681B68DB
:108ED000DB683B6100237B6107F108031846FEF75E
:108EE000B5FAF860FB68B3F1FF3F01D10623B9E1A1
:108EF000FB68B3F5803F09D3FB68190C7B695A1CEA
:108F00007A615B003A6913448AB21A80FB68BB84B9
:108F1000BB8C1F2B20D9BB8C2F2B1DD0BB8C5C2B6B
:108F20001AD0BB8C7F2B09D8BB8C19469248FEF710
:108F300053FA0346002B01D0062393E17B69FE2BF5
:108F400001D906238EE17B695A1C7A615B003A697C
:108F50001344BA8C1A80BFE7BB8C1F2B03D80423A1
:108F600087F826300EE0002387F8263002E0BB6841
:108F70000133BB60BB681B782F2BF8D0BB681B7814
:108F80005C2BF4D0BA683B681A6011E07B6903F18E
:108F90000043013B5B003A6913441B88BB84BB8CD4
:108FA000202B02D0BB8C2E2B06D17B69013B7B6131
:108FB0007B69002BEAD100E000BF7B695B003A6966
:108FC000134400221A807B69002B01D1062349E15A
:108FD0000023BB6102E0BB690133BB61BB695B007D
:108FE0003A6913441B88202BF5D0BB69002B06D1AE
:108FF000BB695B003A6913441B882E2B09D197F893
:10900000263043F0030387F8263002E07B69013BFA
:109010007B617B69002B09D07B6903F10043013B35
:109020005B003A6913441B882E2BEFD17B682033F9
:109030000B2220211846FEF78FF9002387F82730EE
:1090400000233B620823FB61BB695A1CBA615B00C9
:109050003A6913441B88BB84BB8C002B00F0B8809A
:10906000BB8C202B06D0BB8C2E2B0AD1BA697B6916
:109070009A4206D097F8263043F0030387F826304B
:10908000A5E03A6AFB699A4203D2BA697B699A42BF
:1090900024D1FB690B2B06D197F8263043F003034C
:1090A00087F8263097E0BA697B699A4205D097F82D
:1090B000263043F0030387F82630BA697B699A4269
:1090C00000F288807B69BB6108233B620B23FB6154
:1090D00097F827309B0087F8273078E0BB8C7F2BF0
:1090E00018D997F8263043F0020387F82630BB8C56
:1090F00040F26231184602F01DFB0346BB84BB8C74
:1091000003F08003002B05D0BB8C03F07F031B4AC8
:10911000D35CBB84BB8CFF2B1AD9FB69013B3A6A39
:109120009A4208D397F8263043F0030387F8263095
:10913000FB693B624BE0BB8C1B0A99B23B6A5A1C31
:109140003A62C9B27A6813440A4683F8202034E0B0
:10915000BB8C002B07D0BB8C19460948FEF73CF9A5
:109160000346002B0ED05F23BB8497F8263043F0D4
:10917000030387F8263020E04853030820630308E0
:1091800054530308BB8C402B08D9BB8C5A2B05D8F1
:1091900097F8273043F0020387F82730BB8C602B09
:1091A0000BD9BB8C7A2B08D897F8273043F00103F2
:1091B00087F82730BB8C203BBB843B6A5A1C3A6241
:1091C000BA8CD1B27A6813440A4683F820203BE770
:1091D00000BF00E000BF7B6893F82030E52B03D18F
:1091E0007B68052283F82020FB69082B04D197F8BF
:1091F00027309B0087F8273097F8273003F00C03BF
:109200000C2B05D097F8273003F00303032B05D16F
:1092100097F8263043F0020387F8263097F8263077
:1092200003F00203002B17D197F8273003F0010356
:10923000002B05D097F8263043F0100387F826302E
:1092400097F8273003F00403002B05D097F8263059
:1092500043F0080387F826307B6897F8262083F8C8
:109260002B20002318462837BD4680BD80B586B028
:1092700000AF786039607B681B683B6102E03B6847
:1092800001333B603B681B782F2BF8D03B681B7881
:109290005C2BF4D07B6800229A603B681B781F2B04
:1092A0000AD87B68802283F82B2000217868FEF79B
:1092B0006AFE0346FB7543E03B4619467868FFF7B4
:1092C000FDFD0346FB75FB7D002B34D17868FFF76D
:1092D00096FA0346FB757B6893F82B30FB73FB7D96
:1092E000002B0AD0FB7D042B27D1FB7B03F004036A
:1092F000002B22D10523FB751FE0FB7B03F0040349
:10930000002B1CD17B689B7903F01003002B02D14A
:109310000523FB7514E03B6903F134027B681B698C
:10932000C3F30B03134419463869FEF784FF024662
:109330007B689A60C0E700BF02E000BF00E000BFAA
:10934000FB7D18461837BD4680BD80B489B000AF9C
:1093500078604FF0FF337B617B681B683B613B6942
:10936000FB613B69002B01D17B692DE0FB695A1C35
:10937000FA611B78FB73FB7B1F2B02D9FB7B3A2B1B
:10938000F4D1FB7B3A2B1CD10123BB613B691B78D9
:109390002F2B0CD93B691B78392B08D83B6902333A
:1093A000FA699A4203D13B691B78303BBB61BB69C8
:1093B000002B04DCBB697B617B68FA691A607B69FE
:1093C00002E000237B617B6918462437BD4680BCE0
:1093D0007047000080B582B000AF786039607B686C
:1093E0000022DA707B684FF0FF321A6339687868C0
:1093F000FEF7B5F90346002B01D0042338E07B6863
:10940000343303F5FF731846FDF708FF03461A4689
:109410004AF655239A4201D0032329E07B6893F84A
:109420003430E92B09D07B6893F83430EB2B04D02F
:109430007B6893F83430E82B19D17B6834333633AA
:1094400003220D491846FDF7A1FF0346002B01D169
:1094500000230DE07B683433523305220749184658
:10946000FDF794FF0346002B01D1002300E0022307
:1094700018460837BD4680BD5C5303086053030897
:1094800080B588B000AF7860396000217868FFF758
:10949000A1FFB861BB69022B07D0BB69022B02D8C0
:1094A0003B68002B01D1BB6945E00023FB6114E060
:1094B0007B6803F13402FB691B0103F5E37313447A
:1094C0001846FDF7C2FE0246FB699B0020333B4471
:1094D00043F8182CFB690133FB61FB69032BE7D9C7
:1094E0003B68002B02D03B68013B00E00023FB619E
:1094F000FB699B0020333B4453F8183C002B0BD0F6
:10950000FB699B0020333B4453F8183C19467868AC
:10951000FFF760FF034600E00323BB613B68002BBD
:1095200008D1BB69012B05D9FB690133FB61FB69DC
:10953000032BDDD9BB6918462037BD4680BD00002E
:1095400080B590B000AFF860B9601346FB71BB689E
:1095500000221A60F868FFF7F8FEF862FB6A002B39
:1095600001DA0B23E0E19F4AFB6A52F82330BB6229
:10957000BB6A002B01D10C23D6E1BB68BA6A1A6022
:10958000FB7923F00103FB71BB6A1B78002B1AD017
:10959000BB6A5B781846FDF72AFD034687F827303B
:1095A00097F8273003F00103002B0CD1FB79002B37
:1095B00007D097F8273003F00403002B01D00A23CB
:1095C000B2E10023B0E1BB6A00221A70FB6ADAB292
:1095D000BB6A5A70BB6A5B781846FDF71DFD0346EF
:1095E00087F8273097F8273003F00103002B01D0CC
:1095F000032399E1FB79002B07D097F8273003F07C
:109600000403002B01D00A238EE10021B86AFFF782
:1096100037FF38633B6B042B01D1012384E13B6BA3
:10962000012B01D90D237FE1BB6A1B6B3B62BB6A37
:1096300034330B331846FDF7F1FD0346B3F5805F75
:1096400001D00D2370E1BB6A343316331846FDF7A1
:10965000E5FD0346BB63BB6B002B06D1BB6A34330D
:1096600024331846FDF7F1FDB863BB6ABA6BDA61C3
:10967000BB6A93F84420BB6A9A70BB6A9B78012B43
:1096800005D0BB6A9B78022B01D00D234CE1BB6A4D
:109690009B781A46BB6B02FB03F3BB63BB6A93F870
:1096A00041301A46BB6A5A81BB6A5B89002B08D0DD
:1096B000BB6A5B891A46BB6A5B89013B1340002B7E
:1096C00001D00D2330E1BB6A343311331846FDF766
:1096D000A5FD03461A46BB6A1A81BB6A1B8903F0C3
:1096E0007F039BB2002B01D00D231DE1BB6A3433F5
:1096F00013331846FDF792FD0346FB63FB6B002B0B
:1097000006D1BB6A343320331846FDF79EFDF8635B
:10971000BB6A34330E331846FDF780FD0346FB83E6
:10972000FB8B002B01D10D23FEE0FA8BBB6B1344A6
:10973000BA6A1289D20992B21344BB61FA6BBB694F
:109740009A4201D20D23EFE0FA6BBB69D31ABA6AD1
:109750005289B3FBF2F37B617B69002B01D10D23AE
:10976000E2E000233B637B691F4A934201D8032355
:109770003B637B694FF6F572934201D802233B634A
:109780007B6940F6F572934201D801233B633B6B42
:10979000002B01D10D23C7E07B699A1CBB6A9A613B
:1097A000BB6A3A6A1A62FA8B3B6A1A44BB6A5A620B
:1097B0003A6ABB691A44BB6ADA623B6B032B23D15A
:1097C000BB6A34332A331846FDF728FD0346002BC5
:1097D00001D00D23A8E0BB6A1B89002B06D00D2306
:1097E000A2E000BFBC5F0020F5FFFF0FBB6A34336F
:1097F0002C331846FDF729FD0246BB6A9A62BB6A04
:109800009B699B007B631EE0BB6A1B89002B01D117
:109810000D2389E0BB6A5A6ABB6B1A44BB6A9A6221
:109820003B6B022B03D1BB6A9B695B000AE0BB6AFE
:109830009A6913465B0013445A08BB6A9B6903F09C
:10984000010313447B63BB6ADA697B6B03F6FF7326
:109850001B0B9A4201D20D2366E0BB6A4FF0FF3228
:109860005A61BB6A5A69BB6A1A61BB6A80221A7163
:109870003B6B032B49D1BB6A343330331846FDF7B9
:10988000CDFC0346012B40D13B6A01331946B86A2F
:10989000FDF765FF0346002B37D1BB6A00221A7122
:1098A000BB6A343303F5FF731846FDF7B7FC034674
:1098B0001A464AF655239A4227D1BB6A34331846D2
:1098C000FDF7C3FC03461A4A93421ED1BB6A3433E8
:1098D00003F5F2731846FDF7B8FC0346154A9342A8
:1098E00013D1BB6A343303F5F4731846FDF7ADFCAE
:1098F0000246BB6A5A61BB6A343303F5F6731846F5
:10990000FDF7A3FC0246BB6A1A613B6BDAB2BB6A85
:109910001A70094B1B8801339AB2074B1A80064B09
:109920001A88BB6ADA80002318464037BD4680BDDE
:109930005252614172724161C05F002080B584B0B3
:1099400000AF786039600923FB737B68002B1CD063
:109950007B681B68002B18D07B681B681B78002B6A
:1099600013D07B689A887B681B68DB889A420CD18D
:109970007B681B685B781846FDF739FB034603F0EC
:109980000103002B01D10023FB73FB7B002B02D1D1
:109990007B681B6800E000233A681360FB7B184675
:1099A0001037BD4680BD000080B588B000AFF860BC
:1099B000B9601346FB71BB683B6107F110031846A1
:1099C000FFF7C3FCF861FB69002B01DA0B2325E0EC
:1099D000144AFB6952F82330BB61BB69002B02D0EB
:1099E000BB6900221A70FB68002B02D0FB680022C2
:1099F0001A70FA680B49FB6941F82320FB79002BA8
:109A000001D100230AE007F10C0107F1080300224D
:109A10001846FFF795FD0346FB75FB7D184620377A
:109A2000BD4680BDBC5F002080B598B000AFF86037
:109A3000B9601346FB71FB68002B01D109237EE15D
:109A4000FB7903F03F03FB71FA7907F1100107F18D
:109A500008031846FFF774FD034687F85F3097F850
:109A60005F30002B40F062813B697B614FF40070F6
:109A700001F048FE38653B6D002B01D111235EE1FA
:109A80003B693A6DDA60BA6807F11403114618466B
:109A9000FFF7ECFB034687F85F3097F85F30002B49
:109AA00007D197F83F305BB2002B02DA062387F824
:109AB0005F30FB7903F01C03002B6FD097F85F3009
:109AC000002B10D097F85F30042B07D107F1140357
:109AD0001846FEF755FF034687F85F30FB7943F0E1
:109AE0000803FB7110E0BB7E03F01103002B03D0D1
:109AF000072387F85F3007E0FB7903F00403002BAE
:109B000002D0082387F85F3097F85F30002B5FD1D1
:109B1000FB7903F00803002B5AD03B693A6B1146DE
:109B20001846FEF788FBF8643B6B0E3386491846EF
:109B3000FDF7C7FB3B6B0B3320221A703B69396B77
:109B400000221846FEF796FB3B6B1C33002118469B
:109B5000FDF7B7FB3B690122DA70FB6C002B37D0B5
:109B60003B691B6BBB6407F114030022F96C1846B8
:109B7000FEF744F8034687F85F3097F85F30002B14
:109B800026D13B69B96C1846FDF7E9FD034687F815
:109B90005F303B69FA6C013A1A6119E097F85F305F
:109BA000002B15D1BB7E03F01003002B03D0042340
:109BB00087F85F300CE0FB7903F00203002B07D03D
:109BC000BB7E03F00103002B02D0072387F85F3030
:109BD00097F85F30002B0FD1FB7903F00803002BBF
:109BE00003D0FB7943F04003FB713B691A6BFB68C0
:109BF0001A623A6BFB685A6297F85F30002B40F0AC
:109C000092803B693A6B11461846FEF714FB0246F8
:109C1000FB689A603B6B1C331846FDF716FB024647
:109C2000FB68DA603A69FB681A603B69DA88FB68AE
:109C30009A80FB68FA791A74FB6800225A74FB68F0
:109C40000022DA61FB6800225A61FB6828334FF476
:109C5000805200211846FDF77FFBFB7903F02003BB
:109C6000002B60D0FB68DB68002B5CD0FB68DA68F7
:109C7000FB685A613B695B891B037B64FB689B68DB
:109C8000BB65FB68DB687B6516E0FB68B96D184651
:109C9000FDF71EFEB865BB6D012B02D8022387F8C5
:109CA0005F30BB6DB3F1FF3F02D1012387F85F3016
:109CB0007A6D7B6CD31A7B6597F85F30002B03D1EC
:109CC0007A6D7B6C9A42E0D8FB68BA6D9A6197F81E
:109CD0005F30002B27D17B6DC3F30B03002B22D009
:109CE0003B69B96D1846FDF7D5FDB864BB6C002B18
:109CF00003D1022387F85F3015E07B6D1A0BBB6C34
:109D00001A44FB68DA613B695878FB6803F1280163
:109D1000FB68DA690123FDF78FF90346002B02D0B7
:109D2000012387F85F30386D01F0F8FC97F85F3059
:109D3000002B02D0FB6800221A6097F85F301846AB
:109D40006037BD4680BD00BF0000215080B58EB099
:109D500000AFF860B9607A603B60BB687B623B68CB
:109D600000221A60FB6807F1140211461846FFF73B
:109D7000E5FD034687F8373097F83730002B07D1D9
:109D8000FB685B7C87F8373097F83730002B02D0C0
:109D900097F8373009E1FB681B7C03F00103002BC7
:109DA00001D1072301E1FB68DA68FB685B69D31A1C
:109DB0003B627A683B6A9A4240F2F2803B6A7B607F
:109DC000EEE0FB685B69C3F30B03002B40F0BA8045
:109DD000FB685B691B0B7A695289013A1340FB618E
:109DE000FB69002B23D1FB685B69002B03D1FB6867
:109DF0009B683B6307E0FA68FB689B69194610465D
:109E0000FDF766FD38633B6B012B04D8FB6802222B
:109E10005A740223C9E03B6BB3F1FF3F04D1FB68E6
:109E200001225A740123C0E0FB683A6B9A617A6997
:109E3000FB689B6919461046FDF72CFDB861BB69AC
:109E4000002B04D1FB6802225A740223ADE0BA69E8
:109E5000FB691344BB617B681B0BBB62BB6A002BB5
:109E600039D0FA69BB6A13447A695289934205D999
:109E70007B695B891A46FB69D31ABB627B69587898
:109E8000BB6ABA69796AFDF7D7F80346002B04D09C
:109E9000FB6801225A74012387E0FB681B7C5BB2DC
:109EA000002B14DAFB68DA69BB69D31ABA6A9A42E2
:109EB0000DD9FB68DA69BB69D31A1B037A6AD0181B
:109EC000FB6828334FF480521946FDF725FABB6A28
:109ED0001B03FB6250E0FB68DB69BA699A422ED033
:109EE000FB681B7C5BB2002B18DA7B695878FB6837
:109EF00003F12801FB68DA690123FDF7D7F803466F
:109F0000002B04D0FB6801225A7401234DE0FB684A
:109F10001B7C03F07F03DAB2FB681A747B69587804
:109F2000FB6803F128010123BA69FDF785F80346B0
:109F3000002B04D0FB6801225A74012335E0FB6832
:109F4000BA69DA61FB685B69C3F30B03C3F580533D
:109F5000FB62FA6A7B689A4201D97B68FB62FB6804
:109F600003F12802FB685B69C3F30B031344FA6A2D
:109F70001946786AFDF7D0F97A68FB6AD31A7B60D4
:109F80003B681A68FB6A1A443B681A607A6AFB6A83
:109F900013447B62FB685A69FB6A1A44FB685A6186
:109FA0007B68002B7FF40DAF002318463837BD4681
:109FB00080BD80B58CB000AFF860B9607A603B605E
:109FC000BB68FB613B6800221A60FB6807F1100266
:109FD00011461846FFF7B2FC034687F82F3097F872
:109FE0002F30002B07D1FB685B7C87F82F3097F868
:109FF0002F30002B02D097F82F303FE1FB681B7CFD
:10A0000003F00203002B01D1072337E1FB685A69F3
:10A010007B681A44FB685B699A4280F02181FB6887
:10A020005B69DB437B601BE1FB685B69C3F30B038C
:10A03000002B40F0D780FB685B691B0B3A695289A3
:10A04000013A1340BB61BB69002B37D1FB685B69E8
:10A05000002B0CD1FB689B68BB62BB6A002B0ED146
:10A06000FB6800211846FDF72EFEB86207E0FA688B
:10A07000FB689B6919461046FDF725FEB862BB6A6E
:10A08000002B00F0F280BB6A012B04D1FB68022296
:10A090005A740223F2E0BB6AB3F1FF3F04D1FB68BC
:10A0A00001225A740123E9E0FB68BA6A9A61FB68ED
:10A0B0009B68002B02D1FB68BA6A9A60FB681B7C24
:10A0C0005BB2002B18DA3B695878FB6803F1280172
:10A0D000FB68DA690123FCF7E9FF0346002B04D093
:10A0E000FB6801225A740123C8E0FB681B7C03F063
:10A0F0007F03DAB2FB681A743A69FB689B691946F8
:10A100001046FDF7C7FB78617B69002B04D1FB6823
:10A1100002225A740223B1E07A69BB6913447B615D
:10A120007B681B0B3B623B6A002B3CD0BA693B6AE5
:10A1300013443A695289934205D93B695B891A46AF
:10A14000BB69D31A3B623B6958783B6A7A69F96903
:10A15000FCF7ACFF0346002B04D0FB6801225A74C5
:10A1600001238BE0FB68DA697B69D31A3A6A9A4269
:10A1700015D9FB6803F12800FB68DA697B69D31AFB
:10A180001B03FA6913444FF480521946FDF7C4F8D3
:10A19000FB681B7C03F07F03DAB2FB681A743B6A2E
:10A1A0001B037B623FE0FB68DB697A699A4216D049
:10A1B000FB685A69FB68DB689A4210D23B695878A1
:10A1C000FB6803F1280101237A69FCF735FF034698
:10A1D000002B04D0FB6801225A7401234EE0FB6877
:10A1E0007A69DA61FB685B69C3F30B03C3F58053DB
:10A1F0007B627A6A7B689A4201D97B687B62FB68E2
:10A2000003F12802FB685B69C3F30B0313447A6A0A
:10A21000F9691846FDF780F8FB681B7C63F07F0343
:10A22000DAB2FB681A747A687B6AD31A7B603B687F
:10A230001A687B6A1A443B681A60FA697B6A13449D
:10A24000FB61FB685A697B6A1A44FB685A61FB68C8
:10A25000DA68FB685B699A4238BF1A46FB68DA60C5
:10A260007B68002B7FF4E0AE00E000BFFB681B7C46
:10A2700043F04003DAB2FB681A7400231846303703
:10A28000BD4680BD80B586B000AF78607B6807F1C1
:10A29000080211461846FFF751FB0346FB75FB7D8C
:10A2A000002B67D17B681B7C03F04003002B61D03F
:10A2B0007B681B7C5BB2002B15DABB6858787B6827
:10A2C00003F128017B68DA690123FCF7EFFE0346FE
:10A2D000002B01D001234EE07B681B7C03F07F0341
:10A2E000DAB27B681A74264B3B61BA687B681B6ADA
:10A2F00019461046FDF733FA0346FB75FB7D002B2C
:10A3000038D17B685B6AFB60FB680B331A78FB68AB
:10A310000B3342F02002D2B21A707B6818687B6857
:10A320009B681A46F968FDF7A5FFFB6803F11C025C
:10A330007B68DB6819461046FCF7C3FFFB681633E1
:10A3400039691846FCF7BDFFFB6812330021184637
:10A35000FCF79DFFBB680122DA70BB681846FDF769
:10A360002BFA0346FB757B681B7C23F04003DAB2B3
:10A370007B681A74FB7D18461837BD4680BD00BF48
:10A380000000215080B584B000AF78607868FFF796
:10A3900079FF0346FB73FB7B002B0ED17B6807F133
:10A3A000080211461846FFF7C9FA0346FB73FB7B08
:10A3B000002B02D17B6800221A60FB7B1846103705
:10A3C000BD4680BD80B588B000AF786039607B68DD
:10A3D00007F1080211461846FFF7B0FA0346FB776B
:10A3E000FB7F002B02D17B685B7CFB77FB7F002B24
:10A3F00001D0FB7F0FE17B68DB683A689A4208D99D
:10A400007B681B7C03F00203002B02D17B68DB68B6
:10A410003B607B685B693B6100237B617B687A6999
:10A420005A613B68002B00F0A780BB685B891B0367
:10A43000FB603B69002B1BD03B685A1EFB68B2FBDC
:10A44000F3F23B69591EFB68B1FBF3F39A420FD359
:10A450003B695A1EFB685B421A407B685A617B6805
:10A460005B693A68D31A3B607B689B69BB6122E0F9
:10A470007B689B68BB61BB69002B19D17B6800219D
:10A480001846FDF720FCB861BB69012B04D17B683D
:10A4900002225A740223BEE0BB69B3F1FF3F04D12C
:10A4A0007B6801225A740123B5E07B68BA699A601F
:10A4B0007B68BA699A61BB69002B5DD03AE03A6863
:10A4C000FB68D31A3B607B685A69FB681A447B6857
:10A4D0005A617B681B7C03F00203002B0BD07B6866
:10A4E000B9691846FDF7EFFBB861BB69002B08D1CD
:10A4F00000233B6022E07B68B9691846FDF7E8F964
:10A50000B861BB69B3F1FF3F04D17B6801225A7483
:10A51000012380E0BB69012B04D9BB689B69BA6940
:10A520009A4204D37B6802225A74022373E07B6848
:10A53000BA699A613A68FB689A42C0D87B685A69DE
:10A540003B681A447B685A613B68C3F30B03002BDA
:10A5500012D0BB68B9691846FDF79CF978617B6930
:10A56000002B04D17B6802225A74022353E03B681B
:10A570001B0B7A6913447B617B685A697B68DB68D3
:10A580009A420AD97B685A697B68DA607B681B7CCF
:10A5900043F04003DAB27B681A747B685B69C3F3EB
:10A5A0000B03002B36D07B68DB697A699A4231D085
:10A5B0007B681B7C5BB2002B18DABB6858787B6821
:10A5C00003F128017B68DA690123FCF76FFD03467C
:10A5D000002B04D07B6801225A7401231BE07B68A6
:10A5E0001B7C03F07F03DAB27B681A74BB6858786F
:10A5F0007B6803F1280101237A69FCF71DFD0346FE
:10A60000002B04D07B6801225A74012303E07B688D
:10A610007A69DA61FB7F18462037BD4680BD80B578
:10A6200090B000AF7860396007F108013B1D00224F
:10A630001846FEF785FF034687F83F3097F83F300E
:10A64000002B2FD14FF4007001F05CF8B863BB6BA6
:10A65000002B01D1112327E0BB68BA6BDA607A685E
:10A6600007F1080311461846FEF700FE034687F877
:10A670003F3097F83F30002B11D197F833305BB261
:10A68000002B03DA062387F83F3008E03B68002BF5
:10A6900005D007F1080339681846FEF7B3FAB86B1E
:10A6A00001F03CF897F83F3018464037BD4680BD72
:10A6B00080B590B000AFF860B9607A6007F124010E
:10A6C00007F10C0300221846FEF73AFF034687F80D
:10A6D0003F3097F83F30002B40F099807A6A7B68D2
:10A6E0001A607B6A5A697B6A9B69023B9A4204D86A
:10A6F0007B6A5A69BB681A6089E00023BB637B6A86
:10A700001B78012B28D102237B637B6A7B6107F1D5
:10A710001403796B1846FDF7DBF8B862BB6AB3F136
:10A72000FF3F03D1012387F83F3063E0BB6A012B71
:10A7300003D1022387F83F305CE0BB6A002B02D1D3
:10A74000BB6B0133BB637B6B01337B637B6A9B69B0
:10A750007A6B9A42DBD34DE07B6A9B697B637B6AB1
:10A760005B6A3B630023FB62FB6A002B0DD1786AB6
:10A770003B6B5A1C3A631946FCF7F1FF034687F816
:10A780003F3097F83F30002B33D17B6A1B78022B88
:10A7900011D17B6A03F13402FB6A13441846FCF7BB
:10A7A0003DFD0346002B02D1BB6B0133BB63FB6A4B
:10A7B0000233FB6212E07B6A03F13402FB6A13444A
:10A7C0001846FCF742FD034623F07043002B02D1EC
:10A7D000BB6B0133BB63FB6A0433FB62FB6AC3F3ED
:10A7E0000B03FB627B6B013B7B637B6B002BBBD161
:10A7F00000E000BFBB68BA6B1A607B6ABA6B5A6133
:10A800007B6A1A797B6A42F00102D2B21A7197F818
:10A810003F3018464037BD4680BD80B59EB000AF82
:10A82000786000233B6707F108013B1D02221846B0
:10A83000FEF786FE034687F8773097F87730002BCF
:10A8400040F09380BB68FB634FF4007000F05AFF48
:10A85000F866FB6E002B01D1112388E0BB68FA6E0D
:10A86000DA607A6807F13C0311461846FEF7FEFCF1
:10A87000034687F8773097F87730002B72D197F836
:10A8800067305BB2002B03DA062387F8773008E0E5
:10A8900097F8423003F00103002B02D0072387F81A
:10A8A000773097F87730002B34D1BB68BA6D1146FA
:10A8B0001846FDF7C0FC386797F8423003F01003E4
:10A8C000002B27D0BB68FB603B6F7B6107F10C035B
:10A8D00000211846FDF757FB034687F8773097F8B5
:10A8E0007730002B16D107F10C0300211846FDF735
:10A8F000DFFE034687F8773097F87730002B02D1D8
:10A90000072387F8773097F87730042B02D100239C
:10A9100087F8773097F87730002B23D107F13C0385
:10A920001846FEF725F9034687F8773097F8773011
:10A93000002B0CD13B6F002B09D007F13C03002208
:10A94000396F1846FDF75AF9034687F8773097F8BC
:10A950007730002B06D1BB681846FCF72DFF034665
:10A9600087F87730F86E00F0D9FE97F87730184600
:10A970007837BD4680BD90B5A9B000AF786039602A
:10A980003B461846FEF7E1FC07F12C013B1D022275
:10A990001846FEF7D5FD034687F89F3097F89F309D
:10A9A000002B40F0F080FB6A3B664FF4007000F033
:10A9B000A9FEC7F89800D7F89830002B01D11123D1
:10A9C000E3E0FB6AD7F89820DA607A6807F1600361
:10A9D00011461846FEF74AFC034687F89F3097F861
:10A9E0009F30002B08D197F88B3003F0A003002B89
:10A9F00002D0062387F89F3097F89F30002B40F055
:10AA0000BE80F96F07F10C0320221846FCF784FC86
:10AA100007F1600107F1300330221846FCF77CFC97
:10AA20003A6807F1300311461846FEF71FFC03464B
:10AA300087F89F3097F89F30002B0CD1BA6BBB6E14
:10AA40009A4205D13A6C3B6F9A4201D1042300E04F
:10AA5000082387F89F3097F89F30042B78D107F1AF
:10AA600030031846FDF78CFF034687F89F3097F8B0
:10AA70009F30002B6CD1FB6CC7F89430D7F8943022
:10AA800003F10D0007F10C030D3313221946FCF7F7
:10AA900043FCD7F894300B33FA7D1A70D7F8943012
:10AAA0000B331B7803F01003002B0AD1D7F8943036
:10AAB0000B331A78D7F894300B3342F02002D2B21D
:10AAC0001A70FB6A0122DA70D7F894300B331B78C6
:10AAD00003F01003002B3BD0BA6EBB6B9A4237D009
:10AAE000FC6AFB6AD7F894101846FDF7A4FB0346EE
:10AAF00019462046FCF7CEFEC7F89000D7F89030F4
:10AB0000002B03D1022387F89F3021E0FB6AD7F89E
:10AB100090101846FCF723FE034687F89F30FB6A27
:10AB200034332033C7F8943097F89F30002B0FD17F
:10AB3000D7F8943001331B782E2B09D1FB6ABA6BFE
:10AB4000D7F894101846FDF795FBFB6A0122DA70DE
:10AB500097F89F30002B12D107F160031846FEF7DB
:10AB600007F8034687F89F3097F89F30002B06D1EF
:10AB7000FB6A1846FCF720FE034687F89F30D7F89B
:10AB8000980000F0CBFD97F89F301846A437BD46DB
:10AB900090BD000080B58EB000AFB9607A603B60B8
:10ABA0000346FB7307F11002FB7B01211846FCF7FB
:10ABB000C5FA0346002B01D0012309E13B693B6242
:10ABC0003F23FB77082387F8273004E097F82730E6
:10ABD0005B0087F8273097F82730002B0AD097F8CA
:10ABE00027303A6AB2FBF3F2FB7FB2FBF3F3B3F523
:10ABF000806FEBD897F82730002B02D1FF2387F81E
:10AC000027304FF4805200213868FCF7A5FB3B68E1
:10AC100003F5DF73BB6200237B63FB7F3B63B6E01E
:10AC20007B6B9B00BA6813441B68FB62FB6A642B56
:10AC30000DD8FB6A642B08D03B6A674AA2FB03234A
:10AC40005B09FA6A02FB03F300E03B6AFB623A6BC2
:10AC5000FB6A13443A6A9A4205D33A6BFB6A13447F
:10AC60003A6B9A4203D93A6A3B6BD31AFB62FB6A8E
:10AC7000002B00F09880BB6A0833396B1846FCF74C
:10AC800020FBBB6A0C33F96A1846FCF71AFBBB6A57
:10AC900004337A68D2B21A70FB7F3A6BB2FBF3F2DC
:10ACA00097F82730B2FBF3F3BB61FB7F3A6BB2FB43
:10ACB000F3F397F82720B3FBF2F101FB02F29B1AA2
:10ACC000FB75FA7F3B6BB3FBF2F101FB02F29B1ABF
:10ACD000DBB20133BB75BB6A0133FA7D1A70BB6905
:10ACE0009B08DBB223F03F03D9B2BB6A0233BA7DC3
:10ACF0000A43D2B21A70BB6A0333BA69D2B21A706D
:10AD00003A6BFB6A13445A1EFB7FB2FBF3F297F8CF
:10AD10002730B2FBF3F3BB613A6BFB6A13445A1E54
:10AD2000FB7FB2FBF3F397F82720B3FBF2F101FBB3
:10AD300002F29B1AFB753A6BFB6A1344013BFA7FE4
:10AD4000B3FBF2F101FB02F29B1ADBB20133BB75DC
:10AD5000BB6A0533FA7D1A70BB699B08DBB223F02E
:10AD60003F03D9B2BB6A0633BA7D0A43D2B21A7026
:10AD7000BB6A0733BA69D2B21A70BB6A1033BB62BE
:10AD80007B6B01337B633A6BFB6A13443B637B6BE6
:10AD9000032B09D83B6B002B06D03A6B3B6A9A42D7
:10ADA000FFF43EAF00E000BF3B6803F5FF734AF6D7
:10ADB00055211846FCF76BFAF87B0123002239680D
:10ADC000FCF774F90346002B01D0012300E00023B7
:10ADD00018463837BD4680BD1F85EB5180B59EB003
:10ADE00000AFF860B9607A603B6007F10C03184669
:10ADF000FEF7ABFA38643B6C002B02DA0B2300F051
:10AE00007DBC8F4A3B6C52F82330002B05D08C4A16
:10AE10003B6C52F8233000221A703B6C87F83F30AD
:10AE2000002387F83E30BB68002B01D1854BBB6007
:10AE300097F83F301846FCF7EFF8034687F83D30A7
:10AE400097F83D3003F00103002B02D0032300F0FC
:10AE500055BC97F83D3003F00403002B02D00A23C1
:10AE600000F04CBCBB685B68FB61FB69002B0CD13C
:10AE700007F11C0297F83F3003211846FCF75EF9F2
:10AE80000346002B01D00123FB61FB69002B09D095
:10AE9000FB69B3F5004F05D8FB695A1EFB691340E7
:10AEA000002B01D00123FB614FF480537B87BB68EB
:10AEB0001B7803F00F0387F83930BB685B78002BF1
:10AEC00006D0BB685B78022B02D8BB685B7800E0D9
:10AED00001237B63BB689B68002B13D0BB689B6816
:10AEE000B3F5004F0ED8BB689B687A8F520992B2B7
:10AEF000B3FBF2F101FB02F29B1A002B02D1BB68FB
:10AF00009B6801E04FF400733B63BB68DB68B3F1FF
:10AF1000807F0AD8BB68DA68BB68DB68013B1340F6
:10AF2000002B02D1BB68DB6800E00023BB647B8F91
:10AF3000BA6CB2FBF3F3BB647B8F3A68B2FBF3F3FA
:10AF4000FB62FB6A002B01D11123D7E37B687B6591
:10AF50007B6D002B07D17B8FFA6A02FB03F3184647
:10AF600000F0D0FB78657B6D002B01D11123C5E388
:10AF70000023BB61BB69FB6607F1180297F83F30FD
:10AF800001211846FCF7DAF80346002B07D07B684E
:10AF9000002B02D1786D00F0C1FB0123AEE397F8DE
:10AFA000393003F00803002B08D1BB693F2B05D9CA
:10AFB0003F23FB66BA69FB6ED31ABB61BB697F2B6B
:10AFC00007D87B68002B02D1786D00F0A7FB0E2319
:10AFD00094E3BB6C802B01D98023BB6497F8393094
:10AFE00003F00203002B09D097F8393003F0010376
:10AFF000002B03D1032387F85B3010E097F839303A
:10B0000003F00103002B07D17B68002B02D1786D80
:10B0100000F084FB132371E3022387F85B30BB6CE1
:10B020003B6697F85B30032B46D13B6E002B1FD15C
:10B03000BB695B0C7B6600237B6401233B6609E0F4
:10B04000BC5F0020A06303087B6C01337B643B6E14
:10B050005B003B669B4A7B6C32F81330002B07D0B9
:10B06000984A7B6C32F813301A467B6E9342EBD2CF
:10B07000BA693B6EB2FBF3F3BB62BB6A02339A0060
:10B080007B8F13445A1E7B8FB2FBF3F33B65202367
:10B090007B670023FB64BB6A4FF6F572934203D9CA
:10B0A000BB6A894A934250D97B68002B02D1786DE4
:10B0B00000F034FB0E2321E33B6E002B1BD1BB6958
:10B0C0001B0B7B6600237B6401233B6605E07B6CE6
:10B0D00001337B643B6E5B003B667C4A7B6C32F8E1
:10B0E0001330002B07D0794A7B6C32F813301A46A4
:10B0F0007B6E9342EBD2BA693B6EB2FBF3F3BB6259
:10B10000BB6A40F6F572934204D9BB6A02335B0016
:10B110007B660AE0012387F85B30BA6A13465B005E
:10B12000134401335B0803337B667A8F7B6E1344D1
:10B130005A1E7B8FB2FBF3F33B6501237B673B6BAE
:10B140005A017B8FB2FBF3F3FB64FA6E7B6F1344FF
:10B15000BB663B6D7A6B03FB02F2BB6E1344FA6C69
:10B1600013447B62FA697B6A13445A1EFB695B4293
:10B170001A407B6AD31A7B6697F85B30032B08D1A1
:10B180007A6F7B6E13447B67BA6E7B6E1344BB662B
:10B1900019E07B6E7A6BB3FBF2F2796B01FB02F282
:10B1A0009B1A002B08D07B6E013B7B667B6F0133C3
:10B1B0007B67BB6E0133BB667A6E7B6BB2FBF3F3CE
:10B1C0003A6D13443B653B6E1A017B6A1A44FB6E71
:10B1D000D21ABB699A4207D97B68002B02D1786DDD
:10B1E00000F09CFA0E2389E2BA697B6FD21A3B6D9C
:10B1F000796B01FB03F3D21AFB6CD21A3B6EB2FBE4
:10B20000F3F3BB6297F85B30032B15D1BB6A4FF6A3
:10B21000F572934210D8BB6C002B05D13B6E5B08D6
:10B22000BB64BB6C002B64D17B68002B02D1786DB2
:10B2300000F074FA0E2361E297F85B30022B47D1DD
:10B24000BB6A4FF6F572934225D9BB6C002B07D130
:10B250003B6E5B00402B03D83B6E5B00BB644DE054
:10B2600097F8393003F00203002B03D0032387F84B
:10B270005B3043E0BB6C002B05D13B6E5B00BB64D5
:10B28000BB6C802B37D97B68002B02D1786D00F026
:10B2900045FA0E2332E2BB6A40F6F572934217D8A4
:10B2A000BB6C002B05D13B6E5B00BB64BB6C802B81
:10B2B00023D97B68002B02D1786D00F02FFA0E2382
:10B2C0001CE200BFB0630308F5FFFF0FC063030873
:10B2D00097F85B30012B12D1BB6A40F6F5729342AE
:10B2E0000DD97B68002B02D1786D00F017FA0E2380
:10B2F00004E200BF93E600BF91E600BF8FE600BF07
:10B300007B8F1A460021786DFCF726F80B22B7498F
:10B31000786DFCF701F87B6D0B337A8F1146184678
:10B32000FBF7B5FF7B6D0D333A6ED2B21A707B6DB1
:10B330000E337A6F92B211461846FBF7A8FF7B6D69
:10B3400010337A6BD2B21A707B6D03F1110297F849
:10B350005B30032B02D03B6B9BB200E0002319460D
:10B360001046FBF794FFBB69B3F5803F08D27B6DB5
:10B370001333BA6992B211461846FBF788FF06E00C
:10B380007B6D2033BA6911461846FBF79AFF7B6D37
:10B390001533F8221A707B6D18333F211846FBF7DE
:10B3A00076FF7B6D1A33FF211846FBF770FF7B6D2C
:10B3B0001C33F96E1846FBF784FF97F85B30032BBC
:10B3C0002DD17B6D43338A491846FBF77AFF7B6D9D
:10B3D0002433396D1846FBF774FF7B6D2C33022143
:10B3E0001846FBF76EFF7B6D303301211846FBF7E3
:10B3F0004EFF7B6D323306211846FBF748FF7B6D0D
:10B40000403380221A707B6D423329221A707B6D83
:10B410004733132277491846FBF77EFF1CE07B6D0C
:10B42000273373491846FBF74CFF7B6D16333A6D93
:10B4300092B211461846FBF72AFF7B6D2433802217
:10B440001A707B6D263329221A707B6D2B331322E1
:10B4500069491846FBF760FF7B6D03F5FF734AF6F9
:10B4600055211846FBF713FF97F83F000123FA6EAA
:10B47000796DFBF71BFE0346002B07D07B68002B82
:10B4800002D1786D00F04AF9012337E197F85B307B
:10B49000032B40D1FB6E9A1D97F83F000123796D75
:10B4A000FBF704FE7B8F1A460021786DFBF754FFF3
:10B4B0005249786DFBF705FF7B6D03F5F273504938
:10B4C0001846FBF7FEFE7B6D03F5F472BB6A013B89
:10B4D00019461046FBF7F5FE7B6D03F5F673022166
:10B4E0001846FBF7EEFE7B6D03F5FF734AF6552118
:10B4F0001846FBF7CCFEFB6EDA1D97F83F000123E0
:10B50000796DFBF7D3FDFB6E5A1C97F83F000123C2
:10B51000796DFBF7CBFD7B8FFA6A02FB03F31A46CA
:10B520000021786DFBF718FFBB6E3B6700237B643F
:10B5300051E097F85B30032B13D16FF00701786D62
:10B54000FBF7BFFE7B6D04334FF0FF311846FBF76E
:10B55000B8FE7B6D08336FF070411846FBF7B1FE03
:10B560000BE097F85B30012B01D1264B01E06FF027
:10B5700007031946786DFBF7A4FE3B6DFB65FA6D7A
:10B58000FB6A934228BF13467B6697F83F007B6EA9
:10B590003A6F796DFBF78AFD0346002B07D07B6875
:10B5A000002B02D1786D00F0B9F80123A6E07B8F63
:10B5B0001A460021786DFBF7CFFE3A6F7B6E13447D
:10B5C0003B67FA6D7B6ED31AFB65FB6D002BD6D102
:10B5D0007B6C01337B647A6C7B6B9A42A9D397F8BE
:10B5E0005B30032B10D13B6E0FE000BF68530308A4
:10B5F00000002150745303088853030852526141DC
:10B6000072724161F8FFFF00FB6CFB65FA6DFB6A2B
:10B61000934228BF13467B6697F83F007B6E3A6FD4
:10B62000796DFBF743FD0346002B07D07B68002BA9
:10B6300002D1786D00F072F801235FE03A6F7B6E03
:10B6400013443B67FA6D7B6ED31AFB65FB6D002BD1
:10B65000DCD197F85B30032B03D10C2387F85A30E9
:10B6600010E0BB69B3F5803F03D3062387F85A3057
:10B6700008E097F85B30022B01D1042300E001239E
:10B6800087F85A3097F8393003F00803002B1CD1A3
:10B69000BB693B6100237B6197F85A2007F11001D9
:10B6A00097F83F007B6DFFF775FA034687F8233064
:10B6B00097F82330002B08D07B68002B02D1786DDF
:10B6C00000F02CF897F8233018E097F83F3000226C
:10B6D00000211846FBF732FD0346002B07D07B689C
:10B6E000002B02D1786D00F019F8012306E07B6889
:10B6F000002B02D1786D00F011F80023184678373E
:10B70000BD4680BD80B582B000AF7860786808F033
:10B710000BFD034618460837BD4680BD80B582B094
:10B7200000AF7860786808F007FD00BF0837BD46B5
:10B7300080BD000080B485B000AF78600B467B8090
:10B740000023FB81164BBB607B687F2B02D87B6894
:10B75000FB811FE07B68B3F5803F1BD27B8840F202
:10B760006232934216D10023FB8102E0FB89013350
:10B77000FB81FB897F2B08D8FB895B00BA681344E7
:10B780001B881A467B689342F0D1FB8980339BB2B9
:10B79000DBB2FB81FB8918461437BD4680BC70477D
:10B7A000D063030880B485B000AF03460A46FB802F
:10B7B0001346BB800023FB810F4BBB60FB887F2BB4
:10B7C00002D8FB88FB8110E0BB8840F262329342D2
:10B7D0000BD1FB88FF2B08D8FB8803F10043803B8B
:10B7E0005B00BA6813441B88FB81FB891846143739
:10B7F000BD4680BC704700BFD063030880B487B0EB
:10B8000000AF78607B68B3F5803F7DD27B687B8238
:10B810007B8AB3F5805F01D23E4B00E03E4B7B61FB
:10B820007B699A1C7A611B883B823B8A002B69D01A
:10B830007A8A3B8A9A4265D37B699A1C7A611B8813
:10B84000FB81FB891B0ABB81FB89DBB2FB817A8A06
:10B85000398AFB890B449A424ADABB89082B50D8B3
:10B8600001A252F823F000BF8DB802089FB8020869
:10B87000B5B80208BDB80208C5B80208CDB80208BC
:10B88000D5B80208DDB80208E5B802087A8A3B8A12
:10B89000D31A5B007A6913441B887B8227E07A8A7B
:10B8A0003B8AD31A9BB203F001039BB27A8AD31A64
:10B8B0007B821CE07B8A103B7B8218E07B8A203BEA
:10B8C0007B8214E07B8A303B7B8210E07B8A1A3BD0
:10B8D0007B820CE07B8A08337B8208E07B8A503BCA
:10B8E0007B8204E07B8AA3F5E3537B8200BF08E000
:10B8F000BB89002B94D1FB895B007A6913447B617F
:10B900008EE700BF7B8A7B607B6818461C37BD468C
:10B9100080BC7047D0640308C466030880B582B059
:10B9200000AF78607B6800225A657B68002283F84C
:10B930005C207B680022C3F888207B68002283F8A3
:10B9400096207B68002283F8A1207B680022A3F860
:10B95000A2207B680022A3F8A420786800F005F8F4
:10B960007B6818460837BD4680BD80B483B000AF01
:10B9700078607B6800221A707B680022C3F88820F8
:10B980007B68002283F896207B68002283F8A12040
:10B990007B680022A3F8A22000BF0C37BD4680BC04
:10B9A000704780B483B000AF786039607B683A68D4
:10B9B0009A6500BF0C37BD4680BC704780B584B027
:10B9C00000AF78600B46FB70FB78202B08D0FB782B
:10B9D000092B05D0FB780A2B02D0FB780D2B14D154
:10B9E0007B681B78062B10D07B681B78082B0CD04B
:10B9F0007B681B78072B08D07B681B78092B04D049
:10BA00007B681B78002B40F0B7817B681B780E2B7E
:10BA100000F2968101A252F823F000BF13BD020884
:10BA200041BD02089DBA0208B7BA0208D5BA020899
:10BA3000F5BA020859BA020801BB02080DBB020898
:10BA4000A9BB02089BBC0208C3BC0208EBBC0208ED
:10BA50004FBB020819BB0208FB78222B03D1786880
:10BA600000F0A3F96EE1FB785C2B03D17B68072221
:10BA70001A7067E1FB781E2B40F26481FB787F2B04
:10BA800000F060817B68D3F888307A681344FA78D4
:10BA900083F85D20786800F073F953E1FB785D2B43
:10BAA00003D1786800F089FA5BE1FB781946786881
:10BAB00000F00AFA55E1FB787D2B03D1786800F09D
:10BAC000BCFA41E1FB78222B40F03E81786800F01F
:10BAD0009CFA39E1FB783A2B08D0FB78222B05D170
:10BAE000FB781946786800F0EFF93AE17B680522A7
:10BAF0001A7036E1FB781946786800F0E5F930E114
:10BB0000FB781946786800F0BFFA2AE1FB781946FD
:10BB1000786800F048FB24E17B6893F896301A4679
:10BB20007B681344FA7883F88C207B6893F896300E
:10BB30000133DAB27B6883F896207B6893F89630FD
:10BB4000022B40F00381786800F0E7FBFEE07B68A1
:10BB50005B6D013B7A689B0013445B68FB60FB688C
:10BB6000002B0ED1FB787D2B03D1786800F065FAAD
:10BB7000EEE0FB782C2B40F0EB807B6803221A7000
:10BB8000E6E0FB68012B40F0E380FB785D2B03D1FE
:10BB9000786800F012FADBE0FB782C2B40F0D880BC
:10BBA0007B6802221A70D3E0FB782F2B0ED9FB782A
:10BBB000392B0BD87B68D3F888307A681344FA782D
:10BBC00083F85D20786800F0DBF865E0FB782E2BC9
:10BBD00022D17B6803F15D017B68D3F888202E2396
:10BBE000786800F07AFB0346002B09D17B6803F1EB
:10BBF0005D017B68D3F888206523786800F06DFBD1
:10BC00007B68D3F888307A681344FA7883F85D202B
:10BC1000786800F0B5F8A4E0FB78652B02D0FB78DB
:10BC2000452B15D17B6803F15D017B68D3F8882033
:10BC30006523786800F051FB7B68D3F888307A6818
:10BC40001344FA7883F85D20786800F099F823E0CF
:10BC5000FB782B2B02D0FB782D2B14D17B68D3F8EB
:10BC60008830013B7A68134493F85D30FB727B683F
:10BC7000D3F888307A681344FA7883F85D207868BE
:10BC800000F07EF808E0786800F064FBFB78194665
:10BC90007868FFF793FE64E063E07B68D3F8883050
:10BCA0007A681344FA7883F85D20786800F068F8C1
:10BCB0007B68D3F88830042B4CD1786800F0B8FB4F
:10BCC00048E07B68D3F888307A681344FA7883F8C0
:10BCD0005D20786800F054F87B68D3F88830052B35
:10BCE0003AD1786800F008FC36E07B68D3F88830F9
:10BCF0007A681344FA7883F85D20786800F040F899
:10BD00007B68D3F88830042B28D1786800F058FC81
:10BD100024E07B689A6D7B689B6D1B680C331B6805
:10BD200010469847FB785B2B03D1786800F0ACFC99
:10BD300016E0FB787B2B13D1786800F0C5FC0FE090
:10BD400000BF0EE000BF0CE000BF0AE000BF08E04B
:10BD500000BF06E000BF04E000BF02E000BF00E05B
:10BD600000BF7B68B3F9A2309BB201339BB21AB219
:10BD70007B68A3F8A22000E000BF1037BD4680BD5D
:10BD800080B483B000AF78607B68D3F88830252B0F
:10BD900006DC7B68D3F888305A1C7B68C3F888209F
:10BDA00000BF0C37BD4680BC7047F0B599B000AFFE
:10BDB00078607B685B6D013B7A689B0013445B682D
:10BDC000FB657B685B6D5A1E7B685A65FB6D022BB9
:10BDD0003ED17B68D3F888307A681344002283F818
:10BDE0005D207B6803F15D0407F12403184607F02A
:10BDF00088FB07F1240207F10C032146184607F0DF
:10BE00008FFE07F12403184607F07DFB7B689D6DCC
:10BE10007B689B6D1B6810331C6807F10C0207F1EF
:10BE200028031146184607F03EFE07F1280319467D
:10BE30002846A04707F12803184607F026FC7B6830
:10BE400004221A7007F10C03184607F01EFC33E0B9
:10BE5000FB6D032B30D17B68D3F888307A681344AC
:10BE6000002283F85D207B689D6D7B689B6D1B685D
:10BE700014331C687B6803F15D0607F1580318460C
:10BE800007F03FFB07F1580207F14003314618461F
:10BE900007F046FE07F1400319462846A04707F180
:10BEA0004003184607F0F1FB07F15803184607F066
:10BEB0002AFB7B680D221A707B680022C3F8882059
:10BEC00000BF6437BD46F0BD80B582B000AF78607A
:10BED0000B46FB70FB785B2B03D1786800F0D4FB3A
:10BEE00050E0FB787B2B03D1786800F0EDFB49E054
:10BEF000FB78222B03D1786800F006FC42E0FB7847
:10BF00001946786800F042F80346002B05D0FB780C
:10BF10001946786800F010FC34E0FB78742B0ED1E1
:10BF20007B680A221A707B68D3F888307A681344D9
:10BF3000FA7883F85D207868FFF722FF22E0FB782B
:10BF4000662B0ED17B680B221A707B68D3F8883081
:10BF50007A681344FA7883F85D207868FFF710FF59
:10BF600010E0FB786E2B0DD17B680C221A707B6879
:10BF7000D3F888307A681344FA7883F85D207868BB
:10BF8000FFF7FEFE00BF0837BD4680BD80B483B01A
:10BF900000AF78600B46FB70FB782F2B02D9FB7843
:10BFA000392B02D9FB782D2B01D1012300E000238E
:10BFB00018460C37BD4680BC704780B584B000AFD2
:10BFC00078607B685B6D013B7A689B0013445B681B
:10BFD000FB607B685B6D5A1E7B685A657B689A6D57
:10BFE0007B689B6D1B6818331B68104698477B68FD
:10BFF0000D221A707B685B6D002B02D1786800F00F
:10C0000002FA00BF1037BD4680BD80B483B000AFD8
:10C0100078607B685B6D7A689B00134402225A60EB
:10C020007B685B6D5A1C7B685A657B6806221A70B8
:10C0300000BF0C37BD4680BC704780B584B000AFF0
:10C0400078607B685B6D7A689B0013445B68FB607B
:10C050007B685B6D5A1E7B685A657B689A6D7B684E
:10C060009B6D1B681C331B68104698477B680D222C
:10C070001A707B685B6D002B02D1786800F0C3F901
:10C0800000BF1037BD4680BD80B582B000AF78607C
:10C090000B46FB70FB78222B0BD17B68D3F88830E2
:10C0A0007A681344222283F85D207868FFF768FEDF
:10C0B0006EE0FB785C2B0BD17B68D3F888307A6814
:10C0C00013445C2283F85D207868FFF759FE5FE037
:10C0D000FB782F2B0BD17B68D3F888307A68134418
:10C0E0002F2283F85D207868FFF74AFE50E0FB7846
:10C0F000622B0BD17B68D3F888307A68134408220E
:10C1000083F85D207868FFF73BFE41E0FB78662B03
:10C110000BD17B68D3F888307A6813440C2283F8FB
:10C120005D207868FFF72CFE32E0FB786E2B0BD198
:10C130007B68D3F888307A6813440A2283F85D203C
:10C140007868FFF71DFE23E0FB78722B0BD17B682C
:10C15000D3F888307A6813440D2283F85D2078681C
:10C16000FFF70EFE14E0FB78742B0BD17B68D3F83D
:10C1700088307A681344092283F85D207868FFF7D5
:10C18000FFFD05E0FB78752B02D17B6808221A7051
:10C190007B681B78082B02D07B6806221A7000BFD0
:10C1A0000837BD4680BD80B584B000AF78600B46CF
:10C1B000FB70FB781946786800F029F87B6893F8E3
:10C1C000A1301A467B681344FA7883F897207B687D
:10C1D00093F8A1300133DAB27B6883F8A1207B6841
:10C1E00093F8A130042B0FD17B6803F197017B6892
:10C1F00093F8A1301A46786800F029F8F860F968D9
:10C20000786800F0B1FA00BF1037BD4680BD80B439
:10C2100083B000AF78600B46FB70FB782F2B02D900
:10C22000FB78392B0BD9FB78602B02D9FB78662B76
:10C2300005D9FB78402B04D9FB78462B01D8012384
:10C2400000E0002318460C37BD4680BC704780B420
:10C2500089B000AFF860B9607A600023FB61002309
:10C26000BB6130E07A68BB69D31A013BBA681344FA
:10C270001B78FB7400237B61FB7C602B06D9FB7C65
:10C28000662B03D8FB7C573B7B6112E0FB7C402B89
:10C2900006D9FB7C462B03D8FB7C373B7B6108E04F
:10C2A000FB7C2F2B05D9FB7C392B02D8FB7C303B48
:10C2B0007B617B691A01BB695340FA691344FB61D6
:10C2C000BB690133BB61BA697B689A42CADBFB690F
:10C2D00018462437BD4680BC704780B487B000AF95
:10C2E000F860B9607A60FB7000237B610BE07B69CA
:10C2F000BA6813441B78FA789A4201D1012307E007
:10C300007B6901337B617A697B689A42EFDB0023AA
:10C3100018461C37BD4680BC704780B485B000AF5E
:10C3200078607B6893F89630013B7A68134493F801
:10C330008C30FB737B68002283F8A1207B6800228D
:10C3400083F896207B6808221A7000BF1437BD4618
:10C3500080BC7047F0B591B000AF78607B68D3F8CF
:10C3600088307A681344002283F85D207B6803F1EB
:10C370005D0407F12003184607F0C3F807F1200217
:10C3800007F108032146184607F0CAFB07F120030E
:10C39000184607F0B8F87B689D6D7B689B6D1B683D
:10C3A00014331C6807F10803184607F03DFB0646E6
:10C3B00007F13C03184607F0A4F807F13C0207F127
:10C3C00024033146184607F0ABFB07F12403194656
:10C3D0002846A04707F12403184607F056F907F14D
:10C3E0003C03184607F08FF87B680022C3F88820CA
:10C3F0007B680D221A7007F10803184607F045F90B
:10C400004437BD46F0BD80B582B000AF78607B6830
:10C410009A6D7B689B6D1B6820331B68104698479C
:10C420007B6801221A7000BF0837BD4680BD00003E
:10C43000B0B590B000AF78607B68D3F888307A6888
:10C440001344002283F85D207B6803F15D0407F14B
:10C450002003184607F055F807F1200207F10803FA
:10C460002146184607F05CFB07F12003184607F049
:10C470004AF807F108031F49184607F0E6FA034691
:10C48000002B0CBF01230023DBB2002B22D07B68E2
:10C490009D6D7B689B6D1B6814331C6807F13C0322
:10C4A000184607F02EF807F13C0207F12403114962
:10C4B000184607F035FB07F1240319462846A04724
:10C4C00007F12403184607F0E0F807F13C0318468B
:10C4D00007F019F87B680022C3F888207B680D22DA
:10C4E0001A7007F10803184607F0CFF84037BD4629
:10C4F000B0BD00BF9C530308B0B590B000AF7860EA
:10C500007B68D3F888307A681344002283F85D2072
:10C510007B6803F15D0407F12003184606F0F1FF84
:10C5200007F1200207F108032146184607F0F8FA40
:10C5300007F12003184606F0E6FF07F108031F493C
:10C54000184607F082FA0346002B0CBF0123002394
:10C55000DBB2002B22D07B689D6D7B689B6D1B68D6
:10C5600014331C6807F13C03184606F0CAFF07F1B4
:10C570003C0207F124031149184607F0D1FA07F1EC
:10C58000240319462846A04707F12403184607F05C
:10C590007CF807F13C03184606F0B5FF7B680022E3
:10C5A000C3F888207B680D221A7007F1080318462B
:10C5B00007F06BF84037BD46B0BD00BFA453030879
:10C5C000B0B590B000AF78607B68D3F888307A68F7
:10C5D0001344002283F85D207B6803F15D0407F1BA
:10C5E0002003184606F08DFF07F1200207F108032B
:10C5F0002146184607F094FA07F12003184606F082
:10C6000082FF07F108031F49184607F01EFA034688
:10C61000002B0CBF01230023DBB2002B22D07B6850
:10C620009D6D7B689B6D1B6814331C6807F13C0390
:10C63000184606F066FF07F13C0207F12403114992
:10C64000184607F06DFA07F1240319462846A0475B
:10C6500007F12403184607F018F807F13C031846C1
:10C6600006F051FF7B680022C3F888207B680D220A
:10C670001A7007F10803184607F007F84037BD465F
:10C68000B0BD00BFAC53030880B582B000AF786086
:10C690007B689A6D7B689B6D1B6824331B68104612
:10C6A00098477B6802221A707B685B6D7A689B00F2
:10C6B000134401225A607B685B6D5A1C7B685A6583
:10C6C00000BF0837BD4680BD80B582B000AF78603E
:10C6D0007B689A6D7B689B6D1B6828331B681046CE
:10C6E00098477B6803221A707B685B6D7A689B00B1
:10C6F000134400225A607B685B6D5A1C7B685A6544
:10C7000000BF0837BD4680BD80B483B000AF7860FD
:10C710007B685B6D7A689B00134403225A607B68D8
:10C720005B6D5A1C7B685A657B6806221A7000BFD5
:10C730000C37BD4680BC704780B582B000AF7860D2
:10C740000B46FB707B6809221A707B68D3F888302F
:10C750007A681344FA7883F85D207868FFF710FB55
:10C7600000BF0837BD4680BD90B583B000AF78608C
:10C7700039607B68D3F888403968786800F019F828
:10C7800003461A467B68234483F85D207868FFF7E8
:10C79000F7FA7B68002283F8A1207B684FF6FF72CE
:10C7A000A3F8A4207B6806221A7000BF0C37BD4690
:10C7B00090BD80B483B000AF786039603B687F2B58
:10C7C00002DC3B68DBB200E0202318460C37BD4694
:10C7D00080BC704780B582B000AF78600B46FB70BC
:10C7E0007B681B7C002B15D14FF4007302220121C2
:10C7F000786806F05AF97B680122C3F86C214FF47F
:10C80000007302228121786806F04FF97B680122CB
:10C81000DA6212E0402302220121786806F045F92D
:10C820007B680122C3F86C214023022281217868B1
:10C8300006F03BF97B680122DA6241F26C0006F0F7
:10C8400079FA02467B68C3F8B8227B68D3F8B8321D
:10C85000002B01D1022303E0786800F0D9F900230E
:10C8600018460837BD4680BD80B582B000AF7860FD
:10C870000B46FB700121786806F03DF97B680022C9
:10C88000C3F86C218121786806F035F97B680022B5
:10C89000DA62786800F00CFA7B68D3F8B832002BC3
:10C8A00009D07B68D3F8B832184606F04FFA7B6897
:10C8B0000022C3F8B822002318460837BD4680BDC1
:10C8C00080B586B000AF786039607B68D3F8B83245
:10C8D0003B610023FB750023FB813B681B7803F061
:10C8E0006003002B4DD0202B40F013813B685B7818
:10C8F000FE2B02D0FF2B24D03BE03B685B88002B53
:10C9000018D13B68DB88012B14D13B681B785BB2E4
:10C91000002B0FDA7B68D3F8BC329B69984703463B
:10C920001A463B691A603B6901221946786802F091
:10C9300025FA25E03968786802F0B6F90223FB751C
:10C940001EE03B685B88002B0CD13B68DB88002B2A
:10C9500008D13B681B785BB2002B03DB786800F0E2
:10C960008CF90DE03968786802F09EF90223FB75B6
:10C9700006E03968786802F097F90223FB7500BF7A
:10C98000CEE03B685B780B2B00F2BB8001A252F833
:10C9900023F000BFC5C902083BCA020803CB020846
:10C9A00003CB020803CB020803CB020803CB020827
:10C9B00003CB020803CB020803CB0208EDC902082F
:10C9C00015CA02087B6893F89C32032B07D107F144
:10C9D0000E0302221946786802F0D0F998E039680F
:10C9E000786802F061F90223FB7591E07B6893F8A7
:10C9F0009C32032B07D13B69043301221946786826
:10CA000002F0BCF984E03968786802F04DF902233D
:10CA1000FB757DE07B6893F89C32032B06D13B6865
:10CA20005B88DBB21A463B695A6071E03968786806
:10CA300002F03AF90223FB756AE03B689B88DBB29F
:10CA40001946786806F076F83B689B88DBB2194691
:10CA5000786806F050F83B689B885BB2002B23DABD
:10CA60003B689B88DBB203F00F02796813469B009A
:10CA700013449B000B44183300221A607B681B7C14
:10CA8000002B07D14FF4007302228121786806F051
:10CA90000CF805E0402302228121786806F005F8B1
:10CAA0007B680122DA6224E03B689B88DBB203F0FA
:10CAB0000F02796813469B0013449B000B4403F557
:10CAC000AC7300221A607B681B7C002B07D14FF4EB
:10CAD000007302220121786805F0E7FF05E040239A
:10CAE00002220121786805F0E0FF7B680122C3F88B
:10CAF0006C213B689B88DBB21946786800F077FAB6
:10CB000006E03968786802F0CFF80223FB7500BFB1
:10CB100006E03968786802F0C7F80223FB7500BFA9
:10CB2000FB7D18461837BD4680BD00BF80B582B07A
:10CB300000AF78600B46FB70FB781946786800F010
:10CB4000C7F8002318460837BD4680BD80B582B0BF
:10CB500000AF78600B46FB70FB781946786800F0F0
:10CB6000EBF8002318460837BD4680BD80B483B07B
:10CB700000AF78607B6820221A80034B18460C3780
:10CB8000BD4680BC704700BF9000002080B483B0D9
:10CB900000AF78607B6820221A80034B18460C3760
:10CBA000BD4680BC704700BFB000002080B483B099
:10CBB00000AF78607B6820221A80034B18460C3740
:10CBC000BD4680BC704700BFD000002080B483B059
:10CBD00000AF78607B680A221A80034B18460C3736
:10CBE000BD4680BC704700BFF000002080B483B019
:10CBF00000AF786039603B68002B03D07B683A68EF
:10CC0000C3F8BC22002318460C37BD4680BC7047D1
:10CC100080B584B000AF78607B68D3F8B832FB6031
:10CC2000FB6800221A72FB6800225A72FB6803F547
:10CC30008053002283F85D20FB6803F580530022B7
:10CC400083F85C207B68D3F8BC321B6800209847CF
:10CC50000121786805F06EFF8121786805F06AFF90
:10CC6000FB6803F580520C321F230121786806F01F
:10CC70002BF800BF1037BD4680BD80B584B000AF33
:10CC800078607B68D3F8B832FB60FB6800221A72C8
:10CC9000FB6801225A72FB6803F580520C321F2395
:10CCA0000121786806F010F800BF1037BD4680BD3E
:10CCB00080B485B000AF78607B68D3F8B832FB6091
:10CCC000FB6800221A7200BF1437BD4680BC704753
:10CCD00080B584B000AF78600B46FB707B68D3F8FA
:10CCE000B832FB60FB681B7A022B05D0022B1CDBE1
:10CCF000033B012B19D813E0FB6803F58053597EE1
:10CD0000FB6803F580531B331A46786800F096F9E8
:10CD10000346002B0BDA0121786800F005F906E0E4
:10CD20000021786800F000F902E000BF00E000BFD9
:10CD300000BF1037BD4680BD80B584B000AF7860BD
:10CD40000B46FB707B68D3F8B832FB60FB681B7A3C
:10CD5000002B02D0012B04D017E0786800F01AF8FD
:10CD600013E0FB6803F58053597EFB6803F580539D
:10CD70001B331A46786800F061F90346002B03DA8A
:10CD80000121786800F0D0F800BF00BF1037BD4621
:10CD900080BD000080B584B000AF78607B68D3F8B8
:10CDA000B832FB60FB6803F580531B69FA6802F533
:10CDB00080521363FB6803F580535B69FA6802F5E0
:10CDC000805253630121786805F0A1FF03461F2BB1
:10CDD00018D1FB6803F58053DB68364A934211D1C2
:10CDE000FB6803F580535B7E012B0BD8FB6803F5D2
:10CDF00080539B7E002B05D0FB6803F580539B7E00
:10CE0000102B0FD9FB6803F58053597E2023052290
:10CE1000786800F07EFCFB6802225A72786800F0A5
:10CE2000B5F843E0FB6803F58053597EFB6803F5D2
:10CE300080531B331A46786800F000F90346002B34
:10CE40000CDAFB681B7A052B04D10121786800F00D
:10CE50006BF82BE0786800F099F827E0FB681B7A04
:10CE6000022B22D0FB681B7A012B1ED0FB681B7A99
:10CE7000032B1AD0FB685B89002B09D0FB6803F1F8
:10CE80000C01FB685B891A46786800F015F80DE024
:10CE9000FB685B89002B04D10021786800F044F81E
:10CEA00004E0786800F072F800E000BF1037BD467B
:10CEB00080BD00BF5553424380B586B000AFF860D7
:10CEC000B9601346FB80FB68D3F8B8327B617B699D
:10CED00003F580535A69FB889A4205D27B6903F5B2
:10CEE00080535B699BB200E0FB887B827B6903F522
:10CEF00080535A6BFB88D31A7A6902F580525363C8
:10CF00007B6903F58053002283F838207B69042273
:10CF10001A727B8ABA688121F86805F0B2FE00BFF8
:10CF20001837BD4680BD000080B584B000AF786082
:10CF30000B46FB707B68D3F8B832FB60FB6803F5E7
:10CF400080531A46104BD362FB6803F580531A4690
:10CF5000FB7882F83830FB6800221A72FB6803F510
:10CF600081520C320D238121786805F08AFEFB681E
:10CF700003F580520C321F230121786805F0A4FECE
:10CF800000BF1037BD4680BD5553425380B584B0B5
:10CF900000AF78607B68D3F8B832FB60FB6803F5BC
:10CFA00080531B7E002B0DD1FB6803F580535B691A
:10CFB000002B07D0FB685B7A002B03D10121786836
:10CFC00005F0D7FD8121786805F0D3FDFB685B7A19
:10CFD000022B08D1FB6803F580520C321F2301217C
:10CFE000786805F071FE00BF1037BD4680BD80B582
:10CFF00084B000AF78600B46FB707B68D3F8B83222
:10D00000FB60FB685B7A022B07D18121786805F011
:10D01000B0FDFB6800225A720DE097F90330002B37
:10D0200008DAFB685B7A012B04D001217868FFF7EE
:10D030007BFF00E000BF1037BD4680BD80B584B0E7
:10D0400000AFF8600B467A60FB727B681B785A2B46
:10D0500000F20E8101A252F823F000BFC9D10208EC
:10D0600071D2020871D20208D7D1020871D2020827
:10D0700071D2020871D2020871D2020871D202087C
:10D0800071D2020871D2020871D2020871D202086C
:10D0900071D2020871D2020871D2020871D202085C
:10D0A00071D20208E5D1020871D2020871D20208D9
:10D0B00071D2020871D2020871D2020871D202083C
:10D0C00071D202080FD20208F3D1020871D202080D
:10D0D00071D2020801D2020871D2020871D202088C
:10D0E00071D2020871D202082BD2020871D2020852
:10D0F00039D2020871D2020871D2020847D202085E
:10D1000071D2020855D2020871D2020871D2020807
:10D1100071D2020871D2020863D2020871D20208E9
:10D1200071D2020871D2020871D2020871D20208CB
:10D1300071D2020871D2020871D2020871D20208BB
:10D1400071D2020871D2020871D2020871D20208AB
:10D1500071D2020871D2020871D2020871D202089B
:10D1600071D2020871D2020871D2020871D202088B
:10D1700071D2020871D2020871D2020871D202087B
:10D1800071D2020871D2020871D2020871D202086B
:10D1900071D2020871D2020871D2020871D202085B
:10D1A00071D2020871D2020871D2020871D202084B
:10D1B00071D2020871D2020871D2020871D202083B
:10D1C00071D202081DD20208FB7A7A681946F86803
:10D1D00000F05CF855E0FB7A7A681946F86800F0D0
:10D1E00019FA4EE0FB7A7A681946F86800F08AF876
:10D1F00047E0FB7A7A681946F86800F0D1FA40E017
:10D20000FB7A7A681946F86800F0CAFA39E0FB7AC6
:10D210007A681946F86800F0ADF932E0FB7A7A686E
:10D220001946F86800F0CEF92BE0FB7A7A681946C7
:10D23000F86800F03AF924E0FB7A7A681946F86851
:10D2400000F0BEF81DE0FB7A7A681946F86800F035
:10D25000BBFA16E0FB7A7A681946F86800F04BFBD7
:10D260000FE0FB7A7A681946F86800F0FFFB08E0E7
:10D27000F97A20230522F86800F04BFA4FF0FF33CB
:10D2800000E0002318461037BD4680BD80B586B04B
:10D2900000AFF8600B467A60FB72FB68D3F8B832D7
:10D2A0007B617B6903F580535B69002B0BD07B6945
:10D2B00003F58053597E20230522F86800F029FAEF
:10D2C0004FF0FF3319E0FB68D3F8BC329B68FA7A61
:10D2D000104698470346002B0BD0F97A3A230222D6
:10D2E000F86800F016FA7B6905221A724FF0FF33D6
:10D2F00003E07B6900225A81002318461837BD4697
:10D3000080BD000080B489B000AFF8600B467A6041
:10D31000FB72FB68D3F8B832BB617B6801331B78C2
:10D3200003F00103002B14D00723FB83BB69FA8BA6
:10D330005A810AE0FB8B013BFB83FA8BFB8B1F4975
:10D34000895CBA6913440A461A73FB8B002BF1D12E
:10D350002DE0FB68D3F8BC32D969FA7A1346DB00BA
:10D3600013449B000B447B617B6904331B780533BA
:10D37000FB837B6804331B781A46FB8B934203D3F1
:10D380007B6804331B78FB83BB69FA8B5A810BE003
:10D39000FB8B013BFB83FB8B7A691A44FB8B117877
:10D3A000BA6913440A461A73FB8B002BF0D1002391
:10D3B00018462437BD4680BC704700BF806703080D
:10D3C00090B587B000AFF8600B467A60FB72FB68DF
:10D3D000D3F8B8327B61FB68D3F8BC325C687B69F8
:10D3E00003F583517B6903F582531E33F87A1A469D
:10D3F000A0470346002B08D0F97A3A230222F868A6
:10D4000000F087F94FF0FF334BE07B6903F5805361
:10D410001B6E013B1B0EDAB27B691A737B6903F545
:10D4200080531B6E013B1B0CDAB27B695A737B691C
:10D4300003F580531B6E013B1B0ADAB27B699A73BA
:10D440007B6903F580531B6EDBB2013BDAB27B696B
:10D45000DA737B6903F58053B3F85E301B16DAB2DA
:10D460007B691A747B6903F58053B3F85E301B1433
:10D47000DAB27B695A747B6903F58053B3F85E3086
:10D480001B0A9BB2DAB27B699A747B6903F58053FD
:10D49000B3F85E30DAB27B69DA747B6908225A81AC
:10D4A000002318461C37BD4690BD80B588B000AF3C
:10D4B000F8600B467A60FB72FB68D3F8B832BB6148
:10D4C0000023FB8307E0FB8BBA69134400221A7325
:10D4D000FB8B0133FB83FB8B0B2BF4D9FB68D3F85D
:10D4E000BC325B6807F1160207F11001F87A984721
:10D4F0000346002B08D0F97A3A230222F86800F09C
:10D5000008F94FF0FF3330E0BB690822DA733B695A
:10D51000013B1B0EDAB2BB691A743B69013B1B0C61
:10D52000DAB2BB695A743B69013B1B0ADAB2BB69C8
:10D530009A743B69DBB2013BDAB2BB69DA74BB694E
:10D5400002221A75FB8A1B14DAB2BB695A75FB8A70
:10D550001B0A9BB2DAB2BB699A75FB8ADAB2BB6965
:10D56000DA75BB690C225A81002318462037BD4664
:10D5700080BD000080B487B000AFF8600B467A60D1
:10D58000FB72FB68D3F8B8323B610823FB823B692E
:10D59000FA8A5A810AE0FB8A013BFB82FA8AFB8AFB
:10D5A0000749895C3A6913440A461A73FB8A002BBF
:10D5B000F1D1002318461C37BD4680BC704700BF20
:10D5C0008867030880B487B000AFF8600B467A60C4
:10D5D000FB720823FB82FB68D3F8B8323B613B69DE
:10D5E000FA8A5A810AE0FB8A013BFB82FA8AFB8AAB
:10D5F0000749895C3A6913440A461A73FB8A002B6F
:10D60000F1D1002318461C37BD4680BC704700BFCF
:10D610009067030880B487B000AFF8600B467A606B
:10D62000FB72FB68D3F8B8323B610023FB7507E05F
:10D63000FB7D3A69134400221A73FB7D0133FB75AD
:10D64000FB7D112BF4D93B6970221A733B690C22C4
:10D65000DA743B6903F5805393F85C203B6903F56A
:10D66000805393F85D309A423FD03B6903F5805375
:10D6700093F85C303A6903F20723DB0013441A790C
:10D680003B699A733B6903F5805393F85C303A69C0
:10D6900003F20723DB0013445A7A3B691A763B698D
:10D6A00003F5805393F85C303A6903F20723DB00FB
:10D6B00013441A7A3B695A763B6903F5805393F811
:10D6C0005C300133DAB23B6903F5805383F85C20A8
:10D6D0003B6903F5805393F85C30042B05D13B691B
:10D6E00003F58053002283F85C203B6912225A81A3
:10D6F0007B6804331B78122B05D87B6804331B78B6
:10D700001A463B695A81002318461C37BD4680BC27
:10D71000704780B485B000AF7860084611461A465D
:10D720000346FB700B46BB7013467B707B68D3F8D7
:10D73000B832FB60FB6803F5805393F85D30FA68FC
:10D7400003F20723DB001344BA781A71FB6803F570
:10D75000805393F85D30FA6803F20723DB0013442B
:10D7600000221A72FB6803F5805393F85D30013391
:10D77000DAB2FB6803F5805383F85D20FB6803F59C
:10D78000805393F85D30042B05D1FB6803F580537B
:10D79000002283F85D2000BF1437BD4680BC70476F
:10D7A00080B487B000AFF8600B467A60FB72FB680C
:10D7B000D3F8B8327B617B6900225A810023184676
:10D7C0001C37BD4680BC704780B586B000AFF8609E
:10D7D0000B467A60FB72FB68D3F8B8327B617B69D9
:10D7E0001B7A002B79D17B6903F580531B7E5BB2DA
:10D7F000002B0BDB7B6903F58053597E2023052228
:10D80000F868FFF786FF4FF0FF3370E0FB68D3F84E
:10D81000BC329B68FA7A104698470346002B08D022
:10D82000F97A3A230222F868FFF773FF4FF0FF33CB
:10D830005DE07B6802331B781A067B6803331B7834
:10D840001B041A437B6804331B781B0213437A685A
:10D850000532127813437A6902F5805253667B6869
:10D8600007331B781B027A680832127813437A69EF
:10D8700002F5805293667B6903F580535A6E7B698B
:10D8800003F580539B6EF97AF86800F024F903469B
:10D89000002B02DA4FF0FF3329E07B6902221A7273
:10D8A0007B6903F580535A697B6903F580539B6E4E
:10D8B000796901F58051B1F85E1001FB03F39A42DA
:10D8C0000BD07B6903F58053597E20230522F8682D
:10D8D000FFF71FFF4FF0FF3309E07B694FF48052E1
:10D8E0005A81FB7A1946F86800F018F90346184681
:10D8F0001837BD4680BD80B586B000AFF8600B46D6
:10D900007A60FB72FB68D3F8B8327B617B691B7A63
:10D91000002B40F0A1807B6903F580531B7E5BB236
:10D92000002B0BDA7B6903F58053597E20230522F7
:10D93000F868FFF7EEFE4FF0FF3393E0FB68D3F893
:10D94000BC329B68FA7A104698470346002B08D0F1
:10D95000F97A3A230222F868FFF7DBFE4FF0FF3333
:10D9600080E0FB68D3F8BC32DB68FA7A104698474F
:10D970000346002B08D0F97A27230222F868FFF724
:10D98000C8FE4FF0FF336DE07B6802331B781A0648
:10D990007B6803331B781B041A437B6804331B78B2
:10D9A0001B0213437A680532127813437A6902F531
:10D9B000805253667B6807331B781B027A680832F3
:10D9C000127813437A6902F5805293667B6903F5F6
:10D9D00080535A6E7B6903F580539B6EF97AF86821
:10D9E00000F079F80346002B02DA4FF0FF3339E0FC
:10D9F0007B6903F580539B6E7A6902F58052B2F819
:10DA00005E2002FB03F33B617B6903F580535B6996
:10DA10003A699A420BD07B6903F58053597E2023E3
:10DA20000522F868FFF775FE4FF0FF331AE03B69F7
:10DA3000B3F5805F28BF4FF480533B617B690122BF
:10DA40001A727B6903F10C023B699BB20121F868F1
:10DA500005F03AF9002305E0FB7A1946F86800F072
:10DA6000E2F8034618461837BD4680BD80B586B03B
:10DA700000AFF8600B467A60FB72FB68D3F8B832EF
:10DA80007B617B6801331B7803F00203002B08D015
:10DA9000F97A24230522F868FFF73BFE4FF0FF33A5
:10DAA00015E07B6903F580535A6E7B6903F580535B
:10DAB0009B6EF97AF86800F00EF80346002B02DA44
:10DAC0004FF0FF3303E07B6900225A8100231846A0
:10DAD0001837BD4680BD80B586B000AFF8607A606B
:10DAE0003B600B46FB72FB68D3F8B8327B617A6807
:10DAF0003B681A447B6903F580531B6E9A4208D930
:10DB0000F97A21230522F868FFF703FE4FF0FF336F
:10DB100000E0002318461837BD4680BD90B585B09B
:10DB200000AF78600B46FB707B68D3F8B832FB60BF
:10DB3000FB6803F580539B6EFA6802F58052B2F8D9
:10DB40005E2002FB03F3BB60BB68B3F5805F28BFB8
:10DB50004FF48053BB607B68D3F8BC321C69FB6810
:10DB600003F10C01FB6803F580535A6EFB6803F563
:10DB70008053B3F85E301846BB68B3FBF0F39BB23A
:10DB8000F878A0470346002B08DAF978112304221D
:10DB90007868FFF7BEFD4FF0FF3340E0FB6803F10C
:10DBA0000C02BB689BB28121786805F06AF8FB68BB
:10DBB00003F580535A6EFB6803F58053B3F85E306B
:10DBC0001946BB68B3FBF1F31344FA6802F58052BF
:10DBD0005366FB6803F580539A6EFB6803F5805328
:10DBE000B3F85E301946BB68B3FBF1F3D31AFA6899
:10DBF00002F580529366FB6803F580535A6BBB684D
:10DC0000D31AFA6802F580525363FB6803F5805318
:10DC10009B6E002B02D1FB6803221A720023184668
:10DC20001437BD4690BD90B585B000AF78600B4607
:10DC3000FB707B68D3F8B832FB60FB6803F5805358
:10DC40009B6EFA6802F58052B2F85E2002FB03F385
:10DC5000BB60BB68B3F5805F28BF4FF48053BB60E7
:10DC60007B68D3F8BC325C69FB6803F10C01FB688C
:10DC700003F580535A6EFB6803F58053B3F85E30AA
:10DC80001846BB68B3FBF0F39BB2F878A047034695
:10DC9000002B08DAF978032304227868FFF739FDAE
:10DCA0004FF0FF3353E0FB6803F580535A6EFB6877
:10DCB00003F58053B3F85E301946BB68B3FBF1F34C
:10DCC0001344FA6802F580525366FB6803F58053EB
:10DCD0009A6EFB6803F58053B3F85E301946BB6853
:10DCE000B3FBF1F3D31AFA6802F580529366FB682E
:10DCF00003F580535A6BBB68D31AFA6802F5805259
:10DD00005363FB6803F580539B6E002B04D1002105
:10DD10007868FFF709F919E0FB6803F580539B6EFB
:10DD2000FA6802F58052B2F85E2002FB03F3B3F505
:10DD3000805F28BF4FF48053BB60FB6803F10C0287
:10DD4000BB689BB20121786804F0BEFF002318462F
:10DD50001437BD4690BD80B584B000AFF860B9609F
:10DD60001346FB71FB68002B01D102231AE0FB680C
:10DD7000D3F8B432002B03D0FB680022C3F8B422DE
:10DD8000BB68002B03D0FB68BA68C3F8B022FB68FD
:10DD9000012283F89C22FB68FA791A70F86804F073
:10DDA00019FE002318461037BD4680BD80B485B0EB
:10DDB00000AF786039600023FB733B68002B06D00E
:10DDC0007B683A68C3F8B4220023FB7301E00223A6
:10DDD000FB73FB7B18461437BD4680BC704780B58B
:10DDE00082B000AF7860786804F044FE00231846E3
:10DDF0000837BD4680BD80B483B000AF7860002393
:10DE000018460C37BD4680BC704780B584B000AF63
:10DE100078600B46FB700223FB737B68D3F8B43247
:10DE2000002B0CD07B68D3F8B4321B68FA7811460B
:10DE3000786898470346002B01D10023FB73FB7BD6
:10DE400018461037BD4680BD80B582B000AF7860FF
:10DE50000B46FB707B68D3F8B4325B68FA781146E6
:10DE600078689847002318460837BD4680BD80B5BE
:10DE700082B000AF786039607B6803F52A73396837
:10DE8000184600F0D8FE7B680122C3F894227B6814
:10DE9000B3F8AE321A467B68C3F898227B6893F8D1
:10DEA000A83203F01F03022B16D0022B1CD8002B24
:10DEB00002D0012B08D017E07B6803F52A731946BE
:10DEC000786800F0CBF91AE07B6803F52A731946ED
:10DED000786800F02DFA12E07B6803F52A73194682
:10DEE000786800F06DFA0AE07B6893F8A83223F0B6
:10DEF0007F03DBB21946786804F03BFE00BF0023C5
:10DF000018460837BD4680BD80B586B000AFF860C2
:10DF10000B467A60FB72FB7A002B4BD1FB6803F552
:10DF2000AA737B61FB68D3F89432032B34D17B69ED
:10DF3000DA687B691B699A4219D97B69DA687B695F
:10DF40001B69D21A7B69DA607B69DA687B691B69B5
:10DF50009A4203D27B69DB689BB202E07B691B6952
:10DF60009BB21A467968F86800F036FF38E0FB6823
:10DF7000D3F8B4321B69002B0AD0FB6893F89C32AB
:10DF8000032B05D1FB68D3F8B4321B69F8689847B6
:10DF9000F86800F033FF23E0FB68D3F89432052BD8
:10DFA0001ED1FB680022C3F894220021F86804F017
:10DFB000E0FD15E0FB68D3F8B4329B69002B0DD06F
:10DFC000FB6893F89C32032B08D1FB68D3F8B4327A
:10DFD0009B69FA7A1146F868984701E0022300E04D
:10DFE000002318461837BD4680BD80B586B000AF07
:10DFF000F8600B467A60FB72FB7A002B7FD1FB68DE
:10E0000014337B61FB68D3F89432022B5CD17B69BB
:10E01000DA687B691B699A4215D97B69DA687B6982
:10E020001B69D21A7B69DA607B69DB689BB21A468E
:10E030007968F86800F0BEFE002300220021F8682D
:10E0400004F042FE4EE07B699B687A691269B3FB7B
:10E05000F2F101FB02F29B1A002B1CD17B699A683A
:10E060007B691B699A4216D37B699A68FB68D3F86F
:10E0700098329A420FD200220021F86800F09AFEEE
:10E08000FB680022C3F89822002300220021F868D0
:10E0900004F01AFE26E0FB68D3F8B432DB68002BEC
:10E0A0000AD0FB6893F89C32032B05D1FB68D3F8A8
:10E0B000B432DB68F86898478021F86804F059FDAD
:10E0C000F86800F0AEFE0DE0FB68D3F89432042B44
:10E0D00004D0FB68D3F89432002B03D18021F86878
:10E0E00004F047FDFB6893F8A032012B1DD1F868BE
:10E0F000FFF781FEFB68002283F8A02215E0FB6891
:10E10000D3F8B4325B69002B0DD0FB6893F89C32D6
:10E11000032B08D1FB68D3F8B4325B69FA7A114655
:10E12000F868984701E0022300E0002318461837FA
:10E13000BD4680BD80B582B000AF7860402300222C
:10E140000021786804F0B1FC7B680122C3F85821F3
:10E150007B684022C3F86421402300228021786834
:10E1600004F0A3FC7B6801229A617B6840225A621A
:10E170007B68012283F89C227B680022C3F89422EA
:10E180007B6800225A607B680022C3F8A4227B6867
:10E19000D3F8B832002B09D07B68D3F8B4325B686F
:10E1A0007A685268D2B211467868984700231846B8
:10E1B0000837BD4680BD80B483B000AF78600B46A1
:10E1C000FB707B68FA781A74002318460C37BD463A
:10E1D00080BC704780B483B000AF78607B6893F8F0
:10E1E0009C227B6883F89D227B68042283F89C2212
:10E1F000002318460C37BD4680BC704780B483B0FE
:10E2000000AF78607B6893F89C32042B05D17B6863
:10E2100093F89D227B6883F89C22002318460C37D4
:10E22000BD4680BC704780B582B000AF78607B6827
:10E2300093F89C32032B0BD17B68D3F8B432DB69A3
:10E24000002B05D07B68D3F8B432DB697868984737
:10E25000002318460837BD4680BD000080B584B055
:10E2600000AF786039600023FB733B681B7803F0D4
:10E270006003402B05D0402B4FD8002B09D0202B1A
:10E280004BD17B68D3F8B4329B683968786898477B
:10E2900048E03B685B78092B39D801A252F823F09B
:10E2A000F1E2020805E302080FE30208FBE20208BC
:10E2B0000FE30208D3E20208C9E202080FE30208F2
:10E2C000E7E20208DDE202083968786800F0DCF96C
:10E2D00022E03968786800F03FFB1DE03968786813
:10E2E00000F07EFB18E03968786800F007FC13E066
:10E2F0003968786800F037FC0EE03968786800F01B
:10E3000065FC09E03968786800F074FC04E039685D
:10E31000786800F0C9FC00BF04E03968786800F054
:10E32000C3FC00BFFB7B18461037BD4680BD00BF55
:10E3300080B584B000AF786039600023FB733B6820
:10E340001B7803F06003402B05D0402B2ED8002B08
:10E3500001D0202B2AD17B6893F89C32013B022B01
:10E360001DD83B689B88DBB2012B13D87B68D3F8A0
:10E37000B4329B683968786898470346FB733B68FA
:10E38000DB88002B10D1FB7B002B0DD1786800F0CF
:10E3900035FD09E03968786800F086FC04E03968EA
:10E3A000786800F081FC00E000BF04E0396878681C
:10E3B00000F07AFC00BF002318461037BD4680BD30
:10E3C00080B584B000AF786039600023FB733B6890
:10E3D0009B88BB733B681B7803F06003402B07D01E
:10E3E000402B00F24681002B0AD0202B40F04181C7
:10E3F0007B68D3F8B4329B683968786898473DE108
:10E400003B681B7803F06003202B0AD17B68D3F8AC
:10E41000B4329B683968786898470346FB73FB7B86
:10E420002DE13B685B78032B07D0032B00F31B81A6
:10E43000002B72D0012B3AD015E17B6893F89C3207
:10E44000022B02D0032B15D02BE0BB7B002B0CD072
:10E45000BB7B802B09D0BB7B1946786804F089FB15
:10E460008021786804F085FB20E03968786800F046
:10E470001BFC1BE03B685B88002B0ED1BB7B002B99
:10E480000BD0BB7B802B08D03B68DB88002B04D1F2
:10E49000BB7B1946786804F06CFB786800F0AEFC32
:10E4A00004E03968786800F0FFFB00BFE0E07B68BB
:10E4B00093F89C32022B02D0032B15D026E0BB7BB5
:10E4C000002B0CD0BB7B802B09D0BB7B1946786816
:10E4D00004F04FFB8021786804F04BFB1CE03968A6
:10E4E000786800F0E1FB17E03B685B88002B12D1F5
:10E4F000BB7B03F07F03002B04D0BB7B19467868FD
:10E5000004F056FB786800F079FC04E0396878681C
:10E5100000F0CAFB00E000BFAAE07B6893F89C32E1
:10E52000022B02D0032B32D097E0BB7B002B07D00D
:10E53000BB7B802B04D03968786800F0B5FB91E094
:10E5400097F90E30002B0BDABB7B03F07F021346EA
:10E550009B0013449B0010337A68134404330BE090
:10E56000BB7B03F07F0213469B0013449B0003F523
:10E57000A8737A6813440433BB60BB6800221A6036
:10E58000BB6802221946786800F0F8FB6AE097F948
:10E590000E30002B11DABB7B03F00F0279681346B3
:10E5A0009B0013449B000B4418331B68002B17D1AE
:10E5B0003968786800F078FB54E0BB7B03F00F0209
:10E5C000796813469B0013449B000B4403F5AC731E
:10E5D0001B68002B04D13968786800F065FB41E0C6
:10E5E00097F90E30002B0BDABB7B03F07F0213464A
:10E5F0009B0013449B0010337A68134404330BE0F0
:10E60000BB7B03F07F0213469B0013449B0003F582
:10E61000A8737A6813440433BB60BB7B002B02D021
:10E62000BB7B802B03D1BB6800221A600EE0BB7B52
:10E630001946786804F0DBFA0346002B03D0BB6868
:10E6400001221A6002E0BB6800221A60BB68022245
:10E650001946786800F092FB04E03968786800F0A9
:10E6600023FB00BF04E03968786800F01DFB00BFA1
:10E6700004E03968786800F017FB00BFFB7B1846A0
:10E680001037BD4680BD000080B584B000AF786013
:10E69000396000233B810023FB600023FB723B6851
:10E6A0005B881B0A9BB2013B062B00F2288101A26A
:10E6B00052F823F0D1E60208E9E6020829E7020849
:10E6C000FFE80208FFE802089FE80208CBE802081A
:10E6D0007B68D3F8B0321B687A68127C07F10801B6
:10E6E00010469847F86012E17B681B7C002B0DD127
:10E6F0007B68D3F8B4329B6A07F10802104698474A
:10E70000F860FB68013302221A7000E17B68D3F8DD
:10E71000B432DB6A07F1080210469847F860FB68DC
:10E72000013302221A70F2E03B685B88DBB2052BF2
:10E7300000F2AC8001A252F823F000BF55E70208B6
:10E7400089E70208BDE70208F1E7020825E80208A8
:10E7500059E802087B68D3F8B0325B68002B0BD015
:10E760007B68D3F8B0325B687A68127C07F10801E5
:10E7700010469847F86091E03968786800F094FA9C
:10E78000FB7A0133FB7289E07B68D3F8B0329B6877
:10E79000002B0BD07B68D3F8B0329B687A68127C70
:10E7A00007F1080110469847F86077E03968786803
:10E7B00000F07AFAFB7A0133FB726FE07B68D3F8E2
:10E7C000B032DB68002B0BD07B68D3F8B032DB684B
:10E7D0007A68127C07F1080110469847F8605DE0FE
:10E7E0003968786800F060FAFB7A0133FB7255E013
:10E7F0007B68D3F8B0321B69002B0BD07B68D3F851
:10E80000B0321B697A68127C07F1080110469847FC
:10E81000F86043E03968786800F046FAFB7A013323
:10E82000FB723BE07B68D3F8B0325B69002B0BD006
:10E830007B68D3F8B0325B697A68127C07F1080113
:10E8400010469847F86029E03968786800F02CFA9B
:10E85000FB7A0133FB7221E07B68D3F8B0329B690D
:10E86000002B0BD07B68D3F8B0329B697A68127C9E
:10E8700007F1080110469847F8600FE0396878689A
:10E8800000F012FAFB7A0133FB7207E0396878680E
:10E8900000F00AFAFB7A0133FB7238E037E07B685C
:10E8A0001B7C002B09D17B68D3F8B4325B6B07F17A
:10E8B000080210469847F86029E03968786800F047
:10E8C000F3F9FB7A0133FB7221E07B681B7C002BA0
:10E8D0000DD17B68D3F8B4321B6B07F108021046E8
:10E8E0009847F860FB68013307221A700FE0396817
:10E8F000786800F0D9F9FB7A0133FB7207E03968D8
:10E90000786800F0D1F9FB7A0133FB7200BFFB7A23
:10E91000002B1CD13B89002B11D03B68DB88002BDE
:10E920000DD03B68DA883B89934228BF13469BB2DF
:10E930003B813B891A46F968786800F01FFA3B680A
:10E94000DB88002B04D1786800F058FA00E000BFA3
:10E950001037BD4680BD00BF80B584B000AF786081
:10E9600039603B689B88002B30D13B68DB88002BEB
:10E970002CD13B685B887F2B28D83B685B88DBB257
:10E9800003F07F03FB737B6893F89C32032B04D165
:10E990003968786800F088F91DE07B68FA7B83F8B5
:10E9A0009E22FB7B1946786804F04CF9786800F0E9
:10E9B00025FAFB7B002B04D07B68022283F89C2283
:10E9C00009E07B68012283F89C2204E039687868BA
:10E9D00000F06AF900BF00BF1037BD4680BD0000DF
:10E9E00080B582B000AF786039603B685B88DAB28E
:10E9F000414B1A70404B1B78012B04D93968786859
:10EA000000F052F975E07B6893F89C32022B02D03B
:10EA1000032B23D062E0384B1B78002B1AD0364BE7
:10EA20001B781A467B685A607B68032283F89C2215
:10EA3000314B1B7819467868FFF7E7F90346022B3C
:10EA400004D13968786800F02FF952E0786800F056
:10EA5000D5F94EE0786800F0D1F94AE0264B1B78F2
:10EA6000002B12D17B68022283F89C22224B1B7858
:10EA70001A467B685A60204B1B7819467868FFF766
:10EA8000E3F9786800F0BAF933E01B4B1B781A46BB
:10EA90007B685B689A421DD07B685B68DBB2194675
:10EAA0007868FFF7D1F9144B1B781A467B685A60D7
:10EAB000114B1B7819467868FFF7A7F90346022B1C
:10EAC00004D13968786800F0EFF812E0786800F057
:10EAD00095F90EE0786800F091F90AE039687868F5
:10EAE00000F0E2F8044B1B7819467868FFF7ACF9A0
:10EAF00000BF0837BD4680BDC25F002080B582B030
:10EB000000AF786039603B68DB88012B04D039683E
:10EB1000786800F0C9F822E07B6893F89C32022BF9
:10EB200002DC002B03DC15E0032B0BD012E07B682A
:10EB300000229A607B68083301221946786800F049
:10EB40001DF90CE07B68043301221946786800F057
:10EB500015F904E03968786800F0A6F800BF00BF36
:10EB60000837BD4680BD80B582B000AF786039609F
:10EB70007B6893F89C32013B022B1ED83B68DB88F4
:10EB8000022B04D03968786800F08EF81AE07B68B0
:10EB90000122DA607B68D3F8A432002B05D07B68B1
:10EBA000DB6843F002027B68DA607B680C33022288
:10EBB0001946786800F0E2F804E03968786800F0F7
:10EBC00073F800BF00BF0837BD4680BD80B582B076
:10EBD00000AF786039603B685B88012B06D17B68A9
:10EBE0000122C3F8A422786800F008F900BF0837B2
:10EBF000BD4680BD80B582B000AF786039607B686B
:10EC000093F89C32013B022B0BD83B685B88012BAD
:10EC10000CD17B680022C3F8A422786800F0EEF8DB
:10EC200004E03968786800F03FF800E000BF00BFFA
:10EC30000837BD4680BD80B483B000AF78603960CE
:10EC40003B681A787B681A703B685A787B685A7000
:10EC50003B6802331B781A463B6803331B781B0260
:10EC60009BB213449AB27B685A803B6804331B788A
:10EC70001A463B6805331B781B029BB213449AB2B9
:10EC80007B689A803B6806331B781A463B680733DB
:10EC90001B781B029BB213449AB27B68DA8000BFD8
:10ECA0000C37BD4680BC704780B582B000AF78603D
:10ECB00039608021786803F05CFF0021786803F0F8
:10ECC00058FF00BF0837BD4680BD80B586B000AF95
:10ECD000F860B9607A600023FB75FB68002B32D0C6
:10ECE000F86800F034F8034601339BB25B009AB237
:10ECF0007B681A80FB7D5A1CFA751A46BB68134460
:10ED00007A6812781A70FB7D5A1CFA751A46BB682D
:10ED1000134403221A7012E0FB685A1CFA60FA7D51
:10ED2000511CF9751146BA680A441B781370FB7DB3
:10ED30005A1CFA751A46BB68134400221A70FB6805
:10ED40001B78002BE8D100BF1837BD4680BD80B4CA
:10ED500085B000AF78600023FB7305E0FB7B0133D7
:10ED6000FB737B6801337B607B681B78002BF5D1DC
:10ED7000FB7B18461437BD4680BC704780B584B015
:10ED800000AFF860B9601346FB80FB680222C3F84D
:10ED90009422FA88FB68DA61FA88FB681A62FB88B9
:10EDA000BA680021F86803F06CFF0023184610379A
:10EDB000BD4680BD80B584B000AFF860B960134631
:10EDC000FB80FB88BA680021F86803F05AFF002333
:10EDD00018461037BD4680BD80B584B000AFF860DE
:10EDE000B9601346FB80FB88BA680021F86803F01D
:10EDF0006BFF002318461037BD4680BD80B582B03A
:10EE000000AF78607B680422C3F8942200230022BC
:10EE10000021786803F035FF002318460837BD4607
:10EE200080BD80B582B000AF78607B680522C3F8F2
:10EE30009422002300220021786803F045FF00237C
:10EE400018460837BD4680BD80B582B000AF0021AE
:10EE5000002001F07FFC01F083FD00220021012051
:10EE600001F024FDC820EEF7E3FF05223649CB2050
:10EE700001F01CFD03223549CF2001F017FD0322CC
:10EE80003349E82001F012FD02223249EA2001F064
:10EE90000DFD04223049CF2001F008FD01222F4949
:10EEA000F72001F003FD01222D49C02001F0FEFCF6
:10EEB00001222C49C12001F0F9FC02222A49C52077
:10EEC00001F0F4FC01222949C72001F0EFFC0122E6
:10EED0002749362001F0EAFC012226493A2001F0B8
:10EEE000E5FC02222449B12001F0E0FC0322234981
:10EEF000B62001F0DBFC01222149F22001F0D6FC12
:10EF000001222049262001F0D1FC0F221E49E020D9
:10EF100001F0CCFC0F221D49E12001F0C7FC01F0FB
:10EF200039FD00220021292001F0C0FC184B7B6034
:10EF30003B1D1A464FF4A071F02000F04BFA00BFC1
:10EF40000837BD4680BD00BFB4530308BC53030857
:10EF5000C0530308C4530308C8530308D05303081D
:10EF6000D4530308D8530308DC530308E0530308C1
:10EF7000E4530308E8530308EC530308F053030871
:10EF8000F4530308F8530308FC5303080C54030814
:10EF9000482888E880B582B000AF0021002001F049
:10EFA000D9FB01F0DDFC00220021012001F07EFCF4
:10EFB000C820EEF73DFF01224049802001F076FC99
:10EFC00003223F49CF2001F071FC04223D49ED208E
:10EFD00001F06CFC03223C49E82001F067FC0522AB
:10EFE0003A49CB2001F062FC01223949F72001F0B7
:10EFF0005DFC02223749EA2001F058FC0122364923
:10F00000C02001F053FC01223349C12001F04EFC25
:10F0100002223249C52001F049FC01223049C720B3
:10F0200001F044FC01222F49362001F03FFC01226F
:10F030002D493A2001F03AFC02222C49F62001F039
:10F0400035FC02222A49B12001F030FC0122294975
:10F05000F22001F02BFC01222749262001F026FC9A
:10F060000F222649E02001F021FC0F222449E12053
:10F0700001F01CFC01222349B72001F017FC0322F8
:10F080002149B62001F012FC01F084FC002200218D
:10F09000212001F00BFC00220021292001F006FCB8
:10F0A0001A4B7B603B1D1A464FF4A071F02000F014
:10F0B00091F900BF0837BD4680BD00BF1C5403084E
:10F0C000BC530308C8530308C0530308B4530308D0
:10F0D000D0530308C45303082054030824540308DE
:10F0E000285403082C540308E85303083054030839
:10F0F00034540308F4530308F8530308385403083E
:10F100004854030858540308F0530308482888E873
:10F1100080B584B000AF78600B467B8013463B809F
:10F120007B6800221A607B6800221A607B88002BB3
:10F1300024D03B88002B21D07B880733DB10FB7366
:10F140003B88FA7B02FB03F306330121184604F0E7
:10F15000CFFF03461A467B681A607B681B68002B4A
:10F160000ED07B681B687A881A807B681B683A8897
:10F170005A807B681B6801221A7102E000BF00E020
:10F1800000BF7B6818461037BD4680BD80B582B091
:10F1900000AF786039607A683B689A4220D07B681B
:10F1A0001B68002B0AD07B681B681A79013AD2B21F
:10F1B0001A711B79002B01D1012300E00023002BE1
:10F1C00004D07B681B68184604F0B6FF3B681A68D9
:10F1D0007B681A607B681B681A790132D2B21A7197
:10F1E0007B6818460837BD4680BD80B582B000AF49
:10F1F00078607B681B68002B16D07B681B681A79C7
:10F20000013AD2B21A711B79002B14BF01230023DB
:10F21000DBB2002B0AD17B681B68184604F08CFF18
:10F220007B6800221A6002E000BF00E000BF7B683C
:10F2300018460837BD4680BD80B584B000AF786001
:10F240007B681B68002B14D07B681B681B88073306
:10F25000DB10FB73FB7B7A681268528802FB03F3B6
:10F26000BB607B681B680533B968184600F0E3FD96
:10F2700000E000BF1037BD4680BD90B587B002AF3B
:10F28000F860084611461A4603467B810B463B81CF
:10F290001346FB80FB681B68002B11D0FB681B68C2
:10F2A000581DFB681B681988FB681B685A887C8995
:10F2B000FB8801933B890093234600F0D6FD00E0D4
:10F2C00000BF1437BD4690BD90B587B002AFF8605F
:10F2D000084611461A4603467B810B463B8113467E
:10F2E000FB80FB681B68002B11D0FB681B68581D56
:10F2F000FB681B681988FB681B685A887C89FB8837
:10F3000001933B890093234600F023FE00E000BFF9
:10F310001437BD4690BD90B589B004AFF8607B60EE
:10F320000B467B8113463B81FB681B68002B18D082
:10F330007B68002B15D0FB681B68581DFB681B6899
:10F340001988FB681B685A887C89BB8C03933B8CAB
:10F3500002937B6801933B890093234600F050FEA3
:10F3600000E000BF1437BD4690BD90B585B002AF38
:10F3700078600B467B8013467B707B681B68002B94
:10F380000FD07B681B68581D7B681B6819887B68D9
:10F390001B685A887B787C880093234600F0D6FE51
:10F3A00000E000BF0C37BD4690BD000080B400AF48
:10F3B000024B1B881846BD4680BC7047C45F0020C6
:10F3C00080B400AF024B1B881846BD4680BC704716
:10F3D000C65F002080B584B000AF03463A60FB8072
:10F3E0000B46BB80104AFB881380104ABB881380F1
:10F3F0003B68002B0FD00023FB7309E0FB7B3A68CE
:10F400001A44FB7B11780A4AD154FB7B0133FB730E
:10F41000FB7B032BF2D9002000F00CF801F064FA1A
:10F4200000BF1037BD4680BDCA5F0020CC5F002002
:10F43000FC00002080B582B000AF0346FB710120C4
:10F44000EEF7F6FCFB79012B01D0032B08D1124B10
:10F450001A88124B1A80124B1A88124B1A8008E035
:10F460000F4B1A880D4B1A800B4B1A880D4B1A80C4
:10F4700000BFFB790C4A134401221946362001F0E3
:10F4800015FA0A20EEF7D4FC084AFB79137000BF86
:10F490000837BD4680BD00BFCC5F0020C45F0020A0
:10F4A000CA5F0020C65F0020FC000020C85F00206B
:10F4B00080B582B000AF0346FB71FB79DB43FB7183
:10F4C000FB79542B11D8FB791A469B00D31ADBB277
:10F4D000013BD8B2FB791A4652001344DBB21A46FC
:10F4E000002100F032F803462BE0FB79A92B14D859
:10F4F000FB79553BFB71FB791A4652001344D9B294
:10F50000FB791A469B00D31ADBB2013BDBB21A46E9
:10F51000002000F01AF8034613E0FB795633FB7124
:10F52000FB791A4652001344D8B2FB791A469B0065
:10F53000D31ADBB2013BDBB20022194600F005F81A
:10F54000034618460837BD4680BD80B483B000AF7F
:10F550000346FB710B46BB7113467B71FB791B02A3
:10F560001BB223F4FF6323F007031AB2BB79DB005D
:10F570001BB203F4FC631BB213431AB27B79DB08A2
:10F58000DBB21BB213431BB29BB218460C37BD460D
:10F5900080BC704790B585B000AF04460846114660
:10F5A0001A462346FB800346BB800B467B801346EE
:10F5B0003B80FB881B0A9BB2DBB23B73FB88DBB250
:10F5C0007B737B881B0A9BB2DBB2BB737B88DBB28D
:10F5D000FB7307F10C03042219462A2001F066F997
:10F5E000BB881B0A9BB2DBB23B73BB88DBB27B736D
:10F5F0003B881B0A9BB2DBB2BB733B88DBB2FB735D
:10F6000007F10C03042219462B2001F04FF900BF2B
:10F610001437BD4690BD90B583B000AF0446084690
:10F6200011461A462346FB800346BB800B467B806F
:10F6300013463B80FA887B8813449BB2013B9CB203
:10F64000BA883B8813449BB2013B9BB2B988F888C7
:10F650002246FFF79FFF002200212C2001F026F90F
:10F6600001F038F900BF0C37BD4690BD90B583B0AE
:10F6700000AF0446084611461A462346FB8003465F
:10F68000BB800B467B8013463B80294B1B88FA8846
:10F690009A4249D8274B1B88BA889A4244D87B881B
:10F6A000002B41D03B88002B3ED0FA887B88134446
:10F6B000013B1F4A1288934204DD1D4B1A88FB88C8
:10F6C000D31A7B80BA883B881344013B194A1288BD
:10F6D000934204DD174B1A88BB88D31A3B80FA8803
:10F6E0007B8813449BB2013B9CB2BA883B8813448D
:10F6F0009BB2013B9BB2B988F8882246FFF74AFFCC
:10F70000002200212C2001F0D1F801F0E3F87B88E1
:10F710003A8802FB03F31A463B8B1146184601F068
:10F72000EDF801F0FDF800E000BF0C37BD4690BDDC
:10F73000C45F0020C65F002080B584B002AF0346DE
:10F74000FB80074B1A88074B1988FB8800930B46F0
:10F7500000210020FFF78AFF00BF0837BD4680BDAB
:10F76000C45F0020C65F002080B582B000AF0346B2
:10F77000FB800B46BB8013467B800A4B1B88FA88B4
:10F780009A420BD2084B1B88BA889A4206D27A88D2
:10F79000B988FB88184601F0CDF800E000BF0837B3
:10F7A000BD4680BDC45F0020C65F002090B585B017
:10F7B00002AF0446084611461A462346FB8003461C
:10F7C000BB800B467B8013463B807A88B988F888DB
:10F7D0003B8800930123FFF749FF00BF0C37BD466C
:10F7E00090BD90B585B002AF0446084611461A4652
:10F7F0002346FB800346BB800B467B8013463B8041
:10F800007A88B988F8883B88009313460122FFF76D
:10F810002DFF00BF0C37BD4690BD90B585B002AF3F
:10F820000446084611461A462346FB800346BB8021
:10F830000B467B8013463B80FA883B8B134498B27F
:10F840007A883B8BD31A9AB23B8BD31A9AB2BB8B72
:10F85000B988FFF7ABFFFA883B8B134498B2BA889C
:10F860003B8813449BB2013B99B27A883B8BD31AF5
:10F870009AB23B8BD31A9AB2BB8BFFF797FFBA8829
:10F880003B8B134499B23A883B8BD31A9AB23B8B89
:10F89000D31A9AB2BB8BF888FFF7A3FFFA887B884C
:10F8A00013449BB2013B98B2BA883B8B134499B284
:10F8B0003A883B8BD31A9AB23B8BD31A9AB2BB8B42
:10F8C000FFF78FFFFA883B8B134498B2BA883B8BC3
:10F8D000134499B23A8BBB8B0093012300F056FE80
:10F8E000FA887B8813449AB23B8BD31A9BB2013BB4
:10F8F00098B2BA883B8B134499B23A8BBB8B009376
:10F90000022300F043FEFA887B8813449AB23B8BB3
:10F91000D31A9BB2013B98B2BA883B8813449AB27F
:10F920003B8BD31A9BB2013B99B23A8BBB8B0093B2
:10F93000042300F02BFEFA883B8B134498B2BA885C
:10F940003B8813449AB23B8BD31A9BB2013B99B2CA
:10F950003A8BBB8B0093082300F018FE00BF0C37D6
:10F96000BD4690BD90B587B000AF0446084611462D
:10F970001A462346FB800346BB800B46FB701346AA
:10F980003B80FB785B427B6100233B61FB78C3F1EA
:10F9900001035B00FB607B699BB2FA88D31A98B2C3
:10F9A0003B699AB2BB8813449BB23A881946FFF769
:10F9B000DBFE7B699AB2FB88134498B23B699AB22A
:10F9C000BB8813449BB23A881946FFF7CDFE7B698A
:10F9D0009AB2FB88134498B23B699BB2BA88D31A97
:10F9E0009BB23A881946FFF7BFFE7B699BB2FA8843
:10F9F000D31A98B23B699BB2BA88D31A9BB23A88A1
:10FA00001946FFF7B1FEFB68BB60BA683B699A42D2
:10FA100013DC3B6901333B613B695B000133FA68EE
:10FA20001344FB607B695B423A699A4205D1BA682C
:10FA30007B699A4201DC0023BB60BA687B699A4209
:10FA400008DD7B6901337B617B695B000133FA6808
:10FA50001344FB607B69002B9DDD00BF00BF1C379A
:10FA6000BD4690BD90B587B000AF0446084611462C
:10FA70001A462346FB800346BB800B46FB701346A9
:10FA80003B80FB785B427B6100233B61FB78C3F1E9
:10FA900001035B00FB607B699BB2FA88D31A98B2C2
:10FAA0003B699AB2BB8813449BB23A881946FFF768
:10FAB0005BFE7B699AB2FB88134498B23B699AB2A9
:10FAC000BB8813449BB23A881946FFF74DFE7B6909
:10FAD0009AB2FB88134498B23B699BB2BA88D31A96
:10FAE0009BB23A881946FFF73FFE7B699BB2FA88C2
:10FAF000D31A98B23B699BB2BA88D31A9BB23A88A0
:10FB00001946FFF731FE7B699AB2FB88134498B21D
:10FB10003B699AB2BB88134499B27B699BB21A467F
:10FB2000D203D31A5B009BB201339AB23B88FFF732
:10FB30003DFE7B699AB2FB88134498B23B699BB245
:10FB4000BA88D31A99B27B699BB21A46D203D31AE8
:10FB50005B009BB201339AB23B88FFF727FEFB683C
:10FB6000BB60BA683B699A4213DC3B6901333B6175
:10FB70003B695B000133FA681344FB607B695B42BD
:10FB80003A699A4205D1BA687B699A4201DC00233E
:10FB9000BB60BA687B699A4208DD7B6901337B618F
:10FBA0007B695B000133FA681344FB607B69002BBF
:10FBB0007FF771AF00BF00BF1C37BD4690BD90B549
:10FBC0008FB000AF0446084611461A462346FB8014
:10FBD0000346BB800B467B8013463B80BA883B883C
:10FBE0009A420BD93A463B1D1146184600F089FD52
:10FBF000BA1CBB1D1146184600F083FD3A88B7F8C1
:10FC00004C309A420CD93A4607F14C03114618463B
:10FC100000F077FDBB1C194607F1480000F071FDAC
:10FC2000BA883B889A420BD93A463B1D1146184682
:10FC300000F067FDBA1CBB1D1146184600F061FDBF
:10FC4000BA88B7F84C309A4235D1FB88BB60BB68A4
:10FC5000FB607B881A46FB689A4202DA7B88FB606D
:10FC600006E07B881A46BB689A4201DD7B88BB6050
:10FC7000B7F848301A46FB689A4203DAB7F84830BA
:10FC8000FB6008E0B7F848301A46BB689A4202DDCC
:10FC9000B7F84830BB60FB6898B2B988BB689AB2C5
:10FCA000FB689BB2D31A9BB201339AB2B7F85030BB
:10FCB000FFF77CFDBCE07B881A46FB88D31A7B6289
:10FCC0003B881A46BB88D31A3B62B7F848301A46BD
:10FCD000FB88D31AFB61B7F84C301A46BB88D31A9D
:10FCE000BB61B7F848301A467B88D31A7B61B7F8F6
:10FCF0004C301A463B88D31A3B610023FB62002339
:10FD0000BB623A88B7F84C309A4202D13B883B63D9
:10FD100002E03B88013B3B63BB887B6336E0FB88AA
:10FD20001946FA6A3B6A92FBF3F30B44FB60FB88CB
:10FD30001946BA6ABB6992FBF3F30B44BB60FA6ADB
:10FD40007B6A1344FB62BA6AFB691344BB62FA68BC
:10FD5000BB689A4207DD07F1080207F10C03114660
:10FD6000184600F0E2FCFB6898B27B6B99B2BB6866
:10FD70009AB2FB689BB2D31A9BB201339AB2B7F81E
:10FD80005030FFF713FD7B6B01337B637A6B3B6B6A
:10FD90009A42C4DD3B881A467B6B9A1A7B6902FB48
:10FDA00003F3FB62BB881A467B6B9A1AFB6902FB62
:10FDB00003F3BB6236E07B881946FA6A3B6992FB23
:10FDC000F3F30B44FB60FB881946BA6ABB6992FBEC
:10FDD000F3F30B44BB60FA6A7B691344FB62BA6AB3
:10FDE000FB691344BB62FA68BB689A4207DD07F1FE
:10FDF000080207F10C031146184600F096FCFB6858
:10FE000098B27B6B99B2BB689AB2FB689BB2D31A6B
:10FE10009BB201339AB2B7F85030FFF7C7FC7B6B47
:10FE200001337B63B7F84C301A467B6B9342C2DDDB
:10FE30003C37BD4690BD80B485B000AF7860396076
:10FE40000023FB6007E07A68FB68134400221A7005
:10FE5000FB680133FB60FA683B689A42F3D300BF4A
:10FE600000BF1437BD4680BC704780B489B000AF76
:10FE7000F860084611461A4603467B810B463B81D3
:10FE80001346FB80BB8D002B5ED0FA887B899A429B
:10FE90005AD23A8D3B899A4256D2FA88BB8D1A447F
:10FEA0007B899A4203DB7A89FB88D31ABB857B89DD
:10FEB0000733DB10FB823B8DFA8A02FB03F3FA88DF
:10FEC000D20892B21344FB61FB8803F007037B83E3
:10FED00036E07B8B4FF4807242FA03F3DBB2013BD6
:10FEE0007B767A8BBB8D1344BB82BB8A072B13D8DE
:10FEF000BB8A4FF4807242FA03F3DBB2013BFB741E
:10FF000097F91330DB435AB297F9193013405BB2BB
:10FF10007B760023BB8505E07A8BBB8D13449BB2B7
:10FF2000083BBB85FB695A1CFA61FA681A441178D0
:10FF3000FA6813447A7E0A43D2B21A7000237B8394
:10FF4000BB8D002BC5D100E000BF2437BD4680BC6F
:10FF5000704780B489B000AFF860084611461A4671
:10FF600003467B810B463B811346FB80BB8D002BF8
:10FF700041D0FA887B899A423DD23A8D3B899A4298
:10FF800039D23A8DBB8D1A443B899A4203DB3A89B8
:10FF90003B8DD31ABB857B890733DB103B833B8DBD
:10FFA0003A8B02FB03F3FA88D20892B21344FB6146
:10FFB000FB8803F00703FB82FB8A802242FA03F3EB
:10FFC0007B7500237B8311E0FA68FB691344197881
:10FFD000FA68FB6913447A7D0A43D2B21A703B8BEC
:10FFE000FA691344FB617B8B01337B837A8BBB8D76
:10FFF0009A42E9D300E000BF2437BD4680BC704779
:020000040803EF
:1000000080B48BB000AFF860084611461A4603462C
:100010007B810B463B811346FB80FA887B899A42A1
:1000200080F08D803A8E3B899A4280F088807B896F
:100030000733DB10FB833B8F0733DB10BB83FB886D
:10004000DBB203F00703FB76FB88DB083B8300236E
:10005000FB846FE0FA8C3B8E1A443B899A4270DA3B
:10006000FB8CBA8B02FB03F31A467B6B13441B78A1
:10007000FB75FA7DFB7E42FA03F3FB75FA8C3B8E2F
:1000800013449BB2FA8B02FB03F39AB23B8B1344EB
:10009000BB84BB8C5A1CBA841946FA680A4411788E
:1000A0001A46FB681344FA7D0A43D2B21A70002341
:1000B0007B8436E07A8C3B8B1A44FB8B013B9A4263
:1000C00034DABB8BFA8C02FB03F39AB27B8C1344B9
:1000D000BB82BB8A7A6B13441B781B023B847A8CED
:1000E000BB8B013B9A4208DABB8A01337A6B13441B
:1000F0001B781A463B8C13433B843A8CFB7E42FAB6
:1001000003F33B843B8CDBB23B84BB8C5A1CBA842C
:100110001A46FB6813443A8CD2B21A707B8C0133B6
:100120007B847A8CBB8B9A42C4D300E000BFFB8CEB
:100130000133FB84FA8CBB8F9A428BD302E000BF61
:1001400000E000BF2C37BD4680BC704780B58CB046
:1001500002AFF860084611461A4603467B810B46FB
:100160003B811346FB80FA883B899A4201D93B893F
:10017000FB803A89FB88D31A3B847B890733DB10E9
:10018000FB77FB7F3A8902FB03F3BB61B969F8682F
:10019000FFF751FE0023FB843B895B08FB8297F845
:1001A0003030002B3CD03A8979897B890193002338
:1001B00000930023F868FFF758FE0123BB841EE07C
:1001C0007B89BA8C03FB02F2FB8A1A443B8992FBBF
:1001D000F3F3BB82BA8AFB8CD31A9BB201339BB276
:1001E000F88C3A8979890193BB8C00930346F868AF
:1001F000FFF73BFEBB8AFB84BB8C0133BB84BA8C0C
:100200003B8C9A42DCD37B89013B98B23A8979894D
:100210003B8C0193002300930346F868FFF799FE97
:100220003B8C7B841AE07B897A8C03FB02F2FB8A8D
:100230001A443B8992FBF3F3FB847A89FB8CD31A33
:100240009BB2F88C3A89798901937B8C00930346A1
:10025000F868FFF70AFE7B8C01337B847A8C3B893C
:100260009A42E0D300BF00BF2837BD4680BD0000E2
:1002700090B587B000AF0446084611461A4623469B
:10028000FB800346BB800B467B8013463B80494B7B
:100290001B88FA889A4280F08880474B1B88BA886E
:1002A0009A4280F082807B88002B7ED03B88002B96
:1002B0007BD0BB8D002B78D0BB6A002B75D0FA8821
:1002C0007B881344013B3B4A1288934204DD394B3F
:1002D0001A88FB88D31A7B80BA883B881344013B79
:1002E000354A1288934204DD334B1A88BB88D31AEF
:1002F0003B803B887A88B988F888FFF78CF9BB8DFA
:100300000733DB103B820023FB8247E00023BB82E4
:1003100000237B822CE0BA8A7B889A422DD2FB8A0A
:100320003A8A02FB03F39AB27B8ADB089BB213443E
:10033000FB817B8A03F00703802242FA03F37B737D
:10034000FB89BA6A13441A787B7B1340DBB2002B1B
:1003500001D0BB8E00E03B8E7B817B89012118465A
:1003600000F0CCFABB8A0133BB827B8A01337B82EB
:100370007A8ABB8D9A42CED300E000BF7A88BB8ACE
:100380009A4208D97A88BB8AD31A1A463B8E1146FC
:10039000184600F0B3FAFB8A0133FB82FA8A3B88E5
:1003A0009A42B3D300F0BCFA00E000BF1C37BD4650
:1003B00090BD00BFC45F0020C65F002090B589B02B
:1003C00000AF0446084611461A462346FB80034602
:1003D000BB800B467B8013463B806A4B1B88FA88A8
:1003E0009A4280F0CB80684B1B88BA889A4280F092
:1003F000C5807B88002B00F0C1803B88002B00F07B
:10040000BD80BB8E002B00F0B9803B6B002B00F051
:10041000B580FA887B881344013B5A4A128893427C
:1004200004DD584B1A88FB88D31A7B80BA883B8836
:100430001344013B544A1288934204DD524B1A88FC
:10044000BB88D31A3B803B887A88B988F888FFF745
:10045000E2F8BB8E97F8382002FB03F30733DB107A
:100460007B820023FB8381E00023BB8397F8383035
:10047000012202FA03F35A1E97F83830C3F1100331
:1004800002FA03F37B83FB8B7A8A02FB03F33B8341
:1004900097F83830C3F11003FB750023BB8250E09E
:1004A000BA8B7B889A4251D23B8B3A6B13441B78B0
:1004B0001A467B8B1B0A9BB213403B823B8A1B0272
:1004C0003B823B8B01333A6B13441B781AB2B7F96A
:1004D0001A30DBB21BB213401AB2B7F91030134313
:1004E0001BB23B823A8AFB7D42FA03F33B823B8A92
:1004F0005B00FA6B13441B88FB81FB8901211846C2
:1005000000F0FCF97A8B97F8383042FA03F37B83DA
:100510007B8B03F47F43002B08D17B8B1B027B83F7
:10052000FB7D0833FB753B8B01333B83FA7D97F8EA
:100530003830D31AFB75BB8B0133BB83BB8A0133C5
:10054000BB82BA8ABB8E9A42AAD300E000BF7A88E7
:10055000BB8B9A4207D9FB6B18887A88BB8BD31A5E
:10056000194600F0CBF9FB8B0133FB83FA8B3B88F8
:100570009A42FFF479AF00F0D3F900E000BF2437CE
:10058000BD4690BDC45F0020C65F002090B587B017
:1005900000AF0446084611461A462346FB80034630
:1005A000BB800B467B8013467B707B88C3F10103C5
:1005B0007B6101233B617A881346DB079B1A5B0052
:1005C000FB600023BB6092E07B69002B09DB7B882A
:1005D000013B7B80FB680233FB607A69FB68134454
:1005E0007B61BB680133BB603B6902333B617A6965
:1005F0003B6913447B617B7803F00403002B19D023
:10060000BB689AB2FB88134498B2BA887B881344BB
:100610009BB23A8D1946FFF7A7F8FA887B881344F6
:1006200098B2BB689AB2BB8813449BB23A8D194604
:10063000FFF79AF87B7803F00203002B19D0BB6810
:100640009AB2FB88134498B2BA887B88D31A9BB2BB
:100650003A8D1946FFF788F8FA887B88134498B2D8
:10066000BB689BB2BA88D31A9BB23A8D1946FFF782
:100670007BF87B7803F00803002B19D0FA887B887D
:10068000D31A98B2BB689AB2BB8813449BB23A8D16
:100690001946FFF769F8BB689BB2FA88D31A98B27B
:1006A000BA887B8813449BB23A8D1946FFF75CF8F1
:1006B0007B7803F00103002B19D0FA887B88D31ACA
:1006C00098B2BB689BB2BA88D31A9BB23A8D1946CE
:1006D000FFF74AF8BB689BB2FA88D31A98B2BA8877
:1006E0007B88D31A9BB23A8D1946FFF73DF87B8879
:1006F000BA689A42FFF668AF00BF00BF1C37BD461C
:1007000090BD80B485B000AF786039607B681B888D
:10071000FB813B681A887B681A803B68FA891A80DB
:1007200000BF1437BD4680BC704780B485B000AFB1
:10073000786039607B681B68FB813B681A687B685E
:100740001A60FA893B681A6000BF1437BD4680BC46
:100750007047000080B483B000AF03463960FB717E
:100760003B68002B68D03B681B68002B02D03B68BD
:100770001B6800E03B4B3C4A13603B685B68002B06
:1007800002D03B685B6800E0384B394A13603B6835
:100790009B68002B02D03B689B6800E0354B364AD3
:1007A00013603B68DB68002B02D03B68DB6800E02D
:1007B000324B334A13603B681B69002B02D03B6805
:1007C0001B6900E02F4B304A13603B689B69002B8C
:1007D00002D03B689B6900E02C4B2D4A1360FB79EB
:1007E000002B14D13B685B69002B02D03B685B692E
:1007F00000E0284B284A13603B68DB69002B02D0DD
:100800003B68DB6900E0254B254A136024E03B6828
:100810005B69002B02D03B685B6900E0214B1E4AFC
:1008200013603B68DB69002B02D03B68DB6900E0AA
:100830001D4B1B4A13600FE0FB79002B01D1154BB8
:1008400000E0184B144A1360FB79002B01D1134BC5
:1008500000E0154B124A136000BF0C37BD4680BC48
:10086000704700BF950B030800010020E10B03084F
:1008700004010020BD0B030808010020590C0308E7
:100880000C010020110D030810010020350F030892
:1008900018010020590E030814010020450A03081E
:1008A0001C010020550D0308A70A030880B584B079
:1008B00000AF0346B9607A60FB73054B1B68F87B99
:1008C0007A68B968984700BF1037BD4680BD00BF41
:1008D0000401002080B500AF024B1B68984700BFA1
:1008E00080BD00BF0801002080B500AF024B1B682F
:1008F000984700BF80BD00BF1001002080B582B0C6
:1009000000AF03463960FB80044B1B68FA883968E6
:100910001046984700BF0837BD4680BD140100202F
:1009200080B500AF024B1B68984700BF80BD00BF79
:100930001801002080B582B000AF0346FB800B4653
:10094000BB8013467B80054B1B687A88B988F88882
:10095000984700BF0837BD4680BD00BF1C0100207E
:1009600080B500AF024B1B68984700BF80BD00BF39
:100970000001002080B500AF054B1B68002200215C
:10098000102098470520EDF753FA00BF80BD00BF47
:100990000401002080B500AF054B1B680022002138
:1009A000112098477820EDF743FA00BF80BD00BFC3
:1009B0000401002080B584B000AF0346FB71FB79D1
:1009C000002B01D0212300E02023FB73044B1B6884
:1009D000F87B00220021984700BF1037BD4680BD3C
:1009E0000401002080B584B000AF0346FB71FB79A1
:1009F000002B01D0292300E02823FB73044B1B6844
:100A0000F87B00220021984700BF1037BD4680BD0B
:100A10000401002080B584B000AF0346FB71FB7970
:100A2000002B01D0392300E03823FB73044B1B68F3
:100A3000F87B00220021984700BF1037BD4680BDDB
:100A40000401002080B584B000AF0346FB800B4654
:100A5000BB8013467B80FEF7A9FC03461A46FB8841
:100A600093421CD2FEF7ACFC03461A46BB88934265
:100A700015D27B881B0A9BB2DBB23B737B88DBB24F
:100A80007B73BB88FA88B988F888FEF783FD07F185
:100A90000C03022219462C20FFF708FF00E000BFDC
:100AA0001037BD4680BD80B584B000AF0346FB80E3
:100AB0000B46BB8013467B80FEF778FC03461A4644
:100AC000FB88934226D2FEF77BFC03461A46BB887E
:100AD00093421FD27B881B12DBB223F00703DBB2E9
:100AE0003B737B88DB10DBB223F00303DBB27B7349
:100AF0007B88DB00DBB2BB73BB88FA88B988F888D7
:100B0000FEF748FD07F10C03032219462C20FFF7DE
:100B1000CDFE00E000BF1037BD4680BD80B500AF00
:100B2000002210210248EEF782FC00BF80BD00BF0A
:100B3000000C014080B500AF012210210248EEF701
:100B400076FC00BF80BD00BF000C014080B582B0C4
:100B500000AF0346FB71FB791A464FF4007103485E
:100B6000EEF765FC00BF0837BD4680BD000C0140B4
:100B700080B500AF00224FF480710548EEF757FCB6
:100B8000002210210248EEF752FC00BF80BD00BFDA
:100B9000000C014080B500AF0020FFF7D7FFC82050
:100BA000EDF746F9FFF7BAFFC820EDF741F9FFF777
:100BB000C1FF0120FFF7CAFF00BF80BD80B500AFB5
:100BC00001224FF480710548EEF731FC002210211C
:100BD0000248EEF72CFC00BF80BD00BF000C0140B6
:100BE00080B586B000AF0346B9607A60FB73FFF74B
:100BF000BFFF07F10F010A2301221648F0F7DEFFBD
:100C0000FFF798FFBB68002B20D07B68002B1DD01E
:100C1000FFF7D4FF15E07B68B3F5004F28BF4FF412
:100C20000043FB82FA8A4FF0FF33B9680948F0F7B6
:100C3000C5FFFB8ABA681344BB60FB8A7A68D31A83
:100C40007B607B68002BE6D1FFF774FF00BF18378D
:100C5000BD4680BD945C002080B584B000AF0346E3
:100C60003960FB711346BB803B68002B02D0BB8808
:100C7000002B01D1002316E0FFF77AFFF91D0A23AC
:100C800001220B48F0F79AFFBA88642339680848B4
:100C9000F1F7D8F80346002B0CBF01230023FB73A8
:100CA000FFF748FFFB7B18461037BD4680BD00BFED
:100CB000945C002080B483B000AF7860034B0222C4
:100CC0001A7000BF0C37BD4680BC70472001002061
:100CD00080B584B000AF7860EDF7A0F802467B687D
:100CE0001344FB6006E0094B1B78DBB2012B01D9F2
:100CF000012306E0EDF792F80246FB689342F2D832
:100D0000002318461037BD4680BD00BF20010020DB
:100D100080B500AF0B4B1B78DBB2012B06D84FF42C
:100D2000FA60FFF7D5FF0848F1F700FC074B4FF4D6
:100D300040721A80064B00221A80024B02221A705F
:100D400000BF80BD20010020945C00202201002013
:100D5000D065002080B584B000AF03463960FB80C9
:100D6000FB881B12DBB223F00703FB72FB88DB104E
:100D7000DBB223F00303BB72FB88DB007B72002332
:100D8000FB6056E02E4B1B885A1C91B22C4A1180F6
:100D900019462C4AFB7A5354294B1B885A1C91B292
:100DA000274A11801946274ABB7A5354244B1B8883
:100DB0005A1C91B2224A11801946224A7B7A535416
:100DC0001F4B1A88204B1B889A422FD34FF4FA608E
:100DD000FFF77EFF0346002B02D1FFF799FF2CE0BF
:100DE000194B1B88B3F5407F0FD8174B1B885B004E
:100DF0009AB2154B1A80154B00221A704FF44072AC
:100E000010491348F1F7E0FA10E00F4B4FF440722D
:100E10001A800B4B00221A800C4B01221A700D4BCA
:100E20004FF4407219460A48F1F7CEFAFB680133D5
:100E3000FB60FA683B689A42A4D31037BD4680BD78
:100E4000D0650020D05F002022010020200100207A
:100E5000945C0020D062002080B584B000AF0346CF
:100E60003960FB800023FB6050E0FB881B0A99B2CD
:100E70002A4B1B885A1C90B2284A10801A46C9B2C5
:100E8000274B9954254B1B885A1C91B2234A118039
:100E90001A46FB88D9B2224B9954204B1A88214B11
:100EA0001B889A422FD34FF4FA60FFF711FF0346D5
:100EB000002B02D1FFF72CFF2CE01A4B1B88B3F557
:100EC000407F0FD8174B1B885B009AB2154B1A80D6
:100ED000154B00221A704FF4407211491348F1F774
:100EE00073FA10E00F4B4FF440721A800B4B002244
:100EF0001A800D4B01221A700D4B4FF440721946A7
:100F00000A48F1F761FAFB680133FB60FA683B6855
:100F10009A42AAD31037BD4680BD00BFD0650020DD
:100F2000D05F00202201002020010020945C0020DE
:100F3000D062002080B582B000AF4FF4FA60FFF7B6
:100F4000C7FE0346002B02D1FFF7E2FE28E0164859
:100F5000F1F7ECFA154B7B60154B1B887B80154B2A
:100F60001B88B3F5407F07D97B88A3F540737B804E
:100F70007B6803F540737B607B88002B0CD00E4BA5
:100F800000221A707B881A4679680748F1F71CFA24
:100F90004FF4FA60FFF79CFEFFF7BAFEFFF7CAFDB9
:100FA0000837BD4680BD00BF945C0020D05F0020A4
:100FB000D0650020220100202001002080B586B0ED
:100FC00000AFF860084611461A4603467B810B467F
:100FD0003B811346FB71FB6800221A60FB6800220C
:100FE0001A607B89002B3DD03B89002B3AD0FB79DE
:100FF000002B37D0FB79082B34D8FB79012202FA79
:1010000003F3FB75FB797A8902FB03F30733DB10EB
:10101000BB82FB7D04335B003A89B98A01FB02F293
:1010200013440121184603F063F803461A46FB688F
:101030001A60FB681B68002B16D0FB681B687A8956
:101040001A80FB681B683A895A80FB681B68FA792A
:101050005A71FB681B6800229A71FB681B680122A9
:101060001A7102E000BF00E000BFFB6818461837A5
:10107000BD4680BD80B582B000AF786039607A68C7
:101080003B689A4220D07B681B68002B0AD07B68A3
:101090001B681A79013AD2B21A711B79002B01D15F
:1010A000012300E00023002B04D07B681B68184656
:1010B00003F042F83B681A687B681A607B681B681B
:1010C0001A790132D2B21A717B6818460837BD46C8
:1010D00080BD80B582B000AF78607B681B68002B54
:1010E00016D07B681B681A79013AD2B21A711B7943
:1010F000002B14BF01230023DBB2002B0AD17B6835
:101100001B68184603F018F87B6800221A6002E09A
:1011100000BF00E000BF7B6818460837BD4680BDB1
:1011200080B487B000AF78607B681B68002B24D048
:101130007B681B681B881A467B681B685B7902FB0F
:1011400003F30733DB107B827B8A7A68126852884C
:1011500002FB03F3FB6000237B6109E07B681A68F4
:101160007B691344073300221A707B6901337B616A
:101170007A69FB689A42F1D300E000BF1C37BD4694
:1011800080BC704780B586B000AFF860B960134688
:10119000FB71FB681B68002B2CD0F86800F0EAF8A4
:1011A0003861FA79FB681B685B79194601238B402B
:1011B0009A4206DDFB681B685B791A46012393405F
:1011C000FB710023FB750CE0FB7D5B00BA681A44E1
:1011D000FB7D5B0039690B4412881A80FB7D01336B
:1011E000FB75FA7DFB799A42EED3FB681B68FA79AE
:1011F0009A7100E000BF1837BD4680BD80B489B049
:1012000000AFF860084611461A4603467B810B463C
:101210003B811346FB71FB681B68002B00F0A38029
:10122000FB681B681B887A899A4280F09E80FB6865
:101230001B685B883A899A4280F09780FB681B683C
:101240001B881A46FB681B685B7902FB03F30733B4
:10125000DB10FB83FB681B685B791A467B8902FB0A
:1012600003F3BB833B89FA8B02FB03F39AB2BB8B7C
:10127000DB089BB213447B83FB681B685B791A46CF
:10128000012393405A1EFB681B685B79C3F110036E
:1012900002FA03F33B83FA79FB681B685B79C3F1BD
:1012A000100302FA03F3FB823A8BBB8B03F00703B4
:1012B00042FA03F33B83FA8ABB8B03F0070342FA3B
:1012C00003F3FB82FB681A687B8B1344DB795AB209
:1012D0003B8B1B0A9BB25BB2DB435BB2134059B240
:1012E000FB681A687B8BC9B213440A46DA71FB6843
:1012F0001A687B8B1344D879FB8A1B0A9BB2D9B23C
:10130000FB681A687B8B0143C9B213440A46DA7141
:101310003B8BDBB2002B29D0FB681B687A8B013238
:101320007A83798B0A461344DB795AB23B8B5BB2E2
:10133000DB435BB213405AB2FB681B68D2B20B446A
:10134000DA71FB681A687B8B1344DB795AB2FB8A2B
:101350005BB2134359B2FB681A687B8BC9B2134462
:101360000A46DA7102E000BF00E000BF2437BD4644
:1013700080BC704780B485B000AF78607B681B6824
:10138000002B01D1002317E07B681B681B881A46DD
:101390007B681B685B7902FB03F30733DB10FB817F
:1013A0007B681B680733FA8979680968498801FBFB
:1013B00002F21344BB60BB6818461437BD4680BCBC
:1013C000704780B586B000AFF860084611461A46EF
:1013D00003467B810B463B811346FB800023FB8247
:1013E0000CE07A89FB8A134499B297F820303A8945
:1013F000F868FFF703FFFB8A0133FB82FA8AFB8858
:101400009A42EED300BF00BF1837BD4680BD80B4FE
:1014100089B000AFF860084611461A4603467B8142
:101420000B463B811346FB80FB681B68002B00F0DA
:10143000C480FB88002B00F0C280FB681B681B88FF
:101440007A899A4200F2BB80FB681B685B883A8904
:101450009A4200F2B4803A89FB881344FA68126811
:101460005288934205DBFB681B685A883B89D31A74
:10147000FB80FB681B681B881A46FB681B685B794E
:1014800002FB03F30733DB107B83FB681B685B798C
:101490001A467B8902FB03F33B833B897A8B02FB71
:1014A00003F39AB23B8BDB089BB21344FB83FB68CC
:1014B0001B685B791A46012393405A1EFB681B6820
:1014C0005B79C3F1100302FA03F3FB8297F828203B
:1014D000FB681B685B79C3F1100302FA03F3BB825C
:1014E000FA8A3B8B03F0070342FA03F3FB82BA8AC2
:1014F0003B8B03F0070342FA03F3BB820023BB8359
:1015000056E0FB681A68FB8B1344DB795AB2FB8AFE
:101510001B0A9BB25BB2DB435BB2134059B2FB6860
:101520001A68FB8BC9B213440A46DA71FB681A6861
:10153000FB8B1344D879BB8A1B0A9BB2D9B2FB68D8
:101540001A68FB8B0143C9B213440A46DA71FB8A5D
:10155000DBB2002B25D0FB681B68FA8B0132FA83C3
:10156000F98B0A461344DB795AB2FB8A5BB2DB4340
:101570005BB213405AB2FB681B68D2B20B44DA71FB
:10158000FB681A68FB8B1344DB795AB2BB8A5BB2E7
:10159000134359B2FB681A68FB8BC9B213440A465D
:1015A000DA71FA8B7B8B1344FB83BB8B0133BB83D8
:1015B000BA8BFB889A42A4D302E000BF00E000BFD0
:1015C0002437BD4680BC704780B582B000AF7860DC
:1015D0007B6800229A607B6801225A777B68002230
:1015E00083F848207B68012283F849207B68002229
:1015F000DA837B684FF6FF721A84786800F07AF914
:1016000000BF0837BD4680BD80B582B000AF7860AE
:1016100039607B689B683A689A420BD07B683A686D
:101620009A607B682C333968184600F099F978681D
:1016300000F07CFA7B68012283F8492000BF08375C
:10164000BD4680BD80B483B000AF78600B46FB70B0
:10165000FB78002B06D0FB78042B03D87B68FA7844
:1016600083F8492000BF0C37BD4680BC704780B569
:1016700084B000AF78600B467B807B881946786821
:1016800000F0BFFAF860FB68002B01D1002327E0CF
:10169000F968786800F036FB7B6803F110027B681C
:1016A00093F832301946104600F09EFB03461A4666
:1016B0007B6883F847207B6803F110027B6893F80E
:1016C00033301946104600F08FFB7B6803F110029F
:1016D0007B6893F834301946104600F085FB0346CA
:1016E00018461037BD4680BD80B584B000AFF860A5
:1016F000084611461A4603467B810B463B8113463A
:10170000FB80FB681B8D002B12D0FB6893F93630F1
:101710001A46FB6893F9463013449BB2FA6892F874
:10172000492002FB03F39AB23B8913443B8108E052
:10173000FB68DB68F868984703461A463B89134400
:101740003B81FB883A897989F86800F070FB034691
:1017500018461037BD4680BD80B584B000AFF86034
:101760007B600B467B8113463B81FB6800225A62FB
:10177000FB6800221A85FB683A8BDA83FB68064A0D
:101780001A603A8979897B68F86800F009FC034699
:1017900018461037BD4680BD7F23030880B586B04C
:1017A00000AFF860B9603B601346FB80BB68002B5C
:1017B00006D0FB88002B03D0BA8CFB889A4201D359
:1017C000002344E097F82830002B01D0224A00E0A3
:1017D000224AFB681A60FB68BA685A62FB68FA889A
:1017E0001A85BB8CFB8297F82030002B28D097F805
:1017F0002830002B05D03968F86800F067F80346F8
:1018000004E03968F86800F04DF80346BB82FA88B6
:10181000B98ABB8C0B449A4212DD97F82030012B19
:1018200007D1FA88BB8AD31ADA0F13445B10FB8204
:1018300006E0FA88BB8AD31A9AB2BB8CD31AFB8211
:10184000F98A3B680022F86800F0AAFB03461846B4
:101850001837BD4680BD00BFAB2303087F230308B4
:1018600080B584B000AFF8607B600B467B81134687
:101870003B81FB6800225A62FB6800221A85FB68E4
:101880003A8BDA83FB68064A1A603A8979897B6861
:10189000F86800F085FB034618461037BD4680BD4A
:1018A000AB23030880B582B000AF786039607B68F5
:1018B000054A1A603968786800F0F2FC0346184659
:1018C0000837BD4680BD00BF7F23030880B582B0C6
:1018D00000AF786039607B68054A1A6039687868BB
:1018E00000F0DEFC034618460837BD4680BD00BF49
:1018F000AB23030880B483B000AF78607B68034AF1
:10190000DA6000BF0C37BD4680BC70479F240308D7
:1019100080B483B000AF78607B6893F93630DBB277
:101920007A6892F8492002FB03F3DBB25BB21846F7
:101930000C37BD4680BC704780B483B000AF786080
:101940007B6893F94630DBB27A6892F8492002FB53
:1019500003F3DBB25BB218460C37BD4680BC704760
:1019600080B485B000AF786039600023FB73FB7BE7
:101970005A1CFA731A463B6813441A787B681A702B
:10198000FB7B5A1CFA731A463B6813441A787B682F
:101990005A70FB7B5A1CFA731A463B6813441A7838
:1019A0007B689A70FB7B5A1CFA731A463B68134497
:1019B0001A787B68DA70FB7B5A1CFA731A463B680C
:1019C00013441A787B681A71FB7B5A1CFA731A4607
:1019D0003B6813441A787B685A71FB7B5A1CFA7374
:1019E0001A463B6813441A787B689A71FB7B5A1C31
:1019F000FA731A463B6813441A787B68DA71FB7BEA
:101A00005A1CFA731A463B6813441A787B681A7298
:101A1000FB7B5A1CFA731A463B6813441B785AB274
:101A20007B685A72FB7B5A1CFA731A463B68134454
:101A30001B785AB27B689A72FB7B5A1CFA731A465F
:101A40003B6813441B785AB27B68DA72FB7B5A1CE2
:101A5000FA731A463B6813441B785AB27B681A73B0
:101A6000FB7B5A1CFA731A463B6813441B785AB224
:101A70007B685A73FB7B5A1CFA731A463B68134403
:101A80001B785AB27B689A73FB7B5A1CFA731A460E
:101A90003B6813441B785AB27B68DA73FB7B5A1C91
:101AA000FA731A463B6813441B785AB27B681A745F
:101AB000FB7B3A6813441B781B021AB2FB7B013391
:101AC00039680B441B781BB213431BB29AB27B6874
:101AD0005A82FB7B0233FB73FB7B3A6813441B780F
:101AE0001B021AB2FB7B013339680B441B781BB213
:101AF00013431BB29AB27B689A82FB7B0233FB735F
:101B0000FB7B3A6813441B781B021AB2FB7B013340
:101B100039680B441B781BB213431BB29AB27B6823
:101B2000DA8200BF1437BD4680BC704780B483B0F2
:101B300000AF78607B689B68002B5DD07B6893F971
:101B400039207B6883F845207B6893F93A207B68CD
:101B500083F846207B6893F84430002B4DD07B6897
:101B600093F84430012B1CD17B6893F945207B68A6
:101B700093F93B309A4205DA7B6893F93B207B6806
:101B800083F845207B6893F946207B6893F93C30C5
:101B90009A4232DD7B6893F93C207B6883F84620CB
:101BA0002BE07B6893F945301A467B6893F9363011
:101BB00019467B6893F938300B449A420DDA7B68FA
:101BC00093F93630DAB27B6893F93830DBB21344DC
:101BD000DBB25AB27B6883F845207B6893F94620D4
:101BE0007B6893F938309A4207DD7B6893F9382097
:101BF0007B6883F8462000E000BF0C37BD4680BC00
:101C0000704780B586B000AF78600B467B807B68FC
:101C10009B687B617B6917337B617B88FF2B29D8AD
:101C20007B88602B07D97B68B3F840301A467B6904
:101C300013447B6108E07B88402B05D97B68DB8FF0
:101C40001A467B6913447B617B6901331B78002B47
:101C500050D07B691B781A467B88934202D17B69FE
:101C600002334BE07B6901331B781A467B691344CE
:101C70007B61E9E70023FB817B68B3F842301A46B9
:101C80007B6913447B617B693B610021386900F00B
:101C90005CFB03461A467B6913447B610221386969
:101CA00000F053FB0346FB813B6904333B61FA8937
:101CB0007B889A42E9D37B691B78FB81FB891B02F5
:101CC000FB817B6901331B781A46FB891343FB8137
:101CD000FB89002B10D0FA897B889A4202D17B695C
:101CE00003330BE07B6902331B781A467B6913448C
:101CF0007B61E0E700BF00E000BF00231846183713
:101D0000BD4680BD80B584B000AF786039607B6827
:101D10001033FB60FB683A681A60FB6800221A7394
:101D20007B6893F830301946F86800F013F80346E2
:101D30005AB2FB689A727B6893F831301946F8689A
:101D400000F008F803465AB2FB68DA7200BF103799
:101D5000BD4680BD80B485B000AF78600B46FB7097
:101D60007B681B7B7B737B681B681B78BB73BA7BB0
:101D70007B7B42FA03F3BB737B7BFB73FA7BFB78C1
:101D80001344FB73FB7B072B1AD908233B733A7B65
:101D90007B7BD31A3B737B681B685A1C7B681A6079
:101DA0007B681B681B781A463B7B02FA03F35AB226
:101DB00097F90E3013435BB2BB73FB7B083BFB739D
:101DC000FB784FF0FF3202FA03F3DBB2DB43DAB207
:101DD000BB7B1340BB737B68FA7B1A73BB7B1846D3
:101DE0001437BD4680BC704780B584B000AF7860C2
:101DF0000B46FB70FB7819467868FFF7ABFF03468C
:101E0000FB730123BB73FB78013BFB7097F90E203A
:101E1000FB7802FA03F3BB73FA7BBB7BD31ADBB20A
:101E2000FB7397F90F3018461037BD4680BD80B55B
:101E300086B000AFF860084611461A4603467B811B
:101E40000B463B811346FB800023FB82FB687A89AB
:101E50009A82FB683A89DA82FB881946F868FFF7AC
:101E6000D0FE38613B69002B05D03969F86800F075
:101E700007F80346FB82FB8A18461837BD4680BD2B
:101E800080B586B000AF786039607B6810337B61C5
:101E900039687868FFF736FF7B68DB7EFB747B6808
:101EA00093F8323019467869FFF79EFF0346BB74FA
:101EB0007B6893F8333019467869FFF795FF03463E
:101EC0007B747B6893F8343019467869FFF78CFF90
:101ED00003463B747B6993F90A30002B54DD7B6920
:101EE0009A8897F912309BB2796891F8491001FBF2
:101EF00003F39BB213449AB27B699A807B69DA88B8
:101F000097F9131097F911300B449BB2796891F847
:101F1000491001FB03F39BB2D31A9AB27B69DA80B2
:101F20007B6900221A727B6900225A727B6893F8DF
:101F30002E3019467869FFF70DFF0346FB737B6867
:101F400093F82F3019467869FFF704FF0346BB73F7
:101F5000FB7B00221946786800F05DF8BB7B01220C
:101F60001946786800F057F801217869FFF7F2FE0A
:101F70000346002BECD17B6993F9093097F91320C4
:101F80009A4200DDD2E700BF7B6893F849303A7C83
:101F900002FB03F3DBB25BB218461837BD4680BDC7
:101FA00080B586B000AFF8607B600B467B8113463E
:101FB0003B81FB6800221A710023FB82FB681B68CF
:101FC000F8687A681278114698470346BB82BB8A44
:101FD0004FF6FF72934218D07B6801337B60BB8A57
:101FE0004FF6FE729342E9D0BB8A3A897989F86844
:101FF000FFF77AFB03467B827A897B8A13447B81D5
:10200000FA8A7B8A1344FB82D8E700BFFB8A184612
:102010001837BD4680BD90B58BB002AF78600B46D7
:10202000FB701346BB707B6810337B61FB78FB77DA
:102030007B6993F90830BB777B6993F909307B772B
:102040007B6893F84930FB747B6893F93630DBB2D8
:10205000FA7C02FB03F3DBB2BB747B6993F90A30B1
:102060007B747A7CBB7FD31A7B747B7C3B77FA7F53
:102070007B7C9A4201D2FB7F3B777B699B88FB810B
:102080007B69DB88BB81BB7F9BB2FA7C92B202FB8F
:1020900003F39AB2FB891344FB817B7F9BB2FA7CEA
:1020A00092B202FB03F39AB2BB891344BB817B69F2
:1020B0001B8B002B25D0BB78002B56D0BA8997F903
:1020C00012309A4251DA0023FB7615E07B69586999
:1020D0007B69198BFB7E9AB2BB8913449CB23B7F10
:1020E000FA7C02FB03F3DBB2FA890093234600F08B
:1020F0005BF8FB7E0133FB76FA7EFB7C9A42E5D3EC
:1021000033E00023BB762CE0BB78002B11D0BB7EE4
:102110009AB2BB89134499B23B7F9BB2FA7C92B2CC
:1021200002FB03F39AB27B69DB89F889FDF73EFB7A
:1021300014E07B695B7B002B10D1BB7E9AB2BB891C
:10214000134499B23B7F9BB2FA7C92B202FB03F339
:102150009AB27B691B8AF889FDF728FBBB7E0133A5
:10216000BB76BA7EFB7C9A42CED3FA7F7B7C9A42C6
:1021700009D3FA7F7B7CD31AFB770023BB777B7F65
:1021800001337B7769E700BFBA7FFB7F1344BB77DE
:1021900097F91E207B691A7297F91D207B695A7284
:1021A00000BF2437BD4690BD80B489B000AFF86051
:1021B000084611461A4603467B810B463B8113466F
:1021C000FB8097F82830002B65D03A897B899A42AA
:1021D00061D23A8997F828301A447B899A4206DD01
:1021E0007B89DAB23B89DBB2D31A87F828307B8946
:1021F0000733DB10FB82FB88FA8A02FB03F33A8980
:10220000D20892B21344FB613B8903F007037B833E
:102210003CE07B8B4FF4807242FA03F3DBB2013B6C
:102220007B7697F828309AB27B8B1344BB82BB8AAB
:10223000072B14D8BB8A4FF4807242FA03F3DBB247
:10224000013BFB7497F91330DB435AB297F919300D
:1022500013405BB27B76002387F8283008E07B8B45
:10226000DAB297F828301344DBB2083B87F82830FD
:10227000FB695A1CFA61FA681A441178FA68134427
:102280007A7E0A43D2B21A7000237B8397F82830F3
:10229000002BBED100E000BF2437BD4680BC704794
:1022A00080B584B000AF786039607B6800229A7690
:1022B0007B6800221A710023FB810023BB817B68AD
:1022C0001B6878683A6812781146984703467B8104
:1022D0007B894FF6FF72934213D03B6801333B601A
:1022E0007B894FF6FE729342E9D07B891946786864
:1022F000FFF7BDF90346BB81FA89BB891344FB8113
:10230000DDE700BF7B6893F91A30002B11D0FA8902
:10231000BB89D31AFB817B6893F91A309AB2FB8987
:102320001344FB817B6893F947309AB2FB891344CD
:10233000FB817B6893F849301A46FB8902FB03F363
:102340009BB218461037BD4680BD80B483B000AF45
:1023500078600B46FB70FB787A6813441B781B028D
:102360001AB2FB78013379680B441B781BB2134314
:102370001BB29BB218460C37BD4680BC704780B478
:1023800083B000AF78600B46FB70FB78002B02D067
:10239000FB780A2B02D14FF6FF7301E0FB789BB26A
:1023A00018460C37BD4680BC704780B483B000AF80
:1023B00078600B46FB70FB78002B02D0FB780A2B71
:1023C00002D14FF6FF7365E07B681B79002B40D18B
:1023D000FB78FB2B07D97B6805221A71FB7803F089
:1023E0000103FB702EE0FB78F72B07D97B680422F2
:1023F0001A71FB7803F00303FB7023E0FB78EF2BEB
:1024000007D97B6803221A71FB7803F00703FB707E
:1024100018E0FB78DF2B07D97B6802221A71FB7862
:1024200003F00F03FB700DE0FB78BF2B07D97B682F
:1024300001221A71FB7803F01F03FB7002E0FB78A6
:102440009BB227E0FB789AB27B68DA804FF6FE7386
:1024500020E07B681B79013BDAB27B681A717B68EC
:10246000DB889B019AB27B68DA80FB7803F03F033C
:10247000FB707B68DA88FB789BB213439AB27B6867
:10248000DA807B681B79002B02D04FF6FE7301E0E7
:102490007B68DB8818460C37BD4680BC704780B42B
:1024A00083B000AF7860002318460C37BD4680BC6F
:1024B0007047000080B500AF002212491248FBF7B8
:1024C0004AFC0346002B01D0E0F770FE0F490E488E
:1024D000FBF76CFC0346002B01D0E0F767FE0C49CC
:1024E0000948FAF783FB0346002B01D0E0F75EFEB4
:1024F0000548FBF774FC0346002B01D0E0F756FEBD
:1025000000BF80BD24010020D465002058000020B9
:102510007401002080B483B000AF03463960FB71C2
:102520003B6812221A80034B18460C37BD4680BC0C
:10253000704700BF4001002080B483B000AF034665
:102540003960FB713B6804221A80034B18460C3734
:10255000BD4680BC704700BF5401002080B582B0EA
:1025600000AF03463960FB71FB79002B05D13A6857
:1025700007490848FCF7A9FB04E03A680449054804
:10258000FCF7A3FB024B18460837BD4680BD00BFD1
:10259000986800205C54030880B582B000AF034601
:1025A0003960FB713A6804490448FCF78EFB024B22
:1025B00018460837BD4680BD98680020705403084F
:1025C00080B582B000AF03463960FB713B681A22C8
:1025D0001A8000F043F8024B18460837BD4680BD0C
:1025E0005801002080B582B000AF03463960FB710E
:1025F000FB79002B05D13A6807490848FCF765FBD1
:1026000004E03A6804490548FCF75FFB024B1846B2
:102610000837BD4680BD00BF986800208454030879
:1026200080B582B000AF03463960FB71FB79002BA7
:1026300005D13A6807490848FCF747FB04E03A68C7
:1026400004490548FCF741FB024B18460837BD46D4
:1026500080BD00BF986800209054030880B584B006
:1026600000AF0F4B1B68FB600E4B1B68BB600E4B33
:102670001B687B60FA687B681344FB60FB68002B77
:1026800009D008220949F86800F014F80422084922
:10269000B86800F00FF800BF1037BD4680BD00BF1E
:1026A000E8F7FF1FECF7FF1FF0F7FF1F5A010020AC
:1026B0006A01002080B487B000AFF860B9601346AB
:1026C000FB710023FB750023FB7527E0FB681B0FE4
:1026D000092B0BD8FB681B0FDAB2FB7D5B00194698
:1026E000BB680B443032D2B21A700AE0FB681B0F91
:1026F000DAB2FB7D5B001946BB680B443732D2B2BD
:102700001A70FB681B01FB60FB7D5B000133BA683C
:10271000134400221A70FB7D0133FB75FA7DFB79AF
:102720009A42D3D300BF00BF1C37BD4680BC704760
:1027300080B582B000AF0346FB7100F047FB034653
:10274000002B04D0044B01221A70002300E0022366
:1027500018460837BD4680BD986A002080B586B00F
:1027600000AF0346B9607A60FB7300F02FFB0346AD
:10277000FB82FB8A002B08D0FA8ABB681A607B6850
:102780004FF480521A80002300E0022318461837C5
:10279000BD4680BD80B483B000AF0346FB7100230B
:1027A00018460C37BD4680BC704780B483B000AF7C
:1027B0000346FB71002318460C37BD4680BC7047AA
:1027C00080B586B000AFB9607A601A460346FB73E5
:1027D0001346BB810023FB757B681803BB891B0371
:1027E0009BB21A46B96800F043FB0346002B01D0A8
:1027F0000223FB7597F9173018461837BD4680BD80
:1028000080B586B000AFB9607A601A460346FB73A4
:102810001346BB810023FB757B681803BB891B0330
:102820009BB21A46B96800F095FB0346002B01D015
:102830000223FB7597F9173018461837BD4680BD3F
:1028400080B400AF00231846BD4680BC704700002E
:1028500080B584B000AF78607B681B680D4A9342F6
:1028600013D10D4BDB690C4A43F40003D3610A4BCF
:10287000DB6903F40003FB60FB68002200211420E5
:10288000ECF777F81420ECF790F800BF1037BD464E
:1028900080BD00BF005C00400010024080B582B0E7
:1028A00000AF78607B68D3F8D4227B6803F5267389
:1028B00019461046FBF7DBFA00BF0837BD4680BD5E
:1028C00080B582B000AF78600B46FB707B68D3F8B0
:1028D000D402FA78796813469B001344DB000B445A
:1028E00003F5B2731A68FB781946FBF70DFB00BFBE
:1028F0000837BD4680BD80B582B000AF78600B461A
:10290000FB707B68D3F8D402FA78796813469B0091
:102910001344DB000B4424331A68FB781946FBF799
:1029200064FB00BF0837BD4680BD80B582B000AFF4
:1029300078607B68D3F8D4321846FBF774FC00BF8C
:102940000837BD4680BD80B584B000AF78600123F4
:10295000FB737B689B79022B01D0E0F727FC7B6837
:10296000D3F8D432FA7B11461846FBF724FC7B6877
:10297000D3F8D4321846FBF7DDFB00BF1037BD4655
:1029800080BD000080B582B000AF78607B68D3F86E
:10299000D4321846FBF71EFC7B689B7A002B05D0CF
:1029A000044B1B69034A43F00603136100BF083759
:1029B000BD4680BD00ED00E080B582B000AF78601C
:1029C0007B68D3F8D4321846FBF718FC00BF0837F1
:1029D000BD4680BD80B582B000AF7860234A7B6879
:1029E000C2F8D4327B68214AC3F8C0221F4B204A68
:1029F0001A601E4B08221A711C4B02229A711B4B43
:102A000000229A72194B0022DA72184B00221A73B4
:102A10001648ECF724FD0346002B01D0E0F7C6FB77
:102A20007B68D3F8C002182300220021EEF762FA77
:102A30007B68D3F8C002582300228021EEF75AFAAF
:102A40007B68D3F8C002982300228121EEF752FA66
:102A50007B68D3F8C002D82300220121EEF74AFA9E
:102A6000002318460837BD4680BD00BF9C6A002081
:102A7000005C004080B584B000AF78600023FB7339
:102A80000023BB737B68D3F8C0321846ECF7DDFD3A
:102A90000346FB73FB7B184600F06CF90346BB73DF
:102AA000BB7B18461037BD4680BD80B584B000AFF3
:102AB0007860084611461A460346FB700B46BB7009
:102AC00013463B800023FB730023BB737B68D3F862
:102AD000C002BB783A88F978ECF731FF0346FB7304
:102AE000FB7B184600F046F90346BB73BB7B1846D8
:102AF0001037BD4680BD80B584B000AF78600B460E
:102B0000FB700023FB730023BB737B68D3F8C032D8
:102B1000FA7811461846ECF76FFF0346FB73FB7B10
:102B2000184600F027F90346BB73BB7B18461037E5
:102B3000BD4680BD80B584B000AF78600B46FB70A9
:102B40000023FB730023BB737B68D3F8C032FA7891
:102B500011461846EDF7CBF80346FB73FB7B18468E
:102B600000F008F90346BB73BB7B18461037BD461F
:102B700080BD80B584B000AF78600B46FB70002349
:102B8000FB730023BB737B68D3F8C032FA7811461D
:102B90001846ECF7F8FF0346FB73FB7B184600F082
:102BA000E9F80346BB73BB7B18461037BD4680BDB2
:102BB00080B584B000AF78600B46FB700023FB73D8
:102BC0000023BB737B68D3F8C032FA7811461846ED
:102BD000EDF739F80346FB73FB7B184600F0CAF8A3
:102BE0000346BB73BB7B18461037BD4680BD80B41F
:102BF00085B000AF78600B46FB707B68D3F8C032BD
:102C0000FB6097F90330002B0BDAFB7803F07F02AF
:102C1000F96813469B001344DB000B4412331B7806
:102C20000BE0FB7803F07F02F96813469B00134426
:102C3000DB000B4403F5A9731B7818461437BD4617
:102C400080BC704780B584B000AF78600B46FB70E5
:102C50000023FB730023BB737B68D3F8C032FA7880
:102C600011461846ECF747FE0346FB73FB7B1846FC
:102C700000F080F80346BB73BB7B18461037BD4697
:102C800080BD80B586B000AFF8607A601A460B460A
:102C9000FB7213463B810023FB750023BB75FB6869
:102CA000D3F8C0023B89F97A7A68ECF735FF03461E
:102CB000FB75FB7D184600F05DF80346BB75BB7DD8
:102CC00018461837BD4680BD80B586B000AFF860A5
:102CD0007A601A460B46FB7213463B810023FB7554
:102CE0000023BB75FB68D3F8C0023B89F97A7A6888
:102CF000ECF7CAFE0346FB75FB7D184600F03AF878
:102D00000346BB75BB7D18461837BD4680BD80B5F0
:102D100082B000AF78600B46FB707B68D3F8C0329E
:102D2000FA7811461846ECF7E0FE034618460837D5
:102D3000BD4680BD80B483B000AF7860024B1846BA
:102D40000C37BD4680BC7047746D002080B483B0E2
:102D500000AF786000BF0C37BD4680BC704780B4C0
:102D600083B000AF78600B46FB7000BF0C37BD46E8
:102D700080BC704780B485B000AF0346FB71002370
:102D8000FB73FB79032B17D801A252F823F000BF85
:102D9000A12D0308A72D0308AD2D0308B32D0308AB
:102DA0000023FB730BE00223FB7308E00123FB739A
:102DB00005E00223FB7302E00223FB7300BFFB7BF1
:102DC00018461437BD4680BC704700BF80B582B03E
:102DD00000AF144B1B88002B1ED100F0FBF978606C
:102DE0007B6803F47F03B3F56F0F15D17B6803F4A1
:102DF0005F43B3F5804F0FD17B68FB70FB78102BDE
:102E00000AD9FB78A12B07D8FB780C3B012202FAE8
:102E100003F39AB2034B1A80024B1B8818460837FB
:102E2000BD4680BDE47D002080B500AF00F04AFBC8
:102E30006420EAF7FDFFFFF7C9FF0346002B0BD024
:102E4000062000F03BFA502000F038FA6420EAF740
:102E5000EFFF002000F0ECF9044B1B88002B14BF9F
:102E600001230023DBB2184680BD00BFE47D0020B3
:102E700080B586B000AFF860B9601346FB80334B75
:102E80001B881A46FB681B0B9A4201D2032359E0A8
:102E9000FB88002B01D1022354E04FF47A7000F03C
:102EA000CDFA034683F00103DBB2002B01D00823E7
:102EB00048E00523FB750B233B74FB681B0CDBB25E
:102EC0007B74FB681B0ADBB2BB74FB68DBB2FB7470
:102ED00000233B7500237B751C4B1B88B3F5005FFB
:102EE00012D3FB681B0EDBB27B74FB681B0CDBB2DE
:102EF000BB74FB681B0ADBB2FB74FB68DBB23B757F
:102F000000237B750623FB750623BB7500F0CEFA04
:102F1000FB7D9AB207F1100164230D48EEF74EFED7
:102F20000346002B0BD1FA884FF47A73B96808482E
:102F3000EEF788FF0346002B01D10023BB7500F09C
:102F4000C1FABB7D18461837BD4680BDE47D002020
:102F50003C5C002080B586B000AFF860B9601346D5
:102F6000FB80FB68DBB2002B01D0012377E0FB88FC
:102F7000FF2B03D9FB88DBB2002B01D002236EE0CC
:102F8000394B1B881A46FB681B0B9A4201D203235C
:102F900065E04FF47A7000F051FA034683F00103C4
:102FA000DBB2002B01D0082359E000F0AFF8034654
:102FB00083F00103DBB2002B01D007234FE0FB6855
:102FC000C3F30B03002B13D1F86800F0C3F80346DA
:102FD00083F00103DBB2002B0AD0F86800F0F0F9AF
:102FE000034683F00103DBB2002B01D0042336E05B
:102FF00041F2883000F022FA034683F00103DBB28D
:10300000002B01D008232AE00023FB8222E0FB8A68
:10301000BA6813441946F86800F06CF9034683F067
:103020000103DBB2002B01D0052318E0FB6803F598
:103030008073FB604FF47A7000F000FA034683F06F
:103040000103DBB2002B01D0082308E0FB8A03F563
:103050008073FB82FA8AFB889A42D8D300231846F1
:103060001837BD4680BD00BFE47D002080B584B028
:1030700000AF03460A46FB801346BB80BB88002B8B
:1030800001D102233CE0204B1B881946FA88BB88FB
:103090001344994201DA032332E041F2883000F010
:1030A000CDF9034683F00103DBB2002B01D00823E6
:1030B00026E00023FB811EE0FA88FB8913441B03F2
:1030C000BB60B86800F07CF9034683F00103DBB213
:1030D000002B01D0042313E041F2883000F0AEF958
:1030E000034683F00103DBB2002B01D0082307E085
:1030F000FB890133FB81FA89BB889A42DCD3002328
:1031000018461037BD4680BDE47D002080B582B0F2
:1031100000AF012000F08CF80346FB80FB8803F031
:103120000203002B0AD1062000F0C8F80346002B4A
:1031300004D0012000F07CF80346FB80FB8803F0FC
:103140000203002B14BF01230023DBB2184608370B
:10315000BD4680BD80B58CB000AF78607B6823F43D
:103160007F6323F00F037B600023FB8529E007F1D9
:103170000C03202219467868FFF77AFE0346002BDD
:1031800017D1002387F82D300EE097F82D3030331B
:103190003B4413F8243CFF2B01D0002315E097F8A3
:1031A0002D30013387F82D3097F82D301F2BECD9B7
:1031B00001E0002309E07B6820337B60FB8D013355
:1031C000FB85FB8D7F2BD2D9012318463037BD46B6
:1031D00080BD000080B582B000AF9F23FB7000234C
:1031E0007B6000F063F9F91C642301220F48EEF7BD
:1031F000E5FC0346002B11D139464FF47A730322C4
:103200000A48EEF71FFE0346002B07D13B781A044D
:103210007B781B021343BA7813437B6000F052F9AA
:103220007B6818460837BD4680BD00BF3C5C002067
:1032300080B586B002AF0346FB714AF20553BB81ED
:1032400000233B8100F032F90023FB8107F10802E3
:1032500007F10C016423009302231748EEF70BFFDC
:103260000346002B20D17B7AFB81FB7983F001039D
:10327000DBB2002B18D035233B73A5237B7307F1FA
:10328000080207F10C016423009302230A48EEF7B9
:10329000F2FE0346002B07D17B7A1B021AB2B7F964
:1032A0000E3013431BB2FB8100F00CF9FB8918466A
:1032B0001037BD4680BD00BF3C5C002080B584B0A7
:1032C00000AF0346FB7100F0F1F8F91D0A2301225B
:1032D0000748EEF773FC0346002B0CBF01230023C5
:1032E000FB7300F0EFF8FB7B18461037BD4680BD3E
:1032F0003C5C002080B584B000AF786039607B68AA
:1033000023F0FF037B600023FB73FFF7FFFE034600
:1033100083F00103DBB2002B01D0002347E002233E
:103320003B727B681B0CDBB27B727B681B0ADBB2D7
:10333000BB720023FB7200233B730423BB731E4B41
:103340001B88B3F5005F0FD37B681B0EDBB27B726B
:103350007B681B0CDBB2BB727B681B0ADBB2FB72A7
:1033600000233B730523BB7300F0A0F8BB7B9AB22C
:1033700007F1080164231148EEF720FC0346002BF7
:1033800012D14FF47A734FF4807239680B48EEF71C
:1033900015FC0346002B07D100F094F84FF47A7027
:1033A00000F04CF80346FB7300F08CF8FB7B1846EA
:1033B0001037BD4680BD00BFE47D00203C5C00208E
:1033C00080B584B000AF7860FFF7A0FE034683F0BD
:1033D0000103DBB2002B01D0002328E020233B7344
:1033E0007B681B0CDBB27B737B681B0ADBB223F0B0
:1033F0000F03DBB2BB730023FB7300F057F807F138
:103400000C01642304220C48EEF7D8FB0346002B82
:103410000AD100F057F842F2107000F00FF803469E
:10342000002B01D0012302E000F04CF800231846E5
:103430001037BD4680BD00BF3C5C002080B588B021
:1034400002AF7860EAF7EAFC02467B6813447B61CE
:1034500005233B820023BB8100F028F807F10C0212
:1034600007F110016423009302230F48EEF703FED7
:103470000346002B03D000F025F800230FE000F0F6
:1034800021F87B7B03F00103002B07D0EAF7C6FC91
:1034900002467B699342DFD8002300E001231846EF
:1034A0001837BD4680BD00BF3C5C002080B500AF32
:1034B00000224FF480510248EBF7B9FF00BF80BDF6
:1034C000000C014080B500AF01224FF4805102484A
:1034D000EBF7ADFF00BF80BD000C014000F038BB32
:1034E000012838BF012010B50446204600F01CFE1C
:1034F00000B110BD00F02EFB08B900F0F1FD8047CF
:10350000F3E770477047704708B500F0E9FD08B56C
:1035100000F0E6FD08B500F0E3FD08B500F0E0FDC1
:103520000FB408B500F0DCFD0AB100F0C9BF704768
:103530000AB100F0D7BE1046704750F8083B1B1A7E
:10354000584258417047000008B50B68B3F1804FEE
:1035500002D30D48FFF7E1FF93420BD9B3EB420FC3
:103560004FEA420006D2B0F1804F2ABF6FF04043CD
:1035700008600B600868013001D5FFF7C5FFBDE8A2
:103580000840FFF7ADBF00BF646E030810B50446E6
:10359000FFF7D3FF20B92068BDE8104000F0D8BA8B
:1035A00010BD000008B5034608465B681146984206
:1035B00003D902460148FFF7B3FF08BD7C6E03083C
:1035C000406801F180410139091A914208B502D2DF
:1035D0001846FFF7A2FF08BD03688B4206D8426871
:1035E0001344994294BF0020012070470120704786
:1035F000012A10B403D10A7810BC0270704710BCC5
:10360000FFF792BF012A30B403D10B78037030BCAE
:103610007047002AFBD030BC00F074BE08B5521AC7
:10362000FFF7E6FF08BD08B5521AFFF7E1FF08BD36
:1036300000F108020260002242600272704700F14D
:10364000080202600022426002727047F8B500F181
:1036500008070760054608460C46FFF76EFF04F1B1
:103660000806626860B1314638460132FFF75CFFF8
:10367000636828466B600023237226606360F8BD90
:1036800023682B60A368AB60F2E710B50446FFF730
:103690007DFF204610BDF8B50C460546FFF74DFFEF
:1036A00006462046FFF749FF90B1A5420AD062685E
:1036B0001AB121682868FFF79BFF002163682A6818
:1036C0006B60D15400232268636013702846F8BDF4
:1036D0000EB92868AF6823682B6063686B60A368C5
:1036E000AB6010B12060A760ECE704F10803236031
:1036F000E8E7406870474068704710B50446FFF738
:103700001CFF08B9A06810BD0F20FCE78842F7B580
:1037100004460E461DD04D68FFF7EFFFA842024653
:1037200011D201A920460195FFF70EFF074620465A
:10373000FFF72CFF019B2760A3602A4631682068B1
:10374000FFF756FF01E0002DF7D1002223686560E6
:103750005A5503B0F0BD10B50446FFF7D7FF204619
:1037600010BD2DE9F3470A9E1F46436801EB02088E
:10377000B21A1A4404460D46A3EB08090192FFF75A
:10378000BCFF01A902462046FFF7DEFE82461DB1BE
:103790002A462168FFF72CFF37B12EB13246394651
:1037A0000AEB0500FFF724FFB9F1000F07D02168ED
:1037B00035444A4641440AEB0500FFF719FF20460D
:1037C000FFF7E4FE019BC4F800A0A36002B0BDE8CF
:1037D000F08737B504460191FFF78FFF019B024642
:1037E00083420FD901A92046FFF7AEFE0546626865
:1037F00021680132FFF7FCFE2046FFF7C7FE019B60
:103800002560A36003B030BD0023026843601370DD
:1038100070474068B0FA80F0400970472DE9F04FDA
:103820001446804685B00E9D89462A4621461F468D
:10383000374BFFF7C5FED8F804304046A5EB040B24
:1038400003EB0B0A0393FFF758FF504554D3D8F806
:103850000060039B4E443946A1444046A3EB09094E
:10386000FFF7BAFE80B1B9F1000F06D0AC4204D028
:103870004A4631197019FFF7C5FE15B32A46394675
:103880003046FFF7B5FE1CE035B1AC423CD32A46CA
:1038900039463046FFF7B6FEB9F1000F11D0AC4201
:1038A0000FD04A4631197019FFF7ACFEAC4208D26E
:1038B00034447B199C420FD32A4639463046FFF7E1
:1038C000A1FE00224046D8F80030C8F804A003F852
:1038D0000A2005B0BDE8F08FBC4203D82A4607EBAA
:1038E0000B01CDE7E41B224639463046FFF78AFE3E
:1038F0002A1B71193019C4E73B4622464946404607
:103900000095FFF72EFFDCE7B9F1000FD0D0C8E734
:10391000C96E0308F7B504460F461546084A1E4609
:10392000FFF740FE6268089BD21BAA420146009343
:1039300028BF2A4633462046FFF770FF03B0F0BD8C
:10394000B36E030807B55368009313680022FFF7AE
:10395000E1FF03B05DF804FB73B50546104614465D
:103960000E46CCF761FC23460090002231462846E3
:10397000FFF7D0FF02B070BD2DE9F341D0F804800D
:10398000044602EB08070E461546FFF7B6FEB8429E
:103990000ED32DB120682A4631464044FFF728FE59
:1039A0000022204623686760DA5502B0BDE8F08146
:1039B00033460022414620460095FFF7D2FEEFE74E
:1039C00070B504460D4616460021044BFFF7F8FD7E
:1039D000324629462046FFF7CFFF70BDE26E03084E
:1039E00008B5D1E90012FFF7EBFF08BD08B5FFF7F6
:1039F000F7FF08BD70B5044608460D46CCF714FC29
:103A00000646024600212046044BFFF7D9FD324608
:103A100029462046FFF7B0FF70BD00BFE26E0308E5
:103A200008B5FFF7E7FF08BD00687047704738B575
:103A300045684C682A46A54228BF224609680068A6
:103A4000FFF776FD00B9281B38BDF8B54768054675
:103A500008460E46CCF7E8FB874204463A46314614
:103A600028BF02462868FFF763FD00B9381BF8BD80
:103A700073B5531A0F2B04460D461646019306D90B
:103A8000002201A9FFF760FD019B2060A360324680
:103A900029462068FFF7C2FD0021019B2268636070
:103AA000D15402B070BD10B5044600F108020260A6
:103AB000D1E900124FF000030A44FFF7D9FF204676
:103AC00010BD73B5531A0F2B04460D4616460193CD
:103AD00006D9002201A9FFF737FD019B2060A360F2
:103AE000324629462068FFF79EFD0021019B22688F
:103AF0006360D15402B070BD00F1080310B50446F4
:103B0000036019B912B10548FFF704FD20464FF0D4
:103B100000030A44FFF7D5FF204610BDF76E0308E7
:103B200038B500F1080304460D46036011B9074893
:103B3000FFF7F0FC0846CCF777FB4FF000032A189C
:103B400029462046FFF7BDFF204638BDF76E030823
:103B500000F0F2BA024B1868BFF35B8F704700BFEA
:103B6000E87D0020F8B506460F4600F04BF83246D7
:103B700004460D463B4630463946CCF7B3FF90B974
:103B80000022002330463946CCF784FF58B100F0BC
:103B900055FC212300220360002310461946CCF770
:103BA00031FE04460D4620462946F8BD38B5044688
:103BB00000F068F9214605462046CDF715FB70B99F
:103BC00000212046CDF706FB48B900212046CDF75D
:103BD000D9FA30B100F032FC2223064D03602846AA
:103BE00038BD00F02BFC212303600348BDE83840BA
:103BF00000F004B8000080FF2E6F030800487047F3
:103C00000000C07F674A2DE9F84F8A4306460F46F9
:103C10000B4604460ED10246CCF7CAFC02460B46C0
:103C200030463946CCF70EFB06460F46304639463D
:103C3000BDE8F88F00290CDC21F000420243F5D0EA
:103C400089B10246CCF7FCFA02460B46CCF7DAFD06
:103C5000EAE70A1515D1002109E0E30A153A6405DF
:103C6000002BFAD0F7E70A46FAE75B000131D802E9
:103C7000FBD5481E121AC1F1200024FA00F00343BC
:103C80008C400026A2F2FF371621D2074FF4001015
:103C90003246C3F3130343F480135CBF5B0003EBB2
:103CA000D4734FEA430358BF640003EBD4737F100F
:103CB000640015189D42DEBF2A185B1B3618E50FFD
:103CC000013905EB43034FEA44044FEA5000F0D1B9
:103CD0000D464FF0200A4FF000409A4201EB000CD5
:103CE00002DB13D1A44511D8BCF1000F0CEB00018D
:103CF00042DA002940DB02F1010E9B1A7246A4450C
:103D000088BF03F1FF33A4EB0C0405444FEAD47CD5
:103D1000BAF1010A0CEB43034FEA44044FEA5000A6
:103D2000DBD11C431AD0204CDFF880B0D4E900016D
:103D3000DBE90023CCF784FAD4E9008902460B467C
:103D400040464946CCF7B0FE40B1D4E90001DBE97A
:103D50000023B5F1FF3F11D15546013672106B08B3
:103D6000F10702F17F5202F5001248BF43F0004311
:103D7000184602EB075157E79646BEE7CCF762FAC2
:103D8000D4E9008902460B4640464946CCF782FEFC
:103D900020B1A81C08BF01360235DFE76B1C23F0F9
:103DA0000105DBE70000F07FA00100209801002062
:103DB000F8B5C1F30A57A7F2FF32132A04460D469D
:103DC0000B461ADC002A0BDA01F00043013204BF73
:103DD00043F07F5343F4401300221D46144616E07F
:103DE000154810410140214311D04FF4002141FA00
:103DF00002F2134423EA0003EEE7332A0ADDB2F5A8
:103E0000806F04D10246CCF71DFA04460D462046C9
:103E10002946F8BD4FF0FF30A7F21347F840204283
:103E2000F5D0C2F1330101228A40121928BF0133B3
:103E300022EA0002D1E700BFFFFF0F00C0F3C75323
:103E40007F3B162B014610B514DC002B07DA01333B
:103E500000F0004101D141F07E51084610BD084AF2
:103E60001A410242F9D04FF480011941014421EA7C
:103E70000201F2E7802BF0D1CCF7E8FE0146ECE737
:103E8000FFFF7F0030F0004201462DE9F84F06D1D8
:103E900000214FF04C40CDF795F8BDE8F88F002891
:103EA000044603DACCF7D0FE0021F4E7B0F1FF4F6F
:103EB00002DBCCF7CBFEF0E7B0F5000F35DA4FF0C0
:103EC0009841CCF7CBFF6FF018030446E7157F3F0E
:103ED0001F44764BC4F31604234403F4000080F01F
:103EE0007E504FF07E51204307EBD357CCF7ACFE0A
:103EF0006F4B04F10F0213400646002B43D1002103
:103F0000CDF740F998B1002F00F0CD803846CCF7BE
:103F100051FF68490546CCF7A1FF6749044628468A
:103F2000CCF79CFF01462046C3E70023CEE7634958
:103F30003046CCF793FF01464FF07C50CCF784FE1F
:103F4000314604463046CCF789FF01462046CCF77F
:103F500085FF04460FB9214678E03846CCF72AFFA2
:103F600054490746CCF77AFF054638465249CCF704
:103F700075FF01462046CCF767FE3146CCF764FE5C
:103F80000146284679E04FF08041CCF75FFE0146BC
:103F90003046CDF717F881463846CCF70BFF494637
:103FA00080464846CCF75AFF01468246CCF756FF7A
:103FB00005464349CCF752FF4249CCF747FE294614
:103FC000CCF74CFF4049CCF741FE2946CCF746FFE1
:103FD0003E49CCF73BFE5146CCF740FF3C49824678
:103FE0002846CCF73BFF3B49CCF730FE2946CCF7BF
:103FF00035FF3949CCF72AFE2946CCF72FFF014679
:104000005046CCF723FEDFF8D4B00546A344C4F5F0
:10401000571404F5227444EA0B04002C30DD4FF0F1
:104020007C513046CCF71AFF3146CCF717FF0146DA
:1040300004462846CCF70AFE4946CCF70FFF054652
:1040400037B901462046CCF7FFFD0146304614E063
:1040500018494046CCF702FF174907464046CCF7BF
:10406000FDFE2946CCF7F2FD01462046CCF7ECFDDB
:104070003146CCF7E9FD01463846CCF7E5FD0CE7C3
:1040800001463046CCF7E0FD4946CCF7E7FE044652
:10409000002F3FF460AF07494046CCF7DFFE0649EA
:1040A0000546404663E70020F7E600BF20FB4A00D4
:1040B000F0FF7F008071313FD1F71737ABAAAA3EDE
:1040C0009788173E25333A3E2549923EABAA2A3FB0
:1040D0004FD01C3E298E633ECDCCCC3E305CCFFF12
:1040E000062008B500F07EF90120E7F71CFF00006C
:1040F000024B0A460146186800F002B8A8010020E9
:1041000070B5A1FB02543CB9294600F03FF80646C1
:1041100028B90026304670BD0C220260F9E72A4615
:10412000214600F009F9F5E7024B0146186800F056
:104130002DB800BFA8010020024B0146186800F00E
:10414000CDB900BFA801002070B50F4E0C463168F4
:10415000054611B900F062F930602146284600F0AA
:104160005DF9431C03D14FF0FF34204670BDC41CE1
:1041700024F00304A042F8D0211A284600F04EF99A
:104180000130F2D1EFE700BFEC7D00202DE9F843CC
:10419000CD1C25F0030508350C2D38BF0C25002D4E
:1041A000064601DBA94204D90C2333600020BDE898
:1041B000F883DFF8D48000F069F8D8F800301C46A6
:1041C00044BB29463046FFF7BFFF431C044658D185
:1041D000D8F800402746002F43D1002C4BD023684D
:1041E0003946304604EB030900F018F9814542D105
:1041F000216830466D1A2946FFF7A6FF01303AD0F4
:1042000023682B442360D8F800305A6862BBC8F892
:1042100000700FE02268521B20D40B2A17D96119B5
:10422000A342256018BF5960636808BFC8F8001032
:1042300062514B60304600F02FF804F10B00231D53
:1042400020F00700C21A1CBF1B1AA350AFE7626818
:10425000A3420CBFC8F800205A60EBE7234664680D
:10426000AEE73C467F68B6E71A465B68A342FBD1DF
:1042700000235360DEE70C233046336000F00CF877
:1042800094E70560D6E700BFF07D0020014800F00C
:10429000FFB800BF307F0020014800F0FAB800BF2F
:1042A000307F00200EB46FF0004100B59CB01DAB14
:1042B00002900690079104910848094953F8042B8D
:1042C0000591006802A9019300F0ACF90022029B5D
:1042D0001A701CB05DF804EB03B07047A801002011
:1042E0000802FFFF10B501390244904201D10020BD
:1042F00005E0037811F8014FA34201D0181B10BD4F
:104300000130F2E7884210B501EB020402D9844281
:10431000234607D8431EA14208D011F8012B03F809
:10432000012FF8E7014602448A4200D110BD13F87C
:10433000014D02F8014DF7E703460244934200D1D4
:10434000704703F8011BF9E710B56AB10139841809
:1043500010F8012B11F8013F9A4203D1A04201D07D
:10436000002AF5D1D01A10BD1046FCE7034610B55F
:10437000013932B111F8014F013A03F8014B002C19
:10438000F7D100211A44934200D110BD03F8011B5C
:10439000F9E71F2938B505460C4604D916230360F2
:1043A0004FF0FF3038BDC26B12B152F821304BB91B
:1043B000284600F031F8224601462846BDE838403C
:1043C00000F018B8012B0AD0591C03D11623036042
:1043D0000120E7E70021204642F8241098470020FA
:1043E000E0E70000024B01461868FFF7D2BF00BFAC
:1043F000A801002038B50023064D044608461146A2
:104400002B60E7F780FD431C02D12B6803B12360CA
:1044100038BD00BF2C7F0020E7F76EBD38B5002304
:10442000054D044608462B60E7F788FD431C02D182
:104430002B6803B1236038BD2C7F0020014B186826
:10444000704700BFA801002070B500260C4D0D4C30
:10445000641BA410A64209D100F0A8FB00260A4D57
:104460000A4C641BA410A64205D170BD55F8043B4C
:1044700098470136EEE755F8043B98470136F2E7D6
:10448000646F0308646F0308646F03086C6F0308AC
:1044900070477047034611F8012B03F8012B002ADF
:1044A000F9D17047034610B5C9B202449342184689
:1044B00001D1002003E0047801338C42F6D110BD15
:1044C0000A44914200F1FF3300D1704710B511F852
:1044D000014B914203F8014FF9D110BD38B50546A3
:1044E000002940D051F8043C0C1F002BB8BFE41841
:1044F000FFF7CCFE1C4A136833B96360146028468A
:10450000BDE83840FFF7C8BEA34208D9206821188B
:104510008B4201BF19685B6809182160EDE71A46F4
:104520005B680BB1A342FAD911685018A0420BD1B5
:1045300020680144501883421160E0D118685B681C
:10454000084410605360DAE702D90C232B60D6E7E9
:10455000206821188B4201BF19685B680918216027
:1045600063605460CBE738BDF07D00202DE9F04753
:104570001F468E688246BE420C4690460B682DD878
:10458000B1F90C2012F4906F26D06569096905EB2A
:104590004505A3EB010905EBD5757B1C4B446D105C
:1045A0009D4238BF1D46530527D52946FFF7EEFD2E
:1045B000064660B34A462169FFF782FFA38923F4C8
:1045C000906343F08003A38126614E4426603E46FB
:1045D0006561A5EB0905A560BE4200D93E4632469D
:1045E00041462068FFF78EFE0020A3689B1BA36056
:1045F000236833442360BDE8F0872A4600F0A0FA20
:1046000006460028E0D150462169FFF767FF0C23DA
:10461000CAF80030A3894FF0FF3043F04003A38174
:10462000E9E700002DE9F04F98468B8907461B0605
:104630000D4614469DB010D50B6973B94021FFF7A4
:10464000A5FD2860286130B90C233B604FF0FF3096
:104650001DB0BDE8F08F40236B6100230993202338
:104660008DF8293030234FF00109CDF80C80DFF8A8
:1046700098818DF82A3023469A4613F8012B0AB107
:10468000252AF9D1BAEB040B0BD05B46224629460A
:104690003846FFF76BFF013000F0A780099A5A44B3
:1046A00009929AF80030002B00F09F8000234FF011
:1046B000FF32CDE905230AF1010A049307938DF82F
:1046C00053301A935446052214F8011B4E48FFF745
:1046D000E9FE049AD8B9D00644BF20238DF85330A0
:1046E000110744BF2B238DF853309AF800302A2B42
:1046F00015D0544600204FF00A0C079A214611F8B5
:10470000013B303B092B4BD9B0B1079214E0A0EB31
:10471000080309FA03F31343A2460493D2E7039B69
:10472000191D1B680391002BBBBF5B4242F00202C4
:1047300007930793B8BF049223782E2B0AD163788E
:104740002A2B32D1039B02341A1D1B68039243EAC1
:10475000E3730593DFF8B4A0032250462178FFF7F6
:10476000A1FE38B14022049BA0EB0A008240134313
:104770000134049314F8011B062225488DF82810F3
:10478000FFF790FE002836D0224B1BBB039B07335C
:1047900023F0070308330393099B334409936AE723
:1047A0000C4601200CFB0232A8E700234FF00A0C54
:1047B000194601340593204610F8012B303A092A96
:1047C00003D9002BC6D00591C4E7044601230CFB96
:1047D0000121F0E703AB00932A4638460E4B04A9AB
:1047E000AFF30080421C0646D6D1AB895B063FF58D
:1047F0002DAF09982CE703AB00932A463846064BA9
:1048000004A900F07DF8EDE7296F03082F6F030876
:10481000336F0308000000006D4503082DE9F047E1
:10482000164698468A680B6907469342B8BF1346F6
:10483000336091F843200C46DDF820900AB1013333
:1048400033602368990642BF3368023333602568BA
:1048500015F0060506D104F1190AE36832689B1ABF
:10486000AB422BDC94F843302268003B18BF012395
:10487000920630D44146384604F14302C84701301D
:1048800023D02368226903F00603042B14BF0025FC
:1048900033684FF0000608BFE56804F11A0408BF4A
:1048A000ED1A54F8123C08BF25EAE5759342C4BFDF
:1048B0009B1AED18B5421AD1002008E00123524698
:1048C00041463846C847013003D14FF0FF30BDE8BC
:1048D000F0870135C1E73020E11881F843005A1C08
:1048E00094F845102244023382F84310C2E70123B2
:1048F000224641463846C8470130E6D00136D9E75E
:104900002DE9FF470F7E9146782F80460C469A4648
:104910000C9E01F1430207D8622F0AD8002F00F045
:10492000D380582F00F0BA8004F1420684F8427018
:104930003AE0A7F16303152BF6D801A151F823F053
:1049400099490308AD49030829490308294903087F
:104950002949030829490308AD49030829490308DF
:10496000294903082949030829490308AF4A0308CC
:10497000D7490308694A0308294903082949030854
:10498000D14A030829490308D749030829490308DC
:1049900029490308714A030833681A1D1B683260ED
:1049A00004F1420684F8423001239EE03368206817
:1049B000191D3160060601D51D6803E04506FBD5CB
:1049C000B3F90050002D03DA2D236D4284F84330F3
:1049D0000A23594811E021683368080653F8045B3C
:1049E00002D4490648BFADB26F2F336014BF0A230B
:1049F00008235148002184F843106668002EA8BFA0
:104A00002168A660A4BF21F0040121600DB9002E29
:104A10004BD01646B5FBF3F103FB1157C75D06F803
:104A2000017D2F46BB420D46F4D9082B0BD12368DC
:104A3000DF0708D5236961689942DEBF302306F895
:104A4000013C06F1FF36921B22614B46214640464F
:104A5000CDF800A003AAFFF7E1FE01304AD14FF0E4
:104A6000FF3004B0BDE8F087236843F020032360E3
:104A70007827324884F84570236831681F0651F85A
:104A8000045B02D45F0648BFADB23160D90744BFB2
:104A900043F0200323601DB11023ABE72648E9E76C
:104AA000236823F020032360F6E71646BDE733684A
:104AB0002568181D616930602E061B6801D51960D4
:104AC00002E06806FBD51980002316462361BCE787
:104AD000336800211A1D32601E6862683046FFF795
:104AE000E1FC08B1801B606063682361002384F8E7
:104AF0004330AAE73246494640462369D047013051
:104B0000ADD023689B0713D4E068039B9842B8BFDD
:104B10001846A6E70123324649464046D0470130B1
:104B20009DD00135E36803995B1AAB42F2DCEBE7F9
:104B3000002504F11906F5E73A6F03084B6F0308E7
:104B40002DE9F041804615460C4621B91146BDE8D5
:104B5000F041FFF71BBB2AB9FFF7C0FC0024204639
:104B6000BDE8F08100F01AF88542064602D8B5EBA0
:104B7000500FF4D829464046FFF708FB07460028A7
:104B8000ECD0B5422A46214628BF3246FFF798FCB2
:104B900021464046FFF7A2FC3C46E0E751F8043CC2
:104BA000181F002BBCBF0B58C0187047F8B500BFCA
:104BB000F8BC08BC9E467047F8B500BFF8BC08BCFE
:044BC0009E46704756
:104BC4004D61696E204D656E750000007061726103
:104BD4006D657465727300006368616E6765205467
:104BE40031322074697000006163746976617465A0
:104BF4002074697073000000543132207365747539
:104C0400700000004A424320736574757000000010
:104C1400484F542047554E2073657475700000004A
:104C2400726573657420636F6E66696700000000C7
:104C340061626F7574000000717569740000000092
:104C4400506172616D65746572730000756E69748C
:104C54007300000062757A7A657200007570706581
:104C64007220656E636F6465720000006C6F776517
:104C74007220656E636F64657200000074656D7008
:104C84002E207374657000006272696768746E65C3
:104C940073730000616D6269656E7400726F746194
:104CA40074696F6E000000006C616E677561676502
:104CB40000000000646973706C6179207479706518
:104CC400000000006D61782074656D706572617418
:104CD4007572650074756E652050494400000000CB
:104CE400736176650000000063616E63656C0000AB
:104CF4005431322069726F6E2073657475700000D0
:104D04007377697463682074797065006175746F72
:104D140020737461727400006175746F206F66662D
:104D2400000000007374616E6462792074656D70B4
:104D34002E0000007374616E6462792074696D657D
:104D440000000000626F6F73742074656D702E0034
:104D5400626F6F73742074696D65000063616C69C0
:104D64006272617465207469700000006261636B33
:104D740020746F206D656E75000000004A42432068
:104D840069726F6E20736574757000006661737468
:104D9400206368696C6C000066616E20766F6C74C9
:104DA4006167650063616C6962726174652067752F
:104DB4006E00000043616C696272617465000000FA
:104DC4006175746F6D617469630000006D616E7567
:104DD400616C0000636C65617200000054756E655F
:104DE400205049440000000054313220504944000E
:104DF4004A4243205049440047756E2050494400BC
:104E04004D616E61676520636F6E666967000000BF
:104E14004C6F6164206C616E672064617461000092
:104E24004C6F616420636F6E6669670053617665D9
:104E340020636F6E666967004F4E00004F46460060
:104E440046616E3A000000007077723A000000007C
:104E54005265662E202300005245454400000000A0
:104E640054494C54000000006465672E00000000A3
:104E74006D696E0073656300637700006363770098
:104E84005365743A00000000494E464F000000008C
:104E94004552524F5200000053656C656374207490
:104EA40069700000464C4153482072656164206576
:104EB40072726F7200000000464C415348207772B2
:104EC400697465206572726F72000000464C41532C
:104ED40048206572617365206572726F720000000C
:104EE400464C41534820666F726D617420636F6D48
:104EF400706C6574650000004E6F20546970206CFE
:104F040069737400666F726D617420464C41534836
:104F14003F000000657261736520464C4153483F71
:104F2400000000004661696C656420746F20666F40
:104F3400726D617420464C41534800007361766978
:104F44006E6720636F6E66696775726174696F6EF0
:104F540000000000486F742047756E005431322001
:104F640069726F6E000000004A42432069726F6EDE
:104F740000000000536176653F000000596573002E
:104F84004E6F0000464C41534820657261736500C2
:104F940049505300544654007374616E646279003E
:104FA4007570646174696E6720666C617368000073
:104FB400000A19242A32370074697063616C2E6404
:104FC4006174000074697063616C2E62616B00002F
:104FD400636F6E6669672E6461740000636F6E664A
:104FE40069672E62616B00007069642E64617400ED
:104FF4007469705F6C6973742E74787400000000B7
:105004001C014006000000001C0140060000E803EB
:105014001C01400600000000180B400600000000C0
:105024001C0140060000F401180B58020000F401B2
:105034008C054006000000006400E803BC02CF07B2
:10504400C80004014A019001C8002C019001F40138
:10505400B0046C07C409540B4B70203D2025356403
:10506400000000004B69203D20253564000000004D
:105074004B64203D202535640000000030303000B2
:105084002564000025336425630000002532640094
:10509400253364007077723A253364007878783A5F
:1050A40038383800253464007400000049524F4EEB
:1050B40073202620486F74204169722047756E0062
:1050C400312E303300000000436F6E74726F6C6CCD
:1050D400657220762E2573004E6F76203131203292
:1050E4003032350025730000695077723A000000B1
:1050F4006746616E3A000000694375723A00000029
:10510400674375723A00000069546D703A000000FC
:1051140067546D703A00000074696C743A000000C2
:1051240054494D313A000000694473703A0000005C
:10513400674473703A000000616D622E3A0000000B
:10514400253564005B25632E25632E25635D0000F1
:105154005B25632E25635D002825632D25632900C7
:105164006E756D626572206F6620736563746F720D
:105174007300000065726173696E6700303030300F
:1051840000000000303A2F00000000006C616E67E0
:1051940075616765730000006E616D650000000055
:1051A4006D6573736167657300000000666F6E74EC
:1051B40000000000766563746F723A3A5F4D5F7267
:1051C40065616C6C6F635F696E7365727400000077
:1051D40063616E6E6F7420637265617465207374AD
:1051E400643A3A6465717565206C61726765722012
:1051F4007468616E206D61785F73697A652829002F
:105204002531642000000000253364002533642523
:105214006300000025326443000000002532644628
:10522400000000002000000025326420000000007F
:105234002533642043000000253364204600000029
:1052440020253264200000002B25326420256300D1
:105254002533642000000000200000004428502969
:1052640000000000540000006D616E75616C2050F8
:1052740049440000700000004175746F2050494497
:105284000000000048656174696E670042617365DF
:1052940020706F776572000053746F700000000017
:1052A40070777220706C7573000000007077722044
:1052B4006D696E7573000000737461727420747587
:1052C4006E696E6700000000446562756720696E50
:1052D400666F0000303A2F00303A000000000000F2
:1052E400766563746F723A3A5F4D5F72616E67659B
:1052F4005F636865636B3A205F5F6E202877686937
:10530400636820697320257A7529203E3D207468DE
:1053140069732D3E73697A65282920287768696343
:105324006820697320257A75290000007374616E02
:1053340064616C6F6E6500004E4F4E4500000000C6
:1053440047554E00222A3A3C3E3F7C7F0000000035
:105354002B2C3B3D5B5D00004641540046415433D9
:1053640032000000EBFE904D53444F53352E300075
:105374004E4F204E414D452020202046415433328B
:10538400202020004E4F204E414D45202020204615
:105394004154202020202000747275650000000014
:1053A40066616C73650000006E756C6C0000000033
:1053B400392C00340200000000C130008500780060
:1053C40000000000640312810000000020000000BF
:1053D40023000000100000003E28000086000000AA
:1053E4004800000055000000001800000882270053
:1053F40000000000010000000F312B0C0E084EF1DC
:10540400370710030E090000000E1403110731C101
:1054140048080F0C31360F00FA000000130000009A
:1054240022350000BD00000028000000013000000B
:10543400001B00000F35310B0E0649A733070F037D
:105444000C0A0000000A0F04110836584D07100C0E
:1054540032340F000700000053544D3332204D61A5
:1054640073732053746F72616765000053544D6900
:1054740063726F656C656374726F6E696373000049
:105484004D534320436F6E66696700004D534320BC
:10549400496E746572666163650000000000000077
:1054A40000000000C9520008DB520008EF52000857
:1054B4000153000821530008000000000000000010
:1054C40000000000000000000000000000000000D8
:1054D40000000000000000000000000000000000C8
:1054E40000000000000000000000000000000000B8
:1054F40000000000254B00089D4B0008B94100083E
:10550400D3400008E7400008FB40000817410008AA
:10551400334100080000000000000000754100084D
:1055240099410008B9410008D3400008E740000849
:10553400FB40000817410008334100080000000048
:105544000000000081400008A1400008C14000089C
:10555400D3400008E7400008FB400008174100085A
:1055640033410008000000000000000000000000BB
:105574000000000000000000000000000000000027
:105584000000000000000000000000000000000017
:105594000000000000000000000000000000000007
:1055A40000000000000000000000000000000000F7
:1055B400DB7A0008DB520008EF520008F5570008B8
:1055C400195800083844444438000000E007E00754
:1055D400C3C3C3C3C3C3C3C3C3C3C3C3C003C0031D
:1055E400C003C3C3E3C7E007E03CFF3CE0000000A6
:1055F4002020707070F8A8A80000000000000000CF
:105604000000000000000000000000007F80000097
:105614000000FFC000000000FFC0000000007FC0C9
:10562400000000003FC0000000003FC00000000078
:105634001FC0000000001FC0000000000FC00000D9
:1056440000000FC00000000007C00000000007C0F9
:105654000000000007C00000000003C000000000BC
:1056640003C00000000003C00000000003C00000ED
:1056740000000FF0000000000FF0000000001FF811
:10568400000000001FF8000000001FF800000000E8
:105694003FFC00000000EFF600000003FFEF800075
:1056A4000007FBDFF000001FF01FFFF8007FE0079A
:1056B400FFF800FFC003FFF803FF8001FFF003FFC2
:1056C4000000FFF003FF00007FE003FE00001FC0A6
:1056D40001FC00000F8001FC0000070000F800003E
:1056E400000000F800000000007800000000001036
:1056F40000000000000000000000000000000000A6
:105704000000000000000000000000000000000095
:105714000000000000000000000000000000000085
:10572400000000000000000000000000000700006E
:1057340000000007C00000000007E00000000007B0
:10574400F00000000007F80000000007FC00000063
:105754000007FC0000000007FC0000000007F80040
:105764000000000FF0000000000FE0000000000F38
:10577400E0000000001FC0000000001F80000000C7
:10578400003F00000000007E0000000003DC000079
:1057940000000FEC000000000FF000000FFFFFF806
:1057A40000001FFFFFF800001FFFFFF800001FFFAD
:1057B400FFF800001FFF0FF000001FF80FF80000B3
:1057C4001FE003DC00001F80007E00001E00003F7D
:1057D40000000C00003F80000000001FE0000000FB
:1057E400001FF0000000000FFC0000000007FF8015
:1057F40000000007FFC000000003FF80000000035A
:10580400FF8000000001FF0000000000FC00000019
:105814000000F00000000000000000000000000094
:105824000000000000000000000000000000000074
:105834000000000000000000000000000000000064
:105844000000000000000000000000000000000054
:105854000000000000000000000000000000000044
:105864000000000000000000000000000000000034
:10587400000003800000000007C00000000007C013
:1058840003C000000FC003E000000FE007F80000B1
:105894001FE00FFE00003FE00FFF00007FF01FFF3E
:1058A400C000FFE01FFFF003FFE01FFFFFEFFF80DA
:1058B4003FFFFFFFFE001807FFF7F00000007FFF27
:1058C400C00000001FFE000000001FF800000000E0
:1058D4001FF8000000000FF00000000007E00000C7
:1058E400000003800000000003E00000000003E06B
:1058F4000000000003E00000000003E000000000DE
:1059040003F00000000003F00000000003F80000B2
:10591400000003F80000000003FC0000000003FC8A
:105924000000000003FE0000000003FF0000000070
:1059340003FF0000000001FFC000000001FF800021
:10594400000000FF00000000000000000000000054
:105954000000000000000000000000000000000043
:105964000000000000000000000000000000000033
:10597400000000000000000000000000000F800094
:105984000000003FC0000000007FC000000000FFD6
:10599400E000000001FFE000000001FFF000000053
:1059A400007FF0000000001FF80000000007FC006A
:1059B40000000001FC0000000000FE0000000000E8
:1059C4007E00000000003E00001800001FE0003CC4
:1059D40000001FF000FC00000FF007FC00001FFC9B
:1059E4007FFC00001FFFFFFC00001FFFFFFC000006
:1059F4001FFFFFF800000FF7FFF800000FE0FFF0B3
:105A040000001FC003F000003F00000000003E0043
:105A1400000000003E00000000007E0000000000C6
:105A24007E0000000000FC0000000001FC000000FB
:105A34000001FC0000000003FC0000000003FC0067
:105A440000000007FC0000000007FC000000000745
:105A5400FC0000000003FE0000000001FE00000046
:105A640000007E00000000001C0000000000000098
:105A74000000000000000000000000000000000022
:105A84000000000000000000000000000000000012
:105A94000000000000000000000000000000000002
:105AA40000C00000000003F0000000000718000020
:105AB40000003A0C000000007C0600000000FC021C
:105AC40000000003FC0000000003F80000000007D1
:105AD400F0000000000FF0000000001FE0000000D4
:105AE400003FC000620000FF0000620000FE0000F2
:105AF400460001FC0000C40003FC0000C40067F879
:105B04000000C40073F0000066003CC000006200A6
:105B14001E80000063004F0000006200E7000000E8
:105B24006201F38000004603F9800000C40FF00016
:105B34000000000FE0000000001FC0000000003F54
:105B4400C0000000007F8000000000FF0000000093
:105B540001FC0000000001F80000000000F000005B
:105B640000000360000000000300000000000600C5
:105B7400000000001C0000000000380000000000CD
:105B840030000000000000000000000000000000E1
:105B940000000000000000000000000000060000FB
:105BA400000F0000000F0000000F0000018F3800FC
:105BB40007CF3C000FCF3E000F8F3F001F0F0F0099
:105BC4001E0F0F803E0F07803E0F07C03C0F03C01F
:105BD4003C0603C03C0003C03C0003C03E0007C0B9
:105BE4003E0007801E000F801F000F000F803F0043
:105BF4000FE07E0007FFFC0003FFF80000FFF00049
:105C0400003F800000000000003FC00000FFF000E3
:105C140003FFFC0007C03E000F000F001E000780BA
:105C24003C0003C0380001C0700000E0700000E0D8
:105C3400E0003070E0007870E0C0F070E1E1E07006
:105C4400E1F3C070E0F78070E07F0070E03E007028
:105C5400701C00E0700800E0380001C03C0003C084
:105C64001E0007800F000F0007C03E0003FFFC006A
:105C740000FFF000003FC000003FC00000FFF00044
:105C840003FFFC0007FFFE000FFFFF001FFFFF8064
:105C94003FFFFFC03FFFFFE07FF0FFE07F000FE02A
:105CA4007F000FF0FF000FF0FF00CFF0FF018FF037
:105CB400FF1B0FF0FF0E0FF0FF840FF07F801FF02B
:105CC4007FC03FE07FC03FE03FF07FC01FFDFFC0CB
:105CD4001FFFFF800FFFFF0007FFFE0003FFFC0014
:105CE40000FFF000001F8000001FC00000FFF20052
:105CF40003F0FF0007801F000E000F001C0C0F00B4
:105D0400380C0000300C0000700C0060600C006067
:105D1400E00C0060E00C0000C00C0000C00C00307F
:105D2400C00F0030C0078000E001E000E0007860B0
:105D340060001C607000006070000000380001808A
:105D44001C0001800E00010007800C0003E01C0011
:105D540001F9C0000039C00000000000000010007C
:105D640000003000007F600001FEE0000FC1EC0085
:105D74007F03FE003E07CF001C0FC700381FC380FF
:105D8400383F8180707F81C070FFF9C071FFF1C01E
:105D940073FFE1C0701FC1C0703F81C0383F0380F2
:105DA400383E03801C7C07000E780F8007703F800C
:105DB40002E0FE0000DFF00000FFC00001800000F0
:105DC40001000000020000000A00040305050401AC
:105DD40006111702001700170000000000017130BF
:105DE40024F1EABA2E0FE4A688E66626472647265B
:105DF4002766FDB713932393239333734354730795
:105E04009257003110EBF69AA68C8E6206F7FF8F3C
:105E14000E1E043221EFEE9AAE0E4AC828064D9BA0
:105E24000ECFCE9252925292920E4B4A884A88D208
:105E3400D21E7C403326F0EA9AEE0E88A868E64823
:105E44002447244724A78767296BAFC9A7A96B6B8D
:105E54004D272467A68A0EE6AE003432F1EA5AA72B
:105E6400A9238425644544654465248504A5E4A6E2
:105E7400E4C4D449094A090A1D1C4C1C1CC8CA03A1
:105E8400C803C803C803081F441E44003526EF6E28
:105E94001A5E1C5C4C4A4C4A0C6F2C6324712043E0
:105EA4004532381249BC7169E5C4E00415CD01D905
:105EB4001500362AF1EADA0E0FA8C66806474645E9
:105EC4004645C4D7584D1CCC5891504E50DE7A3BB1
:105ED400213B31393338434575407805371BEFEEA4
:105EE4001A7E40DA7242707876787696767876788A
:105EF400967678EDF08600382CF1EABA0E0FA8D821
:105F0400D0914C8E4C8E4C8E4CCECC4DADA3989CE7
:105F140088189B9B999C98F5F6926272A4AAE880D3
:105F2400F00A00392BF06ABA0C0FA68868E66606F8
:105F3400274625463D3DA498AB2832399818B29996
:105F44009E16911C911C999BA19A3A183403000047
:105F54000000000000000000000000004979000873
:105F64006D790008377A0008017A0008F5E6000820
:105F740021E30008ADE3000839E3000845E5000823
:105F8400DDE300088BE300086BE30008C5EA0008C2
:105F940053E3000869EA0008000000000000000064
:105FA4000179000825790008DBF700081BF70008D1
:105FB400C1F900084BF70008E5FA000863F7000888
:105FC400B1FB00085DFB000883F70008A3F7000895
:105FD40043FC0008C3F7000889FA00085431320072
:105FE4004E3100004A42430043323435484F540096
:105FF4002A2E2D000000000000000000BD780008DB
:10600400E1780008B3090108C909010883090108F6
:106014007D0D01086D0A0108270A0108A10901087C
:106024004B0A0108050A01080000000000000000F6
:10603400657800089D780008B3090108C9090108BA
:1060440083090108590B01086D0A0108270A010890
:106054008D0C01084B0A0108050A01080000000024
:10606400000000000000000000000000B309010867
:10607400C909010883090108000000006D0A01082C
:10608400270A0108A10901084B0A0108050A0108A9
:10609400000000000000000089550108FF550108B8
:1060A400EF5200089D730008C1730008000000004F
:1060B40000000000F14F0108F5500108EF520008FC
:1060C40005720008297200080000000000000000AA
:1060D4005D4B0108314C0108EF5200084972000879
:1060E4006D72000800000000000000001B4201085F
:1060F40065430108EF5200088D720008B172000870
:1061040000000000000000009D3F0108ED40010870
:10611400EF520008697400088D7400080000000044
:1061240000000000A135010855370108EF520008AE
:10613400D1720008F57200080000000000000000A1
:10614400E533010865340108EF520008397100088D
:106154005D71000800000000000000005B98010869
:10616400F5980108EF520008C1710008E5710008B4
:1061740000000000000000002F970108AB97010801
:10618400EF5200081573000839730008000000007E
:106194000000000011920108D9920108EF52000892
:1061A400597300087D73000800000000000000001F
:1061B4001191010869910108EF5200087D710008EE
:1061C400A17100080000000000000000FD5E01084D
:1061D4008F5F0108EF5200083575000859750008F3
:1061E4000000000000000000A78F01085B90010878
:1061F400EF52000801760008257600080000000030
:1062040000000000A582010841840108778F01087D
:10621400E17300080574000800000000000000009D
:10622400ED7B0108757C010885820108257400084E
:10623400497400080000000000000000D571010846
:106244006D750108EF520008AD740008D1740008A0
:10625400000000000000000031610108D16801085D
:10626400EF520008F17400081575000800000000E2
:1062740000000000155A0108D95B0108EF5200081C
:10628400797500089D7500080000000000000000FA
:1062940001020304060708090000000001020304C8
:1062A400740E10C8B4005E01C20150002602190F1A
:1062B4002D0000006366672E6A736F6E0000000095
:1062C400656E676C697368000000000000000000E0
:1062D40035C2010809C40108EF520008BD75000861
:1062E400E175000802030405060708090A0B0C0DF2
:1062F4000E0F10100102000002030405060708092E
:106304000A0B0C0D0E0F101001020000010305070B
:10631400090E10121416181C1E00000080818283BE
:106324008485868788898A8B8C8D8E8F90919293B1
:106334009495969798999A9B9C9D9E9F8081828321
:106344008485868788898A8B8C8D8E8FB0B1B2B311
:10635400B4B5B6B7B8B9BABBBCBDBEBFC0C1C2C381
:10636400C4C5C6C7C8C9CACBCCCDCECFD0D1D2D371
:10637400D4D5D6D7D8D9DADBDCDDDEDF90919293A1
:106384009495969798999A9B9C9D9E9FF0F0F2F213
:10639400F4F4F6F6F8F9FAFBFCFDFEFF0700000042
:1063A40000000000000000000000000001000200E6
:1063B4000400080010002000000000000100040098
:1063C400100040000001000200000000100411044D
:1063D40012041304140415041604170418041904ED
:1063E4001A041B041C041D041E041F04200421049D
:1063F400220423042404250426042704280429044D
:106404002A042B042C042D042E042F0430043104FC
:1064140032043304340435043604370438043904AC
:106424003A043B043C043D043E043F049125922578
:1064340093250225242561256225562555256325A6
:10644400512557255D255C255B251025142534250C
:106454002C251C2500253C255E255F255A25542521
:1064640069256625602550256C25672568256425E2
:10647400652559255825522553256B256A25182548
:106484000C25882584258C259025802540044104ED
:1064940042044304440445044604470448044904AC
:1064A4004A044B044C044D044E044F0401045104AB
:1064B40004045404070457040E045E04B0001922B3
:1064C400B7001A221621A400A025A00061001A0317
:1064D400E0001703F8000703FF0001007801000142
:1064E400300132010601390110014A012E017901FE
:1064F400060180014D004302810182018201840171
:10650400840186018701870189018A018B018B013E
:106514008D018E018F0190019101910193019401EC
:10652400F60196019701980198013D029B019C0197
:106534009D0120029F01A001A001A201A201A401CA
:10654400A401A601A701A701A901AA01AB01AC01FD
:10655400AC01AE01AF01AF01B101B201B301B301AE
:10656400B501B501B701B801B801BA01BB01BC015D
:10657400BC01BE01F701C001C101C201C301C401D4
:10658400C501C401C701C801C701CA01CB01CA01C1
:10659400CD011001DD0101008E01DE011201F301C4
:1065A4000300F101F401F401F801280122021201AF
:1065B4003A020900652C3B023B023D02662C3F0275
:1065C40040024102410246020A0153024000810195
:1065D4008601550289018A0158028F015A029001ED
:1065E4005C025D025E025F02930161026202940139
:1065F4006402650266026702970196016A02622CD0
:106604006C026D026E029C01700271029D017302A4
:1066140074029F0176027702780279027A027B0281
:106624007C02642C7E027F02A60181028202A901FF
:106634008402850286028702AE014402B101B201DE
:1066440045028D028E028F0290029102B7017B03F4
:106654000300FD03FE03FF03AC0304008603880369
:1066640089038A03B1031103C2030200A303A30332
:10667400C4030803CC0303008C038E038F03D803E5
:106684001801F2030A00F903F303F403F503F60314
:10669400F703F703F903FA03FA0330042003500461
:1066A4001007600422018A043601C1040E01CF04DC
:1066B4000100C004D0044401610526040000000068
:1066C4007D1D0100632C001E9601A01E5A01001FAF
:1066D4000806101F0606201F0806301F0806401F64
:1066E4000606511F0700591F521F5B1F541F5D1FD1
:1066F400561F5F1F601F0806701F0E00BA1FBB1FC6
:10670400C81FC91FCA1FCB1FDA1FDB1FF81FF91FC1
:10671400EA1FEB1FFA1FFB1F801F0806901F0806C5
:10672400A01F0806B01F0400B81FB91FB21FBC1F6A
:10673400CC1F0100C31FD01F0206E01F0206E51F85
:106744000100EC1FF31F0100FC1F4E210100322148
:1067540070211002842101008321D0241A05302CD9
:106764002F04602C0201672C0601752C0201802C79
:106774006401002D260841FF1A03000000000003F5
:1067840000808300000000000000000000060000FC
:10679400000000006000040404050405050C160054
:1067A400FC0EFC10FE024E047F068B2005001072C6
:1067B4002109E21872785088002209665473104245
:1067C4004F042315AA9072914888900745241222F9
:1067D400E441118984080124242AD1711228CC0CA3
:1067E4008A11228A0821226884A843A7440C1242F1
:1067F4004448091123D01813280800251FEA1072F1
:1068040041B144081111454A082173E80C1111459E
:106814004A082122840C09414200261CEA107229EC
:1068240074648C103143848C31458C9411226848F3
:106834000C2192848800270662587360280F26D59D
:10684400711233643682E447732400290F26D5710C
:10685400103447F23743662308002A13AA907212B1
:106864002848881026868C309148A020002B0EAA38
:1068740050721228A3078504CA08002C109594713D
:10688400114282C8182123A60903002D0626D472BA
:10689400602E0A4436F210814204002F1C4B91F101
:1068A4009450A4409102450A142950A440910245F1
:1068B4000A142950A44800301AEA10723183625035
:1068C400A942668E8C2031E48CA1528546A0310207
:1068D40000310DEA10721228AA42F9A307053211F9
:1068E400EA1072318362503181E286CD670F0A3338
:1068F40017EA1072318362503181E244112B3890CF
:1069040058A111688C00341AEA107213378C54A100
:1069140011628608192344909007C5040A33640061
:106924003514EA1072787050209284032524566836
:10693400041A23003615EA10723173649C4024292A
:106944004415A359A111688C00370FEA10727850CE
:106954005076C36627508E00381AEA10723183626B
:106964005031622204893183625031628546A031FC
:1069740002003915EA107231836250319A951291EE
:1069840004A1B821678C003A0DA436F2108142A804
:10699400081422003B14F594711142828868212462
:1069A400888C1132629A30003C0DE81472133568F9
:1069B4005E0D9B67023D0B6A907278501ED4830271
:1069C4003E0DE8147210365F0D9A57C2003F14EA68
:1069D4001072318362503181E286CD4E3C688182EF
:1069E400004018EA10723183625031324790082116
:1069F4002284081A12020726414118EA107212472B
:106A04008C94104142C40812224884B007C96826F5
:106A1400004215EA10724092425431AA442049219E
:106A2400AA18552C90004312EA1072318362503137
:106A340082F259A111688C00440FEA10724092420C
:106A44005431FA2B1648004510EA107278705086BB
:106A540048900894E18302460FEA107278705086D9
:106A64004890089487004714EA10723183625031C9
:106A74008212594659A111688C00480DEA1072100F
:106A840046CF1E24A36702490DEA1072785048A02D
:106A9400FCA307054A0FEA1072941F12A3ACD00896
:106AA4003446004B1FEA107210556884982142C680
:106AB4008818548A58291183848C113344D008517E
:106AC400C5044C0BEA10721028FFC307054D16EAE3
:106AD40010721056E8C8831094082122848810622A
:106AE400F44C004E15EA10721056CAD0191243889D
:106AF4008C2073C854313A134F11EA1072318362F7
:106B04005031FA59A111688C005011EA1072409268
:106B1400425431AA582011280F0151140AD171315D
:106B240083625031FA89901226D01C1C280052131B
:106B3400EA10724092425431AA44204921AA189D75
:106B4400095316EA1072318362503182030F1D1CFF
:106B540048ACD008344600540CEA1072785048A06F
:106B6400FC8F00550EEA10721046FF59A111688C73
:106B7400005618EA10721046CF44081222488C10AE
:106B84004142441123275010005716EA1072104650
:106B94009F08212284881012241E0439544C005862
:106BA40018EA1072104659A11143C6982246CACC5D
:106BB4009011838A5126005912EA10721046678593
:106BC400460C19638A9C4039025A0FEA10727850B5
:106BD40050DCB0F99DC007055B0A24D9715022FF2F
:106BE4004F105C1C4B9371102954A4509142450AD8
:106BF400152954A4509142450A152954A4005D0A4C
:106C040024D5714022FF4F145E116A10731247CAD3
:106C1400CC90118346040B01005F082C907178908E
:106C2400006009449473103289006112AA10724101
:106C3400C18A1855858E9430218488006211EA1027
:106C44007210284324294415A32B1648006310AA64
:106C54001072318362503182120E4C82006410EA49
:106C64001072941314AC88D1AC94882408650FAACC
:106C7400107231836250B107090726416610E81487
:106C8400722253649420238684C98F006714EA9087
:106C94007141C18A18CD4A89488250DC903346003C
:106CA400680FEA107210284324294415A3CF0469FD
:106CB4000DE6147211249C0821F984016A0E2691B0
:106CC40071929C0821F9372888006B1AEA10721017
:106CD400284723C40C113246C4204367860C113460
:106CE400425431016C0BE61472204248FE13066DC7
:106CF4001AAA10724092428888224288082122846B
:106D04008810224288082122016E11AA10721042B2
:106D140044848922874A11A333016F11AA10723166
:106D2400836250319A151A81C608007011EA907175
:106D34004092425431BA628144A00C017110EA902D
:106D44007141C18A18CD4A894882500E7211AA1025
:106D54007210424484892287CA09944300730FAA9B
:106D6400107241B150E4A193025720017410E81449
:106D740072112623238684C9D9B042047510AA103F
:106D8400721046AF0A1D2961420811017616AA1035
:106D9400721046990841420489113246882862E4F7
:106DA4000401771CAA1072102284881022428808D9
:106DB4002122848810224288488146881000781550
:106DC400AA1072105668C49031A68891323364C4F4
:106DD400A062027912EA907110469F95129104A163
:106DE400B821678C007A0CAA107278506C3E7B50E4
:106DF400007B146695711233648C20793364CCA0C3
:106E040041F2D144027C0822D971F8C0007D146695
:106E140095711034917C34CD903182E4CD903182DF
:106E2400007E0E4AD0721124A20891128284007F3F
:106E34000500107200000004FFFF00000080020241
:106E44001F00000053544D202020202050726F64F6
:106E5400756374202020202020202020302E303103
:106E640062617369635F737472696E673A3A5F4D06
:106E74005F6372656174650025733A205F5F706FAC
:106E8400732028776869636820697320257A7529D7
:106E9400203E20746869732D3E73697A6528292021
:106EA40028776869636820697320257A75290062E8
:106EB400617369635F737472696E673A3A7265707D
:106EC4006C6163650062617369635F737472696E98
:106ED400673A3A5F4D5F7265706C61636500626129
:106EE4007369635F737472696E673A3A617070654F
:106EF4006E640062617369635F737472696E673A8A
:106F040020636F6E737472756374696F6E2066723A
:106F14006F6D206E756C6C206973206E6F742076B3
:106F2400616C696400232D302B2000686C4C006573
:106F340066674546470030313233343536373839A1
:106F440041424344454600303132333435363738D4
:086F54003961626364656600A7
:086F5C00CC92FC7F0100000053
:086F64000D0200088F790008FE
:086F6C00E90100089F7900080B
:106F7400704600205C5003086850030874500308EE
:106F8400B0500308EC500308F4500308FC50030805
:106F9400045103080C510308145103081C5103083D
:106FA400245103082C510308345103083C510308AD
:106FB4000024F400305303083C53030844530308EB
:106FC4001000000001000000D5C7020869C80208CB
:106FD400C1C8020800000000000000002DCB020818
:106FE4004DCB02080000000000000000000000007B
:106FF4006DCB02088DCB0208ADCB0208CDCB0208C5
:1070040009022000010104C032090400000208063C
:107014005005070581020002000705010200020075
:1070240009022000010104C032090400000208061C
:1070340050050705810240000007050102400000D9
:1070440009072000010104C03209040000020806F7
:1070540050050705810240000007050102400000B9
:107064000A0600020000004001000000482888E8E9
:10707400950B0308E10B0308BD0B0308590C030827
:10708400110D0308590E0308350F0308450A0308B8
:107094000200000315250308392503089925030870
:1070A4005D250308C1250308E525030821260308F7
:1070B400120100020000004083042A57000201026A
:1070C40003010000040309041A0300000000000087
:1070D40000000000000000000000000000000000AC
:1070E40000000000312703085D27030895270308E3
:1070F400AB270308C1270308012803084128030814
:10710400406E03080000000059F3F8C21F6EA50189
:10711400000000000000F03FAC010020000000006F
:10712400F47D00205C7E0020C47E0020000000006E
:10713400000000000000000000000000000000004B
:10714400000000000000000000000000000000003B
:10715400000000000000000000000000000000002B
:08716400000000000000000023
:040000050801DD21F0
:00000001FF
