:020000040800F2
:100000000000012005D5010825B601082DB601081C
:1000100035B601083DB6010845B6010800000000EC
:100020000000000000000000000000004DB60108C4
:1000300059B601080000000065B6010871B6010854
:100040004DD501084DD501084DD501084DD5010804
:100050004DD501084DD501084DD501084DD50108F4
:100060004DD501084DD501084DD501087DB60108D3
:100070004DD501084DD501084DD501084DD50108D4
:100080004DD501084DD501084DD501084DD50108C4
:1000900091B601084DD501084DD501084DD501088F
:1000A0004DD501084DD501084DD501084DD50108A4
:1000B000A5B60108B9B601084DD501084DD501080E
:1000C0004DD501084DD501084DD501084DD5010884
:1000D0004DD501084DD501084DD501084DD5010874
:1000E0004DD501084DD501084DD501084DD5010864
:1000F0004DD501084DD501084DD501084DD5010854
:100100004DD501084DD501084DD501084DD5010843
:100110004DD501084DD50108CDB601084DD50108D2
:100120004DD50108E1B601084DD50108F5B6010825
:1001300000000000000000000000000000000000BF
:1001400000000000000000000000000000000000AF
:10015000000000000000000000000000000000009F
:10016000000000000000000000000000000000008F
:10017000000000000000000000000000000000007F
:10018000000000000000000000000000000000006F
:10019000000000000000000000000000000000005F
:1001A000000000000000000000000000000000004F
:1001B000000000000000000000000000000000003F
:1001C000000000000000000000000000000000002F
:1001D000000000000000000000000000000000001F
:0401E0005FF8E0F1F3
:1001E80010B5054C237833B9044B13B10448AFF369
:1001F80000800123237010BDF801002000000000DA
:10020800D03C030808B5034B1BB103490348AFF3BF
:10021800008008BD00000000FC010020D03C03085D
:10022800034613F8012B002AFBD1181A013870472E
:1002380081F0004102E000BF83F0004330B54FEA8F
:1002480041044FEA430594EA050F08BF90EA020FFC
:100258001FBF54EA000C55EA020C7FEA645C7FEA8F
:10026800655C00F0E2804FEA5454D4EB5555B8BFB2
:100278006D420CDD2C4480EA020281EA030382EA23
:10028800000083EA010180EA020281EA0303362DB5
:1002980088BF30BD11F0004F4FEA01314FF4801C88
:1002A8004CEA113102D0404261EB410113F0004F9A
:1002B8004FEA03334CEA133302D0524263EB430351
:1002C80094EA050F00F0A780A4F10104D5F1200EEF
:1002D8000DDB02FA0EFC22FA05F2801841F100014A
:1002E80003FA0EF2801843FA05F359410EE0A5F11E
:1002F80020050EF1200E012A03FA0EFC28BF4CF04F
:10030800020C43FA05F3C01851EBE37101F0004504
:1003180007D54FF0000EDCF1000C7EEB00006EEB11
:100328000101B1F5801F1BD3B1F5001F0CD349089B
:100338005FEA30004FEA3C0C04F101044FEA4452F2
:1003480012F5800F80F09A80BCF1004F08BF5FEA79
:10035800500C50F1000041EB045141EA050130BD59
:100368005FEA4C0C404141EB0101013C28BFB1F56B
:10037800801FE9D291F0000F04BF01460020B1FAB6
:1003880081F308BF2033A3F10B03B3F120020CDA89
:100398000C3208DD02F1140CC2F10C0201FA0CF067
:1003A80021FA02F10CE002F11402D8BFC2F1200CCC
:1003B80001FA02F120FA0CFCDCBF41EA0C01904082
:1003C800E41AA2BF01EB0451294330BD6FEA0404CB
:1003D8001F3C1CDA0C340EDC04F11404C4F12002B6
:1003E80020FA04F001FA02F340EA030021FA04F3C8
:1003F80045EA030130BDC4F10C04C4F1200220FA1F
:1004080002F001FA04F340EA0300294630BD21FA5C
:1004180004F0294630BD94F0000F83F4801306BF22
:1004280081F480110134013D4EE77FEA645C18BF16
:100438007FEA655C29D094EA050F08BF90EA020FAD
:1004480005D054EA000C04BF1946104630BD91EAA5
:10045800030F1EBF0021002030BD5FEA545C05D1A8
:100468004000494128BF41F0004130BD14F58004E7
:100478003CBF01F5801130BD01F0004545F0FE415B
:1004880041F470014FF0000030BD7FEA645C1ABF90
:10049800194610467FEA655C1CBF0B46024650EAC7
:1004A800013406BF52EA033591EA030F41F40021F3
:1004B80030BD00BF90F0000F04BF0021704730B579
:1004C8004FF4806404F132044FF000054FF000014E
:1004D80050E700BF90F0000F04BF0021704730B50F
:1004E8004FF4806404F1320410F0004548BF4042E4
:1004F8004FF000013EE700BF42004FEAE2014FEA39
:1005080031014FEA02701FBF12F07F4393F07F4F13
:1005180081F06051704732F07F4208BF704793F016
:100528007F4F04BF41F40021704730B54FF4607429
:1005380001F0004521F000411CE700BF50EA01022C
:1005480008BF704730B54FF000050AE050EA0102D5
:1005580008BF704730B511F0004502D5404261EB45
:1005680041014FF4806404F132045FEA915C3FF486
:10057800D8AE4FF003025FEADC0C18BF03325FEA23
:10058800DC0C18BF033202EBDC02C2F1200300FAD4
:1005980003FC20FA02F001FA03FE40EA0E0021FAF9
:1005A80002F11444BDE600BF70B54FF0FF0C4CF4E7
:1005B800E06C1CEA11541DBF1CEA135594EA0C0F99
:1005C80095EA0C0F00F0DEF82C4481EA030621EAD4
:1005D8004C5123EA4C5350EA013518BF52EA03350F
:1005E80041F4801143F4801338D0A0FB02CE4FF0C1
:1005F8000005E1FB02E506F00042E0FB03E54FF0F1
:100608000006E1FB03569CF0000F18BF4EF0010EE8
:10061800A4F1FF04B6F5007F64F5407404D25FEAE4
:100628004E0E6D4146EB060642EAC62141EA555197
:100638004FEAC52040EA5E504FEACE2EB4F1FD0CD9
:1006480088BFBCF5E06F1ED8BEF1004F08BF5FEA57
:10065800500E50F1000041EB045170BD06F0004609
:1006680046EA010140EA020081EA0301B4EB5C04B6
:10067800C2BFD4EB0C0541EA045170BD41F48011AE
:100688004FF0000E013C00F3AB8014F1360FDEBFD3
:10069800002001F0004170BDC4F10004203C35DAAF
:1006A8000C341BDC04F11404C4F1200500FA05F332
:1006B80020FA04F001FA05F240EA020001F00042D3
:1006C80021F0004110EBD37021FA04F642EB060149
:1006D8005EEA430E08BF20EAD37070BDC4F10C0473
:1006E800C4F1200500FA04F320FA05F001FA04F237
:1006F80040EA020001F0004110EBD37041F1000123
:100708005EEA430E08BF20EAD37070BDC4F120052D
:1007180000FA05F24EEA020E20FA04F301FA05F295
:1007280043EA020321FA04F001F0004121FA04F23D
:1007380020EA020000EBD3705EEA430E08BF20EA0D
:10074800D37070BD94F0000F0FD101F00046400047
:1007580041EB010111F4801F08BF013CF7D041EAC9
:10076800060195F0000F18BF704703F000465200CD
:1007780043EB030313F4801F08BF013DF7D043EA9E
:100788000603704794EA0C0F0CEA135518BF95EA54
:100798000C0F0CD050EA410618BF52EA4306D1D1DB
:1007A80081EA030101F000414FF0000070BD50EAFA
:1007B800410606BF1046194652EA430619D094EA84
:1007C8000C0F02D150EA013613D195EA0C0F05D16E
:1007D80052EA03361CBF104619460AD181EA0301C2
:1007E80001F0004141F0FE4141F470014FF000007A
:1007F80070BD41F0FE4141F4780170BD70B54FF015
:10080800FF0C4CF4E06C1CEA11541DBF1CEA135594
:1008180094EA0C0F95EA0C0F00F0A7F8A4EB050476
:1008280081EA030E52EA03354FEA013100F088806D
:100838004FEA03334FF0805545EA131343EA126336
:100848004FEA022245EA111545EA10654FEA0026EB
:100858000EF000419D4208BF964244F1FD0404F5A4
:10086800407402D25B084FEA3202B61A65EB030500
:100878005B084FEA32024FF480104FF4002CB6EBBD
:10088800020E75EB030E22BFB61A754640EA0C003D
:100898005B084FEA3202B6EB020E75EB030E22BF7D
:1008A800B61A754640EA5C005B084FEA3202B6EBBE
:1008B800020E75EB030E22BFB61A754640EA9C007D
:1008C8005B084FEA3202B6EB020E75EB030E22BF4D
:1008D800B61A754640EADC0055EA060E18D04FEA0B
:1008E800051545EA16754FEA06164FEAC30343EAAB
:1008F80052734FEAC2025FEA1C1CC0D111F4801F78
:100908000BD141EA00014FF000004FF0004CB6E770
:1009180011F4801F04BF01430020B4F1FD0C88BF0F
:10092800BCF5E06F3FF6AFAEB5EB030C04BFB6EB1A
:10093800020C5FEA500C50F1000041EB045170BD0D
:100948000EF0004E4EEA113114EB5C04C2BFD4EB3A
:100958000C0541EA045170BD41F480114FF0000EBE
:10096800013C90E645EA060E8DE60CEA135594EA3A
:100978000C0F08BF95EA0C0F3FF43BAF94EA0C0F3D
:100988000AD150EA01347FF434AF95EA0C0F7FF4B2
:1009980025AF104619462CE795EA0C0F06D152EA06
:1009A80003353FF4FDAE1046194622E750EA4106EA
:1009B80018BF52EA43067FF4C5AE50EA41047FF4FB
:1009C8000DAF52EA43057FF4EBAE12E74FF0FF3C60
:1009D80006E000BF4FF0010C02E000BF4FF0010C31
:1009E8004DF804CD4FEA410C7FEA6C5C4FEA430CAA
:1009F80018BF7FEA6C5C1BD001B050EA410C0CBFF9
:100A080052EA430C91EA030F02BF90EA020F00205A
:100A1800704710F1000F91EA030F58BF994208BFC1
:100A280090422CBFD8176FEAE37040F0010070477E
:100A38004FEA410C7FEA6C5C02D150EA013C07D1D5
:100A48004FEA430C7FEA6C5CD6D152EA033CD3D020
:100A58005DF8040B704700BF8446104662468C461A
:100A68001946634600E000BF01B5FFF7B7FF00284D
:100A780048BF10F1000F01BD4DF808EDFFF7F4FF76
:100A88000CBF012000205DF808FB00BF4DF808ED01
:100A9800FFF7EAFF34BF012000205DF808FB00BF24
:100AA8004DF808EDFFF7E0FF94BF012000205DF846
:100AB80008FB00BF4DF808EDFFF7CEFF94BF0120FB
:100AC80000205DF808FB00BF4DF808EDFFF7C4FFF4
:100AD80034BF012000205DF808FB00BF4FEA410C3D
:100AE8007FEA6C5C02D150EA013C0AD14FEA430C20
:100AF8007FEA6C5C02D152EA033C02D14FF000005D
:100B080070474FF0010070474FEA410212F500129A
:100B180015D211D56FF47873B3EB625212D94FEA3C
:100B2800C12343F0004343EA505311F0004F23FA26
:100B380002F018BF404270474FF00000704750EA7B
:100B4800013005D111F0004008BF6FF00040704738
:100B58004FF00000704700BF4A0011D212F5001292
:100B680011D20DD56FF47873B3EB62520ED44FEAFD
:100B7800C12343F0004343EA505323FA02F070477D
:100B88004FF00000704750EA013002D14FF0FF30BB
:100B980070474FF0000070474FEA4102B2F1E0435E
:100BA80024BFB3F5001CDCF1FE5C0DD901F0004C4C
:100BB8004FEAC0024CEA5070B2F1004F40EB83009C
:100BC80008BF20F00100704711F0804F21D113F1C8
:100BD8003872BCBF01F00040704741F480114FEA01
:100BE8005252C2F11802C2F1200C10FA0CF320FA8A
:100BF80002F018BF40F001004FEAC1234FEAD323A7
:100C080003FA0CFC40EA0C0023FA02F34FEA430310
:100C1800CCE77FEA625307D150EA01331EBF4FF099
:100C2800FE4040F44000704701F0004040F0FE40B4
:100C380040F40000704700BF80F0004002E000BFB1
:100C480081F0004142001FBF5FEA410392EA030FAF
:100C58007FEA226C7FEA236C6AD04FEA1262D2EBF9
:100C68001363C1BFD218414048404140B8BF5B42FE
:100C7800192B88BF704710F0004F40F4000020F097
:100C88007F4018BF404211F0004F41F4000121F0AD
:100C98007F4118BF494292EA030F3FD0A2F10102F7
:100CA80041FA03FC10EB0C00C3F1200301FA03F135
:100CB80000F0004302D5494260EB4000B0F5000F58
:100CC80013D3B0F1807F06D340084FEA310102F117
:100CD8000102FE2A51D2B1F1004F40EBC25008BFC9
:100CE80020F0010040EA03007047490040EB000093
:100CF800013A28BFB0F5000FEDD2B0FA80FCACF194
:100D0800080CB2EB0C0200FA0CF0AABF00EBC250C0
:100D180052421843BCBFD0401843704792F0000FAE
:100D280081F4000106BF80F400000132013BB5E701
:100D38004FEA41037FEA226C18BF7FEA236C21D077
:100D480092EA030F04D092F0000F08BF08467047DC
:100D580090EA010F1CBF0020704712F07F4F04D1AA
:100D6800400028BF40F00040704712F100723CBFBD
:100D780000F50000704700F0004343F0FE4040F4E7
:100D8800000070477FEA226216BF08467FEA2363A5
:100D98000146420206BF5FEA412390EA010F40F490
:100DA800800070474FF0000304E000BF10F00043DC
:100DB80048BF40425FEA000C08BF704743F09643C3
:100DC80001464FF000001CE050EA010208BF7047DE
:100DD8004FF000030AE000BF50EA010208BF704765
:100DE80011F0004302D5404261EB41015FEA010C7A
:100DF80002BF84460146002043F0B64308BFA3F172
:100E08008053A3F50003BCFA8CF2083AA3EBC25353
:100E180010DB01FA02FC634400FA02FCC2F1200272
:100E2800BCF1004F20FA02F243EB020008BF20F0A9
:100E38000100704702F1200201FA02FCC2F120020F
:100E480050EA4C0021FA02F243EB020008BF20EA04
:100E5800DC7070474FF0FF0C1CEAD0521EBF1CEA32
:100E6800D15392EA0C0F93EA0C0F6FD01A4480EA20
:100E7800010C400218BF5FEA41211ED04FF0006309
:100E880043EA501043EA5111A0FB01310CF0004035
:100E9800B1F5000F3EBF490041EAD3715B0040EA5B
:100EA800010062F17F02FD2A1DD8B3F1004F40EB2B
:100EB800C25008BF20F00100704790F0000F0CF0FE
:100EC800004C08BF49024CEA502040EA51207F3AC2
:100ED800C2BFD2F1FF0340EAC250704740F400009D
:100EE8004FF00003013A5DDC12F1190FDCBF00F08E
:100EF80000407047C2F10002410021FA02F1C2F13C
:100F0800200200FA02FC5FEA310040F1000053EAD7
:100F18004C0308BF20EADC70704792F0000F00F025
:100F2800004C02BF400010F4000F013AF9D040EA2B
:100F38000C0093F0000F01F0004C02BF490011F4BF
:100F4800000F013BF9D041EA0C018FE70CEAD153BD
:100F580092EA0C0F18BF93EA0C0F0AD030F0004C3D
:100F680018BF31F0004CD8D180EA010000F00040F1
:100F7800704790F0000F17BF90F0004F084691F0AF
:100F8800000F91F0004F14D092EA0C0F01D14202E9
:100F98000FD193EA0C0F03D14B0218BF084608D1B2
:100FA80080EA010000F0004040F0FE4040F40000FC
:100FB800704740F0FE4040F4400070474FF0FF0C8F
:100FC8001CEAD0521EBF1CEAD15392EA0C0F93EAD6
:100FD8000C0F69D0A2EB030280EA010C49024FEA28
:100FE800402037D04FF0805343EA111143EA1013E1
:100FF8000CF000408B4238BF5B0042F17D024FF499
:10100800000C8B4224BF5B1A40EA0C00B3EB510F73
:1010180024BFA3EB510340EA5C00B3EB910F24BF5C
:10102800A3EB910340EA9C00B3EBD10F24BFA3EBE1
:10103800D10340EADC001B0118BF5FEA1C1CE0D1A9
:10104800FD2A3FF650AF8B4240EBC25008BF20F05C
:10105800010070470CF0004C4CEA50207F32C2BFB0
:10106800D2F1FF0340EAC250704740F400004FF04D
:101078000003013A37E792F0000F00F0004C02BF7E
:10108800400010F4000F013AF9D040EA0C0093F048
:10109800000F01F0004C02BF490011F4000F013BA2
:1010A800F9D041EA0C0195E70CEAD15392EA0C0F0A
:1010B80008D142027FF47DAF93EA0C0F7FF470AF42
:1010C800084676E793EA0C0F04D14B023FF44CAF85
:1010D80008466EE730F0004C18BF31F0004CCAD11A
:1010E80030F000427FF45CAF31F000437FF43CAF56
:1010F8005FE700BF4FF0FF3C06E000BF4FF0010C78
:1011080002E000BF4FF0010C4DF804CD4FEA400259
:101118004FEA41037FEA226C18BF7FEA236C11D0A3
:1011280001B052EA530C18BF90EA010F58BFB2EB56
:10113800030088BFC81738BF6FEAE17018BF40F0D6
:10114800010070477FEA226C02D15FEA402C05D18A
:101158007FEA236CE4D15FEA412CE1D05DF8040B0F
:10116800704700BF844608466146FFE70FB5FFF7A2
:10117800C9FF002848BF10F1000F0FBD4DF808ED5A
:10118800FFF7F4FF0CBF012000205DF808FB00BF4B
:101198004DF808EDFFF7EAFF34BF012000205DF8A5
:1011A80008FB00BF4DF808EDFFF7E0FF94BF0120F2
:1011B80000205DF808FB00BF4DF808EDFFF7D2FFEF
:1011C80094BF012000205DF808FB00BF4DF808ED32
:1011D800FFF7C8FF34BF012000205DF808FB00BFFF
:1011E8004FEA40024FEA41037FEA226C02D15FEAEC
:1011F800402C08D17FEA236C02D15FEA412C02D14E
:101208004FF0000070474FF0010070474FEA40026E
:10121800B2F1FE4F0FD34FF09E03B3EB12620DD91C
:101228004FEA002343F0004310F0004F23FA02F086
:1012380018BF404270474FF00000704712F1610F2D
:1012480001D1420205D110F0004008BF6FF0004004
:1012580070474FF00000704780B582B000AF7860EB
:101268007B681B7883F00103DBB2002B06D17B6817
:1012780008331946786800F047F800E000BF0837DF
:10128800BD4680BD80B582B000AF78607B681B78B2
:1012980083F00103DBB2002B06D17B6810331946BB
:1012A800786800F031F800E000BF0837BD4680BD1F
:1012B80080B582B000AF78607B681B7883F001034B
:1012C800DBB2002B06D17B6820331946786800F022
:1012D8001BF800E000BF0837BD4680BD80B582B06E
:1012E80000AF78607B681B7883F00103DBB2002BCA
:1012F80006D17B6828331946786800F005F800E0C5
:1013080000BF0837BD4680BD80B582B000AF7860A9
:1013180039607B685B68002B0AD17B683A685A6041
:101328000021054821F062F9044820F019FF00E087
:1013380000BF0837BD4680BDDC5B0020445D00204F
:1013480080B584B000AF78607B685B68991C7A6868
:1013580051601B88FB817B685B68991C7A685160C7
:101368001B88BB81BB89002B0ED10021104821F0BE
:10137800F7F9104820F054FF0D4B1B6800225A6300
:101388007B6800225A600FE0FB895A1E084B1B68D5
:10139800DA62FB895B089AB2054B1B685A63BB8902
:1013A8005A1E044B1B68DA621037BD4680BD00BF69
:1013B800DC5B0020445D002080B483B000AF78601F
:1013C8007B681A46002313607B6818460C37BD46B5
:1013D80080BC704780B483B000AF78607B68DB78EE
:1013E80043F04003DAB27B68DA7000BF0C37BD46C1
:1013F80080BC704780B483B000AF78607B68DB78CE
:1014080063F07F03DAB27B68DA7000BF0C37BD4641
:1014180080BC704780B483B000AF78607B68DB78AD
:1014280023F04003DAB27B68DA7000BF0C37BD46A0
:1014380080BC704780B483B000AF78607B68DB788D
:1014480003F07F03DAB27B68DA7000BF0C37BD4661
:1014580080BC704780B483B000AF78607B68DB786D
:1014680003F04003002B14BF01230023DBB218460E
:101478000C37BD4680BC704780B483B000AF78603D
:101488007B68DB785BB2DBB2DB09DBB218460C3772
:10149800BD4680BC704780B483B000AF78607B687D
:1014A8000022DA707B68DA787B689A707B689A78B1
:1014B8007B685A707B685A787B681A7000BF0C3753
:1014C800BD4680BC704780B483B000AF78607B684D
:1014D8009B8818460C37BD4680BC704780B483B0E3
:1014E80000AF78607B68DB8F03F00103002B14BF2B
:1014F80001230023DBB218460C37BD4680BC704779
:1015080080B483B000AF78607B68DB8F03F400732E
:10151800002B14BF01230023DBB218460C37BD464D
:1015280080BC704790B585B000AF78607B6818467E
:101538000BF0FFFB0346BB73BB7B002B40F0B48072
:10154800786801F0EDF90023FB737B6803F58A5393
:1015580010331846FFF7B7FF0346002B14BF0123CB
:101568000023DBB2002B04D0786801F06FF9034642
:10157800FB737A687B6803F5835306331946104674
:101588000BF036FD03467B737B7B002B08D07B6812
:1015980003F5835306331946786800F0DFF822E034
:1015A8007B6803F582530833184601F017FB7B6804
:1015B80003F5835310337A6802F5805214461946AE
:1015C800786800F0DFFE034623677B6803F58353E2
:1015D80014337A6802F5805214461946786800F088
:1015E800D1FE034663677A687B6803F5825312333A
:1015F800194610460BF00DFE034683F00103DBB2DB
:10160800002B06D07B6803F582530833184601F097
:101618004FFB7B6803F58A531033002118460EF000
:101628004CFF03461946786800F062F97B6803F5B9
:10163800835310331946786800F05AF97B6803F52C
:10164800835314331946786800F052F97B6803F520
:1016580082530833184601F0A3FDFB7B002B10D002
:101668007B7B83F00103DBB2002B08D07A687B68B0
:1016780003F583530633194610460BF07DFD00230E
:101688004AE07B6803F58A5310331846FFF71BFFBF
:101698000346012B8CBF01230023DBB2002B01D0B2
:1016A800012339E0022337E07B6803F582530833CE
:1016B800184601F093FA7B6803F5825308331846FD
:1016C80001F0F6FA7B6803F58653163302211846B3
:1016D80002F030F87B6803F58353103319467868B5
:1016E80000F006F97B6803F58353143319467868CC
:1016F80000F0FEF87B6803F582530833184601F0C2
:101708004FFDBB7B012B01D1032305E0BB7B022BE3
:1017180001D1042300E0002318461437BD4690BDCC
:1017280080B582B000AF78607B6803F58A531033C8
:101738001846FFF7C8FE0346002B14BF01230023F9
:10174800DBB2002B04D0786801F080F8012300E0B8
:10175800002318460837BD4680BD000090B585B007
:1017680000AF786039603B685B88FB813B689B8889
:10177800BB813B68DB887B813B681B8C03F00103E2
:10178800002B14D1B7F90E3018461AF0D5F80346D5
:10179800FB81B7F90C3018461AF0CEF80346BB8126
:1017A800B7F90A3018461AF0C7F803467B81FB8957
:1017B800444A12881146444A128818461AF08AF890
:1017C8000346FB81BB893F4A128811463E4A12886C
:1017D80018461AF07FF80346BB817B893B4A12887A
:1017E80011463B4A128818461AF074F803467B8162
:1017F8003B681B8C03F00103002B14D1B7F90E30A2
:1018080018461AF07FF80346FB81B7F90C301846E2
:101818001AF078F80346BB81B7F90A3018461AF06F
:1018280071F803467B813B68FA895A803B68BA891C
:101838009A803B687A89DA803B689B7D1E2B02D9A7
:101848003B681E229A753B689B7E1E2B02D93B681B
:101858001E229A763B680A333C681946786800F07D
:1018680091FD03461A46A272C3F30722E272C3F33C
:1018780007422273C3F3076363733B680E333C6804
:101888001946786800F07EFD03461A46A273C3F332
:101898000722E273C3F307422274C3F30763637436
:1018A8003B6893F82230FF220A2118461AF012F8F2
:1018B8000346DAB23B6883F8222000BF1437BD46DE
:1018C80090BD00BFA0530308A4530308A653030800
:1018D800A853030880B582B000AF78607B680833EE
:1018E8001846FFF769FD7B6818460837BD4680BD76
:1018F80080B588B000AF786039607B6803F58A539B
:101908001033396818460EF00CFE0346BB83B7F94E
:101918001C30002B01DA00237FE00123FB777B6872
:1019280003F58A531033BA8B114618460EF0DFFDC3
:101938000346FB767B6803F58653163339681846E9
:1019480001F060FF0346BB76FB7EFF2B0AD17B6864
:1019580003F586531633BA7E1146184601F0EAFE9F
:1019680000235AE007F108031846FFF7B3FF786829
:10197800FA7E07F1080100230BF0F1FC0346002B67
:1019880014BF01230023DBB2002B0BD07B6803F5C7
:1019980086531633BA7E1146184601F0CBFE002353
:1019A800FB7739E007F1080308331846FFF764FDB1
:1019B800034683F00103DBB2002B09D07B6803F5F3
:1019C80086531633BA7E1146184601F0B3FE23E05B
:1019D8007B6803F58653163307F10802114618464B
:1019E80001F034FF034683F00103DBB2002B09D07A
:1019F8007B6803F586531633BA7E1146184601F004
:101A080099FE09E07B6803F586531633BA7E07F121
:101A18000801184601F044FCFB7F18462037BD46F4
:101A280080BD80B584B000AF786039607B6803F50D
:101A3800865316333968184601F0E4FE0346FB73F3
:101A480039687868FFF754FF0346002B17D0FB7BF3
:101A5800002B07D17B6803F580533A687033106810
:101A6800186009E0FB7B012B06D17B6803F58053E6
:101A78003A68743310681860786800F0B1F900BFEC
:101A88001037BD4680BD80B584B000AF78600B4686
:101A9800FB70FB781946786800F01CF8024607F1DD
:101AA8000803106818607B6803F58A53103307F140
:101AB8000802114618460EF034FD0346FB81B7F9BB
:101AC8000E30002B01DA0023FB81FB891846103702
:101AD800BD4680BD80B582B000AF78600B46FB7014
:101AE800FB78022B09D17B6803F58A531033002158
:101AF80018460EF0E2FC03460BE0FB78002B04D1FD
:101B08007B6803F58353103303E07B6803F5835345
:101B1800143318460837BD4680BD80B586B000AF7F
:101B2800F860084611461A4603467B810B463B81FE
:101B38001346FB71FB6803F586501630FB79B7F93D
:101B48000820798901F0A2FC0346FB82FB6803F5B3
:101B5800825308331846FFF7C1FC034683F001039C
:101B6800DBB2002B06D0B7F91630184619F0CAFEBA
:101B78000346FB82FB8A18461837BD4680BD000025
:101B88002DE9F0418EB002AFF860084611461A46BA
:101B980003467B810B463B811346FB71B7F908402E
:101BA800FB6803F586531633FA791146184601F097
:101BB800C5FB0346E31ABB61FB6803F5865316337E
:101BC800FA790021184601F043FC03461A46BB691E
:101BD8009BB21344FB85FB6803F586531633FA79E9
:101BE8000321184601F034FC03461A46BB699BB230
:101BF8001344BB85FB6803F582530833F979012246
:101C0800184600F077FD03467B85FB6803F5825391
:101C18000833F9790122184600F0B2FD03463B85E6
:101C280097F84830002B01D064237B85FB6803F5C7
:101C3800825308331846FFF751FC034683F001032B
:101C4800DBB2002B1BD0B7F92E30184619F05AFE1C
:101C58000346FB85B7F92C30184619F053FE0346A6
:101C6800BB85B7F92A30184619F04CFE03467B8528
:101C7800B7F92830184619F045FE03463B857B899D
:101C8800798D3A8D184619F025FE03467B8100238D
:101C9800FB84474B1B88BB847C89FD8DBE8DFB680C
:101CA80003F586531633FA790021184601F062FBD2
:101CB80003469846FB6803F586531633FA790321E1
:101CC800184601F057FB034600934346324629461F
:101CD800204619F073FD03467B847A8CF98CBB8C03
:101CE8000B44D90F0B445B109A420CDDBA8CFB8C69
:101CF800D31A002B00DA03339B105B429AB27B8C19
:101D080013447B840AE0BA8CFB8CD31A002B00DACC
:101D180003339B109AB27B8C13447B84002387F88F
:101D280021303AE0FB79B7F90820798CF868FFF799
:101D3800F4FE0346FB82FA8A7B899A4201D17B8CA6
:101D480030E0FA8A7B899A4210D27B8CFB84FA8C29
:101D5800BB8C1344DA0F13445B10FB83FA8B7B8C28
:101D68009A4213D17B8C0133FB830FE07B8CBB84BD
:101D7800FA8CBB8C1344DA0F13445B10FB83FA8B89
:101D88007B8C9A4202D17B8C013BFB83FB8B7B844F
:101D980097F82130013387F8213097F82130132B39
:101DA800C0D97B8C18463037BD46BDE8F08100BFEE
:101DB8009C53030880B586B000AFF860B96013463D
:101DC800FB71FB791946B868FFF784FE7861FB68F8
:101DD800796918460EF0DAF8F8681837BD4680BDFC
:101DE80080B582B000AF78607B6803F58253083312
:101DF800184600F035FE0346002B10D17A687B6840
:101E080003F583530633194610460BF0B5F97B6882
:101E180003F582530833184601F0C2F900E000BF09
:101E28000837BD4680BD80B584B000AFF860B960A2
:101E38001346FB71FB79002B18D1BB681B689AB25B
:101E4800FB6803F58053A3F85420BB685B689AB21B
:101E5800FB6803F58053A3F85620BB689B689AB2C9
:101E6800FB6803F58053A3F8582033E0FB79022B75
:101E780018D1BB681B689AB2FB6803F58053A3F8B6
:101E88006020BB685B689AB2FB6803F58053A3F8CF
:101E98006220BB689B689AB2FB6803F58053A3F87D
:101EA800642017E0BB681B689AB2FB6803F580538F
:101EB800A3F85A20BB685B689AB2FB6803F58053A5
:101EC800A3F85C20BB689B689AB2FB6803F5805353
:101ED800A3F85E20FA68FB6803F5825312331946AB
:101EE80010460BF0F3F900BF1037BD4680BD80B532
:101EF8008AB000AFF8607A601A460B46FB72134648
:101F0800BB7207F114031846FFF7E4FC7B681B88D3
:101F1800BB827B685B88FB827B689B883B837B6892
:101F2800DB887B8397F8303087F82030FB7A1946B6
:101F3800F868FFF7CFFD024607F11C031068186028
:101F4800FB6803F58653163307F114021146184649
:101F580001F07CFC0346002B24D0BA7A07F1140365
:101F68000833114618460EF0C9F8FB6807F114014A
:101F7800002218460BF097FA0346FB84B7F926307F
:101F8800002B0FDBFB6803F58A531033FA8CD0B2B1
:101F980007F1140202F10801024618460EF058FA39
:101FA800012306E007F1140308331846FFF742FA45
:101FB800002318462837BD4680BD80B584B000AFE1
:101FC80078600B46FB70FB7819467868FFF782FD4E
:101FD800F860F868FFF750FA034618461037BD4610
:101FE80080BD80B588B000AF78600B467B807B6889
:101FF80003F58A5310331846FFF765FA0346012B99
:1020080094BF01230023DBB2002B01D0002390E012
:102018000023FB7707F10C031846FFF75BFC7B688E
:1020280003F58A5310337A88114618460EF05FFA82
:102038000346BB83B7F91C30FF2B2CD17B6803F513
:102048008A5310337A88114618460EF036FA02463B
:1020580007F108031068186007F1080318460DF027
:1020680041FF034683F00103DBB2002B3BD007F1AD
:1020780008031846FFF7AEF9BB687B617B6803F578
:102088008653163307F10C021146184601F088FBF7
:102098000123FB7727E07868BB8BDAB207F10C01E4
:1020A80001230BF05CF90346002B0CBF012300232E
:1020B800DBB2002B17D007F10C0308331846FFF7E3
:1020C800C9F90346002B06D007F10C03083318465C
:1020D800FFF7A0F905E007F10C0308331846FFF7EE
:1020E80079F90123FB77FB7F83F00103DBB2002B37
:1020F80001D000231DE07B6807F10C01012218467E
:102108000BF0D1F90346BB83B7F91C30002B0FDB6A
:102118007B6803F58A531033BA8BD0B207F10C02EF
:1021280002F10801024618460EF092F9012300E078
:10213800002318462037BD4680BD90B589B000AF52
:10214800F8607A601A460B46FB721346BB72FB684E
:1021580003F58A5310331846FFF7B5F90346002BE9
:102168000CBF01230023DBB2002B17D00023FB7721
:102178000EE0FA7F13465B0013445B001A467B6847
:10218800134402331846FFF786F9FB7F0133FB77C8
:10219800FA7FBB7A9A42ECD30023EEE0FB7A9BB23B
:1021A800013B9BB2BB830323FB762AE097F83030D0
:1021B80083F00103DBB2002B0FD1FB6803F58A53D0
:1021C8001033BA8B114618460EF077F903461846B5
:1021D800FFF740F90346002B01D0012300E000235C
:1021E800002B0AD0FB7E013BFB76FB7E002B0CBF4D
:1021F80001230023DBB2002B08D1BB8B013B9BB230
:10220800BB83B7F91C30002BD0DC00E000BF0023F3
:10221800BB76B7F91C30002B80F284800023BB8387
:1022280080E0B7F91C30002B71D0FB6803F58A53A6
:102238001033BA8B114618460EF03FF9024607F1E3
:1022480014031068186097F83030002B0CD007F191
:1022580014031846FFF7FEF8034683F00103DBB2C8
:10226800002B01D0012300E00023002B51D197F867
:102278003430002B11D0FB6803F58653163307F171
:1022880014021146184601F0BDFA03461A4697F89B
:102298003830934201D0012300E00023002B3AD1CB
:1022A80097F8343083F00103DBB2002B0DD097F898
:1022B8003830002B09D107F1140318460DF040FF00
:1022C8000346002B01D1012300E00023002B24D179
:1022D800BA7E13465B0013445B001A467B681344BE
:1022E800BA8B1A80BA7E13465B0013445B001A4609
:1022F8007B681344023307F1140210681860BB7E30
:102308000133BB76BA7EBB7A9A421ED206E000BF82
:1023180004E000BF02E000BF00E000BFBB8B013358
:102328009BB2BB83B7F91C40FB6803F58A53103393
:102338001846FFF7C8F803469C42B4BF01230023A0
:10234800DBB2002B7FF46DAF00E000BFBB7E7B7675
:102358000EE07A7E13465B0013445B001A467B68E6
:10236800134402331846FFF796F87B7E01337B76D9
:102378007A7EBB7A9A42ECD3BB7E18462437BD4698
:1023880090BD000090B58BB000AF786039607B6875
:1023980003F58A531033396818460EF0C2F803461D
:1023A800FB8338680DF0CCFE03467B777B6803F52A
:1023B8008A531033FA8B114618460EF07EF80246FF
:1023C80007F1140310681860B7F91E30002B6BDA98
:1023D8004FF6FF73FB840023BB842CE07B6803F576
:1023E8008A531033BA8C114618460EF066F8024626
:1023F80007F110031068186007F1100318460DF074
:102408009FFE03461A467B7F93420CBF012300239D
:10241800DBB2002B0CD0BB8CFB8407F110031846F1
:10242800FFF718F80346002B02D03B69BB6123E194
:10243800BB8C0133BB847B6803F58A531033184681
:10244800FFF741F803461A46BB8C934234BF012379
:102458000023DBB2002BC1D17B6803F58A5310330C
:10246800FA8C114618460EF028F8024607F11403B4
:102478001068186007F1140318460DF033FD034681
:10248800002B0ED0854B1C68844B1B681846FDF743
:10249800C7FE0346DBB2797F07F1140022460DF030
:1024A80081FC7B69BB61E7E0B7F91E30002B0DD1D9
:1024B8007B6803F58A531033002118460DF0FDFFA1
:1024C800024607F1180310681860D5E007F11403F5
:1024D8001846FEF7BFFF0346002B02D07B69BB619D
:1024E800CAE0FB8B013B7B8418E07B6803F58A53C9
:1024F80010337A8C114618460DF0DFFF024607F1BB
:102508000C031068186007F10C031846FEF7A2FFC9
:102518000346002B06D17B8C013B7B847B8C002BF4
:10252800E3D100E000BFFB8B01333B8418E07B68FC
:1025380003F58A5310333A8C114618460DF0BDFF47
:10254800024607F108031068186007F108031846E7
:10255800FEF780FF0346002B14D13B8C01333B84EC
:102568007B6803F58A5310331846FEF7ACFF034621
:102578001A463B8C934234BF01230023DBB2002B65
:10258800D5D100E000BF7B8C002B0DD17B6803F513
:102598008A5310331846FEF796FF03461A463B8CBB
:1025A800934201D3012300E00023002B02D07B6972
:1025B800BB6161E07B8C002B0ED17B6803F58A53ED
:1025C80010333A8C114618460DF077FF024607F192
:1025D8001403106818604DE07B6803F58A531033C4
:1025E8001846FEF770FF03461A463B8C93422CBFF1
:1025F80001230023DBB2002B0ED07B6803F58A533E
:1026080010337A8C114618460DF057FF024607F131
:102618001403106818602DE0B7F91E207B8CD31ABC
:1026280083EAE372A2EBE372398CB7F91E30CB1A56
:10263800002BB8BF5B429A420EDA7B6803F58A53D7
:1026480010337A8C114618460DF037FF024607F111
:102658001403106818600DE07B6803F58A53103383
:102668003A8C114618460DF028FF024607F114036C
:10267800106818607B69BB6100233A7E62F3070328
:102688007A7E62F30F23BA7E62F31743FA7E62F30F
:102698001F6318462C37BD4690BD00BF4800002078
:1026A80080B586B000AFF860B96011461A460B468F
:1026B800FB711346BB71FB6803F586501630BB7976
:1026C80097F90720B96800F073FEBB791946F868D6
:1026D800FFF700FA78617869FEF77CFE97F82030FA
:1026E800002B02D07869FEF785FE00BF1837BD467B
:1026F80080BD000080B584B000AF78600B46FB70E9
:102708001346BB70FB78022B02D11A4B1B8801E0E1
:10271800194B1B88FB81BB7883F00103DBB2002BCC
:102728000AD07868FEF7DAFE034683F00103DBB2CD
:10273800002B01D0012300E00023002B14D0B7F9AF
:102748000E30184619F0DEF80346FB81FA890B4B68
:10275800A3FB0213D9080B469B000B445B00D31A5A
:102768009BB2FA89D31AFB81FB8918461037BD46FC
:1027780080BD00BFA6530308A0530308CDCCCCCC22
:1027880090B583B000AF78600B46FB701346BB7002
:10279800BB78002B05D17868FEF7A0FE0346002B16
:1027A80001D0012400E000247868FEF7A9FE034662
:1027B800F9782246786800F005F8034618460C3781
:1027C800BD4690BD80B584B000AF7860084611461C
:1027D8001A460346FB700B46BB7013467B70174BBB
:1027E8001B88FB817B78002B03D0154B1B88FB8152
:1027F80002E0144B1B88FB81BB7883F00103DBB23A
:10280800002B16D0B7F90E30184619F07BF803469E
:10281800FB81FA890C4BA3FB0213D9080B469B00DA
:102828000B445B00D31A9BB2FA89D31A9BB20A33C2
:10283800FB81FB8918461037BD4680BDA8530308A5
:10284800A2530308A4530308CDCCCCCC90B589B0CF
:1028580000AF786007F108031846FFF73BF800233C
:10286800FB770023BB833EE07868BB8BDAB207F1C5
:10287800080101230AF073FD0346FB76FB7E002B5B
:102888002AD17B6803F58653163307F108021146EF
:10289800184600F0DBFF034683F00103DBB2002B90
:1028A80005D007F1080308331846FEF7C3FD7B6817
:1028B80003F58A531033BA8BD0B207F1080202F13C
:1028C8000801024618460DF0C3FD0346002B06D04A
:1028D800FB7F0133FB7702E0FB7E012B15D0BB8B1E
:1028E80001339BB2BB83B7F91C407B6803F58A535D
:1028F80010331846FEF7E7FD03469C42B4BF012398
:102908000023DBB2002BAFD100E000BF7B68184684
:102918000AF026FBFB7F18462437BD4690BD000011
:1029280090B58BB000AF78600023FB84002387F854
:10293800233007F10C031846FEF73EFD0EE097F82A
:10294800232007F1100107F10C0318460DF06BFA6C
:102958000346002B02D0FB8C0133FB847B6807F114
:102968001001102218460AF0BFFE034687F82330EC
:1029780097F82330002B14BF01230023DBB2002B70
:10298800DDD17B6818460AF04FFFFB8C0133FB84CE
:102998007B6803F58A531033FA8C114618460DF0FC
:1029A80011FD0346002B54D02C4B1C682B4B1B6885
:1029B8001846FDF735FC0346DBB207F10C0022464A
:1029C80005210DF0EFF97B6803F58A53103307F101
:1029D8000C02002118460DF014FD0123BB842CE0E5
:1029E8007B6807F11001102218460AF07DFE0346A5
:1029F80087F8233097F82330002B23D097F823202B
:102A080007F1100107F10C0318460DF00CFA034604
:102A1800002B12D07B6803F58A53103307F10C02A0
:102A2800B98C18460DF0EDFC034683F00103DBB2C8
:102A3800002B09D1BB8C0133BB84BA8CFB8C9A4226
:102A4800CED302E000BF00E000BF7B6818460AF062
:102A5800EBFEFB8C18462C37BD4690BD4C00002081
:102A680080B582B000AF78607B681A8C7B68B3F859
:102A780058309A4201D00023ABE07B685A8C7B68BF
:102A8800B3F85A309A4201D00023A2E07B689A8CAE
:102A98007B68B3F85C309A4201D0002399E07B68E8
:102AA800DA8C7B68B3F85E309A4201D0002390E05C
:102AB8007B681A8E7B68B3F868309A4201D000238D
:102AC80087E07B6893F832207B6893F86A309A42F3
:102AD80001D000237DE07B6893F834207B6893F86D
:102AE8006C309A4201D0002373E07B68DA8E7B68F1
:102AF800B3F86E309A4201D000236AE07B6893F8FD
:102B080038207B6893F870309A4201D0002360E047
:102B18007B68DA8F7B68B3F876309A4201D000235D
:102B280057E07B6893F833207B6893F86B309A42C0
:102B380001D000234DE07B6893F840207B6893F830
:102B480078309A4201D0002343E07B685A8F7B6833
:102B5800B3F872309A4201D000233AE07B6893F8C8
:102B68003C207B6893F874309A4201D0002330E00F
:102B78007B6803F128027B686033194610460DF024
:102B8800D5F9034683F00103DBB2002B01D0002303
:102B98001FE07B6803F12C027B68643319461046FA
:102BA8000DF0C4F9034683F00103DBB2002B01D01A
:102BB80000230EE07B6803F142007B687A3314221D
:102BC800194630F04FFC0346002B01D0002300E0EB
:102BD800012318460837BD4680BD0000B0B582B055
:102BE80000AF78607B68EB221A847B68EB225A84FA
:102BF8007B68C8229A847B684FF49662DA847B6883
:102C0800052283F834207B68B4221A867B68052263
:102C180083F832207B68B422DA867B68052283F841
:102C280038207B68B322DA877B68502283F8332008
:102C38007B68802283F840207B68012283F841204A
:102C48007B68002283F83C207B68B4225A877B6823
:102C5800423314221449184630F016FC7B6803F1FD
:102C68002804124B1D68114B1B681846FDF7D8FA4B
:102C78000346DBB22A46012120460DF093F87B6813
:102C880003F12C04094B1D68084B1B681846FDF717
:102C9800C7FA0346DBB22A46032120460DF082F824
:102CA80000BF0837BD46B0BDB85303084800002030
:102CB80080B483B000AF78607B6840F6FC029A81EC
:102CC8007B683222DA817B6840F2DF221A827B68D5
:102CD80040F2C7525A827B683B229A827B6840F254
:102CE800FB12DA827B68C8221A837B6840225A83E7
:102CF8007B68C3229A8300BF0C37BD4680BC7047EF
:102D080080B584B000AFF860B9601346FB71FB79F9
:102D1800002B07D1C8230A2240F23F21F86817F098
:102D280061FB11E0FB79022B06D132234022962168
:102D3800F86817F057FB07E040F2A46303224FF44A
:102D4800FA71F86817F04EFBF8681037BD4680BD79
:102D580080B483B000AF78600B46FB70FB78012B22
:102D680003D17B6893F8383009E0FB78002B03D156
:102D78007B6893F8343002E07B6893F83C3018465F
:102D88000C37BD4680BC704780B483B000AF786014
:102D98000B46FB70FB78012B02D17B68DB8E07E0CA
:102DA800FB78002B02D17B681B8E01E07B685B8F70
:102DB80018460C37BD4680BC704780B483B000AF5E
:102DC80078600B46FB70FB78022B02D17B689B8CEA
:102DD80007E0FB78012B02D17B685B8C01E07B6804
:102DE8001B8C18460C37BD4680BC704780B582B036
:102DF80000AF78607B6893F84230002B06D17B687F
:102E0800423314220449184630F03EFB7B684233B3
:102E180018460837BD4680BDB853030880B584B04E
:102E280000AF7860084611461A460346FB700B4609
:102E3800BB7013467B707B68DB8F03F00103002BAC
:102E480014BF01230023FB73FA7BBB789A423FD05F
:102E5800BB78002B1ED07B681B8C1BB2184618F061
:102E68006BFD03469AB27B681A847B685B8C1BB245
:102E7800184618F061FD03469AB27B685A847B684D
:102E88009B8C1BB2184618F057FD03469AB27B6814
:102E98009A841DE07B681B8C1BB2184618F032FD23
:102EA80003469AB27B681A847B685B8C1BB218460F
:102EB80018F028FD03469AB27B685A847B689B8C7D
:102EC8001BB2184618F01EFD03469AB27B689A8416
:102ED8007B68DB8F03F00C039AB27B68DA87BB78D8
:102EE800002B06D07B68DB8F43F001039AB27B6826
:102EF800DA87FB78002B06D07B68DB8F43F0020370
:102F08009AB27B68DA877B78002B06D07B68DB8FE8
:102F180043F080039AB27B68DA873B7E002B06D0A9
:102F28007B68DB8F43F010039AB27B68DA873B7FBC
:102F3800002B06D07B68DB8F43F020039AB27B68B6
:102F4800DA8797F82030002B06D07B68DB8F43F4B4
:102F580080739AB27B68DA8797F82430002B06D002
:102F68007B68DB8F43F400739AB27B68DA8797F843
:102F7800283064220121184618F0ACFC0346DAB266
:102F88007B6883F8402097F82430002B16D0002265
:102F980000217868FFF7F4FB0346BB817B681B8C34
:102FA800BA899A4202D27B68BA891A847B685B8C98
:102FB800BA899A4202D27B68BA895A8400BF10370C
:102FC800BD4680BD80B483B000AF78600846114626
:102FD8001A460346FB700B46BB7013467B707B6832
:102FE8007A7883F834207B683A8A1A867B683A7D37
:102FF80083F832207B68DB8F23F00C039AB27B685E
:10300800DA87FB78002B06D07B68DB8F43F004035C
:103018009AB27B68DA87BB78002B06D07B68DB8F97
:1030280043F008039AB27B68DA873B7E4B2B01D9C1
:103038004B233B76BB8BB3F5A07F02D94FF4A0732B
:10304800BB83BB8B042B01D80523BB833B7E043396
:103058003B763B7E174AA2FB03239B083B763B7ECD
:103068001B01DAB27B6883F833207B6893F833302E
:1030780023F00F03DAB27B6883F833207B6893F878
:1030880033305AB2BB8B013B0B4981FB0301C9109A
:10309800DB17CB1A5BB203F00F035BB213435BB2CF
:1030A800DAB27B6883F8332000BF0C37BD4680BC9A
:1030B800704700BFCDCCCCCC6766666680B582B061
:1030C80000AF78600B46FB7013463B807B683A88FC
:1030D800DA86FB781E220021184618F0FBFB03460F
:1030E800DAB27B6883F8382000BF0837BD4680BD58
:1030F80080B483B000AF7860084611461A4603468C
:10310800FB700B46BB7013463B80FB78002B07D047
:103118007B68DB8F43F040039AB27B68DA8706E06E
:103128007B68DB8F23F040039AB27B68DA877B6881
:10313800BA7883F83C207B683A885A8700BF0C37F6
:10314800BD4680BC704780B483B000AF78600B4642
:103158007B8013467B707B78002B03D17B687A8851
:103168001A8405E07B78012B02D17B687A885A841F
:1031780000BF0C37BD4680BC704780B483B000AF39
:1031880078600B467B8013463B807B687A889A84FC
:103198007B683A88DA8400BF0C37BD4680BC70472C
:1031A80080B582B000AF78607B6803F156007B6819
:1031B8001E333822194630F011FA00BF0837BD46D1
:1031C80080BD80B582B000AF78607B6803F11E00D7
:1031D8007B6856333822194630F000FA00BF0837AA
:1031E800BD4680BD80B485B000AF78607B6893F839
:1031F80033301B09FB73FB7B1A4692001344DBB286
:1032080018461437BD4680BC704780B485B000AFFF
:1032180078607B6893F8333003F00F03FB81FB89F8
:1032280001339BB21A46920013449B009BB2184686
:103238001437BD4680BC704780B584B000AFF860D5
:10324800B9601346FB71FB79002B0BD1BB689B89D6
:103258001946BB68DB891A46BB681B8AF86817F0F1
:10326800C1F819E0FB79022B0BD1BB681B8B1946FF
:10327800BB685B8B1A46BB689B8BF86817F0B2F883
:103288000AE0BB685B8A1946BB689B8A1A46BB681A
:10329800DB8AF86817F0A6F8F8681037BD4680BDD5
:1032A80080B487B000AFF860B9601346FB71FB7952
:1032B800FB75FB7D022B3CD8FA7DBB681888F96842
:1032C80013469B0013445B000B4402461A80FA7DA8
:1032D800BB685888F96813469B0013445B000B448D
:1032E800023302461A80FA7DBB689888F96813464B
:1032F8009B0013445B000B44043302461A80FA7D9A
:10330800BB68D888F96813469B0013445B000B44DC
:10331800063302461A80FA7DBB6893F90C00F968F7
:1033280013469B0013445B000B44083302461A7093
:1033380000E000BF1C37BD4680BC704780B485B034
:1033480000AF78600B46FB70FB78FB73FB7B022BAE
:1033580001D90023FB73FA7B796813469B00134459
:103368005B000B44083393F9003018461437BD4608
:1033780080BC704780B485B000AF78600B46FB70A6
:103388001346BB70FB78032B01D900230AE0BB78F6
:10339800FB73FA7BF878796813469B00134403445F
:1033A80031F8133018461437BD4680BC704700000A
:1033B80090B486B000AFF860B96011461A460B4663
:1033C800FB711346BB71BB79BB750023FB7511E01C
:1033D800FB7D5B00BA681344BA7DF87D1C88F968E8
:1033E80013469B0013440344224621F81320FB7D17
:1033F8000133FB75FB7D032BEAD9BA7DF9681346C7
:103408009B0013445B000B4406331A880F4B1B8840
:103418009A420BD9BA7D0D4B1888F96813469B0060
:1034280013445B000B44063302461A80BA7DF968E0
:1034380013469B0013445B000B440833FA791A7057
:1034480000BF1837BD4690BC704700BF9C530308A7
:1034580080B483B000AF78600B46FB701346BB7036
:10346800BB78022B06D1FB787A6810335B001344D3
:10347800DB8805E0FB787A680C335B001344DB8853
:1034880018460C37BD4680BC704700002DE9F04156
:1034980088B002AFF860084611461A4603467B8199
:1034A8000B463B811346FB71FB793B750023FB827E
:1034B8003B7D022B01D900230EE1B7F908103A7DB4
:1034C800F86813469B0013445B000344083393F9E0
:1034D8000030CB1A3B613A7DF96813469B001344D0
:1034E8005B000B441B887A899A421FD27C893A7DFB
:1034F800F96813469B0013445B000B441B881E4667
:10350800B7F90850FB791A460021F868FFF7A0FFC1
:1035180003461A463B69134400932B463246002162
:10352800204618F075F90346FB82C9E03A7DF96830
:1035380013469B0013445B000B4406331B887A89AF
:103548009A424BD801237B7544E03A7D787DF9682F
:1035580013469B001344034431F813307A899A4286
:1035680035D27C893A7D7B7D581EF96813469B00CD
:103578001344034431F813301E463A7D787DF968C8
:1035880013469B001344034431F8133098467B7D5F
:10359800013BDBB2FA791946F868FFF759FF034691
:1035A8001A463B69D518FA797B7D1946F868FFF702
:1035B8004FFF03461A463B69134400932B46424685
:1035C8003146204618F024F90346FB8278E07B7DDB
:1035D80001337B757B7D032BB7D971E03A7DF968A0
:1035E80013469B0013445B000B44023319883A7D51
:1035F800F86813469B0013445B00034406331B889A
:10360800994232D27C893A7DF96813469B0013446B
:103618005B000B4402331B881E463A7DF96813464B
:103628009B0013445B000B4406331B889846FB79C8
:103638001A460121F868FFF70BFF03461A463B6953
:10364800D518FB791A460321F868FFF701FF0346EE
:103658001A463B69134400932B464246314620469E
:1036680018F0ACF80346FB822AE07C893A7DF968B9
:1036780013469B0013445B000B4402331B881E4611
:10368800184B1B889846FB791A460121F868FFF702
:10369800DFFE03461A463B69D518FB791A46032113
:1036A800F868FFF7D5FE03461A463B6913440093B2
:1036B8002B4642463146204618F080F80346FB82E6
:1036C800B7F91630B7F9081040F2E732184618F083
:1036D80001F90346FB82FB8A18461837BD46BDE848
:1036E800F08100BF9C53030890B486B000AFF86027
:1036F800B9601346FB71FB79BB750023FB7510E0BD
:10370800BA7DFC7DFB7D5B00B9681944F8681346F7
:103718009B001344234430F813300B80FB7D0133A6
:10372800FB75FB7D032BEBD900BF00BF1837BD46E7
:1037380090BC704790B484B000AF78600B46FB70C3
:10374800FB78BB730023FB7312E0FB7BBA7BF87B2F
:10375800796814335B000B44DC88796813469B0056
:1037680013440344224621F81320FB7B0133FB73E7
:10377800FB7B032BE9D9094B1B78BA7B58B27968D4
:1037880013469B0013445B000B44083302461A702F
:1037980000BF1037BD4690BC704700BFAA5303084E
:1037A80080B485B000AF786039600023FB73FB7B81
:1037B8005A1CFA737A6814335B001344DA883B683E
:1037C8001A80FB7B5A1CFA737A6814335B00134423
:1037D800DA883B685A80FB7B5A1CFA737A68143380
:1037E8005B001344DA883B689A80FB7B7A68143361
:1037F8005B001344DA883B68DA8000BF1437BD46A3
:1038080080BC704780B584B000AF78603960386894
:103818000CF096FC0346FB73FB7B052B0AD0052BAB
:103828000EDC022B02DC002B08DA09E0033B012B3B
:1038380006D801E0022305E0012303E0002301E0AC
:1038480000BF032318461037BD4680BD80B483B03F
:1038580000AF786039603B681A883B685B889A4299
:1038680009D23B685B881A463B681B88D31A7A687A
:10387800D28E934201DA002324E03B685A883B68E1
:103888009B889A4209D23B689B881A463B685B88AA
:10389800D31A7A68D28E934201DA002312E03B6889
:1038A8009A883B68DB889A4209D23B68DB881A46CB
:1038B8003B689B88D31A7A68D28E934201DA002338
:1038C80000E0012318460C37BD4680BC704780B421
:1038D80083B000AF78600B46FB707B6808221A70D3
:1038E8007B6800225A607B68FA781A707B6800222D
:1038F8005A607B6818460C37BD4680BC704780B458
:1039080083B000AF78600B46FB707B68FA781A705A
:103918007B6800225A6000BF0C37BD4680BC7047E8
:1039280080B483B000AF786039607B681B78DBB205
:103938001A463B6802FB03F31A467B685A6000BFCD
:103948000C37BD4680BC704780B483B000AF786048
:103958000B46FB707B68002283F842207B680022BC
:1039680083F840207B68FA7883F841207B68184602
:103978000C37BD4680BC704780B582B000AF786018
:103988000B46FB707B68FA7811461846FFF79FFFD5
:103998007B6800221A727B6800225A727B684FF497
:1039A800C8725A817B684FF4FA729A817B6818460C
:1039B8000837BD4680BD80B483B000AF78607B68AF
:1039C80014221A607B6800229A807B680022DA80C1
:1039D8007B6800229A607B680A22DA607B680A2288
:1039E8001A617B6800225A617B680A229A617B68A7
:1039F8000522DA617B680B221A847B68012283F82E
:103A080022207B6818460C37BD4680BC70470000F2
:103A180080B582B000AF78607B68234A127811467F
:103A28001846FFF791FF7B6844331F4A1278114606
:103A38001846FFF789FF7B6888331B4A12781146BE
:103A48001846FFF781FF7B680022A3F8CC207B682B
:103A58000022A3F8CE207B680022A3F8D0207B6840
:103A68000022A3F8D2207B68002283F8D4207B6848
:103A78000022C3F8D8207B68002283F8DC207B680A
:103A8800002283F8DD207B680022A3F8DE207B6813
:103A98000022A3F8E0207B680022A3F8E2207B68DC
:103AA80018460837BD4680BD9E53030880B582B0CE
:103AB80000AF78607B6804331846FFF77CFF7B68AB
:103AC80028331846FFF7A4FF0E4A7B681A607B6804
:103AD80003F5867308211846FFF74EFF7B6803F548
:103AE8008E7308211846FFF747FF7B6803F5967326
:103AF80008211846FFF740FF7B6818460837BD467F
:103B080080BD00BF6846030880B483B000AF78600A
:103B1800044A7B681A607B6818460C37BD4680BC2F
:103B2800704700BF6846030880B582B000AF786070
:103B38007868FFF7E9FF4FF49E7178682EF05CFD16
:103B48007B6818460837BD4680BD80B582B000AF97
:103B580078600B467B807B6803F586737A8811460C
:103B6800184617F071F900BF0837BD4680BD80B50B
:103B780082B000AF78600B46FB707B6803F58E72ED
:103B8800FB78002B01D0642300E00023194610467F
:103B980017F05AF900BF0837BD4680BD80B582B01E
:103BA80000AF78600B46FB707B6803F59672FB7874
:103BB800002B01D0642300E000231946104617F0BB
:103BC80043F900BF0837BD4680BD80B582B000AF5D
:103BD80078607B6800221A607B6800229A807B6884
:103BE80006331846FDF7E8FB7B6818460837BD46DC
:103BF80080BD000080B582B000AF78607B68184651
:103C0800FFF754FF474A7B681A607B680022A3F8D5
:103C18003C217B680022A3F83E217B680022A3F8A0
:103C280040217B680022A3F842217B68042283F8A4
:103C380044217B68002283F845217B680022A3F891
:103C480046217B68002283F848217B68002283F89C
:103C580049217B6803F5A67308211846FFF737FE4C
:103C68007B6803F5AA7308211846FFF730FE7B68C6
:103C780003F5AE7308211846FFF729FE7B6803F5A4
:103C8800B27308211846FFF722FE7B6803F5B67366
:103C980008211846FFF71BFE7B68002283F8742171
:103CA8007B68032283F875217B680022A3F87621BC
:103CB8007B684FF47A72A3F878217B68142283F822
:103CC8007A217B686422A3F87C217B68082283F828
:103CD8007E217B684FF4FA72A3F880217B684FF449
:103CE8007A72A3F882217B68032283F884217B6897
:103CF8000E2283F885217B68142283F886217B684D
:103D0800052283F887217B68022283F888217B6853
:103D180044F62062C3F88C217B6818460837BD46F4
:103D280080BD00BF9C50030880B483B000AF7860AA
:103D38000B46FB70FA787B68114683F849117B685B
:103D480083F8482100BF0C37BD4680BC704780B45B
:103D580083B000AF78607B6893F8753118460C37EC
:103D6800BD4680BC7047000080B582B000AF786067
:103D78007B681846FFF79AFE524A7B681A607B6890
:103D8800002283F83C217B68002283F83D217B6870
:103D9800002283F83E217B68012283F83F217B685B
:103DA800002283F840217B680022A3F842217B6827
:103DB8000022A3F844217B680022A3F846217B68EF
:103DC8000022C3F848217B6803F5A673082118462A
:103DD800FFF77DFD7B6803F5AA7308211846FFF7F6
:103DE80076FD7B6803F5AE7308211846FFF76FFD73
:103DF8007B6803F5B27308211846FFF768FD7B68F6
:103E080003F5B67308211846FFF761FD7B680022A9
:103E180083F874217B680022A3F876217B6800224E
:103E280083F878217B68462283F879217B686322AE
:103E380083F87A217B684FF42F72A3F87C217B6882
:103E480040F2CF72A3F87E217B684FF4C862A3F8D2
:103E580080217B687D22A3F882217B683222A3F827
:103E680084217B68184AC3F888217B684EF6602253
:103E7800C3F88C217B684FF4FA72A3F890217B6811
:103E88004FF47A72A3F892217B681E2283F894215A
:103E98007B683C2283F895217B680D2283F8962164
:103EA8007B680A2283F897217B680122C3F898214E
:103EB8007B68064AC3F89C217B6818460837BD46CC
:103EC80080BD00BF58500308407E0500E093040001
:103ED80080B483B000AF78607B6800221A607B688A
:103EE80000221A607B6818460C37BD4680BC7047B4
:103EF80080B483B000AF78607B6800221A607B686A
:103F080018460C37BD4680BC704780B582B000AFFC
:103F180078607B6818462CF0E5FB7B681846083704
:103F2800BD4680BD80B582B000AF78607B68043341
:103F38001846FFF7EAFF044A7B681A607B68184650
:103F48000837BD4680BD00BF4046030880B483B033
:103F580000AF7860044A7B681A607B6818460C37A3
:103F6800BD4680BC704700BF4046030880B582B09C
:103F780000AF78607868FFF7E9FF502178682EF085
:103F88003BFB7B6818460837BD4680BD80B483B0CC
:103F980000AF786000BF0C37BD4680BC704780B565
:103FA80082B000AF78602BF073FD00BF0837BD46C4
:103FB80080BD80B582B000AF78602BF079FD00BF7E
:103FC8000837BD4680BD80B582B000AF78600B462B
:103FD800FB70FB7818462BF07BFD00BF0837BD4609
:103FE80080BD80B582B000AF78600B46FB70FB786F
:103FF80018462BF085FD00BF0837BD4680BD80B54B
:1040080082B000AF78600B46FB70FB7818462BF047
:104018008FFD00BF0837BD4680BD000080B582B067
:1040280000AF78607B681846FFF77CFF034A7B681F
:104038001A607B6818460837BD4680BD18460308D5
:1040480080B582B000AF7860054A7B681A607B68EB
:104058001846FFF77BFF7B6818460837BD4680BDCA
:104068001846030880B582B000AF78607868FFF71B
:10407800E7FF502178682EF0BFFA7B6818460837AA
:10408800BD4680BD80B582B000AF786029F06AFF78
:1040980000BF0837BD4680BD80B483B000AF7860EC
:1040A8007B6800221A807B6800225A607B680022A5
:1040B8009A607B6800229A817B6800229A737B68E9
:1040C80018460C37BD4680BC704780B582B000AF3B
:1040D80078607B68043318462EF065FB7B681846C9
:1040E8000837BD4680BD000090B583B000AF78604A
:1040F8007B6800221A707B681C1DC54B2360231D3A
:1041080018462EF023FB1C34C24B2360231D18468F
:104118002EF01CFB1C34C04B2360231D18462EF0C8
:1041280015FB1C34BD4B2360231D18462EF00EFBD7
:104138001C34BB4B2360231D18462EF007FB1C3490
:10414800B84B2360231D18462EF000FB1C34B64BD9
:104158002360231D18462EF0F9FA1C34B34B236054
:10416800231D18462EF0F2FA1C34B14B2360231D90
:1041780018462EF0EBFA1C34AE4B2360231D18466C
:104188002EF0E4FA1C34AC4B2360231D18462EF0A5
:10419800DDFA1C34A94B2360231D18462EF0D6FAED
:1041A8001C34A74B2360231D18462EF0CFFA1C346D
:1041B800A44B2360231D18462EF0C8FA1C34A24BCA
:1041C8002360231D18462EF0C1FA1C349F4B236030
:1041D800231D18462EF0BAFA1C349D4B2360231D6C
:1041E80018462EF0B3FA1C349A4B2360231D184648
:1041F8002EF0ACFA1C34984B2360231D18462EF081
:10420800A5FA1C34954B2360231D18462EF09EFA00
:104218001C34934B2360231D18462EF097FA1C3448
:10422800904B2360231D18462EF090FA1C348E4BB9
:104238002360231D18462EF089FA1C348B4B23600B
:10424800231D18462EF082FA1C34894B2360231D47
:1042580018462EF07BFA1C34864B2360231D184623
:104268002EF074FA1C34844B2360231D18462EF05C
:104278006DFA1C34814B2360231D18462EF066FA14
:104288001C347F4B2360231D18462EF05FFA1C3424
:104298007C4B2360231D18462EF058FA1C347A4BA9
:1042A8002360231D18462EF051FA1C34774B2360E7
:1042B800231D18462EF04AFA1C346B4B2360231D2D
:1042C80018462EF043FA1C34714B2360231D184600
:1042D8002EF03CFA1C346F4B2360231D18462EF039
:1042E80035FA1C346C4B2360231D18462EF02EFA29
:1042F8001C34624B2360231D18462EF027FA1C3409
:104308005F4B2360231D18462EF020FA1C34564BB1
:104318002360231D18462EF019FA1C345C4B2360C9
:10432800231D18462EF012FA1C345A4B2360231D05
:1043380018462EF00BFA1C343B4B2360231D1846FD
:104348002EF004FA1C34554B2360231D18462EF01A
:10435800FDF91C344B4B2360231D18462EF0F6F94B
:104368001C34474B2360231D18462EF0EFF91C34EC
:104378003D4B2360231D18462EF0E8F91C34484BAA
:104388002360231D18462EF0E1F91C34414B2360AD
:10439800231D18462EF0DAF91C34424B2360231DE6
:1043A80018462EF0D3F91C343F4B2360231D1846C2
:1043B8002EF0CCF91C343D4B2360231D18462EF0FB
:1043C800C5F91C343A4B2360231D18462EF0BEF95C
:1043D8001C34184B2360231D18462EF0B7F91C34E3
:1043E800344B2360231D18462EF0B0F91C34324B91
:1043F8002360231D18462EF0A9F91C342F4B236087
:10440800231D18462EF0A2F91C342D4B236059E0C9
:10441800E83C0308F43C0308003D0308103D03088A
:10442800203D03082C3D0308383D0308483D030898
:10443800583D0308603D0308683D0308743D0308C0
:104448007C3D0308843D0308943D0308A43D03080C
:10445800B03D0308BC3D0308C83D0308D43D03082C
:10446800E43D0308F43D0308003E0308083E030842
:10447800103E0308203E03082C3E0308383E03087C
:10448800443E0308543E0308643E0308703E030894
:104498007C3E03088C3E03089C3E0308AC3E0308A0
:1044A800B83E0308C83E0308D43E0308E03E0308AC
:1044B800E83E0308F03E0308FC3E0308043F0308F7
:1044C8000C3F0308231D18462EF040F91C349F4B5F
:1044D8002360231D18462EF039F91C349C4B2360A9
:1044E800231D18462EF032F91C349A4B2360231DE5
:1044F80018462EF02BF91C34974B2360231D1846C1
:104508002EF024F91C34954B2360231D18462EF0F9
:104518001DF91C34924B2360231D18462EF016F902
:104528001C34904B2360231D18462EF00FF91C34C1
:104538008D4B2360231D18462EF008F91C348B4B35
:104548002360231D18462EF001F91C34884B236084
:10455800231D18462EF0FAF81C34864B2360231DC1
:1045680018462EF0F3F81C34834B2360231D18469D
:104578002EF0ECF81C34814B2360231D18462EF0D6
:10458800E5F81C347E4B2360231D18462EF0DEF818
:104598001C347C4B2360231D18462EF0D7F81C349E
:1045A800794B2360231D18462EF0D0F81C34774B26
:1045B8002360231D18462EF0C9F81C34744B236061
:1045C800231D18462EF0C2F81C34724B2360231D9D
:1045D80018462EF0BBF81C346F4B2360231D184679
:1045E8002EF0B4F81C346D4B2360231D18462EF0B2
:1045F800ADF81C346A4B2360231D18462EF0A6F82C
:104608001C34684B2360231D18462EF09FF81C3479
:10461800654B2360231D18462EF098F81C34634B15
:104628002360231D18462EF091F81C34604B23603C
:10463800231D18462EF08AF81C345E4B2360231D78
:1046480018462EF083F81C345B4B2360231D184654
:104658002EF07CF81C34594B2360231D18462EF08D
:1046680075F81C34564B2360231D18462EF06EF83F
:104678001C34544B2360231D18462EF067F81C3455
:10468800514B2360231D18462EF060F81C344F4B05
:104698002360231D18462EF059F81C344C4B236018
:1046A800231D18462EF052F81C344A4B2360231D54
:1046B80018462EF04BF81C34474B2360231D184630
:1046C8002EF044F81C34454B2360231D18462EF069
:1046D8003DF81C34424B2360231D18462EF036F853
:1046E8001C34404B2360231D18462EF02FF81C3431
:1046F8003D4B2360231D18462EF028F81C343B4BF5
:104708002360231D18462EF021F81C34384B2360F3
:10471800231D18462EF01AF804F11C03354A1A60B6
:10472800043318462EF012F87B68334A03F6F42354
:1047380092E8030018600433198002330A0C1A70D7
:104748007B6818460C37BD4690BD00BF8C3E0308F9
:10475800143F0308243F0308343F0308403F03087D
:10476800603D03084C3F0308503F0308543F0308CB
:104778005C3F0308643F03086C3F0308743F030869
:104788007C3F0308843F0308883F03088C3F0308E5
:10479800903F0308943F03089C3F0308A43F030885
:1047A800F03E0308AC3F0308B83F0308CC3F0308BA
:1047B800E03F0308F43F03080C40030818400308CF
:1047C800284003083840030850400308684003089D
:1047D800704003087C4003088840030890400308A1
:1047E8009440030898400308A4400308A84003081D
:1047F800AC400308B4400308C440030880B483B045
:1048080000AF78607B6800221A807B6818460C37F6
:10481800BD4680BC704780B483B000AF78600B465B
:10482800FB70FB789AB27B681A8000BF0C37BD46D4
:1048380080BC704790B583B000AF78607B68043364
:10484800002B0CD07B68043303F52F647B6804339A
:104858009C4204D01C3C2046FFF737FCF6E77B68F7
:1048680018460C37BD4690BD80B582B000AF786061
:104878007B681846FFF7D2FB7B6850331846FFF772
:10488800BDFF7B6854331846FFF706FC7B6864332A
:104898001846FFF729FC4A4A7B681A607B68494A30
:1048A800C3F8602B7B680022A3F8642B7B684FF663
:1048B800FF72A3F8662B7B684FF4FC62A3F8682BA1
:1048C8007B684FF47842A3F86A2B7B68FF22A3F831
:1048D8006C2B7B684FF6E072A3F86E2B7B684CF26A
:1048E8001862A3F8702B7B68002283F8722B7B6810
:1048F80003F674331846FFF7EBFA7B6803F6783350
:104908001846FFF7E5FA7B6803F67C331846FFF78D
:10491800DFFA7B6803F538631846FFF7D9FA7B6836
:1049280003F684331846FFF7D3FA7B6803F6883317
:104938001846FFF7DDFA7B68FF2283F88C2B7B682B
:104948009622A3F88E2B7B680022A3F8902B7B6815
:104958000022A3F8922B7B680022A3F8942B7B6893
:104968000022A3F8962B7B68C822A3F8982B7B68B3
:104978006E22A3F89A2B7B685A22A3F89C2B7B689B
:104988003C22A3F89E2B7B685A22A3F8A02B7B68B5
:104998002022A3F8A22B7B681922A3F8A42B7B68FA
:1049A800094AC3F8A82B7B68064AC3F8AC2B7B6876
:1049B800044AC3F8B02B7B6818460837BD4680BD4B
:1049C800F04503088C580308C44E030880B582B02C
:1049D80000AF78601A4A7B681A607B6803F68833F0
:1049E80018462BF004FC7B6803F68433184629F03C
:1049F8008AFC7B6803F53863184629F084FC7B68D9
:104A080003F67C33184629F07EFC7B6803F678337E
:104A1800184629F078FC7B6803F67433184629F0A9
:104A280072FC7B6864331846FFF704FF7B681846FE
:104A3800FFF706FB7B6818460837BD4680BD00BFF8
:104A4800F045030880B582B000AF78607868FFF75A
:104A5800BDFF40F6B43178682DF0CEFD7B6818466E
:104A68000837BD4680BD000080B483B000AF7860D1
:104A78007B6800221A707B6803F58053002283F854
:104A88002C207B6803F580534FF48052DA857B68CD
:104A980003F580531A46134B13637B6803F5805361
:104AA8001A46114B53637B6803F580531A460F4B24
:104AB80093637B6803F580531A460D4BD3637B6879
:104AC80003F580531A460B4B13647B6803F5805338
:104AD8001A46094B53647B6818460C37BD4680BCA0
:104AE800704700BFCC400308D8400308E4400308DF
:104AF800F0400308FC40030804410308B0B483B045
:104B080000AF78607B6801221A707B6800225A60C7
:104B18007B68134A083392E8030083E803007B6844
:104B2800104A03F1100413460FCB84E80F007B688A
:104B38000D4A203392E8030083E803007B680B4AA0
:104B480003F1280415460FCD0FC495E8030084E847
:104B580003007B6818460C37BD46B0BC704700BFE1
:104B6800144103081C4103082C410308344103087D
:104B780080B582B000AF78607B680A331846FCF7CE
:104B88001BFC7B680E331846FCF716FC7B6818463E
:104B98000837BD4680BD80B582B000AF78607B68BD
:104BA8001846FFF712F87B681E331846FFF7E0FF38
:104BB8007B6856331846FFF7DBFF7B6818460837D3
:104BC800BD4680BD80B483B000AF78607B6893F841
:104BD800403018460C37BD4680BC704780B483B05F
:104BE80000AF78607B68104903F11E020B4603CBC7
:104BF800106051607B680D4903F126020B4603CB18
:104C0800106051607B680A4903F12E020B4603CB02
:104C1800106051607B686422DA867B6818460C371E
:104C2800BD4680BC704700BF4C410308544103088F
:104C38005C41030880B582B000AF78607B68184695
:104C4800FFF712FF7B6803F5825308331846FFF716
:104C5800A2FF7B6803F5865316331846FFF7BEFF9D
:104C68007B6803F5885310331846FFF747FF7B68C6
:104C780003F58A5310331846FEF7A7FF7B681846DA
:104C88000837BD4680BD80B483B000AF78607B68CC
:104C9800B3F5007F05D24FF400727B68B2FBF3F3E3
:104CA80000E0012318460C37BD4680BC7047000061
:104CB80080B483B000AF7860044A7B681A607B6870
:104CC80018460C37BD4680BC704700BFBC4503087A
:104CD80080B483B000AF7860044A7B681A607B6850
:104CE80018460C37BD4680BC704700BFBC4503085A
:104CF80080B582B000AF78607868FFF7E9FF0421DB
:104D080078682DF079FC7B6818460837BD4680BD69
:104D180080B582B000AF78607B68184601F016FB5A
:104D28007B6818460837BD4680BD000080B582B054
:104D380000AF78607B681846FFF7BAFF0B4A7B68BC
:104D48001A607B68043318462DF000FD7B681C331D
:104D5800184601F0E7FA7B684433184601F0E2FA96
:104D68007B6818460837BD4680BD00BF6051030800
:104D780080B582B000AF78600D4A7B681A607B68A6
:104D880044331846FFF7C4FF7B681C331846FFF707
:104D9800BFFF7B68043318462DF005FD7B68184675
:104DA800FFF796FF7B6818460837BD4680BD00BFF1
:104DB8006051030880B582B000AF78607868FFF76B
:104DC800D7FF6C2178682DF017FC7B6818460837E8
:104DD800BD4680BD80B582B000AF78607B6818465C
:104DE8002DF0B4FC7B68183318462DF0AFFC7B68B7
:104DF800303318462DF0AAFC7B6818460837BD46A4
:104E080080BD80B582B000AF78607B6830331846CB
:104E18002DF0C9FC7B68183318462DF0C4FC7B685C
:104E280018462DF0C0FC7B6818460837BD4680BD83
:104E380080B582B000AF7860786801F0BCFA7B6812
:104E480018460837BD4680BD80B582B000AF78608F
:104E58007B68184601F09FFA7B6818460837BD46FC
:104E680080BD80B582B000AF78607B681846FFF7D8
:104E7800EBFF7B6818460837BD4680BD80B582B019
:104E880000AF78607B681846FFF750FF084A7B68D8
:104E98001A607B686C331846FFF79CFF7B68B43355
:104EA8001846FFF7DEFF7B6818460837BD4680BD09
:104EB8002C51030880B582B000AF78607B68184633
:104EC800FFF734FF054A7B681A607B680022DA66C0
:104ED8007B6818460837BD4680BD00BFF8500308F8
:104EE80080B582B000AF78607B6803F501531C334E
:104EF8001846FFF7C3FF7B6803F504531C331846B5
:104F0800FFF7D8FF7B6803F50053002283F88C2154
:104F18007B6803F500531A460023C2F890317B687A
:104F280003F500531A46044BC2F894317B681846BF
:104F38000837BD4680BD00BFAC53030880B582B0BA
:104F480000AF78607B6803F504531C33184602F001
:104F5800F7FA7B6803F501531C33184602F0C4FACC
:104F68007B6818460837BD4680BD000080B582B012
:104F780000AF78607B681846FFF75CFE7B6803F536
:104F88008A531C331846FFF7ABFF7B6803F54B5376
:104F980034331846FFF768FC7B6803F57A532833E7
:104FA8001846FEF727FE7B6803F5804338332E4901
:104FB800184607F03AFC7B6803F5804378332B49A1
:104FC800184607F032FC7B6803F5814338331846EE
:104FD800FEF7CAFE7B6803F5844358331846FFF78B
:104FE8008DFD7B6803F58543183308211846FEF7C5
:104FF8006EFC7B6803F58543203308211846FEF7CD
:1050080066FC7B6803F58543283308211846FEF7BC
:105018005EFC7B6803F58043002283F8B0227B683E
:1050280003F580431E2283F8B1227B6803F5804391
:1050380040F63C72A3F8B2227B6803F580430F2246
:1050480083F8B4227B6803F580430E2283F8B522E7
:105058007B6803F58043142283F8B6227B681846E0
:105068000837BD4680BD00BFB45C00208C5D0020C1
:1050780080B582B000AF78600B467B807B6803F513
:10508800854318337A881146184615F07BFD00BF12
:105098000837BD4680BD80B582B000AF78600B464A
:1050A8007B8013463B807B6803F5854320337A88F1
:1050B8001146184615F066FD7B6803F585432833CD
:1050C8003A881146184615F05DFD00BF0837BD4601
:1050D80080BD80B582B000AF78600B46FB707B68FE
:1050E80003F57A5328331846FEF731FE0346002BA2
:1050F8000CBF01230023DBB2002B08D07B6803F52B
:105108007A532833FA7811461846FEF730FD00BF67
:105118000837BD4680BD80B582B000AF78600B46C9
:10512800FB707B6803F57A5328331846FEF70FFEA9
:105138000346012B0CBF01230023DBB2002B08D050
:105148007B6803F57A532833FA7811461846FEF738
:105158000EFD00BF0837BD4680BD000080B483B097
:1051680000AF78603960124A7B681A607B68002259
:105178001A717B6800229A607B6800229A817B689A
:1051880000221A617B6800225A617B6800229A61BA
:105198007B680022DA617B6800221A627B683A68C1
:1051A8009A607B6818460C37BD4680BC704700BFC4
:1051B800A045030880B483B000AF786000BF0C3707
:1051C800BD4680BC704780B483B000AF78600023D0
:1051D80018460C37BD4680BC704780B483B000AF1A
:1051E800786000BF0C37BD4680BC704780B483B080
:1051F80000AF7860044A7B681A607B6818460C37F1
:10520800BD4680BC704700BFA045030880B582B08A
:1052180000AF78607868FFF7E9FF242178682DF0FF
:10522800EBF97B6818460837BD4680BD80B582B06B
:1052380000AF78607B6802331846FCF7BDF87B68DE
:1052480018460837BD4680BDB0B582B000AF78605B
:1052580039607B6839681846FFF780FF0E4A7B681B
:105268001A607B68243309241D4604E02846FFF7AA
:10527800DDFF013C0635002CF8DA7B6800221A664F
:105288007B6800225A667B68002283F868207B6866
:1052980018460837BD46B0BD7053030880B582B0C4
:1052A80000AF786039607B6839681846FFF756FFA9
:1052B8001C4A7B681A607B68002283F824207B687C
:1052C8000022A3F846207B680022A3F848207B68C8
:1052D800002283F84A207B680022DA647B68002277
:1052E8001A657B6800225A657B68002283F858207B
:1052F8007B684FF41672A3F85A207B680A4ADA656D
:105308007B6840F6B8321A667B6841F288325A6682
:105318007B684FF49672A3F868207B6818460837B4
:10532800BD4680BD54530308C0D4010080B582B087
:1053380000AF786039607B6839681846FFF70EFF60
:10534800124A7B681A607B68012283F824207B68F4
:10535800002283F832207B68002283F833207B68A0
:1053680000225A637B6800229A637B6840F2DC5211
:105378009A877B680022DA877B684FF49672A3F8D5
:1053880040207B6818460837BD4680BD385303085F
:1053980080B582B000AF786039607B68396818469C
:1053A800FFF7DCFE124A7B681A607B6800225A62AB
:1053B8007B6800229A627B68002283F82C207B6835
:1053C800002283F82D207B68002283F82E207B683A
:1053D800002283F82F207B68002283F830207B6826
:1053E80003225A867B6818460837BD4680BD00BF31
:1053F8001C53030880B582B000AF786039607B68C1
:1054080039681846FFF7AAFE284A7B681A607B6845
:1054180006229A847B6841F288329A627B6800226D
:1054280083F82C207B6800221A637B6800225A6369
:105438007B6800229A637B6800229A877B68002237
:10544800DA877B680022A3F840207B680022A3F853
:1054580042207B680022A3F844207B68FA22A3F844
:1054680046207B68002283F848207B680022DA64A3
:105478007B680022A3F850207B68002283F8522022
:105488007B680622A3F854207B684FF4FA629A6579
:105498007B684FF4C872A3F85C207B684FF4FA620B
:1054A8001A667B6818460837BD4680BD0053030856
:1054B80080B582B000AF786039607B68396818467B
:1054C800FFF74CFE0B4A7B681A607B68012283F861
:1054D80024207B68642283F825207B6826330022F9
:1054E8001A605A609A60DA601A617B681846083751
:1054F800BD4680BDE452030880B584B000AFF860B3
:10550800B9607A60FB68B9681846FFF727FE054A54
:10551800FB681A60FB687A685A62FB68184610379D
:10552800BD4680BDC852030880B584B000AFF8609E
:10553800B9607A60FB68B9681846FFF70FFE054A3C
:10554800FB681A60FB687A685A62FB68184610376D
:10555800BD4680BDAC52030880B582B000AF78600C
:1055680039607B6839681846FFF7F8FD124A7B688E
:105578001A607B6800229A847B680022DA847B6840
:10558800002283F828207B68012283F829207B6881
:105598004FF448725A857B684FF448729A857B6845
:1055A80040F2CF72DA857B68032283F830207B686B
:1055B80018460837BD4680BD9052030880B584B0B0
:1055C80000AFF860B9607A60FB68B9681846FFF701
:1055D800C5FD074AFB681A60FB68022283F8282089
:1055E800FB687A685A62FB6818461037BD4680BD6A
:1055F8007452030880B584B000AFF860B9607A606F
:10560800FB68B9681846FFF7A9FD0C4AFB681A60E1
:10561800FB68022283F82820FB68012283F82920EE
:10562800FB6800225A85FB6800229A85FB687A6825
:105638005A62FB6818461037BD4680BD58520308A9
:1056480080B582B000AF786039607B6839681846E9
:10565800FFF784FD0E4A7B681A607B68002283F896
:1056680024207B68002283F825207B6800229A6228
:105678007B68002283F82C207B68002283F82D2089
:105688007B686422DA857B6818460837BD4680BD8A
:10569800AC46030880B582B000AF7860054A7B68E5
:1056A8001A607B681846FFF7A1FD7B681846083723
:1056B800BD4680BDAC46030880B582B000AF7860B7
:1056C8007868FFF7E7FF302178682CF095FF7B6852
:1056D80018460837BD4680BD80B582B000AF7860F7
:1056E80039607B6839681846FFF7AAFF204A7B684B
:1056F8001A607B68303305211846FEF7E8F87B68A6
:1057080000229A637B680022DA637B6800221A64AD
:105718007B6800225A647B6800229A647B680022B6
:10572800DA647B680022A3F850207B68012283F8A2
:1057380052207B6800225A657B68012283F8582032
:105748007B684FF4FA72A3F85A207B6840F2DC5267
:10575800A3F85C207B684FF4FA721A667B6840F6FF
:10576800B832A3F864207B6818460837BD4680BD68
:10577800C853030880B584B000AFF860B9607A6098
:10578800FB68B9681846FFF7E9FC254AFB681A6008
:10579800FB6800225A62FB68012283F82820FB6814
:1057A800012283F82920FB68002283F82A20FB685D
:1057B800012283F82B20FB68012283F82C20FB6848
:1057C800002283F82D20FB68002283F82E20FB6836
:1057D800642283F82F20FB68002283F83020FB68BE
:1057E800002283F83120FB68002283F83220FB680E
:1057F800002283F83320FB68002283F83420FB68FA
:10580800042283F83520FB68072283F83620FB68DA
:105818007A685A62FB6818461037BD4680BD00BFDB
:105828002052030880B584B000AFF860B9607A6090
:10583800FB68B9681846FFF791FC1C4AFB681A60B8
:10584800FB68002283F82C20FB68002283F82D20B7
:10585800FB68002283F82E20FB6800221A86FB686A
:10586800002283F83220FB68002283F83320FB688B
:1058780000229A86FB68002283F83620FB68002203
:1058880083F83720FB68022283F83820FB68062259
:1058980083F83920FB6878225A87FB687A685A624D
:1058A800FB6818461037BD4680BD00BFE8510308A5
:1058B80080B584B000AFF860B9607A60FB68B968F9
:1058C8001846FFF74BFC124AFB681A60FB68002277
:1058D80083F82820FB6800225A85FB68FF2283F89A
:1058E8002C20FB68002283F82D20FB68002283F817
:1058F8002E20FB68012283F82F20FB6878221A8665
:10590800FB687A685A62FB6818461037BD4680BD46
:10591800CC51030880B584B000AFF860B9607A60F4
:10592800FB68B9681846FFF719FC144AFB681A6047
:10593800FB68002283F82820FB68002283F82920CE
:10594800FB6800225A85FB68FF2283F82C20FB683D
:10595800002283F82D20FB68012283F82E20FB68A3
:10596800022283F82F20FB6878221A86FB687A685F
:105978005A62FB6818461037BD4680BDB05103080F
:1059880080B584B000AFF860B9607A603B60FB68AE
:10599800B9681846FFF7E2FB064AFB681A60FB681D
:1059A8007A685A62FB683A689A62FB681846103748
:1059B800BD4680BD9451030880B400AF034B1B78EB
:1059C800DBB21846BD4680BC704700BF38020020D5
:1059D80080B500AF034815F0F4F803469BB21846AB
:1059E80080BD00BF3C02002080B584B000AF0346F4
:1059F800FB8017F001FE034603F59673BB602E4B40
:105A08005B6A9BB20233FB81FB89632B12D9FB894A
:105A1800633BFB810EE0284B5A6AFB899A420CBF14
:105A280001230023DBB2002B04D04FF08042FB8817
:105A380053620AE017F0E0FD0246BB6893428CBF50
:105A480001230023DBB2002BE5D117F0D5FD034677
:105A580003F59673BB60184B5B6A9BB20233FB81FC
:105A6800FB89632B12D9FB89633BFB810EE0124B48
:105A78005A6AFB899A420CBF01230023DBB2002B30
:105A880004D04FF080435B6A9BB210E017F0B4FD7E
:105A98000246BB6893428CBF01230023DBB2002B74
:105AA800E5D14FF08043DB6A9BB201339BB21846C5
:105AB8001037BD4680BD00BF0004004080B586B0E9
:105AC80002AF9C4818F0BEF99B4818F0BBF99B4BF5
:105AD80001221A7005229A49974817F0D1FE00BF93
:105AE800964B1B78DBB2002BFAD1954B1B88FB81B8
:105AF80001237B730AE07B7B914A32F813309AB218
:105B0800FB891344FB817B7B01337B737B7B032BFA
:105B1800F1D9FB890233FB81FB899B08FB81884B08
:105B28001B897B81854B01221A7005228549814892
:105B380017F0A6FE00BF814B1B78DBB2002BFAD111
:105B4800804B9B883B817F4BDB88FB807D4B1B898F
:105B5800BB800A217C48FDF7D2FE4FF47A717A485F
:105B6800FDF7DEFE794B1B681B6C9BB2283B9AB293
:105B7800774B1A80BB8878893A89F9890193FB8821
:105B880000930346734809F0E5F80346FB700C21BF
:105B980071481CF02BFD00216F481CF0C7FB002149
:105BA8006A481CF023FD042168481CF01FFD0821E9
:105BB80066481CF0BBFB0C2164481CF0B7FB674B24
:105BC800674A664967480FF0B1FB644B664A654906
:105BD80063480FF0ABFB614B624A624962480FF0C1
:105BE800A5FB604B5F4A5F4960480FF09FFB5D4B28
:105BF8005C4A5F495F480FF099FB5A4B594A59492B
:105C08005B480FF093FB574B564A56495A480FF0DA
:105C18008DFB544B534A534958480FF087FB574B59
:105C2800564A504956480FF081FB4E4B4D4A4B4956
:105C380054480FF07BFB4B4B4A4A484952480FF0F7
:105C480075FB484B474A454950480FF06FFB454B99
:105C5800444A42494E480FF069FB424B414A414988
:105C68003E480FF063FB4B4B3E4A3E494A480FF013
:105C78005DFB3C4B3B4A3B4946480FF057FB3F4BCB
:105C88003E4A38493E480FF051FB0023002235496F
:105C980042480FF04BFB00230022324940480FF0E6
:105CA80045FB404802F056FF3F4B1B78002B0FD0B6
:105CB800314B314A304930480FF038FB002301227C
:105CC80063212D4813F00AF8384B2B4A1A6070E00C
:105CD800FB78013B032B6BD801A252F823F000BFDD
:105CE800F95C0008295D0008015D0008215D0008D5
:105CF8002E4B1D4A1A605CE00023012250211E48E9
:105D080012F0ECFF254B1C4A1B491B480FF00EFBF9
:105D1800264B194A1A604CE0244B204A1A6048E086
:105D2800002301225421144812F0D8FF1F4B124AB5
:105D38001A603EE0005A0020305A00203902002044
:105D4800280200201C0200203C020020245C0020C5
:105D5800440200204C0200206C5C002070490020A6
:105D6800A845002040450020144600203C4600205D
:105D7800EC460020A84600200445002018470020D3
:105D88004C470020B04700203C48002074480020C1
:105D9800B0480020DC470020484900201048002077
:105DA800184900204035002000690020000000202C
:105DB80000BF40F2DC50FFF717FE0C48FEF702FF69
:105DC8000346BB70BB7819460948FEF724FDC82076
:105DD80017F01CFC074B1A68064B1B681B681B68EE
:105DE8001046984700BF1037BD4680BD941200206A
:105DF800903500200000002080B582B000AF17F079
:105E0800FBFB0246744B1B689A428CBF012300239C
:105E1800DBB2002B46D017F0EFFB034664336E4A23
:105E2800136002216D4818F0D9FE0346FB70FB7819
:105E3800012B0CBF01230023DBB219466848FFF78A
:105E480048F90821654818F0C9FE0346FB70FB783D
:105E5800012B0CBF01230023DBB219466048FFF772
:105E68005AF904215D4818F0B9FE0346FB70FB7827
:105E7800002B0CBF01230023DBB219465948FDF75C
:105E88008DFE4FF48061584818F0A8FE0346FB7059
:105E9800FB78012B0CBF01230023DBB219465348C2
:105EA800FDF765FE524B1B6818460FF054FA7860F0
:105EB8007B68002B27D04E4B1B687A689A4222D009
:105EC8004C48FBF7DFF90021464809F07BFB4FF00F
:105ED800804300225A63484B00229A63444B1A6855
:105EE800434B1B681B6808331B6810469847404A99
:105EF8007B6813603E4B1A683D4B1B681B681B6828
:105F08001046984764E03A4B1A68394B1B681B687F
:105F180004331B68104698477860354B1B687A68CD
:105F28009A422BD07B68002B01D1344B7B60002137
:105F38002C4809F047FB00212C4808F0B5F900214E
:105F48002848FDF7F1FE4FF0804300225A632A4BA0
:105F580000229A63264B1A68254B1B681B68083376
:105F68001B6810469847224A7B681360204B1A68C2
:105F78001F4B1B681B681B681046984717F03CFBB3
:105F880002461F4B1B689A422CBF01230023DBB239
:105F9800002B14D0184B5A6A1A4B1B689A4214BF2C
:105FA80001230023DAB2184B1A70134B5B6A154AA7
:105FB800136017F021FB03462933114A1360134875
:105FC80002F05CFC0346002B02D0052017F01EFBF4
:105FD8000837BD4680BD00BFB84900200010014009
:105FE8004C020020F4400020000C01400443002033
:105FF80000000020A44400200004004004450020C4
:10600800B4490020340200203802002090350020D6
:1060180080B500AF134B1B78DBB2002B14BF0123F4
:106028000023DBB2002B11D04FF0804300225A63CB
:106038004FF0804300229A630B4B00221A640B4BEB
:106048001B680133094A1360002308E00522084948
:10605800084817F015FC034B01221A700123184653
:1060680080BD00BF18020020000400401402002078
:106078001C020020005A002080B500AF134B1B788B
:10608800DBB2002B14BF01230023DBB2002B11D09D
:106098004FF0804300225A634FF0804300229A63F6
:1060A8000B4B00221A640B4B1B680133094A13601F
:1060B800002308E005220849084817F0E1FB034BD4
:1060C80002221A700123184680BD00BF1802002062
:1060D800000400401402002028020020305A00204A
:1060E80080B584B000AF78607B681B68234A934210
:1060F8002ED17B681B7F012B2AD1214808F0CEFACC
:106108000346FB81FB89632B01D96323FB811B4A6F
:10611800FB89136417F070FAB8601A4B1B78DBB26E
:10612800002B05D0184B1B68002B01D0012300E081
:106138000023002B07D0144B1B68BA68D31A1946E2
:10614800124814F01FFD104ABB68136000BF11E02D
:106158007B681B68B3F1804F0CD17B681B7F042BD5
:1061680002D1FFF755FF05E07B681B7F082B01D1A3
:10617800FFF782FF00BF1037BD4680BD0004004016
:106188000443002038020020480200203C0200207E
:1061980080B584B000AF7860786817F045FB414B54
:1061A8001B78DBB2002B03D03E4B00221A7076E03E
:1061B8007B681B683C4A934233D14FF080435B6B4A
:1061C800012B8CBF01230023DBB2002B06D0374BF9
:1061D8001B889BB219463648FDF7B7FC4FF0804341
:1061E8009B6B012B8CBF01230023DBB2002B06D055
:1061F8002E4B5B889BB219462E48FDF7A6FC2B4B0D
:106208009B889BB219462B4808F026F8274BDB8859
:106218009BB2264A128992B219462748FEF73BFFDD
:106228003AE07B681B68254A934235D1244B1B888A
:106238009BB2FB600123FB720BE0FB7A204A32F829
:1062480013309BB21A46FB681344FB60FB7A013398
:10625800FB72FB7A032BF0D9FB680233FB60FB6807
:106268009B08FB60164B1B899BB219461248FEF728
:10627800FFFEFB6819460E4809F036FB03463B81D2
:10628800104B1B883A899A4202D90E4B1B883B81D6
:106298004FF080423B8953630B4B00221A70103732
:1062A800BD4680BD39020020002401401C020020A8
:1062B800F4400020044300204C020020003C014030
:1062C80028020020440200201802002080B582B075
:1062D80000AF78607B681B68054A934203D1054884
:1062E800FBF72EF800E000BF0837BD4680BD00BFB1
:1062F80000100040A444002080B483B000AF786050
:1063080000BF0C37BD4680BC704780B582B000AF77
:1063180078607B68184600F0A0F87B681846083754
:10632800BD4680BD80B582B000AF78607B681846F6
:1063380028231A4600212DF08DF87B681846FFF7B0
:10634800E4FF7B6818460837BD4680BD80B58AB033
:1063580000AF786007F108037968184600F0B0F8D4
:1063680007F118037968184600F0B9F87B681846F1
:1063780000F0C4F8034607F1180207F1080178682D
:1063880000F0E1F87B68184600F078F87B6818465A
:106398002837BD4680BD80B582B000AF7860786888
:1063A80000F0F0F87B68184600F0F8F87B681846AB
:1063B8000837BD4680BD80B582B000AF7860786888
:1063C80000F0FFF87B6818460837BD4680BD00001E
:1063D80080B582B000AF78607B6819687B689A687E
:1063E8007B681B68D31ADB10074A02FB03F31A46C3
:1063F800786800F0F0F87B681846FEF719FD7B68AE
:1064080018460837BD4680BD398EE338B0B582B02E
:1064180000AF78607B681C687B685D687B6818469D
:1064280000F0ECF803461A462946204600F0F0F83A
:106438007B681846FFF7CCFF7B6818460837BD46CF
:10644800B0BD80B582B000AF7860786800F0FEF823
:106458007B6818460837BD4680BD80B582B000AF5E
:1064680078607B68184600F0E1F80021786800F051
:10647800F9F87B6818460837BD4680BD80B582B0FC
:1064880000AF78607B681B68002B10D07B68596967
:106498007B685B6A04331A46786800F049F97B68C0
:1064A80019687B685B681A46786800F05CF97B6855
:1064B8001846FFF7C6FF7B6818460837BD4680BDFB
:1064C80080B582B000AF786039603B680833194600
:1064D800786800F01DF878680837BD4680BD80B53B
:1064E80082B000AF786039603B6818331946786825
:1064F80000F00EF878680837BD4680BD80B483B0D8
:1065080000AF78607B6818460C37BD4680BC704782
:1065180080B483B000AF786039603B681A687B68E4
:106528001A603B685A687B685A603B689A687B685F
:106538009A603B68DA687B68DA607B6818460C37D3
:10654800BD4680BC704780B58CB000AFF860B960BC
:106558007A603B6007F11003B9681846FFF7D8FF67
:1065680007F1200379681846FFF7D2FF07F12002E8
:1065780007F110031946F86800F010F900BF30372A
:10658800BD4680BD80B582B000AF7860786800F005
:1065980063F97B6818460837BD4680BD80B483B070
:1065A80000AF78607B6800221A607B6800225A601E
:1065B8007B6800229A607B6818460C37BD4680BC11
:1065C800704780B483B000AF78607B6818460C379A
:1065D800BD4680BC704780B584B000AFF860B96034
:1065E8007A60BB68002B05D0FB687A68B9681846E2
:1065F80000F03CF900BF1037BD4680BD80B483B0C1
:1066080000AF78607B6818460C37BD4680BC704781
:1066180080B584B000AFF860B9607A60B968F8688E
:1066280000F033F900BF1037BD4680BD80B582B099
:1066380000AF7860786800F035F97B68184600F09C
:106648003DF97B6818460837BD4680BD80B582B0E5
:1066580000AF7860786800F04AF97B681846083718
:10666800BD4680BD90B589B000AF7860396018200C
:10667800FEF709FB02463B68B3FBF2F30133FB610B
:106688000823FB60FB6902333B6107F1100207F145
:106698000C031146184600F034F903461A687B6863
:1066A8005A607B685B681946786800F03DF90246D5
:1066B8007B681A607B681A687B685968FB69CB1A23
:1066C8005B089B001344BB61FB699B00BA691344D8
:1066D8007B617A69B969786800F043F97B680833A7
:1066E800B969184600F058F97B6803F118027B690C
:1066F800043B1946104600F04FF97B68DA687B685E
:106708009A607B68DC691820FEF7BDFA02463B6890
:10671800B3FBF2F101FB02F29A1A13465B00134431
:10672800DB00E2187B689A6100BF2437BD4690BD44
:1067380080B586B000AFF860B9607A60BB687B61ED
:1067480008E07B691B681946F86800F041F97B6925
:1067580004337B617A697B689A42F2D300BF00BF39
:106768001837BD4680BD80B586B000AFF860B96007
:106778007A6007F11403F968184600F03CF907F14C
:1067880014037A68B968184600F052F907F114033F
:10679800184600F041F91837BD4680BDB0B586B03F
:1067A80000AFF860B9607A60BB68DB6804337B616E
:1067B80018E07B691D687B691C6800F048F902468F
:1067C80013465B001344DB001C44FB681846FFF7C4
:1067D80095FE03461A462146284600F040F97B6993
:1067E80004337B617B68DB687A699A42E1D3BB68D2
:1067F800DA687B68DB689A421CD0BB681C68BB6897
:106808009D68FB681846FFF779FE03461A46294635
:10681800204600F024F97B685C687B681D68FB688B
:106828001846FFF76BFE03461A462946204600F035
:1068380016F90DE0BB681C687B681D68FB68184684
:10684800FFF75CFE03461A462946204600F007F982
:1068580000BF1837BD46B0BD80B483B000AF7860C4
:106868007B6818460C37BD4680BC704780B584B03D
:1068780000AFF860B9607A607A68B968F86800F0C3
:10688800FCF800BF1037BD4680BD80B582B000AFB0
:10689800786039603968786800F002F900BF083715
:1068A800BD4680BD80B582B000AF7860786800F0E2
:1068B80010F97B6818460837BD4680BD80B582B0A0
:1068C80000AF78607B6800221A607B6800225A60FB
:1068D8007B680833184600F006F97B6818331846B9
:1068E80000F001F97B6818460837BD4680BD80B4C2
:1068F80083B000AF78607B6818460C37BD4680BC13
:10690800704780B483B000AF786039607B681A68DC
:106918003B681B689A4201D23B6800E07B681846D6
:106928000C37BD4680BC704790B585B000AF786025
:10693800396007F10C037968184600F05CF807F134
:106948000C033968184600F0E4F8044600BF07F164
:106958000C03184600F060F8234618461437BD4665
:1069680090BD80B586B000AFF860B9607A60BB684A
:106978007B6108E0F86800F0DBF802467B691A6082
:106988007B6904337B617A697B689A42F2D300BFE2
:1069980000BF1837BD4680BD90B583B000AF7860A2
:1069A80039607B683A68DA603B681A687B685A60C5
:1069B8007B685C6800F0CEF8024613465B0013441F
:1069C800DB00E2187B689A6000BF0C37BD4690BDBB
:1069D80090B583B000AF786039607C681820FEF706
:1069E80052F903461A463968204600F0BBF800BF42
:1069F8000C37BD4690BD80B582B000AF7860396075
:106A0800386800F0BEF803461946786800F0C3F805
:106A180078680837BD4680BD80B582B000AF786021
:106A2800786800F0C5F87B6818460837BD4680BD11
:106A380080B584B000AFF860B9607A607A68B968E8
:106A4800F86800F0BFF800BF1037BD4680BD80B5BC
:106A580000AF1820FEF717F90346184680BD80B529
:106A680084B000AFF860B9607A60B968F86800F07F
:106A7800B9F800BF1037BD4680BD80B584B000AFFF
:106A8800F860B9607A607A681346DB001344DB006B
:106A98001946B8682BF0B0FD00BF1037BD4680BD61
:106AA80080B582B000AF7860396009E0786800F09E
:106AB800A6F80346184600F0ACF87B6848337B60BC
:106AC8007A683B689A42F1D100BF00BF0837BD46DB
:106AD80080BD80B483B000AF78607B6818460C37FF
:106AE800BD4680BC704780B483B000AF78607B68D7
:106AF80000221A607B6800225A607B6800229A6034
:106B08007B680022DA607B6818460C37BD4680BC7B
:106B1800704780B582B000AF78603960002239686C
:106B2800786800F081F8034618460837BD4680BDEE
:106B380090B583B000AF78607C681820FEF7A3F8A2
:106B480003461946204600F098F8034618460C37C5
:106B5800BD4690BD80B500AF1820FEF794F80346F7
:106B6800184680BD80B584B000AFF860B9607A601F
:106B78007A68B968F86800F08FF800BF1037BD462A
:106B880080BD80B483B000AF78607B6818460C374E
:106B9800BD4680BC704780B582B000AF7860396070
:106BA800786800F08CF87B6818460837BD4680BDC9
:106BB80080B483B000AF78607B6818460C37BD4658
:106BC80080BC704780B584B000AFF860B9607A6067
:106BD8007B689B001946B8682BF00EFD00BF103784
:106BE800BD4680BD80B582B000AF78603960396835
:106BF800786800F06EF800BF0837BD4680BD80B4E5
:106C080083B000AF78607B6818460C37BD4680BCFF
:106C1800704780B582B000AF78607868FEF7F1F809
:106C280000BF0837BD4680BD80B584B000AFF860AE
:106C3800B9607A60F86800F065F80246BB6893426C
:106C48008CBF01230023DBB2002B14BF01230023D8
:106C5800DBB2002B07D0BB68B3F1804F01D32BF018
:106C6800E4FC2BF0DFFCBB689B0018462BF0C6FC4D
:106C7800034618461037BD4680BD80B582B000AFC8
:106C88007860396000223968786800F047F8034670
:106C980018460837BD4680BD80B584B000AFF8609F
:106CA800B9607A607A6813465B001344DB001946C2
:106CB800B8682BF0A1FC00BF1037BD4680BD80B47A
:106CC80083B000AF78607B6818460C37BD4680BC3F
:106CD800704780B582B000AF7860396009E07868A5
:106CE80000F04AF80346184600F050F87B6818335D
:106CF8007B607A683B689A42F1D100BF00BF0837D1
:106D0800BD4680BD80B483B000AF78606FF060434B
:106D180018460C37BD4680BC7047000080B584B06B
:106D280000AFF860B9607A60F86800F03BF8024696
:106D3800BB6893428CBF01230023DBB2002B14BF36
:106D480001230023DBB2002B07D0BB68094A93421A
:106D580001D92BF06AFC2BF065FCBA6813465B007E
:106D68001344DB0018462BF049FC0346184610373D
:106D7800BD4680BDAAAAAA0A80B483B000AF7860D5
:106D88007B6818460C37BD4680BC704780B582B01A
:106D980000AF786078682BF006FD00BF0837BD4665
:106DA80080BD000080B483B000AF7860024B184605
:106DB8000C37BD4680BC70475555550580B582B027
:106DC80000AF7860054A7B681A607B681846FEF752
:106DD8000DFA7B6818460837BD4680BD3C5203084B
:106DE80080B582B000AF78607868FFF7E7FF44218C
:106DF80078682BF001FC7B6818460837BD4680BDD3
:106E080080B582B000AF7860054A7B681A607B68FD
:106E18001846FEF7EBF97B6818460837BD4680BD73
:106E2800AC52030880B582B000AF78607868FFF78D
:106E3800E7FF282178682BF0DFFB7B6818460837C6
:106E4800BD4680BD80B582B000AF7860054A7B68DA
:106E58001A607B681846FEF7C9F97B681846083738
:106E6800BD4680BD5852030880B582B000AF786037
:106E78007868FFF7E7FF302178682BF0BDFB7B6867
:106E880018460837BD4680BD80B582B000AF78602F
:106E9800054A7B681A607B681846FEF7A7F97B6885
:106EA80018460837BD4680BDB051030880B582B08A
:106EB80000AF78607868FFF7E7FF342178682BF037
:106EC8009BFB7B6818460837BD4680BD80B582B0FD
:106ED80000AF7860054A7B681A607B681846FEF741
:106EE80085F97B6818460837BD4680BDCC51030834
:106EF80080B582B000AF78607868FFF7E7FF34218B
:106F080078682BF079FB7B6818460837BD4680BD4A
:106F180080B582B000AF7860054A7B681A607B68EC
:106F28001846FEF763F97B6818460837BD4680BDEA
:106F3800E851030880B582B000AF78607868FFF741
:106F4800E7FF3C2178682BF057FB7B681846083729
:106F5800BD4680BD80B582B000AF7860054A7B68C9
:106F68001A607B681846FEF741F97B6818460837AF
:106F7800BD4680BD2052030880B582B000AF78605E
:106F88007868FFF7E7FF382178682BF035FB7B68D6
:106F980018460837BD4680BD80B582B000AF78601E
:106FA800054A7B681A607B681846FEF71FF97B68FC
:106FB80018460837BD4680BD7452030880B582B0B4
:106FC80000AF78607868FFF7E7FF2C2178682BF02E
:106FD80013FB7B6818460837BD4680BD80B582B074
:106FE80000AF7860054A7B681A607B681846FEF730
:106FF800FDF87B6818460837BD4680BD90520308E7
:1070080080B582B000AF78607868FFF7E7FF342179
:1070180078682BF0F1FA7B6818460837BD4680BDC2
:1070280080B582B000AF7860054A7B681A607B68DB
:107038001846FEF7DBF87B6818460837BD4680BD62
:107048009451030880B582B000AF78607868FFF784
:10705800E7FF2C2178682BF0CFFA7B6818460837B1
:10706800BD4680BD80B582B000AF7860054A7B68B8
:107078001A607B681846FEF7B9F87B681846083727
:10708800BD4680BD0053030880B582B000AF78606C
:107098007868FFF7E7FF642178682BF0ADFA7B6822
:1070A80018460837BD4680BD80B582B000AF78600D
:1070B800054A7B681A607B681846FEF797F87B6874
:1070C80018460837BD4680BD1C53030880B582B0FA
:1070D80000AF78607868FFF7E7FF342178682BF015
:1070E8008BFA7B6818460837BD4680BD80B582B0EC
:1070F80000AF7860054A7B681A607B681846FEF71F
:1071080075F87B6818460837BD4680BD04520308E9
:1071180080B582B000AF78607868FFF7E7FF2C2170
:1071280078682BF069FA7B6818460837BD4680BD39
:1071380080B582B000AF7860054A7B681A607B68CA
:107148001846FEF753F87B6818460837BD4680BDD9
:107158003853030880B582B000AF78607868FFF7CD
:10716800E7FF442178682BF047FA7B681846083710
:10717800BD4680BD80B582B000AF7860054A7B68A7
:107188001A607B681846FEF731F87B68184608379E
:10719800BD4680BD5453030880B582B000AF786007
:1071A8007868FFF7E7FF6C2178682BF025FA7B6891
:1071B80018460837BD4680BD80B582B000AF7860FC
:1071C800054A7B681A607B681846FEF70FF87B68EB
:1071D80018460837BD4680BDC852030880B582B03E
:1071E80000AF78607868FFF7E7FF282178682BF010
:1071F80003FA7B6818460837BD4680BD80B582B063
:1072080000AF7860054A7B681A607B681846FDF70E
:10721800EDFF7B6818460837BD4680BD70530308EC
:1072280080B582B000AF78607868FFF7E7FF6C211F
:1072380078682BF0E1F97B6818460837BD4680BDB1
:1072480080B582B000AF7860054A7B681A607B68B9
:107258001846FEF71FFA7B6818460837BD4680BDFA
:10726800C853030880B582B000AF78607868FFF72C
:10727800E7FF682178682BF0BFF97B681846083764
:10728800BD4680BD80B582B000AF7860054A7B6896
:107298001A607B681846FDF7A9FF7B68184608370F
:1072A800BD4680BDE452030880B582B000AF786067
:1072B8007868FFF7E7FF3C2178682BF09DF97B6839
:1072C80018460837BD4680BD80B582B000AF7860EB
:1072D8007B6803F581433833184600F077F97B68FB
:1072E80003F57A532833184600F04CF97B6803F508
:1072F8004B5334331846FDF769FB7B6803F58A5313
:107308001C331846FDF71AFE7B6818460837BD4639
:1073180080BD000080B588B006AF786039607B68B2
:10732800012B6FD13B684FF6FF7293426AD1082157
:107338005848FCF7CCFA5848FDF718FE5649574804
:10734800FEF7B6F854495648FEF7C6F9524955486B
:10735800FDF77AFF514A50495348FEF7CDF84E4998
:107368005248FDF79BFF4C495148FDF7DFFF504B52
:107378004E4A49494F480CF061FB47494E48FEF7D1
:1073880007F845494D48FEF735F84C4B4A4A4249FB
:107398004B48FEF7F5FA40494A48FEF7DDF83F4A00
:1073A8003D494948FEF70AF9454A3B494748FEF72F
:1073B800E1F9404A38494648FEF734FA3D4A364929
:1073C8004448FEF775FA3A4A33494348FEF7A2FAA9
:1073D800324A31494148FEF70DF9404A2E494048A2
:1073E800FEF7A2F83E4B04933B4B0393394B0293B1
:1073F800374B01932C4B0093344B2A4A2649394882
:107408000BF08CFD7B68002B40D13B684FF6FF7278
:1074180093423BD13348FFF7D1FC3148FFF7F0FCEA
:107428002E48FFF70FFD2C48FFF72EFD2948FFF7E0
:107438004DFD2748FFF76CFD2448FFF78BFD2248D8
:10744800FFF7AAFD1F48FFF7C9FD1D48FFF7E8FD34
:107458001A48FFF707FE1848FFF726FE1548FFF7FA
:1074680045FE1348FFF764FE1048FFF783FE0E48F9
:10747800FFF7A2FE0B48FFF7C1FE0948FFF7E0FE41
:107488000648FFF7FFFE0448FFF71EFF00BF083756
:10749800BD4680BD3C0200204C020020044500206F
:1074A80040450020A8450020144600203C46002006
:1074B800A8460020EC460020184700204C47002032
:1074C800B0470020DC470020104800203C4800203E
:1074D80074480020B0480020E448002018490020E3
:1074E800484900207049002080B582B000AF78601C
:1074F8000A4A7B681A607B68B4331846FEF786FF31
:107508007B686C331846FDF77CFC7B681846FDF7F2
:107518002FFC7B6818460837BD4680BD2C510308F0
:1075280080B582B000AF78607868FFF7DDFFC021D2
:1075380078682BF061F87B6818460837BD4680BD2F
:1075480080B582B000AF7860054A7B681A607B68B6
:107558001846FDF70DFC7B6818460837BD4680BD08
:10756800F850030880B582B000AF78607868FFF7FC
:10757800E7FF702178682BF03FF87B6818460837DA
:10758800BD4680BD80B582B000AF7860054A7B6893
:107598001A607B681846FCF7B7FA7B681846083704
:1075A800BD4680BD9C50030880B582B000AF7860AE
:1075B8007868FFF7E7FF4FF4C87178682BF01CF87C
:1075C8007B6818460837BD4680BD000080B582B08C
:1075D80000AF7860054A7B681A607B681846FCF73C
:1075E80093FA7B6818460837BD4680BD5850030893
:1075F80080B582B000AF78607868FFF7E7FF4FF496
:10760800D07178682AF0F8FF7B6818460837BD46BD
:1076180080BD80B500AF4FF6FF710120FFF77AFEFD
:1076280080BD80B500AF4FF6FF710020FFF772FEF6
:1076380080BD80B483B000AF78607B685B7A184601
:107648000C37BD4680BC704780B582B000AF78600B
:107658007B6803F586731846FFF7EBFF0346184669
:107668000837BD4680BD80B483B000AF78600B4654
:10767800FB707B68FA7883F8752100BF0C37BD462C
:1076880080BC704780B483B000AF78607B6893F8A3
:107698003C31022B09D07B6893F83C31012B04D094
:1076A8007B6893F83C31032B01D1012300E00023D0
:1076B80018460C37BD4680BC704780B483B000AF15
:1076C80078607B6893F83C31002B0CBF01230023C2
:1076D800DBB218460C37BD4680BC704780B582B017
:1076E80000AF7860786806F083FD03461A467B6829
:1076F800B3F87C319A422CBF01230023DBB2184631
:107708000837BD4680BD80B483B000AF78607B6821
:10771800DB8F03F08003002B14BF01230023DBB2AF
:1077280018460C37BD4680BC704780B582B000AFA4
:1077380078607B6803F585431833184613F041FADF
:1077480002467B6803F58043B3F8B2329A42ACBF75
:1077580001230023DBB218460837BD4680BD80B53B
:1077680084B000AF78607B6800229A627B689B686F
:1077780003F5814338331846FFF79FFF034683F02C
:107788000103DAB27B6883F82C207B689B68184673
:10779800FFF7CBFF03461A467B6883F824200023B3
:1077A800FB737B6893F82430002B06D00123FB730E
:1077B8007B68002283F825200EE07B689B6803F530
:1077C8007A5328331846FFF73FFF034683F0010337
:1077D800DAB27B6883F825207B689B6803F57A53C7
:1077E80028331846FCF7B3FA03461A46FB7B934244
:1077F80014BF01230023DBB2002B09D07B689B68F0
:1078080003F57A532833FA7B11461846FFF72BFF06
:107818007B686422DA8500BF1037BD4680BD000052
:1078280090B58DB000AF78600B46FB7013463B8077
:107838007B689B6803F54B5334337B627B689B689A
:107848003B627B689B6803F57A532833FB617B684E
:107858009B6803F581433833BB61F869FCF777FA15
:107868000346FB75FB691B681C331B68F86998475E
:107878000346BB82FB7DB7F90020B98A386AFAF75C
:107888004CF90346FB85FB691B6814331B68F869D0
:1078980098470346BB82FB7DB7F90020B98A386A4E
:1078A800FAF73BF90346BB85FB78052B0AD13B6AFF
:1078B80003F582530833FA7D11461846FBF764FA3C
:1078C8000346BB85FB691B6820331B68F86998472A
:1078D8000346FB74BB691B681C331B68B86998476F
:1078E8000346BB82B7F90020B98A0223386AFAF73F
:1078F80014F903467B85BB691B6814331B68B86998
:1079080098470346BB82B7F90020B98A0223386A30
:10791800FAF703F903463B82BB691B6820331B68EF
:10792800B86998470346FB733B6A03F582530833EB
:107938001846F9F7D3FD0346BB73FB78002B04D038
:10794800FB78082B01D0012300E000237B73FA8D1C
:10795800BB8DD31A9BB219B27B7B0122786A01F0E6
:107968003BF9FB7C01221946786A01F0A5FDFB78FA
:10797800012B0AD1FA8DBB8DD31A9BB21BB21A46C2
:107988000121786A02F0B0F809E07B6893F82530A5
:10799800002B02D1FB78002B01D13B88FB85FB78BB
:1079A800072B06D1BA7BF98D0123786A01F0BCFA5E
:1079B80006E0F98D4FF47F030122786A01F010FA8E
:1079C800FB78052B11D17B689B6803F5825308333C
:1079D800FA7D11461846FBF7D7F903463B813B89E8
:1079E800002B43D03B89BB8540E0FB7D002B3DD17C
:1079F800FB78042B3AD13B6A03F5825308331846C7
:107A0800FBF7F0FB034687F829303B6A03F58253FE
:107A180008331846F9F762FD034683F00103DBB229
:107A2800002B0DD097F829201346DB0013440333AD
:107A3800524A82FB03125210DB17D31A87F82930F7
:107A4800FB691B6814331B68F869984703467B81F8
:107A5800B7F9002079890023386AFAF75EF80346F7
:107A68001A4697F829309BB21344BB85B869FFF7CB
:107A780035FE034683F00103DBB2002B12D07B688E
:107A880093F82C30002B0AD0786A01F0D1FD7B687E
:107A9800002283F82C200021786A01F0FDFE3B8843
:107AA8007B8516E07B68012283F82C20BB691B6864
:107AB8000C331B68B86998470346002B09D07A8DA8
:107AC8003B8AD31A9BB21BB21A460021786A02F08D
:107AD8000BF87B6893F82C30002B0DD0BB691B6822
:107AE8000C331B68B8699847034683F00103DBB27F
:107AF800002B01D0012300E00023002B06D0BA7B25
:107B0800798D0023786A01F00FFA06E0798D4FF439
:107B18007F030022786A01F063F97A8D3B8AD31AD1
:107B28009BB219B27B6893F82C300022786A01F076
:107B380053F8FB7B00221946786A01F0BDFC7B688C
:107B4800B3F92E30B7F900209A4212D07B683A88F0
:107B5800DA857C6A3B6A03F5825308331846F9F7DD
:107B6800BDFC03461A46B7F900301946204601F015
:107B78006DFB00BF3437BD4690BD00BF67666666C3
:107B880080B584B000AF78607B689B6803F581435B
:107B98003833FB60F868FFF7A1FD0346002B0FD0D0
:107BA80015F02AFD02467B689B6A9A4208D3FB6857
:107BB8001846FFF749FD0346002B01D0012300E0DA
:107BC8000023002B24D0FB681B681C331B68F86853
:107BD800984703467B81FB681B6814331B68F86869
:107BE800984703463B817B689B6803F54B533433C6
:107BF80079893A898A1A92B212B21146184601F066
:107C0800BBFC15F0F9FC034603F164027B689A6239
:107C180000BF1037BD4680BD80B582B000AF786028
:107C28000B46FB707B689B6803F57A53283318462C
:107C3800FCF78DF80346002B0CBF01230023DBB2B1
:107C4800002B09D07B689B6803F54B533433F978D4
:107C58000122184601F018FD00BF0837BD4680BD57
:107C680080B582B000AF78600B46FB707B689B687C
:107C780003F57A5328331846FCF769F803461A4681
:107C8800FB7893420CBF01230023DBB2002B01D009
:107C980000230BE0FB78012B01D1012300E0002336
:107CA8001946786800F006F8034600BF18460837FA
:107CB800BD4680BD80B584B000AF78600B46FB70D0
:107CC8000023FB737B689B6803F57A5328331846B7
:107CD800FCF73DF80346BB73BB7B002B18D17B68D0
:107CE80093F82430002B0FD07B689B6803F57A53F8
:107CF80028331846FFF7A8FC034683F00103DBB2DC
:107D0800002B01D0012200E000227B6883F82520A7
:107D1800FB78012B02D10123FB7300E000BFFA7B43
:107D2800BB7B9A4214BF012300237B737B7B002B10
:107D380009D07B689B6803F57A532833FA7B114690
:107D48001846FFF790FC7B7B00221946786800F004
:107D580005F8034618461037BD4680BD90B58FB06C
:107D680000AF78600B46FB701346BB707B689B685E
:107D780003F54B5334333B637B689B68FB627B683A
:107D88009B6803F57A5328331846FBF7E0FF034650
:107D980087F82B30002387F83730FB78002B0BD07F
:107DA800FB6A03F58253083397F82B2011461846CF
:107DB800FBF703F8034600E000233B85FB6A03F565
:107DC8008253083302211846FAF7F7FF0346FB846B
:107DD800B7F92820FB8C97F82B10786800F0A8F8E2
:107DE800FB78002B4BD0012387F837303C6B07F129
:107DF800080397F82B20F96A1846F9F7DBFF97F87C
:107E08002B301946F86AFAF7D8F803461A4607F1EC
:107E180008010123204601F0C7F807F108031846B6
:107E28002AF0C1FC3B8D01221946386B00F0ABFEED
:107E380001220021386B01F027FC7B6893F82D3074
:107E4800002B04D07B6893F82D30072B04D1012137
:107E5800386B01F021FD12E07B6893F82D30052B7B
:107E680004D10121386B01F0A7FD08E07B6893F885
:107E78002D30032B03D10121386B01F03DFDBB7878
:107E8800002B4FD0012387F837307B689B68184652
:107E980007F0EEF80346BB847B689B6803F58253C2
:107EA80008331846F9F71AFB034687F823303C6B6A
:107EB8007B689B6803F581433833184606F004FE57
:107EC800034600221946204601F022F997F823209C
:107ED800B7F924301946386B01F0B8F9386B01F05E
:107EE800A7FB7B689B6803F5814338331846FFF787
:107EF800C9FB0346002B04D00021386B01F0E4FCD9
:107F080003E00021386B01F0C7FCFB8C0022194606
:107F1800386B00F038FE7B68002283F82C207B68E1
:107F280000229A6297F8373018463C37BD4690BD14
:107F380090B58DB004AFF860084611461A4603465E
:107F4800FB720B463B811346FB80FB689B68BB6159
:107F5800BB6903F582530833002200211846FAF75B
:107F6800C9FB0346FB82BB6903F582530833002231
:107F780000211846FAF704FC0346BB82BB6903F5E7
:107F880082530833002202211846FAF7B3FB03464E
:107F98007B82BB6903F5825308330022022118460D
:107FA800FAF7EEFB03463B820123FB77BB6903F537
:107FB800825308331846FFF7A6FB0346002B20D050
:107FC8000523FB773889B7F90820274B83FB021371
:107FD8005910D317C91A0B469B000B44D31A1BB26E
:107FE8009BB2C31A9BB23B81FA88204BA3FB0213B6
:107FF80099080B469B000B44D31A9BB2FA88D31AF4
:10800800FB80B7F90830002B13D0FB689B6803F599
:1080180080403830B7F91620B7F91440B7F908107E
:1080280000230293FB7F0193FB7F0093234604F018
:1080380099FCFB88002B13D0FB689B6803F58040F4
:108048007830B7F90610B7F91220B7F910400023B5
:108058000293FB7F0193FB7F0093234604F082FC8D
:1080680000BF2437BD4690BD67666666CDCCCCCCD4
:1080780080B582B000AF78600B46FB707B689B6868
:1080880003F57A5328331846FBF761FE03461A4670
:10809800FB7893420CBF01230023DBB2002B01D0F5
:1080A800012305E0FB78022B01D1002300E0032324
:1080B80018460837BD4680BD80B584B000AF7860EB
:1080C8000B46FB701346BB70FB7819467868FFF7C0
:1080D800CFFF0346FB73FB7B032B4CD07B689B686D
:1080E80003F54B533433BB60BB78013B072B3CD8BB
:1080F80001A252F823F000BF218100082D81000859
:1081080039810008458100084F8100085B8100081B
:108118007381000867810008FB7B1946B86801F085
:10812800D3FB29E0FB7B1946B86801F015FC23E076
:10813800FB7B1946B86801F0DFFB1DE0FB7B1946A5
:10814800B86801F04FFCFB7B1946B86801F034FCB5
:1081580012E0FB7B1946B86801F016FC0CE0FB7BCB
:108168001946B86801F0E0FB06E0FB7B1946B868E1
:1081780001F092FB00E000BF1037BD4680BD00BF94
:1081880080B584B000AF78600B46FB7013463B8027
:10819800FB7819467868FFF76BFF0346FB73FB7B98
:1081A800032B0AD07B689B6803F54B533433FA7B67
:1081B8003988184600F0E7FC00E000BF1037BD46DC
:1081C80080BD90B583B000AF78600B46FB707B68CC
:1081D8009B6803F54B5434347B689B6803F58143F3
:1081E8003833184606F070FC03461946FB781A46E1
:1081F800204600F08DFF00BF0C37BD4690BD80B50E
:1082080082B000AF78607B689B6803F54B533433CA
:10821800184601F0FFF800BF0837BD4680BD80B59D
:1082280082B000AF786078682AF096FE0346184658
:108238000837BD4680BD80B483B000AF78607B68E6
:108248001B68053318460C37BD4680BC704780B4A0
:1082580083B000AF78607B681B68002B03D07B6815
:108268001B681B8800E0002318460C37BD4680BCFD
:10827800704780B483B000AF78607B681B68002BC0
:1082880003D07B681B685B8800E0002318460C3726
:10829800BD4680BC704780B483B000AF78607B680F
:1082A8001B68002B03D07B681B68073300E00023A2
:1082B80018460C37BD4680BC704780B483B000AF09
:1082C80078607B681B68002B03D07B681B685B7930
:1082D80000E0002318460C37BD4680BC704780B4C8
:1082E80083B000AF78607B681B68002B03D07B6885
:1082F8001B681B8800E0002318460C37BD4680BC6D
:10830800704780B483B000AF78607B681B68002B2F
:1083180003D07B681B685B8800E0002318460C3795
:10832800BD4680BC704780B582B000AF78603960C8
:108338007B683968184628F0F5F900BF0837BD464C
:1083480080BD80B586B002AFF8607B600B467B814C
:1083580013463B81F8683A8979893B8B00937B689F
:1083680028F088FA034618461037BD4680BD80B508
:1083780086B002AFF8607B600B467B8113463B8179
:10838800F8683A8979893B8B00937B6828F0F6FA7C
:10839800034618461037BD4680BDB0B588B004AF57
:1083A800F860B9607A60FB70FC68B868FFF743FF53
:1083B8000546B868FFF74BFF03461A4697F824307E
:1083C80002933B8C0193FB7800937B6829462046F7
:1083D80028F072FA034618461037BD46B0BD80B57E
:1083E80082B000AF786039607B683968184628F039
:1083F800E7FA034618460837BD4680BD80B582B007
:1084080000AF786039607B683968184628F0ECFA64
:10841800034618460837BD4680BD80B582B000AF18
:1084280078607B68184628F001FB03461846083731
:10843800BD4680BD90B583B000AF78607B681846B4
:1084480028F0F4FA03461C467B68184628F002FB1D
:108458000346E31A1BB218460C37BD4690BD90B5CB
:1084680083B000AF78607B68184628F0DFFA0346CF
:108478001C467B68184628F0EDFA034623441BB2D5
:1084880018460C37BD4690BD80B582B000AF786005
:108498000B46FB707B68FA781146184628F060F99D
:1084A80000BF0837BD4680BD80B582B000AF786098
:1084B80026F00AF8034618460837BD4680BD80B541
:1084C80082B000AF786026F009F8034618460837EE
:1084D800BD4680BD80B582B000AF78600B46FB70AA
:1084E800FB78184626F034F800BF0837BD4680BD33
:1084F80080B582B000AF78600B467B807B881846D9
:1085080026F0A8F900BF0837BD4680BD80B584B005
:1085180000AFF860084611461A4603467B810B46B1
:108528003B811346FB803B8BFA883989788926F092
:10853800CBF900BF1037BD4680BD80B584B000AF11
:10854800F860084611461A4603467B810B463B8174
:108558001346FB803B8BFA883989788926F0CFF956
:1085680000BF1037BD4680BD90B587B002AFF86038
:10857800084611461A4603467B810B463B81134643
:10858800FB803C8CFA8839897889BB8C0093234618
:1085980026F0FAF800BF1437BD4690BD80B584B008
:1085A80000AFF860084611461A4603467B810B4621
:1085B8003B811346FB713B8BFA793989788926F020
:1085C8005FFA00BF1037BD4680BD80B584B000AFEC
:1085D800F860084611461A4603467B810B463B81E4
:1085E8001346FB713B8BFA793989788926F0C8FAEA
:1085F80000BF1037BD4680BD90B589B004AFF860A4
:10860800084611461A4603467B810B463B811346B2
:10861800FB803C8CFA8839897889BB8D02933B8D25
:108628000193BB8C0093234626F057FB00BF1437F9
:10863800BD4690BD90B587B002AFF86008461146B8
:108648001A4603467B810B463B811346FB803C8CD4
:10865800FA88398978893B8D0193BB8C009323462E
:1086680026F069F900BF1437BD4690BD90B589B0B2
:1086780004AFF860084611461A4603467B810B464C
:108688003B811346FB803C8CFA88398978893B8E7C
:108698000393BB8D02933B8D01937B6A0093234622
:1086A80026F074FE00BF1437BD4690BDF0B589B002
:1086B80004AFF860084611461A4603467B810B460C
:1086C8003B811346FB80F86AFFF7B5FD0546F86A5B
:1086D800FFF7BDFD03461E463C8DFA883989788927
:1086E800BB8E03933B8E029301960095234626F09A
:1086F8004DFE00BF1437BD46F0BDF0B589B004AFDC
:10870800F8607B600B467B8113463B817868FFF7F6
:108718009EFD03461D467868FFF7ABFD03461E46DF
:108728007868FFF788FD04467868FFF790FD0346F0
:108738001A4639897889BB8D03933B8D0293019240
:10874800009433462A4626F021FE00BF1437BD4662
:10875800F0BDF0B589B004AFF860084611461A4676
:1087680003467B810B463B811346FB80F86AFFF783
:1087780092FD0446F86AFFF7B2FD03461E46F86A02
:10878800FFF79BFD03463B60F86A27F081FE05462C
:108798003B8DFA883989788903953D680295019659
:1087A800009426F099FE00BF1437BD46F0BD80B591
:1087B80082B000AF78600B46FB70FB78184625F056
:1087C80005FF034618460837BD4680BD80B582B010
:1087D80000AF786025F06CFC00BF0837BD4680BD4F
:1087E80080B483B000AF78607B689B7B002B02D09D
:1087F8007B681B8801E07B689B8918460C37BD465F
:1088080080BC704780B582B000AF78600C21034807
:1088180019F0ECFE00BF0837BD4680BDFC5C0020A7
:1088280080B582B000AF78600C21034819F098FF3A
:1088380000BF0837BD4680BDFC5C002080B483B013
:1088480000AF7860044B1B6800221A6400BF0C3725
:10885800BD4680BC704700BFFC5C002080B483B07C
:1088680000AF78607B681A88034B1B681A6400BFE6
:108878000C37BD4680BC7047FC5C002080B485B0D6
:1088880000AF78600423FB737B681B881A462B4B68
:108898001B681B6C9A428CBF01230023DBB2002BA0
:1088A8001CD07B681B881A46244B1B681B6CD31A88
:1088B800042B8CBF01230023DBB2002B07D01F4BF6
:1088C8001B681A6C1D4B1B6804321A6404E01B4BAE
:1088D8001B681A6C01321A64012329E07B681B8823
:1088E8001A46164B1B681B6C9A4234BF012300239F
:1088F800DBB2002B1BD0114B1B681B6C7A681288EB
:108908009B1A042B8CBF01230023DBB2002B07D05A
:108918000A4B1B681A6C094B1B68043A1A6404E07A
:10892800064B1B681A6C013A1A64012300E0002305
:1089380018461437BD4680BC704700BFFC5C002059
:1089480090B587B000AF78600B46FB707B681A1D46
:108958007B68D3F8A83B19461046FFF7E4FC7B6810
:10896800043302211846FFF78FFD7B68043318464D
:10897800FFF753FD0346FB827B68043343491846DF
:10898800FFF72DFD03460233BB827B6803F6743480
:10899800FA8AB98A07F10803184625F047FC07F157
:1089A80008031946204625F07FFC07F108031846FE
:1089B80025F0A9FC7B6803F53864FA8A07F10C03F3
:1089C8000D21184625F032FC07F10C031946204604
:1089D80025F06AFC07F10C03184625F094FC7B6827
:1089E8001A1D7B68D3F8AC3B19461046FFF79BFC71
:1089F8007B6804331846FFF710FD0346FB827B684B
:108A0800043323491846FFF7EAFC03460233BB82C6
:108A18007B6803F67C34FA8AB98A07F11003184692
:108A280025F004FC07F110031946204625F03CFC0C
:108A380007F11003184625F066FCFB78002B04D0DC
:108A48007B681846FFF7C2FE03E07B681846FBF711
:108A580019FB7B6850331846FFF7E2FE7B685033FA
:108A68001846FFF7CFFE7B68503300211846FBF706
:108A7800D2FE7B6850331846FFF7F0FE786803F0A3
:108A880067FE00BF1C37BD4690BD00BF8841030884
:108A98008C41030880B582B000AF78600B46FB704C
:108AA8007B68FA7811461846FFF714FD786803F0DA
:108AB8004FFE00BF0837BD4680BD000090B585B0A9
:108AC80000AF786039603B68002B04D07B683A6857
:108AD800C3F8602B09E07B68D3F8B02B7B68C3F838
:108AE800602B7B68002283F864207B681A1D7B68F2
:108AF800D3F8603B19461046FFF715FC7B68043332
:108B08001846FFF78AFC0346FB817B68043310494B
:108B18001846FFF764FC03460233BB817B6803F603
:108B28007834FA89B98907F10803184625F07EFBDD
:108B380007F108031946204625F0B6FB07F108039C
:108B4800184625F0E0FB00BF1437BD4690BD00BFB6
:108B58008841030880B582B000AF78607B685033E5
:108B68001846FFF76BFE7B68FF2283F88C2B7A6828
:108B78007B68B3F8643B19461046FFF7B9FC00BFA1
:108B88000837BD4680BD80B584B002AF78600B461B
:108B98007B8013467B707B78012B02D07B78002B7F
:108BA80016D17B78012B03D17B68B3F89E3B03E099
:108BB8007B6803F68E331B887A68B2F8662B79884F
:108BC8000192012200920A22786803F071FD00E008
:108BD80000BF0837BD4680BD90B587B002AF78604A
:108BE800084611461A4603467B800B467B7013469F
:108BF8003B707B78012B03D07B78002B40F0EB8017
:108C08007B78012B03D17B68B3F89E3B03E07B683C
:108C180003F68E331B88FB817B6803F6783318468E
:108C2800FFF715FB03461433BB817B6803F67433E7
:108C38001846FFF71EFB0346FB727868BB890333AF
:108C480099B27B68B3F8663BFA8900930323FFF770
:108C5800A5FC7868FB7A9CB27B68B3F8663BFA8916
:108C6800B98900932346FFF768FC7868BB89063307
:108C780099B2FB7A9CB27B68B3F8663BFA89009399
:108C88002346FFF75AFC7868BB89033399B2FB7A0D
:108C98009AB2FB8913449BB205339AB27B68B3F846
:108CA800663B00930823FFF779FC7868BB89033398
:108CB80099B2FB7A9AB2FB8913449BB205339AB2F4
:108CC8003B78002B03D07B68B3F86A3B02E07B68F3
:108CD800B3F8643B00930723FFF777FC7868BB89F8
:108CE800033B99B2FB8909339AB27B68B3F8663BB8
:108CF8000193032300930323FFF736FC7868BB89AD
:108D0800013399B2FB7A9BB27A68B2F8642BFC897A
:108D18000192009305232246FFF726FCB7F902309B
:108D28000A226FF06301184612F0D4FD03467B80D7
:108D3800B7F90230002B21DD7868BB89013399B27D
:108D48007B88FA89D31A9BB20A339CB2FB7A9AB20F
:108D58007B8813449BB20A3B9AB23B78002B03D022
:108D68007B68B3F86A3B02E07B68B3F8643B019325
:108D7800009205232246FFF7F7FB2DE0B7F9020022
:108D8800FB7A0A3B0093012300226FF0630112F083
:108D98003FFD0346BB727868BB89013399B2FB7A01
:108DA8009AB2FB8913449AB2BB7A9BB2D31A9CB28B
:108DB800BB7A9AB23B78002B03D07B68B3F86A3B46
:108DC80002E07B68B3F8643B0193009205232246D6
:108DD800FFF7CAFB00E000BF1437BD4690BD000096
:108DE800B0B58AB002AFF8607B600B467B81134652
:108DF8007B727B7A012B03D07B7A002B40F08D802D
:108E08007B89B3F57A7F02D340F2E7337B817A8995
:108E180007F11403434918462AF0D2FAFB681A1DD1
:108E2800FB68D3F8A83B19461046FFF77CFAFB68A5
:108E3800043302211846FFF727FBFB6803F6743357
:108E4800184625F087FAFB68181DFB6803F674318D
:108E580007F1140200230193002300930123FFF775
:108E68009CFAFB681846FFF71FFB03461C46FB6885
:108E780003F674331846FFF7EAF90346E31A9BB280
:108E8800143BFB83FB681846FFF70EFB03461C46A2
:108E9800FB681846FFF713FB03469C428CBF01236F
:108EA8000023DBB2002B12D0FB681846FFF7FCFA50
:108EB80003461C46FB6803F674331846FFF7C7F9E8
:108EC8000346E31A5B10FB83FB8B3233FB837B7A0D
:108ED800012B03D1FB68B3F89E3B03E0FB6803F664
:108EE8008E331B88BB83F868FB6803F67435FB6810
:108EF800B3F8642B7B68B3F5803F03D3FB68B3F802
:108F0800663B01E07B689BB2BC8BF98B01930092B6
:108F18002B462246FFF7F1FB00E000BF2037BD4695
:108F2800B0BD00BF9441030880B588B002AF786037
:108F3800084611461A4603467B800B467B7013464B
:108F48003B707B78002B01D0282300E05023FB8264
:108F58007B78002B01D05A2300E0B423BB827B88A6
:108F6800F98ABA8A184612F0B5FC03467B82788AD9
:108F7800F98ABA8A00230093552312F049FC034664
:108F88007B747B687A7C11461846FFF710FC034611
:108F9800FB81FB893A7879887868FFF721FF00BF61
:108FA8001837BD4680BD0000B0B58EB006AFF8607A
:108FB800B96011461A460B46FB711346BB71BB7963
:108FC800012B03D0BB79002B40F09B80FB681A1D56
:108FD800FB68D3F8603B19461046FFF7A4F9FB6815
:108FE80004331846FFF719FA0346BB83FB681C1DB8
:108FF800B86829F0A7FD034619462046FFF7EFF9A0
:1090080003467B83BB79012B09D0FB681846FFF721
:1090180056FA03461A46BB8BD31A9BB200E00023CC
:109028003B83F868FB68B3F8981BFB68B3F8643BAC
:109038003A8B0193BB8B00930B460021FFF794FA00
:109048000023FB83FB68B3F8983B7A8B9A4207D2DC
:10905800FB68B3F8983B1A467B8BD31A5B10FB83EB
:10906800FB681C1D3A8BBB8B13449DB2B86829F072
:1090780069FD0246FB68B3F8663BF98B009313461B
:109088002A462046FFF75DF9FB7983F00103DBB23E
:10909800002B1ED0F868FA8B7B8B13449BB20A33E3
:1090A80099B23A8BBB8B13449BB20E3B9CB2FB68C4
:1090B800B3F8643BFA68B2F8662B04920393102362
:1090C8000293124B01930E23009310232246FFF7BD
:1090D800CDFAFB681846FFF7E7F90346143BFB8215
:1090E800BB79012B0ED1F868FB68B3F8A22BFB689B
:1090F800B3F8663BF98A00930B460A21FFF706FA94
:1091080000E000BF2037BD46B0BD00BFC846030819
:10911800F0B58BB002AF78600B46FB701346BB709E
:10912800FB78642B01D96423FB707B68643341218D
:10913800184610F007FBF861FA7807F110002523AC
:1091480041492AF03DF97B681A1D7B68D3F8603BDA
:1091580019461046FFF7E7F87B6804331846FFF70F
:109168005CF903467B837B68B3F89A1B7A8B07F11B
:109178000C03184625F05AF87B68181D07F10C01F6
:1091880001230193002300930023FA69FFF705F9EF
:109198007B68181D07F1100207F10C0100230193E9
:1091A800002300930223FFF7F8F8BB78002B03D0C5
:1091B8007B68B3F86A3B02E07B68B3F8663B3B83A5
:1091C8007C687B681846FFF77AF903461A467B8B5A
:1091D800D31A99B27B68B3F8643B07F10C003A8B59
:1091E8000192009303460A4600212046FFF785FABC
:1091F8007C687B68B3F89A5B7B681846FFF75FF971
:1092080003461A467B8BD31A9EB27B681846FFF733
:109218004BF903461A467B68B3F89A3BD31A9AB2BD
:109228007B68B3F8643B01937B8B0093134632460B
:1092380029462046FFF798F907F10C03184625F050
:1092480062F82437BD46F0BD98410308B0B58EB02A
:1092580006AF78600B467B8013467B707B681A1DCF
:109268007B68D3F8603B19461046FFF75CF87B68CB
:1092780004331846FFF7D1F80346FB83B7F90230E9
:1092880013F1090FC0F2A080B7F90230632B00F385
:109298009B804323BB817B7883F00103DBB2002BE7
:1092A80001D046233B73B7F9022007F11003574951
:1092B80018462AF085F87B681846FFF7F5F8034644
:1092C8001C467B68043307F10C0211461846FFF769
:1092D80086F80346E31A9BB21E3BBB837B680433C4
:1092E80007F1100211461846FFF779F803461A46A7
:1092F800BB8B9B1A9BB2083B7B837C687B681846B8
:10930800FFF7DDF803461A46FB8BD31A9DB27B683C
:109318001846FFF7C9F803461A467B68B3F8643B5A
:10932800798B0193FB8B009313462A462046FFF75F
:109338001BF97B681C1D7B681846FFF7C0F80346BD
:1093480018467B68B3F8663B07F10C02B98B0093AB
:10935800134602462046FEF7F4FF7C68BB8B083BA9
:109368009DB27B681846FFF7AAF803461A46FB8B9E
:10937800D31A9BB2043399B27B68B3F8643B7A681A
:10938800B2F8662B0492039308230293204B0193AF
:109398000523009308230A4629462046FFF766F965
:1093A8007B681C1D7B681846FFF789F8034618463A
:1093B8007B68B3F8663B07F11002798B009313467C
:1093C80002462046FEF7BDFF7B681846FFF76CF89B
:1093D8000346143B3B837C687B681846FFF76FF8AD
:1093E80003461A467B68B3F8A43BD31A9AB27B6843
:1093F800B3F8663B398B00930B460A212046FFF7EA
:1094080085F800BF2037BD46B0BD00BFA0410308A6
:10941800C046030890B589B002AF78607B686433B2
:109428006221184610F08EF978617B681A1D7B68F6
:10943800D3F8603B19461046FEF775FF7B68043386
:109448001846FEF7EAFF03467B827B68B3F89A1B4F
:109458007A8A07F10C03184624F0E8FE7B68181D89
:1094680007F10C01012301931023009300237A696B
:10947800FEF793FF7C687B681846FFF720F80346E1
:109488001A467B8AD31A99B27B68B3F8643B7A6828
:10949800B2F8682B07F10C000192009303460A46C4
:1094A80000212046FFF729F907F10C03184624F09C
:1094B8002AFF1C37BD4690BDB0B586B002AF7860B4
:1094C8000B46FB701346BB70BB78012B02D0BB78F0
:1094D800002B4DD1FB78642B01D96423FB707B688A
:1094E80003F538631846FEF7C4FE0346FB73FA7BA0
:1094F800FB780321184612F0B1F90346BB73BB7819
:10950800012B03D17B68B3F89E3B03E07B6803F62D
:109518008E331B88BB817B6803F53863BA7B91B2B5
:109528000022184624F0AFFF7C687B681846FEF7D7
:10953800BBFF03461D467B6803F538631846FEF7F4
:1095480086FE0346EB1A9BB2053B99B27B6803F58E
:1095580038657B68B3F8643B7A68B2F8662BB889DB
:10956800019200932B4602462046FFF7C6F800E01A
:1095780000BF1037BD46B0BDB0B58AB006AF786041
:109588000B467B80B7F9023000222749184612F0B3
:10959800A1F903467B80B7F9020000230093552305
:1095A8000022214912F034F90346FB737B68FA7BE9
:1095B80011461846FFF7FBF80346BB817B6893F812
:1095C800723B0133DAB27B6883F8722B7B6893F8BD
:1095D800723B03F00303DAB27B6883F8722B786876
:1095E8007B68B3F8904B7B68B3F8925B7B6893F821
:1095F800723B1A461346DB0013445B010B4A1344C3
:109608007A68B2F8642BB9890491039230220292E5
:1096180001933023009330232A462146FFF726F88A
:1096280000BF1037BD46B0BD18FCFFFFF446030865
:10963800B0B588B006AF786078687B68B3F8901BDF
:109648007B68B3F8924B7B6893F8723B1A461346D3
:10965800DB0013445B010B4A13447A68B2F8642BAD
:1096680045F2AA25049503923022029201933023F1
:10967800009330232246FEF7F9FF00BF0837BD46A6
:10968800B0BD00BFF446030890B58BB006AF786054
:109698000B46FB701346BB70BB78012B02D0BB781E
:1096A800002B38D17B68B3F8943BFB817B68B3F817
:1096B800963BBB81BB78002B07D17B68B3F8903B06
:1096C800FB817B68B3F8923BBB81FB78002B15D0FC
:1096D80078687B68B3F8643B7A68B2F8662BBC8913
:1096E800F98904920393302302930D4B019330239D
:1096F800009330232246FEF7B9FF0DE078687B68B7
:10970800B3F8643BBA89F989019330230093302375
:10971800FEF72AFF00E000BF1437BD4690BD00BF2A
:10972800744B030880B584B000AF78600B46FB70BB
:109738007B686433FA781146184610F003F8F8602D
:10974800F968786800F004F800BF1037BD4680BD9E
:1097580090B587B002AF786039607B681A1D7B6866
:10976800D3F8603B19461046FEF7DDFD7B680433ED
:109778001846FEF752FE0346FB737B6804333968CC
:109788001846FEF73BFE0346BB737B681C1D7B68CF
:109798001846FEF789FE03461A46BB7BD31ADA0F32
:1097A80013445B1099B2FB7B9AB27B68B3F8663BB3
:1097B80000933B682046FEF7DAFD7C687B68184614
:1097C800FEF772FE03461A46BB7BD31ADA0F134420
:1097D8005B109BB20A3B99B2FB7B9BB203339AB2F4
:1097E800BB7B9BB2143398B27B68B3F8663B00939B
:1097F80003462046FEF78AFE00BF1437BD4690BDDB
:1098080090B58DB006AFF860B96011461A460B46A0
:10981800FB801346BB8097F82830012B03D097F8BC
:109828002830002B34D197F82830012B05D0FB685D
:10983800B3F88E3B1E3B9BB200E00023FB82FC6822
:10984800FB681846FEF730FE0346283B99B2FA8AB1
:10985800BB880493FB8803931C230293BB68019382
:109868001C2300931C232046FEF700FFFC68FB68BE
:109878001846FEF719FE03460C3B99B2FA8AFB8894
:1098880001931C2300930C232046FEF76DFE00E095
:1098980000BF1C37BD4690BD80B584B002AF78606C
:1098A8000B46FB707B68B3F8642BFB78009345F29A
:1098B800AA2304497868FFF7A3FF00BF0837BD460D
:1098C80080BD00BF944C030880B584B002AF7860B7
:1098D8000B46FB707B68B3F8642BFB7800934FF65C
:1098E800FF7304497868FFF78BFF00BF0837BD4650
:1098F80080BD00BF944C030880B584B002AF786087
:109908000B46FB707B68B3F8642BFB7800934FF42D
:10991800FC6304497868FFF773FF00BF0837BD464A
:1099280080BD00BF944C030880B584B002AF786056
:109938000B46FB707B68B3F8642BFB7800934FF4FD
:10994800FC6304497868FFF75BFF00BF0837BD4632
:1099580080BD00BF744D030880B584B002AF786045
:109968000B46FB707B68B3F8642BFB7800934FF4CD
:10997800FC6304497868FFF743FF00BF0837BD461A
:1099880080BD00BF044D030880B584B002AF786085
:109998000B46FB707B68B3F8642BFB7800934FF49D
:1099A800FC6304497868FFF72BFF00BF0837BD4602
:1099B80080BD00BFE44D030880B584B002AF786075
:1099C8000B46FB707B68B3F8642BFB7800931F236E
:1099D80003497868FFF714FF00BF0837BD4680BD0C
:1099E800E44D030880B584B002AF78600B46FB7085
:1099F8007B68B3F8642BFB7800934FF478430449F1
:109A08007868FFF7FDFE00BF0837BD4680BD00BF80
:109A1800544E0308B0B586B002AF78600B46FB70B1
:109A28001346BB70FB78012B02D0FB78002B57D173
:109A3800FB78012B05D07B68B3F88E3B1E3B9BB2AD
:109A480000E00023BB817B6803F678331846FEF7F5
:109A5800FEFB0346FB81FB89272B01D82823FB81CA
:109A68007B681846FEF720FD03461A46FB89D31A81
:109A7800FB81BB7899B27B68B3F86C3BB889FA89EB
:109A88000193022300930346786802F011FE7B6875
:109A980003F678331846FEF7ECFB03467B81B7F9EB
:109AA8000A301B2B1DDC7C687A89BB8913449DB264
:109AB8007B6803F678331846FEF7C9FB0346184659
:109AC8007B89C3F11C039BB27A68B2F8642BF989CD
:109AD8000192009303462A462046FEF745FD00E022
:109AE80000BF1037BD46B0BD80B586B002AF786004
:109AF8000B46FB7013463B800023FB73B7F900301D
:109B08000A226FF03101184611F0E4FE03463B804B
:109B1800B7F90030002B0CDAB7F900005523009391
:109B2800AA2300226FF0310111F072FE0346FB7385
:109B38000AE0B7F900000023009355230A22002108
:109B480011F066FE0346FB737B68FA7B11461846E4
:109B5800FEF72DFE0346BB817B68B3F8642BB989F9
:109B6800FB7800930B4604497868FFF749FE00BF6D
:109B78001037BD4680BD00BF944C0308B0B596B001
:109B880002AFF860B96011461A460B46FB711346DE
:109B9800BB71FB681A1DFB68D3F8603B1946104679
:109BA800FEF7C1FBFB6804331846FEF736FC034694
:109BB800DBB2053387F8423097F842309BB20C335A
:109BC800A7F84030002387F84F300BE097F84F3064
:109BD80050333B44582203F8382C97F84F30013360
:109BE80087F84F3097F84F30082BEFD9002387F8C4
:109BF8002130FB68043307F1180211461846FEF7B6
:109C0800EEFB03463833A7F84C3097F8603083F002
:109C18000103DBB2002B04D0B7F84C301A33A7F895
:109C28004C30FB6804331846FEF7F7FB034687F809
:109C38003F3097F83F309AB2B7F84C1007F1140349
:109C4800184624F0F3FA0023A7F84A30FB681846B0
:109C5800FEF72AFC03461A46B7F84C30934234BF45
:109C680001230023DBB2002B0BD0FB681846FEF75C
:109C78001BFC03461A46B7F84C30D31A5B10A7F8FA
:109C88004A30002387F8493097F83F300E2B05D922
:109C980097F83F300E3B5B1087F84930FB68184651
:109CA800FEF70DFC03461A46B7F84030D21A97F86B
:109CB800423092FBF3F387F83E30FA7997F83E305A
:109CC8009A4202D997F83E30FB71002387F8483052
:109CD800CBE0FB68B3F8663BA7F84630FB68B3F8FF
:109CE800643BA7F8443097F8482013465B001344B8
:109CF8005B001A46BB6813440233184606F0F2F8B4
:109D0800034683F00103DBB2002B00F0A98097F82B
:109D1800482013465B0013445B001A46BB68134493
:109D28001A88BB799BB29A4209D1FB68B3F8643BA5
:109D3800A7F84630FB68B3F8663BA7F8443007F14C
:109D48001403184624F006FB0A2387F8433097F8D3
:109D5800603083F00103DBB2002B1AD097F8433050
:109D68001A3387F8433097F8482013465B001344AA
:109D78005B001A46BB68134402331846F7F76AFBC0
:109D8800034607F11401009310230A22F86802F031
:109D98006BFAFB681C1D97F8482013465B001344B8
:109DA8005B001A46BB6813449A1C07F1240311464A
:109DB800184606F0EBF807F12403184628F0C2FE0F
:109DC800024697F843309BB207F114010020019036
:109DD800009300232046FEF7E0FA07F12403184613
:109DE80028F0E1FC97F8482013465B0013445B0019
:109DF8001A46BB68134402331846F7F73DFB03467F
:109E080083F00103DBB2002B0FD0B7F84C301A3BBC
:109E180099B297F849309AB207F114000E230193CA
:109E2800102300932F4B24F004FBF86897F8423076
:109E38009BB297F8482092B202FB03F39AB2B7F8A4
:109E4800403013449AB207F11404B7F84A10B7F82F
:109E580046300193B7F8443000932346FEF74DFC93
:109E680097F84830013387F8483097F84820FB794D
:109E78009A42FFF42EAFFA7997F83E309A4229D2E7
:109E880097F842309BB2FA7992B202FB03F39AB286
:109E9800B7F840301344BB87FC6807F11403184631
:109EA800FEF7D5F903461D46FB681846FEF707FB83
:109EB80003461A46BB8FD31A9BB2FA68B2F8642BD2
:109EC800B88FB7F84A10019200932B4602462046F5
:109ED800FEF74AFB07F11403184624F014FA50372A
:109EE800BD46B0BDC8460308F0B58FB002AFF860F4
:109EF8007B600B46FB721346BB72FB681A1DFB683E
:109F0800D3F8603B19461046FEF70DFAFB68043398
:109F18001846FEF782FA0346DBB20A3387F8233085
:109F280097F823309BB20C333B84FB681846FEF746
:109F3800C6FA03461A463B8CD21A97F8233092FB8E
:109F4800F3F3FB77FB681846FEF7AEFA03461C46A8
:109F5800FB681846FEF7B3FA03469C4201D9322340
:109F680000E01423BB77FB681846FEF79DFA03460A
:109F78001A46BB7F9BB25B009BB2D31A9CB2FB68AC
:109F880004331846FEF749FA03469AB207F110035C
:109F98002146184624F04AF9FB686433FA7A1146D8
:109FA80018460FF067FC03467B777A7FFB7F9A425F
:109FB80001D9FB7F00E07B7F87F82F307B68002B7F
:109FC80005D07B681B78002B01D0012300E000231B
:109FD8003B773B7F002B09D097F82F20FB7F9A42D5
:109FE80004D197F82F30013B87F82F3097F82F309E
:109FF8005B08DBB2BA7AD31ADBB20133DBB287F87B
:10A008002E307B7F012B09D997F92E20BB7A9A42F3
:10A0180004D1BB7A013BDBB287F82E3097F92E309A
:10A02800002B06DA97F82E207B7F1344DBB287F8E3
:10A038002E300023BB85002387F82B3081E097F86A
:10A048002E2097F82B30134487F82A3097F82A20C7
:10A058007B7F9A4205D397F82A207B7FD31A87F80B
:10A068002A30FA7A97F82A301344DBB20133FB76A8
:10A07800FB686433FA7E114618460FF063FB78617B
:10A0880007F11003184624F065F9FB68181D07F15D
:10A098001001012301930A23009300237A69FEF734
:10A0A8007CF997F823309BB297F82B2092B202FBE9
:10A0B80003F39AB23B8C13443B853B7F002B13D0B0
:10A0C800BB8D002B10D097F823309BB297F82B202C
:10A0D80092B202FB03F39AB23B8C13449AB297F8FC
:10A0E80023309BB213443B85FB68B3F8643BFB8485
:10A0F800FB68B3F8663BBB8497F82A20BB7A9A4280
:10A108000DD1FB68B3F8663BFB84FB68B3F8643B8E
:10A11800BB8497F823309AB23B8D1344BB85F8680B
:10A12800BB7F99B207F110043A8DBB8C0193FB8C6D
:10A1380000932346FEF7E1FA97F82B30013387F8AE
:10A148002B3097F82B2097F82F309A42FFF477AFEF
:10A158003B7F002B3AD007F11003184624F0FAF899
:10A16800FB68181D07F110010123019300230093D8
:10A1780002237A68FEF711F997F8483083F0010353
:10A18800DBB2002B12D0F868BB7F99B2FB68B3F83A
:10A19800643BFA68B2F8662B07F11005BC8D019292
:10A1A80000932B462246FEF7A8FA0FE0F868BB7F1B
:10A1B80099B2FB68B3F8643B07F11004BA8D4FF409
:10A1C8007845019500932346FEF797FA3B7F83F085
:10A1D8000103DBB2002B28D097F82F20FB7F9A428F
:10A1E80023D2FC68BB7F9DB297F823309BB297F8C7
:10A1F8002F2092B202FB03F39AB23B8C13449EB217
:10A2080007F110031846FEF722F80346194697F897
:10A2180023309BB2FA68B2F8642B019200930B4684
:10A22800324629462046FEF79FF907F110031846E3
:10A2380024F069F83437BD46F0BD0000B0B594B0DD
:10A2480006AFF860084611461A460346FB720B46ED
:10A258003B811346FB80FB681A1DFB68D3F8603B03
:10A2680019461046FEF75FF8FB6804331846FEF7F8
:10A27800F6F8034687F83730FB6804331846FEF7CC
:10A28800D9F80346DBB2053387F8363097F836300D
:10A298009BB20C33BB86FB68B3F89C1B97F836302F
:10A2A8009AB207F12403184623F0C0FFFB68643311
:10A2B800432118460FF046FA3863FA7A07F1180373
:10A2C8006A49184629F07CF8FB68181D07F1240133
:10A2D800012301930023009300233A6BFEF75DF8F6
:10A2E800FB68181D07F1180207F1240100230193E8
:10A2F800002300930223FEF750F8F868FB68B3F8D0
:10A30800643BFA68B2F8662B07F12404B98E01920F
:10A31800009323460A461421FEF7EFF9FC68FB6810
:10A328001846FEF7C1F80346283B99B2FB68B3F814
:10A33800643B97F85020002A02D04FF6FF7201E0E4
:10A3480045F2AA22B88E049203931C230293484B29
:10A3580001931C2300931C2302462046FEF786F92E
:10A36800FB681846FEF7A0F803461C46FB6803F690
:10A3780074331846FDF76BFF0346E31ADA0F1344EC
:10A388005B109BB2283BFB8597F836309AB2BB8EA0
:10A3980013449BB20F33BB86B88EFA8D398997F870
:10A3A800483000930346F86801F0E4FFBB8EBB8594
:10A3B800FB6803F674331846FDF75BFF03461A463D
:10A3C80097F8363013449AB2BB8E1344BB8697F87D
:10A3D8005430632B50D9F86897F837309AB2BB8E4F
:10A3E80013449BB297F837205208D2B21146BA8E5E
:10A3F8000A4492B2F968B1F8661BBC8E03910292C6
:10A408001E2201920093142322461421FEF7F4F829
:10A41800FA8807F110031749184628F0D1FFFB689E
:10A4280003F67833184623F095FFFB68181DFB6880
:10A4380003F6783107F110020023019300230093FB
:10A448000023FDF7AAFFF868FB6803F67834FB6879
:10A45800B3F8643BFA68B2F8662BB98E01920093A0
:10A4680023460A462821FEF748F920E094410308CC
:10A47800944C0308A4410308FC68FB681846FEF7DF
:10A4880013F80346463B9DB2FB6803F6783318463B
:10A49800FDF7EFFE03461946FB68B3F8643BBA8E36
:10A4A800019300912B4614212046FEF75DF8FB68C6
:10A4B8001846FDF7F9FF0346143B9AB2BB8D97F88F
:10A4C8004C10F86801F0F8FF97F854306422002126
:10A4D800184611F0FFF9034687F8543097F85440AE
:10A4E800FB681846FDF7E0FF0346B43B00930023E2
:10A4F80064220021204611F08BF903467B85FB6816
:10A508001846FDF7D1FF0346B43B9CB2FB681846DA
:10A51800FDF7D5FF0346283B9BB2FA68B2F8682BD3
:10A52800798D032003904FF0FF3002900192009341
:10A538008C232246F86802F025F897F858306422F0
:10A548000021184611F0C6F9034687F8583097F8E5
:10A558005840FB681846FDF7A7FF0346503B009399
:10A56800002364220021204611F052F903467B851E
:10A57800FB681846FDF798FF0346503B9CB2FB6802
:10A588001846FDF79CFF0346103B9BB2FA68B2F8E9
:10A598006A2B798D002003904FF0FF3002900192D2
:10A5A800009328232246F86801F0ECFF07F1240302
:10A5B800184623F0CFFEB7F85C30002B14D0B7F85C
:10A5C8005C2007F118031849184628F0F9FEFB68C3
:10A5D800181D07F1180207F1240100230193002335
:10A5E80000930023FDF7D9FEFC68FB681846FDF7C9
:10A5F80066FF0346303B99B2FB68B3F8643BFA68E0
:10A60800B2F8662B07F124000192009303460A462C
:10A6180014212046FEF771F807F12403184623F0A9
:10A6280072FE3837BD46B0BDA8410308F0B597B0F3
:10A6380006AFF860084611461A4603467B810B466A
:10A648003B811346FB80FB681A1DFB68D3F8603B0F
:10A6580019461046FDF767FEFB6804331846FDF7F8
:10A66800DCFE0346DBB2053387F83B3097F83B3016
:10A678009BB20C333B87FC68FB681846FDF714FF58
:10A688000346283B99B2FB68B3F8643B97F860200F
:10A69800002A02D04FF6FF7201E045F2AA22388F55
:10A6A800049203931C2302938F4B01931C23009362
:10A6B8001C2302462046FDF7D9FF97F86430002B8B
:10A6C80013D0F868FB68B3F8643B3A8F4FF4FC6129
:10A6D800049103931C230293844B01931C2300933E
:10A6E8001C232821FDF7C2FF0BE0F868FB68B3F8CC
:10A6F800643B3A8F01931C2300931C232821FDF708
:10A7080033FF97F83B309AB23B8F13449BB2143314
:10A718003B875A23FB86FB6864334B2118460FF0AE
:10A7280011F83863FB6803F67433184623F012FEF9
:10A73800FB68181DFB6803F674310123019300239D
:10A74800009300233A6BFDF728FE0346FB85FB8D3B
:10A7580003F10A02FB8E9A4206DAFA8EFB8DD31AAF
:10A768009BB20A3B9BB200E00023BB85FC68FB68F8
:10A7780003F674331846FDF77CFD03461A463B8FF3
:10A7880013449AB297F83B309BB2D31A9BB2053365
:10A798009DB2FB6803F674331846FDF76AFD03465D
:10A7A8003B60FB6803F67433FA68B2F8642BF96807
:10A7B800B1F8661BFE8DB88D0391029201933B6838
:10A7C800009333462A4601462046FDF76FFF388F2F
:10A7D800FA8E798997F8583000930346F86801F0A3
:10A7E800C9FDFB681846FDF75FFE03461C46FB687B
:10A7F8001846FDF764FE03469C420DD8FB6803F635
:10A8080074331846FDF735FD03461A463B8F13444B
:10A818009BB214339BB200E03B8F7B85FB681846E4
:10A82800FDF742FE0346143B9AB27B8D97F85C1005
:10A83800F86801F041FEFB6803F674331846FDF72B
:10A8480018FD03461A463B8F13443B87FB6818469E
:10A85800FDF72AFE0346403B3B853A8D13465B00D5
:10A868001344002B00DA0733DB10FB840023FB873B
:10A878003A89FB88D31A002BB8BF5B42002B00DA59
:10A8880003339B10BB84BA8CFB8C9A4202D8BB8CD6
:10A89800FB871CE0BA8CFB8CD31ABB84BB8C4FF4AF
:10A8A8007A720021184611F015F80346BB84B88C5B
:10A8B8003B8DDB089BB2009300234FF47A72002192
:10A8C80010F0A6FF03469AB2FB8C1344FB870023C3
:10A8D800BB873A89FB889A420AD33B8D5B089AB2B8
:10A8E800FB8F1344BB8709E0944C0308044D03080D
:10A8F8003B8D5B089AB2FB8FD31ABB87BB8F3A8D0F
:10A908000021184610F0E6FF0346BB87FB6818468F
:10A91800FDF7D5FD03461C3B3B87FB68B3F86A3B54
:10A928003A8D520892B212B2388DB98F002403942E
:10A93800029201933B8F009320230246F86801F0AE
:10A9480021FEFB68043352491846FDF748FD0346CB
:10A958000433FB8597F83B309AB2F98D07F1200351
:10A96800184623F063FC07F120031846FDF76FFC37
:10A978000346FB85FB8D002B00F08180B7F86C3017
:10A98800002B14D0B7F86C2007F11403414918467E
:10A9980028F016FDFB68181D07F1140207F12001C5
:10A9A80000230193002300930023FDF7F6FCF868C9
:10A9B80097F83B309BB23A8FD31A9BB2023B99B2BD
:10A9C800FB68B3F8643BFA68B2F8662B07F1200419
:10A9D8000192009323460A461421FDF78EFEFA8859
:10A9E80007F114032C49184628F0EAFC07F1200364
:10A9F800184623F0AFFCFB68181D07F1140207F195
:10AA0800200100230193002300930123FDF7C5FCD7
:10AA1800FC68FB681846FDF747FD03461A46FB8DA0
:10AA2800D31ADA0F13445B109DB297F83B309BB2F0
:10AA38003A8FD31A9BB2023B9EB207F12003184605
:10AA4800FDF717FC03461846FB68B3F8642B97F824
:10AA58006830002B03D0FB68B3F8663B02E0FB6864
:10AA6800B3F86A3BF98D0393029207F1200301932F
:10AA780000900B46324629462046FDF717FE07F19F
:10AA88002003184623F03FFC4437BD46F0BD00BF05
:10AA9800B0410308A8410308B841030880B582B053
:10AAA80000AF78607B6803F68433184623F02BFCEC
:10AAB80000BF0837BD4680BD90B589B000AF78604B
:10AAC8007B681A1D7B68D3F8603B19461046FDF772
:10AAD8002AFC7B6804331846FDF79FFC0346DBB26B
:10AAE80005337B777B7F9BB21E337B837B6818465D
:10AAF800FDF7E5FC03461A467B8BD31A9BB2053B50
:10AB0800FB83FB8B03F00103002B02D1FB8B013B82
:10AB1800FB837B681846FDF7C7FC03461C467B6829
:10AB280003F678331846FDF792FB0346E31A9BB207
:10AB3800363B3B837B6854333A8B1146184603F007
:10AB48000BF90346002B3DD07B6803F68833184683
:10AB5800FDF7C5FB0346002B0CBF01230023DBB226
:10AB6800002B2DD07B6803F68834FA8B398B07F1DC
:10AB78001400022325F0B0FA07F114031946204601
:10AB880025F006FB07F11403184625F030FB7B6817
:10AB9800B3F8643BBB817B68B3F8663BFB817B6899
:10ABA800B3F86A3B3B827B68B3F86C3B7B827B687B
:10ABB80003F6883307F10C010422184625F070FBD0
:10ABC800012300E0002318462437BD4690BD00004D
:10ABD800F0B58FB006AFF860B9607A603B60FB688B
:10ABE8001A1DFB68D3F8603B19461046FDF79BFB1E
:10ABF800FB6804331846FDF710FC0346DBB2053347
:10AC08007B777B7F9BB21E337B83FB681846FDF7FF
:10AC180056FC03461A467B8BD31A9BB2053BFB8333
:10AC2800FB8B03F00103002B02D1FB8B013BFB8361
:10AC3800FB8B5B089BB27B76FB6803F67833184680
:10AC4800FDF705FB03461333FB82FC68FB6803F63C
:10AC580078331846FDF7FBFA034605339DB27B7E31
:10AC68009AB27B8B13449EB2FB681846FDF71CFC16
:10AC78000346463B9AB2FB68B3F8663B009313461B
:10AC8800324629462046FDF741FCFC68FB68184619
:10AC9800FDF70AFC03461D46FB6803F678331846A1
:10ACA800FDF7D5FA03462B449BB2413B99B27B7E14
:10ACB8009AB27B8B13449BB2023B98B2FB68B3F801
:10ACC800643BFA68B2F8662B049203930823029354
:10ACD800624B019305230093082302462046FDF7A3
:10ACE800C5FCFB681C1DFB681846FDF7DDFB034629
:10ACF800143B99B27B7E9AB27B8B13449BB2053B83
:10AD08009AB2FB68B3F8663B0093554B2046FDF7B3
:10AD180018FBFC68FB681846FDF7D1FB03460C3BA3
:10AD28009AB2FB68B3F8663BF98A009313460A2285
:10AD38002046FDF702FCF868FB8A023B99B2FB68E3
:10AD4800B3F8643BFA68B2F8662B049203930823BD
:10AD58000293444B01930823009305230522FDF732
:10AD680085FCF868FB8A043B99B2FB68B3F86A3B38
:10AD78007A8B00930923FDF7C9FBF868FB8A043B2B
:10AD880099B27B7F9AB27B8B13449AB2FB68B3F873
:10AD98006C3B00930923FDF7B9FBFB681C1DFB689E
:10ADA80003F678331846FDF752FA03460F3B99B27B
:10ADB8007B7F9AB2FB68B3F86A3B00937B682046B6
:10ADC800FDF7BFFAFB681C1DFB6803F678331846CD
:10ADD800FDF73DFA03461E3399B27B7F9AB2FB68B2
:10ADE800B3F86C3B00933B682046FDF7AAFA03468C
:10ADF8001C46FB6803F678331846FDF728FA034625
:10AE080023449BB21E33BB82FB680433B9681846DF
:10AE1800FDF7E5FA03467B82FB681C1DFB681846B4
:10AE2800FDF742FB03461A46BB8AD21A7B8AD31A1D
:10AE3800DA0F13445B109AB2BB8A134499B27B7F32
:10AE48009AB2FB68B3F8663B0093BB682046FDF7EF
:10AE580078FA00BF2437BD46F0BD00BFE4460308BA
:10AE6800BC410308EC460308B0B58EB002AF786069
:10AE78000B46FB7013463B80FB78022B09D8FB7806
:10AE8800384A52F823103A8807F10C03184628F07C
:10AE980097FA7B681A1D7B68D3F8603B1946104601
:10AEA800FDF741FA7B6804331846FDF7B6FA034606
:10AEB80087F82F307B68043307F10C0211461846D7
:10AEC800FDF78DFA0346BB857B681846FDF7ECFA5B
:10AED80003461A46BB8DD31A5B107B857B681846E0
:10AEE800FDF7EDFA03461A4613465B001344002BA0
:10AEF80000DA03339B103B857B6804331846FDF763
:10AF0800AEFA034687F8273078687B8D0A3B99B2FA
:10AF180097F827309BB23A8DD31A9BB20A3B9CB262
:10AF2800BB8D14339DB297F82F309BB214339BB26C
:10AF38007A68B2F8642B019200932B462246FDF7FB
:10AF480013FB7B68181D7B68B3F8663B07F10C049C
:10AF58003A8D798D00932346FDF7F3F900BF30371A
:10AF6800BD46B0BD04000020B0B590B002AF786017
:10AF78007B681A1D7B68D3F8603B19461046FDF7BD
:10AF8800D2F97B6804331846FDF747FA0346DBB26B
:10AF9800053387F8253097F825309BB21E337B841C
:10AFA8007B6803F688331846FDF799F90346002BAA
:10AFB8000CBF01230023DBB2002B40F01F827B680B
:10AFC80003F688331846FDF79CF903463B843B8C0F
:10AFD8005B089BB2FB773B8CDBB2013BBB7747F648
:10AFE800FF73FB8648F20103BB8600237B867B68E0
:10AFF80054331846FDF7F4FB0346BB83002387F858
:10B00800313030E07B68543397F8312092B21146E2
:10B01800184602F05BFF0346BB827B68543397F8FF
:10B02800312092B21146184602F06EFF03467B8229
:10B03800B7F93620B7F914309A4201DDBB8AFB868E
:10B04800B7F93420B7F914309A4201DABB8ABB86C3
:10B058007A8E7B8A9A4201D27B8A7B8697F8313036
:10B06800013387F8313097F83120BB8B9A42C9DB1E
:10B07800B7F93630002B03DAFB8E5B429BB2FB86B6
:10B08800B7F93420B7F936309A4201DAFB8EBB861D
:10B0980097F825309BB23A8CD31A7B837B6803F6EA
:10B0A8008833184625F0CAF80023FB600023BB60EC
:10B0B8000023FB8540E1B7F90830BB81B7F934308C
:10B0C800002B03D1FB7F1BB23B8182E07B685433AA
:10B0D800FA8D1146184602F0F9FE03463B83B7F98C
:10B0E8001830002B36DDFB7F1846F5F75FFE044667
:10B0F800B7F918301846F5F759FE0546FB7F18468C
:10B10800F5F750FE034619462846F5F7A3FE034611
:10B118001D46B7F934301846F5F748FE0346194678
:10B128002846F5F74BFF03461846FDF778F803461F
:10B1380019462046F5F784FD03461846F6F766F8E3
:10B1480003461BB23B81B7F90830002B41DC0123D1
:10B158003B813EE03B8B5B429BB2FB82FB7F184608
:10B16800F5F724FE0446B7F916301846F5F71EFE23
:10B178000546FB7F1846F5F715FE0346194628468F
:10B18800F5F768FE03461D46B7F934301846F5F75B
:10B198000DFE034619462846F5F710FF03461846E4
:10B1A800FDF73DF8034619462046F5F74BFD0346E3
:10B1B8001846F6F72BF803461BB23B81B7F908305F
:10B1C8001A463B8C9A4204DB3B8C013B9BB21BB278
:10B1D8003B81B7F90A30FB817B8E002B03D1BB7F03
:10B1E8001BB27B8139E07B685433FA8D11461846CF
:10B1F80002F08AFE03461846F5F7D4FD04467B8B19
:10B208001846F5F7CFFD034619462046F5F722FE06
:10B2180003461C467B8E1846F5F7C4FD03461946BF
:10B228002046F5F7CBFE03461846FCF7F8FF034621
:10B238001846F5F7EBFF0346BB85B7F92C207B8B47
:10B248009A4203DB7B8B013B9BB2BB85BB7F9AB2E7
:10B25800BB8DD31A9BB21BB27B81FB8D002B68D0B0
:10B26800012387F82B3060E097F92B305B003833E7
:10B278003B4433F9303C3B850023FB8497F92B3062
:10B288005B0038333B4433F9302C97F92B305B00A3
:10B2980038333B4433F92C3C9A4214DC97F92B3071
:10B2A8005B0038333B4433F92C3C9AB297F92B3086
:10B2B8005B0038333B4433F9303C9BB2D31A9BB222
:10B2C8000133FB841BE097F92B305B0038333B4498
:10B2D80033F92C3C3B8597F92B305B0038333B44E2
:10B2E80033F9303C9AB297F92B305B0038333B4442
:10B2F80033F92C3C9BB2D31A9BB20133FB847B6895
:10B3080003F68830FB8D013B99B297F82B30023356
:10B31800DBB2FC8C3A8D0093234625F006F997F8AA
:10B328002B30013BDBB287F82B3097F92B30002B01
:10B338009ADAFB8D0133FB85FA8DBB8B013B9A4270
:10B34800FFF6B9AE7B6803F68834FB7F9DB27B6855
:10B3580003F688331846FCF7C2FF03461A46012352
:10B36800009313462A460021204625F0B8F87C6849
:10B378007B6803F678331846FCF769FF03461433F5
:10B388009DB27B6803F688331846FCF7A8FF03468E
:10B3980019467B6803F688337A8C01933B8C0093BB
:10B3A8000B4629462046FDF7D4F9B98E97F8253083
:10B3B8005B08DBB21A467B8C9B1A9AB27B68B3F89F
:10B3C8006A3B01930223009313460022786801F038
:10B3D8006FF997F825305B08DBB21A467B8C13446B
:10B3E8009AB27B68B3F86C3B798E01930223009381
:10B3F80013460022786801F05BF900E000BF383797
:10B40800BD46B0BD90B58FB002AFF860B9601346C5
:10B41800FB71FB681A1DFB68D3F8603B19461046A0
:10B42800FCF781FF4E21F868FEF77CF9FB680433CE
:10B438001846FCF7F2FF0346DBB2053387F82930DC
:10B4480097F829309BB20C33FB84FB681846FDF74C
:10B458002BF80346643B9CB2FB6804331846FCF7A0
:10B46800DCFF03469AB207F114032146184622F07E
:10B47800DDFE002387F82F3053E097F82F302F4A4E
:10B4880052F8231097F82F305B00BA6813441B88D2
:10B498001A4607F11803184627F092FF07F114031C
:10B4A800184622F057FFFB68181D07F1180207F12C
:10B4B800140100230193052300930023FCF76DFF7B
:10B4C800FB68B3F8663BBB85FB68B3F8643B7B85D8
:10B4D800FA7997F82F309A4207D1FB68B3F8643BA2
:10B4E800BB85FB68B3F8663B7B85F86897F82F3017
:10B4F8009BB297F8292092B202FB03F39AB2FB8C15
:10B5080013449AB207F11401BB8D01937B8D00930C
:10B518000B463221FDF7F1F897F82F30013387F801
:10B528002F3097F82F30022BA7D907F114031846AC
:10B5380022F0E9FE3437BD4690BD00BF040000206C
:10B5480090B585B002AF786039607B681A1D7B685A
:10B55800D3F8603B19461046FCF7E5FE7B681C1DD6
:10B568007B681846FCF7ABFF0346323B9AB27B6810
:10B57800B3F86E3B00933B6864212046FCF7E1FE7C
:10B5880000BF0C37BD4690BD80B584B002AF78606F
:10B598000B467B8013463B807B681846FCF78FFF81
:10B5A8000346323B9AB27B68B3F86E3B79880193C5
:10B5B8000223009313460022786801F079F87B682B
:10B5C8001846FCF77CFF0346463B9AB27B68B3F803
:10B5D8006E3B398801930223009313460022786852
:10B5E80001F066F800BF0837BD4680BD80B582B05F
:10B5F80000AF78607B6803F688331846FCF76FFE67
:10B608000346002B14BF01230023DBB2002B05D017
:10B618007B6803F68833184624F0E9FD7B685433C9
:10B62800184602F0EEFB00BF0837BD4680BD90B556
:10B638008DB002AF7860084611461A460346FB7083
:10B648000B46BB7013463B807B6803F16402FB78B2
:10B65800002B01D04D2300E04C23194610460EF074
:10B6680071F838627A687B68B3F8643B194610460B
:10B67800FCF73EFF7B686433BA78114618460EF033
:10B6880061F8F861FB691B78002B39D17B681A1DBA
:10B698007B68D3F8603B19461046FCF744FE7B688C
:10B6A800043303211846FCF7EFFE7B680433396A3C
:10B6B8001846FCF7A3FE03463B827B681846FCF756
:10B6C800F3FE03461A463B8AD31A5B10FB817B685C
:10B6D8001C1D7B681846FCF7F2FE03465B089AB20D
:10B6E8007B68B3F8663BF98900933B6A2046FCF710
:10B6F8003EFE7B68043301211846FCF7C5FEDBE0FB
:10B708007B681A1D7B68D3F8603B19461046FCF726
:10B718000AFE7B6804331846FCF77FFE03469BB29B
:10B7280005337B83F869F4F77BFD03467B767B7EE4
:10B738000133184627F086FD03467B617B69002BA1
:10B7480000F0B980F969786927F032FF012387F89A
:10B758002730002387F82630A1E097F826300133F8
:10B7680087F8253006E097F825307A6913441B7866
:10B778000A2B0FD097F82530013387F8253097F832
:10B7880025207B7E9A4234BF01230023DBB2002BA5
:10B79800E9D100E000BF97F825207B7E9A4234BFAC
:10B7A80001230023FB74FB7C002B05D097F8253080
:10B7B8007A69134400221A707B68181D97F826309E
:10B7C8007A6913441946FCF719FE0346BB74BC7C1E
:10B7D8007B681846FCF768FE03469C42B4BF012309
:10B7E8000023DBB2002B25D07B681C1D7B68184624
:10B7F800FCF75AFE03461A46BB7CD31ADA0F1344E9
:10B808005B1099B297F827309BB27A8B02FB03F34F
:10B818009AB23B88134498B297F826307A691A444A
:10B828007B68B3F8663B0093134602462046FCF754
:10B838009EFD18E07B68181D97F827309BB27A8B1D
:10B8480002FB03F39AB23B88134499B297F8263067
:10B858007A691A447B68B3F8663B009313460A4634
:10B868000021FCF784FD97F82730013387F827304B
:10B8780097F82730072B8CBF01230023DBB2002B5E
:10B8880014D1FB7C002B05D097F825307A69134436
:10B898000A221A7097F82530013387F8263097F86E
:10B8A80026207B7E9A42FFF458AF00E000BF7869FB
:10B8B80027F0D0FC00E000BF2C37BD4690BD00004B
:10B8C800B0B58AB002AF7860084611461A460346FA
:10B8D800FB700B463B801346BB707B681A1D7B6868
:10B8E800D3F8603B19461046FCF71DFD7B686433AE
:10B8F800FA78114618460DF025FFB8617B680433C5
:10B908001846FCF78AFD03469BB20533FB827B6829
:10B918000433B9691846FCF771FD0346BB827B689E
:10B928001846FCF7C1FD03461A46BB8A93420AD261
:10B938007B681846FCF7B8FD03461A46BB8AD31A3B
:10B948005B109BB200E000237B827B68181D7B683C
:10B95800B3F8663B3A88798A0093BB69FCF707FD20
:10B968003B6B002B2CD07B680433396B1846FCF7F3
:10B9780045FD0346BB827B681846FCF795FD0346E8
:10B988001A46BB8A93420AD27B681846FCF78CFD9C
:10B9980003461A46BB8AD31A5B109BB200E0002309
:10B9A8007B823A88FB8A13443B807B68181D7B683E
:10B9B800B3F8663B3A88798A00933B6BFCF7D7FC6F
:10B9C8007B681846FCF770FD03461C467B6803F647
:10B9D80078331846FCF73BFC0346E31A3A4A82FBE5
:10B9E8000312DB17D31A3B820023FB7763E0BB7893
:10B9F800FA7F9A4203D17B68B3F8643B02E07B6824
:10BA0800B3F8663BFB81BB78FA7F9A4203D17B6827
:10BA1800B3F8663B02E07B68B3F8643BBB81FB7F0D
:10BA2800002B07D17B6864335D2118460DF08AFE30
:10BA3800034606E07B6864335E2118460DF082FEFB
:10BA48000346BB617B6803F67833184622F082FC14
:10BA58007B68181D7B6803F6783101230193002366
:10BA680000930123BA69FCF798FC7D68FB7F9CB2C0
:10BA78007B6803F678331846FCF7E9FB03461A4659
:10BA88003B8A13449BB204FB03F39AB23B8A1344E8
:10BA980099B23A88FB8A13449AB27B6803F67830E5
:10BAA800BB890193FB89009303462846FCF725FED2
:10BAB800FB7F0133FB77FB7F012B98D900BF00BFC9
:10BAC8002037BD46B0BD00BF5655555590B58FB00F
:10BAD80002AF78607B681A1D7B68D3F8603B194613
:10BAE8001046FCF720FC7B6804331846FCF795FCED
:10BAF80003469BB20533FB857A687B68B3F8643BE1
:10BB080019461046FCF7F4FC08217868FDF70AFE90
:10BB1800FB8D0C33BB857B680433414A12681146A0
:10BB28001846FCF75CFC03467B857B681846FCF7E7
:10BB3800BBFC03461A467B8DD31A5B103B857B689A
:10BB4800181DBA8DFB8D13449AB2354B1C687B685F
:10BB5800B3F8663B398D00932346FCF7F2FB07F1F7
:10BB68000803304A3049184627F02AFC7B6804331A
:10BB780007F1080211461846FCF731FC03467B859D
:10BB88007B681846FCF790FC03461A467B8DD31A4F
:10BB98005B103B857B68181DFB8D5B009AB2BB8DE3
:10BBA80013449AB27B68B3F8663B07F10804398DF1
:10BBB80000932346FCF7C5FB07F108031B4A1C4901
:10BBC800184627F0FDFB7B68043307F1080211468D
:10BBD8001846FCF704FC03467B857B681846FCF78F
:10BBE80063FC03461A467B8DD31A5B103B857B6842
:10BBF800181DFB8D1A46520013449AB2BB8D13448C
:10BC08009AB27B68B3F8663B07F10804398D009354
:10BC18002346FCF796FB00BF3437BD4690BD00BFF6
:10BC280010000020D4410308DC410308EC4103085C
:10BC3800F8410308B0B58CB002AFF860B96011469E
:10BC48001A460B46FB711346BB71FB681A1DFB684D
:10BC5800D3F8AC3B19461046FCF765FBFB68043388
:10BC68001846FCF7DAFB0346DBB2053387F82330C6
:10BC780097F823309BB20C333B84FB681846FCF7DB
:10BC880013FC03465B089BB2283B9CB2FB68043359
:10BC98001846FCF7C2FB03469AB207F11003214687
:10BCA800184622F0C3FA002387F82730D0E0FB6853
:10BCB800B3F8663BBB8497F827309B00BA681344F7
:10BCC8001B881A4607F11403BB49184627F078FB6E
:10BCD800FB68181D97F827305B00B84A52F82320F4
:10BCE80007F1100100230193002300930023FCF7C0
:10BCF80054FBFB68181D07F1140207F1100100231B
:10BD08000193002300930223FCF747FB97F82730A1
:10BD1800002B06D1FB79002B03D0FB68B3F86A3BF4
:10BD2800BB84F86897F827309BB297F8232092B223
:10BD380002FB03F39AB23B8C134499B2FB68B3F845
:10BD4800643B07F11004BA8C0192009323460A461B
:10BD58000A21FCF7D2FCFB68B3F8663BBB8407F109
:10BD68001003184622F0F6FA97F82730052B75D0FD
:10BD780097F827309B000233BA6813441B881A4689
:10BD880007F114038C49184627F01AFBFB68181DA5
:10BD980097F827305B000133884A52F8232007F1CF
:10BDA800100100230193002300930023FCF7F5FA08
:10BDB800FB68181D07F1140207F110010023019315
:10BDC800002300930223FCF7E8FA97F82730002BAA
:10BDD80002D1BB79002B0AD197F82730032B0AD15F
:10BDE80097F8503083F00103DBB2002B03D0FB68D7
:10BDF800B3F86A3BBB84FC68FB681846FCF754FB45
:10BE080003465B089BB20A3399B297F827309BB276
:10BE180097F8232092B202FB03F39AB23B8C1344A7
:10BE280098B2FB68B3F8643B07F11005BA8C01922D
:10BE380000932B4602462046FCF75FFC07F11003EF
:10BE4800184622F087FA97F82730013387F8273009
:10BE580097F82730052B7FF62AAF00E000BF97F848
:10BE68004430002B1CD097F84830002B01D07322A7
:10BE780000E0202297F84C30002B01D0632100E02D
:10BE8800202197F84030002B01D0722300E02023B6
:10BE980007F1140000930B46494927F091FA12E084
:10BEA80097F84830002B01D0742200E0202297F840
:10BEB8004030002B01D0722300E0202307F114004A
:10BEC800404927F07DFAFB68181D07F1140207F1B5
:10BED800100100230193002300930123FCF75DFA6E
:10BEE800F86897F823309BB21A46520013445B0057
:10BEF8009AB23B8C134499B2FB68B3F8643BFA6876
:10BF0800B2F8662B07F110040192009323460A4603
:10BF18000A21FCF7F2FB07F11003184622F01AFA7F
:10BF280097F83830002B01D0692200E0202297F8DA
:10BF38003C30002B01D0672300E0202307F11400D8
:10BF4800214927F03DFAFB68181D07F1140207F193
:10BF5800100100230193002300930123FCF71DFA2D
:10BF6800FC68FB681846FCF79FFA03465B089BB21F
:10BF78000A3399B297F823309BB21A4652001344F9
:10BF88005B009AB23B8C134498B2FB68B3F8643BED
:10BF9800FA68B2F8662B07F11005019200932B4658
:10BFA80002462046FCF7A9FB07F11003184622F0C9
:10BFB800AAF92837BD46B0BD544203081400002032
:10BFC80058420308644203086C420308B0B588B0BD
:10BFD80002AFF860B96011461A460B46FB8013465B
:10BFE800BB80FB681A1DFB68D3F8603B19461046F6
:10BFF800FCF799F9FB6804331846FCF70EFA034678
:10C00800FB75F868FB7D9BB2FA68B2F8642B3D8D2E
:10C01800BC88F988019200932B462246FCF7A4FAC3
:10C02800FB68181DFB7D9AB2BB8813449AB2FB6863
:10C03800B3F8663BF9880093BB68FCF782F900BF48
:10C048001837BD46B0BD0000B0B590B004AFF86079
:10C05800084611461A4603467B810B463B81134628
:10C06800FB717E4BFB627E4BBB62FB681A1DFB6853
:10C07800D3F8AC3B19461046FCF755F9FB68043376
:10C088001846FCF7CAF903469BB20A33FB84FB68DF
:10C0980004331846FCF7E3F90346BB84FB681846EB
:10C0A800FCF702FA03461C46FB6803F67C33184685
:10C0B800FCF7CDF80346E31A9BB2103B7B84FB6880
:10C0C8001846FCF7FCF903461A46FB8C5B00D31AAA
:10C0D8005B103B84FB6803F67C33184622F03AF980
:10C0E8007A8907F110035F49184627F069F9FB6858
:10C0F800181DFB6803F67C3107F110020023019339
:10C10800002300930023FCF748F9F868FB6803F65E
:10C118007C35FB68B3F8643BFA68B2F8662B3C8C54
:10C12800798C019200932B462246FCF7E6FAFB68CD
:10C138001846FCF7B9F90346143BFB8378893A891A
:10C14800FB8B0093002300210FF062FB0346BB83A7
:10C15800FB681846FCF7B3F90346103B9BB2FA6834
:10C16800B2F8682BF88BB98B002403944FF0FF3496
:10C178000294019200930A230246F86800F002FA3A
:10C18800FB79002B66D0FB680433B96A1846FCF7C4
:10C1980035F903467B83FB68181D7A8C7B8BD31A91
:10C1A8009BB2103B99B23A8CBB8C13449AB2FB6891
:10C1B800B3F8663B0093BB6AFCF7D9F83A8CFB8C62
:10C1C80013443B84FB680433F96A1846FCF716F9F4
:10C1D80003467B83FB68181D7A8C7B8BD31A9BB232
:10C1E800103B99B23A8CBB8C13449AB2FB68B3F8F3
:10C1F800663B0093FB6AFCF7BAF8FB6803F67C33EE
:10C20800184622F0A7F83A8907F11003154918468D
:10C2180027F0D6F8FB68181DFB6803F67C3107F198
:10C22800100200230193002300930023FCF7B5F8C4
:10C23800F868FB6803F67C35FB68B3F8643BFA687A
:10C24800B2F8662B3C8C798C019200932B462246DF
:10C25800FCF753FA00BF3037BD46B0BD744203083F
:10C2680088420308B841030880B586B000AFF8607B
:10C27800B96011461A460B46FB8013467B71B868B5
:10C28800FBF7E5FF0346BB82B868FBF7F2FF0346FE
:10C29800FB74BB8A002B69D07B79002B66D0FA88A7
:10C2A8007B791A44BB8A9A4260DC7A79FB7C9A4291
:10C2B8005CD8FA7C7B79D31A5B10BB74BB7C9AB2CE
:10C2C8007B799BB2F988B86822F065F8BB7C9AB292
:10C2D8007B799BB213449BB2013B9AB27B799BB2A8
:10C2E800F988B86822F057F8BB7C9BB201339AB240
:10C2F8007B799BB2023B9BB2F988B86822F072F84E
:10C308007B799AB2FB8813449BB2013B99B2BB7C00
:10C318009BB201339AB27B799BB2023B9BB2B8685D
:10C3280022F060F897F82030002B20D07B79062B7C
:10C338001DD90023FB8213E0FB88033399B2BB7C31
:10C348009AB2FB8A13449BB203339AB27B799BB2AD
:10C35800063B9BB2B86822F01EF8FB8A0133FB82C9
:10C36800FA8A7B79063B9A42E6DB00E000BF183781
:10C37800BD4680BDB0B58EB006AFF8600846114620
:10C388001A4603467B810B463B811346FB804323B9
:10C39800BB8397F8303083F00103DBB2002B01D068
:10C3A80046233B77FB681A1DFB68D3F8A83B194660
:10C3B8001046FBF7B8FFFB68043302211846FCF768
:10C3C80063F87A8907F114033949184626F0F8FF0B
:10C3D800FB6803F67433184621F0BCFFFB68181D90
:10C3E800FB6803F6743107F114020023019300235C
:10C3F80000930123FBF7D1FFF868FB6803F6743557
:10C40800FB68B3F8643BFA68B2F8662BFC88398994
:10C41800019200932B462246FCF76FF9FB6803F65E
:10C4280074331846FBF713FF034608339AB23B8967
:10C4380013443B81F868FB68B3F8643BFA68B2F8C8
:10C44800662BFC8839890492039308230293194BBD
:10C4580001930523009308232246FCF707F9FB689C
:10C468001A1DFB68D3F8603B19461046FBF75BFFC3
:10C47800FB6804331846FBF7D0FF0346FB77FB68DD
:10C48800181D3B89083399B2FB7F9AB2FB88134485
:10C498009BB2013B9AB2FB68B3F8663B07F11C04F8
:10C4A80000932346FBF74DFF00BF2037BD46B0BDC4
:10C4B800A4410308C0460308B0B588B002AFF860CD
:10C4C800084611461A460346FB720B463B81134643
:10C4D800FB80FB6803F684331846FBF7B8FE034677
:10C4E800FB82FB8A132B14D8FB6803F6843407F10C
:10C4F80010036E221421184621F098FE07F110034C
:10C508001946204621F0D0FE07F11003184621F005
:10C51800FAFEFB7A6422042118460FF09FF90346BD
:10C52800FB72FC7AFB6803F684331846FBF7A1FE1E
:10C538000346009300236422002120460FF068F987
:10C548000346BB82FB6803F68433B98A0122184686
:10C5580021F099FFF8683B89143B99B2FB6803F610
:10C568008435FB68B3F8643BFA68B2F8662BFC883C
:10C57800019200932B462246FCF7BFF800BF1837FC
:10C58800BD46B0BD90B58BB004AFF8600846114603
:10C598001A4603467B810B463B811346FB80F868AD
:10C5A8003B8D05339AB2F988BB8D00930423FCF7C1
:10C5B8000CF8F868FB88053B99B23B890A339CB2B2
:10C5C800FB68B3F8663B3A8D0293052301930A236F
:10C5D80000932346FCF72EF87B89002B0CD0F868D3
:10C5E8003B8D01339AB27C89F988BB8D019308236E
:10C5F80000932346FBF7B8FFF868FA887B89134451
:10C6080099B23B8D01339CB23A897B89D31A9AB28D
:10C61800FB68B3F8643B0193082300931346224652
:10C62800FBF7A2FFB7F93030002B12DDF8683A8E1D
:10C63800FB8813449BB2013B99B23B8D043B9AB2F1
:10C64800FB68B3F8663B0193122300930323FBF7BF
:10C658008BFF97F83430002B25D03A8997F834307F
:10C6680092FBF3F3BB82BB8AFB8216E0FA8A7B89D2
:10C678009A4217D2F868FA88FB8A134499B23B8D1C
:10C6880001339AB2FB68B3F8643B00930823FBF7C5
:10C6980054FFFA8ABB8A1344FB82FA8A3B899A427E
:10C6A800E4D300E000BF00BF1C37BD4690BD0000CA
:10C6B800B0B588B002AFF860084611461A4603467E
:10C6C8007B810B463B811346FB807B89B3F57A7FE0
:10C6D80002D340F2E7337B817A8907F110031B49C3
:10C6E800184626F06DFEFB681A1DFB68D3F8603B00
:10C6F80019461046FBF717FEFB6803F67833184611
:10C7080021F028FEFB68181DFB6803F6783197F8BE
:10C71800283007F110020024019400240094FBF74C
:10C728003CFEF868FB6803F67835FB68B3F8643BB1
:10C73800FC883989BA8D019200932B462246FBF773
:10C74800DCFF00BF1837BD46B0BD00BF94410308E9
:10C7580090B583B000AF78607B681846FBF7AFFEF2
:10C7680003461A467B68B3F8A03BD31A9AB27B6893
:10C77800A3F88E2B7B681846FBF796FE03461C46EB
:10C788007B681846FBF79BFE03469C428CBF01233F
:10C798000023DBB2002B24D07B6803F678331846DD
:10C7A800FBF755FD034632339AB27B68A3F8902B0A
:10C7B8007B68B3F88E2B7B68A3F8922B7B6803F613
:10C7C80078331846FBF743FD034632339AB27B6849
:10C7D800A3F8942B7B68B3F89E2B7B68A3F8962B61
:10C7E8001FE07B681846FBF75FFE0346643B9AB27E
:10C7F8007B68A3F8902B7B681846FBF760FE03461E
:10C808005B089BB2183B9AB27B68A3F8922B7B68B3
:10C818002822A3F8942B7B68B3F8922B7B68A3F8A3
:10C82800962B00BF0C37BD4690BD80B582B000AFD7
:10C83800786039607B6808211846F7F748F87B6804
:10C8480000221A817B6800225A817B6800229A8123
:10C858007B6800229A737B680022DA737B68002267
:10C868001A747B6800225A827B6800229A827B684D
:10C8780000229A757B680022DA757B6800229A612B
:10C888007B680022DA617B6800221A627B680022DA
:10C898005A627B6800221A857B6800225A857B6869
:10C8A8000022DA627B68012283F830207B686422E8
:10C8B80083F831207B68322283F832207B68042297
:10C8C80083F833207B68142283F834207B6840F295
:10C8D800DC52DA867B684FF496721A877B6840F6DA
:10C8E800C4125A877B68322283F83C207B68002276
:10C8F8009A827B6848F201021A817B6847F6FE72C9
:10C908005A817B680122DA737B6800229A737B68FC
:10C918000122DA737B683A681A627B68184608371E
:10C92800BD4680BD80B584B000AFF860B9601346DD
:10C93800FB80FB6800229A61FB68BA685A62FB6850
:10C94800FA881A85FB685A8FFB689A81FA68FB682F
:10C9580093F8333019461046F6F7D1FF00BF103769
:10C96800BD4680BD80B584B000AFF860084611466A
:10C978001A4603467B810B463B811346FB80FB68C6
:10C988003A891A81FB68FA885A81B7F90A30194638
:10C99800F86800F0AFF9034683F00103DBB2002B1F
:10C9A80002D0FB681B897B81FB683A7E1A74FB689E
:10C9B8001A7CFB68DA73FB68DB7B3A7F9A4202D900
:10C9C800FB683A7F1A74FB6897F820209A73FB6813
:10C9D80000225A8500BF1037BD4680BD80B586B09D
:10C9E80000AF786010F008FE38617B68DB6A7A680F
:10C9F80092F83C2013443A699A4203D27B68B3F90F
:10CA08001430B1E07B683A69DA627B681B6A1B689C
:10CA18005B6AFB810023FB8200237B757B685B8A52
:10CA2800FA899A4215D9FB897A68528A9B1A47F67D
:10CA3800FE72934207DC01237B757B685B8AFA8967
:10CA4800D31AFB821BE07B685A8AFB89D31AFB82C4
:10CA580015E07B685B8A1A46FB89D31A47F6FE7293
:10CA6800934205DC7B685A8AFB89D31AFB8206E06D
:10CA78007B685B8AFA89D31AFB8201237B75FB8A60
:10CA88005B08FB82FB8A002B03D17B68B3F9143067
:10CA98006AE07B68DB7B3B75FB8A012B09D97B68E5
:10CAA8001B7C002B02D07B681B7C01E0FB8ADBB27D
:10CAB8003B75B7F916207B685A857B6893F8303048
:10CAC8007A7D9A420BD17B68B3F914309AB23B7DD8
:10CAD8009BB213449BB21AB27B689A8213E07B68BC
:10CAE800B3F914309AB23B7D9BB2D31A9BB21AB2F7
:10CAF8007B689A827B68B3F92A309BB25B429BB20F
:10CB08001AB27B685A857B68B3F914207B68B3F93D
:10CB18000A309A420DDD7B689B7B002B03D07B6833
:10CB2800B3F9083002E07B68B3F90A307A68938277
:10CB380014E07B68B3F914207B68B3F908309A4293
:10CB48000CDA7B689B7B002B03D07B68B3F90A3037
:10CB580002E07B68B3F908307A6893827B68FA89C7
:10CB68005A827B68B3F9143018461837BD4680BD21
:10CB780080B485B000AF78607B685B8DFB817B6893
:10CB880000225A85B7F90E3018461437BD4680BCC6
:10CB9800704780B586B000AF786010F02DFD024672
:10CBA8007B68DB699A422CBF01230023DBB2002B90
:10CBB80000F09B8010F020FD02467B6893F834302B
:10CBC8001A447B68DA610023FB757B685A6A7B68C4
:10CBD8001B8D1946104612F001F80346002B0CBFB6
:10CBE80001230023DBB2002B04D07B6893F831309B
:10CBF8005B00FB757B68DB7D002B14D07B68FA7DBE
:10CC0800114618460DF0A3FF02467B6893F83230B0
:10CC18009A42B4BF01230023DBB2002B17D07B68F4
:10CC28000022DA7513E07B68FA7D114618460DF08C
:10CC38008EFF02467B6893F831309A42CCBF0123BD
:10CC48000023DBB2002B02D07B680122DA757B68F7
:10CC5800DB7D002B27D010F0CFFC02467B689B6958
:10CC6800D31AFB607B689B69002B05D07B689B8986
:10CC78001A46FB68934205D910F0BEFC02467B6851
:10CC88009A6132E07B68DB8E1A46FB6893422CD9A6
:10CC98007B689B7D002B01D0002327E07B68012265
:10CCA8009A75022322E07B689B69002B03D07B687E
:10CCB8009B7D002B07D07B6800229A617B6800224D
:10CCC8009A75002312E010F097FC02467B689B6976
:10CCD800D31A3B617B6800229A617B689B891A465C
:10CCE8003B69934201D2012300E00023184618371C
:10CCF800BD4680BD80B483B000AF78600B467B80B2
:10CD08007B68B3F90830B7F902209A420BDB7B68DD
:10CD1800B3F90A30B7F902209A4204DC7B687A88B2
:10CD28009A82012300E0002318460C37BD4680BCD8
:10CD3800704780B5CEB000AF07F59C73A3F59A7322
:10CD4800186025F0FFF8034683F00103DBB2002BDF
:10CD580001D001239FE007F59C73A3F59A73186827
:10CD680000F0BEF8034683F00103DBB2002B01D0CC
:10CD7800022390E00023A7F8363107F59C73A3F54A
:10CD88009A731B68181D07F59C73A3F59A731B68A3
:10CD980003F580531B6B012219461BF0D3FE034693
:10CDA800002B0CBF01230023DBB2002B39D000235A
:10CDB800C7F8303107F590731846F4F78BFD07F57F
:10CDC8009C73A3F59A731B68181D07F5987307F5EC
:10CDD800907110221CF048F8D7F83031102B17D179
:10CDE80007F5907107F59C73A3F59A7300221868EC
:10CDF80000F046FD0346002B14BF01230023DBB2DD
:10CE0800002BD4D0B7F836310133A7F83631CEE746
:10CE180007F59C73A3F59A731B68043318461CF036
:10CE28003FFBB7F83631002B34D107F59C73A3F5D7
:10CE38009A731B6803F580535B6B07F10802114670
:10CE480018461CF07AFC0346002B0CBF0123002374
:10CE5800DBB2002B1ED007F59C73A3F59A731B68F1
:10CE680003F580531B6B18461CF065FD07F59C7392
:10CE7800A3F59A731B6803F580535A6B07F59C73E7
:10CE8800A3F59A731B6803F580531B6B194610466C
:10CE98001CF0FFFD0023184607F59C77BD4680BDB2
:10CEA80080B582B000AF786025F01EF803461846BA
:10CEB8000837BD4680BD80B582B000AF78600B46AC
:10CEC8007B807B880121184625F05EF90346002BFC
:10CED8000CBF01230023DBB218460837BD4680BDCE
:10CEE80080B586B000AF78607B6803F5805393F80F
:10CEF8002C30002B29D10122164917481BF0E2FDDE
:10CF08000346FB75FB7D002B1DD1134BFB6007F11E
:10CF18000C0207F11003194610481CF057FC034691
:10CF2800FB75FB7D002B06D000220C4900201BF06E
:10CF3800C9FD00230AE07B6803F58053012283F8CA
:10CF48002C20012302E0002300E0012318461837B3
:10CF5800BD4680BD90420308BC49002094420308A6
:10CF680080B582B000AF7860786800F01FF87B6801
:10CF78001B7883F00103DBB2002B0BD000220A4997
:10CF880000201BF09FFD7B6803F58053002283F887
:10CF98002C2005E07B6803F58053012283F82C20C0
:10CFA80000BF0837BD4680BD9442030880B582B0F3
:10CFB80000AF78607B6803F5805393F82C30002B22
:10CFC80012D07B6803F5805393F82C30012B0BD0DB
:10CFD8007B68043318461CF063FA7B6803F58053BA
:10CFE800012283F82C2000E000BF0837BD4680BD31
:10CFF80080B592B000AF786039607868FFF770FF4D
:10D00800034683F00103DBB2002B01D00023AFE01D
:10D018007868FFF7CBFF00233B64002387F847308D
:10D0280007F108031846F7F7A3FD7B68181D7B680E
:10D0380003F580539B6B012219461BF083FD0346C1
:10D04800002B0CBF01230023DBB2002B29D07B6807
:10D05800181D07F1400307F1080138221BF004FFEF
:10D068003B6C382B18D107F1080300221946786861
:10D0780000F05BFC0346002B14BF01230023DBB246
:10D08800002B09D007F1080338221946386826F022
:10D09800A5FA012387F847307B68043318461CF04B
:10D0A800FFF997F8473083F00103DBB2002B5AD021
:10D0B8007B68181D7B6803F58053DB6B01221946DA
:10D0C8001BF040FD0346002B0CBF01230023DBB2FD
:10D0D800002B48D07B68181D07F1400307F10801B1
:10D0E80038221BF0C1FE3B6C382B18D107F108031E
:10D0F80000221946786800F018FC0346002B14BF7C
:10D1080001230023DBB2002B09D007F108033822E2
:10D118001946386826F062FA012387F847307B6899
:10D12800043318461CF0BCF997F84730002B13D08D
:10D138007B6803F580539B6B18461CF0FCFB7B68EF
:10D1480003F58053DA6B7B6803F580539B6B1946B4
:10D1580010461CF09EFC06E07B6803F58053DB6BF1
:10D1680018461CF0E8FB7868FFF7FAFE97F8473096
:10D1780018464837BD4680BD80B584B000AF78609A
:10D1880039607868FFF7ACFE034683F00103DBB231
:10D19800002B01D0002338E07868FFF707FF04214F
:10D1A800786800F032FC01223968786800F0BDFB2D
:10D1B8000023FB737B68181D7B6803F580539B6B0A
:10D1C8000A2219461BF0BEFC0346002B0CBF0123A4
:10D1D8000023DBB2002B14D00023BB607B68181D32
:10D1E80007F10803382239681BF071FFBB68382B38
:10D1F8000CBF01230023FB737B68043318461CF023
:10D208004FF97868FFF7ACFEFB7B18461037BD4630
:10D2180080BD80B58AB000AF786039607868FFF764
:10D228005FFE034683F00103DBB2002B01D000232D
:10D2380048E07868FFF7BAFE00233B62002387F8CE
:10D2480027307B68181D7B6803F580531B6C01220F
:10D2580019461BF077FC0346002B0CBF0123002363
:10D26800DBB2002B29D07B68181D07F1200307F1DA
:10D278000C0114221BF0F8FD3B6A142B18D107F19E
:10D288000C0300221946786800F087FB0346002B40
:10D2980014BF01230023DBB2002B09D007F10C03D4
:10D2A80014221946386826F099F9012387F827309F
:10D2B8007B68043318461CF0F3F87868FFF750FED3
:10D2C80097F8273018462837BD4680BD80B584B00A
:10D2D80000AF786039607868FFF702FE034683F094
:10D2E8000103DBB2002B01D0002334E07868FFF79C
:10D2F8005DFE01223968786800F04FFB0023FB735C
:10D308007B68181D7B6803F580531B6C0A2219463D
:10D318001BF018FC0346002B0CBF01230023DBB2D3
:10D32800002B14D00023BB607B68181D07F108038D
:10D33800382239681BF0CBFEBB68142B0CBF0123C5
:10D348000023FB737B68043318461CF0A9F878683F
:10D35800FFF706FEFB7B18461037BD4680BD80B53B
:10D368008AB000AFF860B96011461A460B46FB71E7
:10D378001346BB71F868FFF7B3FD034683F001035A
:10D38800DBB2002B01D0012389E0FB6803F5805351
:10D3980093F82C30022B1AD0F868FFF707FEFB68C9
:10D3A800181DFB6803F580531B6B012219461BF0FF
:10D3B800C9FB0346002B0CBF01230023DBB2002B63
:10D3C80005D0FB6803F58053022283F82C20FB6804
:10D3D80003F5805393F82C30022B07D0BB79012238
:10D3E8001946F86800F02EFA034658E0FB681A1D43
:10D3F800FB791B01194610461CF072F80346002BF6
:10D4080014BF01230023DBB2002B07D0BB79032212
:10D418001946F86800F016FA034640E000237B62DC
:10D4280007F114031846F4F755FAFB68181D07F1BD
:10D43800240307F1140110221BF016FD7B6A102B40
:10D4480025D107F1140300221946F86800F018FAEC
:10D458000346002B14BF01230023DBB2002B0ED0A0
:10D4680007F1140310221946B86826F0B7F8BB79FB
:10D4780000221946F86800F0E5F903460FE0BB7989
:10D4880002221946F86800F0DDF9034607E0BB7987
:10D4980001221946F86800F0D5F9034600BF18467E
:10D4A8002837BD4680BD80B58CB000AFF860B96044
:10D4B8001346FB71F868FFF713FD034683F0010379
:10D4C800DBB2002B02D04FF0FF33A3E0002387F834
:10D4D8002F30FB6803F5805393F82C30022B06D1CC
:10D4E800FB680433002118461BF0FAFF37E0F868A0
:10D4F800FFF75CFD0221F86800F087FAFB68181D49
:10D50800FB6803F580531B6B032219461BF01AFBBB
:10D518000346002B14BF01230023DBB2002B18D0D5
:10D52800FB68181DFB6803F580531B6B0622194620
:10D538001BF008FB0346002B0CBF01230023DBB2C2
:10D54800002B03D0012387F82F3002E04FF0FF3380
:10D5580060E0FB6803F58053022283F82C2097F8DB
:10D568002F3083F00103DBB2002B2AD000237B622B
:10D5780007F114031846F4F7ADF9FB68181D07F115
:10D58800240307F1140110221BF06EFC7B6A102B98
:10D5980016D1BB6803F1080207F1140308331946D2
:10D5A800104602F0C3FC0346002BE6D0FB681A1DA8
:10D5B800FB689B69103B194610461BF091FF00E081
:10D5C80000BFFB689B691B09BB850122B968F86825
:10D5D80000F056F90023BB62FB68181D07F1280309
:10D5E8001022B9681BF073FDBB6A102B02D04FF6EE
:10D5F800FF73BB85FB7983F00103DBB2002B07D0F7
:10D60800FB68043318461BF04BFFF868FFF7A8FCCB
:10D61800B7F92C3018463037BD4680BD80B588B084
:10D6280000AF786009233B724FF480537B6100237D
:10D63800FB6001237B7280233B617B6803F5805389
:10D64800DB8D184625F0FEFD0346FB61FB69002BC8
:10D6580001D1002313E07B6803F58053DB8D07F1CC
:10D668000801FA6908481CF047FC0346002B0CBF68
:10D6780001230023FB76F86925F0ECFDFB7E1846B4
:10D688002037BD4680BD00BF9042030880B582B0F8
:10D6980000AF78600122124912481BF013FA0346C2
:10D6A800002B0CBF01230023DBB2002B12D07B68B8
:10D6B80003F580539B6B18461CF03DF97B6803F516
:10D6C8008053DB6B18461CF036F97868FFF748FC86
:10D6D800012300E0002318460837BD4680BD00BF7F
:10D6E80090420308BC49002080B58AB000AFF860BA
:10D6F800B9601346FB71F868FFF7F2FB034683F045
:10D708000103DBB2002B01D0002389E0FB6803F59D
:10D71800805393F82C30062B1AD0F868FFF746FC94
:10D72800FB68181DFB6803F580535B6C01221946E2
:10D738001BF008FA0346002B0CBF01230023DBB2C1
:10D74800002B05D0FB6803F58053062283F82C20B4
:10D75800FB6803F5805393F82C30062B04D0F86847
:10D76800FFF724FC00235BE00023FB61FB68181D26
:10D77800FA7907F11C03B9681BF076FBFB69002BEB
:10D788004CD0002387F827302EE097F82730BA6866
:10D7980013441B780A2B22D1FB689A6997F8273023
:10D7A8001A44FB69D31A01333B62FB680433396AB4
:10D7B80018461BF095FE97F82730002B0CD097F8E9
:10D7C8002730013BBA6813441B780D2B04D197F816
:10D7D8002730013B87F8273097F8273020E097F863
:10D7E8002730013387F8273097F82720FB699A42BA
:10D7F800CBD300237B61FB68181DFA7907F114036A
:10D8080007F11B011BF030FB7B69002B03D0FB7E6B
:10D818000A2B02D0EFE700BF00E000BFFB69DBB2D4
:10D8280018462837BD4680BD80B582B000AF786005
:10D838007868FFF7BBFB7868FFF792FB00BF0837F3
:10D84800BD4680BD80B582B000AF78600B46FB70E6
:10D858001346BB70FB7883F00103DBB2002B0AD0C0
:10D868007B68043318461BF01BFE7B6803F5805366
:10D87800012283F82C20BB7818460837BD4680BDA6
:10D8880080B586B000AFF860B9601346FB71BB681D
:10D898001B887B617B695B007B61BB685B881A4680
:10D8A8007B6913447B617B695B007B61BB689B88F8
:10D8B8001A467B6913447B617B695B007B61BB68AB
:10D8C800DB881A467B6913447B617B695B007B615B
:10D8D800BB680833184602F041FD02467B691344D1
:10D8E8007B617B695B007B61BB6893F90C301A46EE
:10D8F8007B6913447B617B6975337B61BB68DB7B28
:10D908001A467B69DBB29A420CBF01230023DBB2C3
:10D91800FB74FB79002B03D07B69DAB2BB68DA733E
:10D92800FB7C18461837BD4680BD80B489B000AF6F
:10D93800F860B9601346FB717523FB83BB681B88CD
:10D948007B83BB6800221A80BB687B6100237B77DE
:10D958000DE0FB8B5B00FB837B7F7A6913441B78AC
:10D968001A46FB8B1344FB837B7F01337B777B7FDA
:10D97800372BEED97A8BFB8B9A420CBF01230023FD
:10D98800FB74FB79002B02D0BB68FA8B1A80FB7CF6
:10D9980018462437BD4680BC704780B489B000AFB4
:10D9A800F860B9601346FB717523FB83BB681B885D
:10D9B8007B83BB6800221A80BB687B6100237B776E
:10D9C8000DE0FB8B5B00FB837B7F7A6913441B783C
:10D9D8001A46FB8B1344FB837B7F01337B777B7F6A
:10D9E800132BEED97A8BFB8B9A420CBF01230023B1
:10D9F800FB74FB79002B02D0BB68FA8B1A80FB7C86
:10DA080018462437BD4680BC704780B5ADF5065D25
:10DA180086B000AF07F5CC73A3F5CA7318600A4641
:10DA280007F5CC73A3F295131A7007F5CC73A3F21C
:10DA380095131B78022B08D007F5CC73A3F2951326
:10DA48001B78042B01D0002380E107F5CC73A3F2E7
:10DA580095131B78022B08D107F5CC73A3F5CA736D
:10DA68001B6803F580531B6B07E007F5CC73A3F520
:10DA7800CA731B6803F580539B6B07F5065202F1C6
:10DA88000C02136007F5CC73A3F295131B78022BD5
:10DA980008D107F5CC73A3F5CA731B6803F5805347
:10DAA8005B6B07E007F5CC73A3F5CA731B6803F536
:10DAB8008053DB6B07F5065202F10802136000235E
:10DAC80007F5065202F11402136007F5CC73A3F2AE
:10DAD80095131B78022B39D107F5CC73A3F5CA73BC
:10DAE8001B6803F580531A6B07F118030C3B1946A2
:10DAF80010461BF022FE0346002B0CBF0123002317
:10DB0800DBB2002B22D007F5CC73A3F5C6731B68D4
:10DB180007F5065202F11402136007F5065303F1E4
:10DB280014031B681B0907F5065202F1060213804D
:10DB380007F5065303F106031A8813465B001344DE
:10DB48009B0007F5065202F11402136007F5CC7327
:10DB5800A3F5CA731B6803F58053DB8D184625F0BF
:10DB680071FB034607F50652136007F506531B6859
:10DB7800002B01D10023E9E007F58A5303F11803CC
:10DB8800043B012207F5065101F10C01096818460A
:10DB98001AF0D8FF0346002B14BF01230023DBB281
:10DBA800002B06D007F50653186825F053FB002311
:10DBB800CCE007F5AC732C3B0A2207F5065101F1BE
:10DBC8000801096818461AF0BDFF0346002B14BF68
:10DBD80001230023DBB2002B06D007F50653186893
:10DBE80025F038FB0023B1E0012307F5065202F1C6
:10DBF8001302137007F5CC73A3F5CA731B6803F5FA
:10DC08008053DB8D07F5055202F13C02136007F5DE
:10DC1800065303F114031B68002B26D007F506539F
:10DC280003F114031B6807F5055202F13C02136067
:10DC380007F5CC73A3F5CA731B6803F58053DB8D16
:10DC48001A4607F5055303F13C031B6893420CD9A8
:10DC580007F5CC73A3F5CA731B6803F58053DB8DF6
:10DC680007F5055202F13C02136007F5CC731A461A
:10DC7800002342F8703C07F5CC731A46002342F89B
:10DC8800743C07F5CC73A3F5CA731B6803F580537E
:10DC9800DB8D1A4607F5AC73303B07F58A5000F167
:10DCA8001800043807F5065109681BF0DDF807F578
:10DCB800CC7353F8703C002B2FD007F5CC7353F876
:10DCC800703C07F5065202F114021268D31A07F5E0
:10DCD800065202F11402136007F5CC7353F8702C46
:10DCE80007F5AC73343B07F5AC702C3807F50651D3
:10DCF80009681BF0ECF907F5CC7353F8742C07F599
:10DD0800CC7353F8703C9A42BFF474AF002307F504
:10DD1800065202F11302137000E000BF07F58A53A0
:10DD280003F11803043B18461BF0BAFB07F5AC7364
:10DD38002C3B18461BF0B4FB07F50653186825F072
:10DD480089FA07F5065303F113031B78184607F5FC
:10DD580006571837BD4680BD80B582B000AF7860E1
:10DD68000B467B807B6800229A817B6800229A732D
:10DD78007B681B88002B11D07B681B887A889A42A5
:10DD88000CD97B685B68184625F064FA7B689B6849
:10DD9800184625F05FFA7B6800221A807B681B888A
:10DDA800002B29D17B885B00184625F04BFA0346E7
:10DDB8001A467B685A607B685B68002B1CD07B889E
:10DDC8005B00184625F03EFA03461A467B689A60BF
:10DDD8007B689B68002B0CD17B685B68184625F034
:10DDE80039FA7B6800225A607B6800229A60002317
:10DDF80003E07B687A881A80012318460837BD46F5
:10DE080080BD80B582B000AF78607B681B88002B2E
:10DE180009D07B685B68184625F01CFA7B689B680C
:10DE2800184625F017FA00BF0837BD4680BD000028
:10DE380080B584B000AF78600B467B8013463B808A
:10DE48007B681B88002B3AD07B689B89FB73B7F9EA
:10DE580002304FF4FA721C4918460DF03BFD034698
:10DE68007B803B8840F2E732002118460DF032FDF6
:10DE780003463B807B685A68FB7B5B0013447A88C7
:10DE88001A807B689A68FB7B5B0013443A881A8087
:10DE9800FB7B0133FB73FB7B7A6812889342ACBF30
:10DEA80001230023DBB2002B04D00023FB737B6823
:10DEB80001229A73FB7B9AB27B689A8100E000BFCB
:10DEC8001037BD4680BD00BF0CFEFFFF80B584B093
:10DED80000AF78600B467B807B681B88002B01D1E4
:10DEE80000230DE07B881946786800F02AF803467D
:10DEF800FB817B685A68FB895B001344B3F90030E7
:10DF080018461037BD4680BD80B584B000AF786034
:10DF18000B467B807B681B88002B01D100230CE01B
:10DF28007B881946786800F00CF80346FB817B680B
:10DF38009A68FB895B0013441B8818461037BD4656
:10DF480080BD80B485B000AF78600B467B807B686D
:10DF58009B7B002B04D07B689B8901339BB200E03C
:10DF68000023FB817A88FB8913447B807B681B88AC
:10DF78007A889A4204D37B681B887A88D31A7B8074
:10DF88007B8818461437BD4680BC704780B483B080
:10DF980000AF786039607B683A689A6000BF0C37D8
:10DFA800BD4680BC704780B483B000AF78607B68A2
:10DFB800B3F8423118460C37BD4680BC704780B470
:10DFC80083B000AF78607B68B3F876319BB21846AF
:10DFD8000C37BD4680BC704780B483B000AF786012
:10DFE8007B6893F8793118460C37BD4680BC70477A
:10DFF80080B582B000AF78607B6803F5AE731846D1
:10E008000CF0DFFD03469BB218460837BD4680BDBD
:10E0180080B582B000AF78607B6803F5B2731846AC
:10E028000CF0CFFD03469BB218460837BD4680BDAD
:10E0380080B582B000AF78600B467B807B88074A4A
:10E048001288002118460DF045FC03469AB27B68F9
:10E05800A3F8422100BF0837BD4680BD9C53030882
:10E0680080B582B000AF78607B681B6820331B687E
:10E0780078689847034618460837BD4680BD0000B3
:10E08800F0B587B004AF78607B68002283F83C2144
:10E098007B680022A3F844217B68002283F83D2195
:10E0A8007B68002283F874217B68002283F83E2174
:10E0B80078687B6893F896117B68B3F890417B6821
:10E0C800B3F892517B6893F896317A6892F8942164
:10E0D80016467A6892F895210292019600932B468B
:10E0E80022460DF03FFC0021786800F02BFD7B688C
:10E0F80003F5A6727B6893F8973119461046F5F731
:10E10800FEFB7B6803F5A67300211846F5F708FCAB
:10E118007B6803F5AA727B6893F897311946104615
:10E12800F5F7EDFB7B6803F5AA7300211846F5F7B0
:10E13800F7FB7B6803F5AE73104A12781146184650
:10E14800F5F7DDFB7B6803F5B2730C4A12781146CC
:10E158001846F5F7D4FB7B68181D00230D224FF4F1
:10E168007A710CF08FF97B680433002118460CF0A3
:10E17800B5F900BF0C37BD46F0BD00BF9F5303087B
:10E1880080B586B002AF78600023FB737B6893F894
:10E198003C31032B10D17B6893F83D3118467B68DE
:10E1A80093F879311A4664230093002300210DF077
:10E1B8002FFB0346FB7311E07B6803F5A673184633
:10E1C8000CF0FFFC7B6893F87A311A4664230093BD
:10E1D800002300210DF01CFB0346FB73FB7B642B23
:10E1E80001D96423FB73FB7B18461037BD4680BDFD
:10E1F80080B582B000AF7860074B1B689B6B40F21C
:10E20800CF72002118460DF065FB03469BB21846F5
:10E218000837BD4680BD00BF245C002080B483B0B1
:10E2280000AF78600B46FB707B6893F83C31002B9D
:10E238000BD1FB78002B04D07B68B3F844311A4625
:10E2480000E00022034B1B689A6300BF0C37BD46F1
:10E2580080BC7047245C002080B584B000AF786033
:10E268000B467B807B681846F9F7EEF90346002BCE
:10E2780016D07B6803F5AA737A88114618460CF005
:10E2880066FCF8607B88FA68D31ABB607B6803F584
:10E29800B272BB6803FB03F3194610460CF072FC1C
:10E2A80000BF1037BD4680BD80B584B000AF786030
:10E2B8000B46FB707B680022C3F848217B6893F803
:10E2C8003C31062B00F2738101A252F823F000BF03
:10E2D800F5E20008D9E30008D9E3000825E40008BE
:10E2E800D9E30008D7E40008D9E300087868FFF705
:10E2F8007FFF0346002B0CBF01230023DBB2002B5A
:10E3080008D0FB78002B00F054817B68012283F849
:10E318003C214EE1FB78002B2DD07B681846F9F79D
:10E3280093F90346002B22D00121786800F00AFCFB
:10E338007B6803F5AA7318460CF043FC0346BB81BF
:10E348007B68B3F84231BA899A420BD2BB89C83389
:10E358007A68B2F84221934204DA7B68012283F892
:10E368003C2126E17B68022283F83C2121E1786880
:10E3780000F0CAFB1DE17B681846F9F765F903460A
:10E38800002B00F016817B68B3F876319AB27B686F
:10E39800B3F882319A4234BF01230023DBB2002B49
:10E3A80003D0786800F0B0FB03E17B68052283F8AE
:10E3B8003C210FF021F902467B68D3F888311A44D2
:10E3C8007B68C3F848217B68002283F83F21F0E08E
:10E3D800FB7883F00103DBB2002B00F0EC807B6854
:10E3E800052283F83C210FF007F902467B68D3F831
:10E3F80088311A447B68C3F848217B68002283F877
:10E408003F217B6893F84031002B00F0D4807B6873
:10E41800B3F88021734B1B689A63CCE07868FFF7E8
:10E42800E7FE0346002B14BF01230023DBB2002BB9
:10E4380043D0FB78002B04D07B68022283F83C2170
:10E44800BBE07B681846F9F7FFF80346002B30D08D
:10E458007B68B3F876319AB27B68B3F882319A4216
:10E4680034BF01230023DBB2002B03D0786800F00F
:10E478004BFBA2E07B68052283F83C210FF0BCF837
:10E4880002467B68D3F888311A447B68C3F8482170
:10E498007B68002283F83F217B6893F84031002B8A
:10E4A80000F08B807B68B3F880214E4B1B689A6321
:10E4B80083E0786800F028FB7FE0FB7883F00103B5
:10E4C800DBB2002B79D0786800F01EFB75E0786825
:10E4D800FFF78EFE0346002B14BF01230023DBB297
:10E4E800002B58D0FB78002B2DD07B681846F9F705
:10E4F800ABF80346002B22D00121786800F022FBFC
:10E508007B6803F5AA7318460CF05BFB0346FB8196
:10E518007B68B3F84231FA899A420BD2FB89C83337
:10E528007A68B2F84221934204DA7B68012283F8C0
:10E538003C2144E07B68022283F83C213FE0786874
:10E5480000F0E2FA3BE07B681846F9F77DF80346ED
:10E55800002B1CD07B68B3F876319AB27B68B3F88D
:10E5680082319A4234BF01230023DBB2002B26D02C
:10E578000FF042F802467B68D3F88C311A447B6866
:10E58800C3F848217B68012283F83F2117E07868A7
:10E5980000F0BAFA13E0FB78002B10D0012178685C
:10E5A80000F0D0FA7B68012283F83C2107E000BF25
:10E5B80006E000BF04E000BF02E000BF00E000BFCB
:10E5C8007B6803F5A67300211846F5F7A9F97B685F
:10E5D80003F5AE7300211846F5F7A2F900BF10370E
:10E5E800BD4680BD245C002090B587B002AFF860BE
:10E5F800084611461A4603467B810B463B81134663
:10E60800FB80FB68062283F83C21FB6803F5A673B0
:10E6180000211846F5F784F9FB6803F5AE7300216D
:10E628001846F5F77DF9FB6803F12800FC883A895C
:10E6380079893B8C009323460CF0FBF800BF143714
:10E64800BD4690BD80B582B000AF78600B467B8038
:10E658007B88002B07D17B681B6810331B6800215F
:10E668007868984717E07B6893F87A311A467B8870
:10E67800934203D97B6893F87A317B807B680322C5
:10E6880083F83C210121786800F05CFA7B88DAB2D3
:10E698007B6883F83D210837BD4680BD90B589B0B9
:10E6A80002AF78607B6803F5AA7318460CF089FA04
:10E6B80003467B827B687A8AA3F876219D4B1B8868
:10E6C80003F163027B8A9A4207DB7A8A7B68B3F894
:10E6D800423103F5C8739A4208DD7B6893F83C31F0
:10E6E800022B03D17B68012283F83E2100237B6142
:10E6F8007B6893F83C31062B00F29C8101A252F80A
:10E7080023F000BF3DEA000829E7000859E70008A0
:10E718003DE800087DE80008E3E8000829EA000869
:10E728007B6893F8743183F00103DBB2002B08D0C7
:10E738007B681846F8F788FF0346002B01D00123B1
:10E7480000E00023002B03D00121786800F0FAF9DB
:10E758007B68B3F84421784B1B689A637B6893F80D
:10E768003E31002B11D07A8A7B68B3F84231023BE4
:10E778009A4280F261817B68002283F83E217B689F
:10E788000433002118460BF0A9FE7B6893F83C314E
:10E79800012B14D17B68B3F8423103F113027B8A51
:10E7A8009A420CDA7B68022283F83C217B681A1DA6
:10E7B8007B68D3F89C3119461046FFF7E7FB7B6866
:10E7C80093F87431002B00F039817B6893F8783125
:10E7D800DBB2002B14BF01230023DBB2002B13D0C4
:10E7E8007B6893F87831DBB2013BDAB27B6883F857
:10E7F80078217B6893F87831DBB203F00703DAB24B
:10E808007B6883F8782119E17B68181D7B68B3F869
:10E8180042311BB2B7F9122019460BF041FF78615B
:10E828007B6893F87A311A46002178690DF052F81E
:10E83800786103E17B6893F87831DBB2002B14BF71
:10E8480001230023DBB2002B09D07B6893F87831D1
:10E85800DBB2013BDAB27B6883F8782103E07B689E
:10E8680093F83D317B617B68B3F84421324B1B68D8
:10E878009A63E8E07B68B3F87C212F4B1B689A63A6
:10E888007B6893F83E31002B11D07A8A7B68B3F805
:10E898004631023B9A4280F2D3807B68002283F89B
:10E8A8003E217B680433002118460BF017FE7B6875
:10E8B800181D7B68B3F846311BB2B7F91220194608
:10E8C8000BF0EEFE78617B6893F87A311A460021E6
:10E8D80078690CF0FFFF7861B5E07868FFF788FC8D
:10E8E80003461A467B68B3F87C319A4234BF012349
:10E8F8000023DBB2002B03D0786800F005F9A1E013
:10E908007B681846F8F7A0FE0346002B6FD07B689B
:10E91800B3F876319AB27B68B3F884319A4234BF3F
:10E9280001230023DBB2002B08D0786800F0ECF854
:10E9380089E000BF9C530308245C00207B68B3F87F
:10E9480076319AB27B68B3F882319A4234BF012398
:10E958000023DBB2002B16D07B6893F83F3183F09D
:10E968000103DBB2002B45D07B68012283F83F21ED
:10E978000EF042FE02467B68D3F88C311A447B685D
:10E98800C3F8482136E07B6893F8403183F00103EF
:10E99800DBB2002B2ED07B68B3F876319BB21846D9
:10E9A8007B68B3F8823119467B68B3F842311A465E
:10E9B8007B68B3F880311C467B68B3F87C310093E0
:10E9C80023460CF025FF03463B82388A7B68B3F860
:10E9D8007C3119467B68B3F87E311A460CF07AFF11
:10E9E80003463B82374B1B683A8A9A6302E0786891
:10E9F80000F08AF87B68D3F84831002B09D00EF074
:10EA0800FBFD02467B68D3F848319A4201D30123C3
:10EA180000E00023002B15D0786800F075F811E0AD
:10EA28007B6828337A8A114618460BF046FF03465E
:10EA38007B6108E000BF06E000BF04E000BF02E021
:10EA480000BF00E000BF7868FFF7D2FB03461A4614
:10EA58007B68B3F87C319A4209D37B681846F8F78B
:10EA6800F3FD034683F00103DBB2002B01D0012341
:10EA780000E00023002B01D000237B617B6803F5B5
:10EA8800A673796918460CF07DF87B6803F5A673C0
:10EA9800796918460CF05BF8F860FA687B69D31A54
:10EAA800BB607B6803F5AE72BB6803FB03F31946D2
:10EAB80010460CF067F87B699BB218461C37BD46B8
:10EAC80090BD00BF245C002080B586B002AF78609E
:10EAD8007B68B3F8443118467B68B3F87E311A4630
:10EAE80064230093002300210CF092FE0346FB816F
:10EAF800FB89642B01D96423FB81FB89DBB21846AF
:10EB08001037BD4680BD000080B582B000AF786088
:10EB18007B68002283F83C21094B1B6800229A631A
:10EB28000021786800F00EF87B680022C3F84821BD
:10EB38007B68012283F83F2100BF0837BD4680BDAE
:10EB4800245C002080B582B000AF78600B46FB7073
:10EB5800FB78002B0DD001224FF400610E4810F015
:10EB680054F87B68D3F89831DAB27B6883F8782157
:10EB780009E000224FF40061074810F046F87B686E
:10EB8800002283F878217B68FA7883F8742100BF23
:10EB98000837BD4680BD00BF000C014080B582B07B
:10EBA80000AF78600B467B807B6893F83C31022B82
:10EBB80004D07B6893F83C31012B1FD17B68B3F8F4
:10EBC80042317A889A4219D27B687A88A3F846211A
:10EBD8007B68012283F83E217B6803F5A673002138
:10EBE8001846F4F79DFE7B6803F5AE7300211846BE
:10EBF800F4F796FE7B68042283F83C2100BF0837AF
:10EC0800BD4680BD80B483B000AF78607B68002BC0
:10EC1800B8BF5B4218460C37BD4680BC704780B50C
:10EC280082B000AF7860786824F04EF80346184642
:10EC38000837BD4680BD80B582B000AF78607B687C
:10EC48001B6A3C21184613F09DFE00BF0837BD46DD
:10EC580080BD80B483B000AF78600B46FB707B68E2
:10EC6800FA7883F8302000BF0C37BD4680BC704767
:10EC780080B483B000AF78600B46FB707B68FA788D
:10EC88001A7000BF0C37BD4680BC704780B483B093
:10EC980000AF78600B46FB707B68FA781A70044BFB
:10ECA8001B6800225A6300BF0C37BD4680BC704702
:10ECB800DC5B002080B483B000AF78607B68DB8FBA
:10ECC80003F00203002B14BF01230023DBB2184614
:10ECD8000C37BD4680BC704780B483B000AF786005
:10ECE8007B68DB8F03F01003002B14BF0123002384
:10ECF800DBB218460C37BD4680BC704780B483B081
:10ED080000AF78607B68DB8F03F02003002B14BF13
:10ED180001230023DBB218460C37BD4680BC704780
:10ED280080B483B000AF78607B6893F841301846B0
:10ED38000C37BD4680BC704780B483B000AF7860A4
:10ED48007B6803F50053D3F8903118460C37BD465D
:10ED580080BC704790B58FB000AFF8600846114688
:10ED68001A4603467B810B463B811346FB80FB68B2
:10ED780003F54B53343300211846F9F7E1FDFB68DE
:10ED880003F585431833FA6802F5804292F8B122F8
:10ED980011461846F4F7B3FDFB6803F585431833AD
:10EDA800FA8811461846F4F7BBFDFB6803F585435E
:10EDB8002033FA6802F5804292F8B12211461846CB
:10EDC800F4F79DFDFB6803F585432033B7F8482029
:10EDD80011461846F4F7A4FDFB6803F5854328336C
:10EDE800FA6802F5804292F8B12211461846F4F703
:10EDF80086FDFB6803F585432833FA6C11461846EF
:10EE0800F4F78EFDFB6C1946F86800F0C7F9034665
:10EE18005AB2FB6803F5804383F8B022002387F8D1
:10EE28003730F868F8F781FC0346002B02D001233D
:10EE380087F83730FB6803F57A5328337A8997F8CF
:10EE48003710184600F0FEFAFB6803F581433833A3
:10EE58001846FFF715F9FB6803F5814338333A89FB
:10EE680011461846FFF7F8F9FB6803F58043383375
:10EE78001846FFF7E0FEFB6803F580437833184631
:10EE8800FFF7D9FEFB6803F5804338334FF480520F
:10EE980076491846FDF746FDFB6803F5804378334D
:10EEA8004FF4807271491846FDF73CFDFB6801215B
:10EEB8001846FFF7DDFEFB681846F2F733FB0346FA
:10EEC80087F8363097F83630002B03D097F836306D
:10EED800012B40D1FB6803F58A531C33FA6802F50D
:10EEE8004D521832114618460AF032FEFB6803F5F7
:10EEF800825308331846F3F779FF3863FB6803F544
:10EF08008A531C33396B18460AF0EEFEFB6803F58A
:10EF18008A531C331846FFF70FFFF862FB6803F5A6
:10EF28004B533433F96A1846F9F7C8FDFB6803F503
:10EF3800825308331846FFF7F3FE034687F82B3051
:10EF4800FB6803F54B53343397F82B2011461846CA
:10EF5800F9F7A0FD0FE0FB6803F54B5334330021AC
:10EF68001846F9F7ABFDFB6803F54B533433012121
:10EF78001846F9F78FFDFB6800211846FFF778FE61
:10EF8800FB681846FDF7ECFFFB6803F5825308336E
:10EF980007F1100097F837201946F4F74DF9FB6888
:10EFA80003F57A532C3307F11002114618460BF07B
:10EFB80039FAFB6803F58253083307F11C00022273
:10EFC8001946F4F739F907F1100307F11C0207CACB
:10EFD80083E80700FB6803F581433C3307F110021F
:10EFE800114618460BF01EFAFB6803F584445834A2
:10EFF800FB6803F5825308331846FFF75BFE0346A8
:10F0080019462046FFF742FEFB6803F58044383472
:10F01800FB6803F5825308331846FFF75DFE034685
:10F0280019462046FFF715FEFB6803F5804478343F
:10F03800FB6803F5825308331846FFF75FFE034663
:10F0480019462046FFF705FE97F83730002B07D101
:10F05800FB6803F57A53283303211846F4F764FE56
:10F0680097F8363018463C37BD4690BD0010014031
:10F0780080B582B000AF78607868F8F756FB034631
:10F08800002B3ED07B6803F58543283318460BF0E8
:10F0980098FD02463C4B1B68D31A1846FFF7B2FD91
:10F0A8000346032BD4BF01230023DBB2002B02D07D
:10F0B800364B1B6863E07B6803F5854328331846A5
:10F0C8000BF07FFD0346304A13602F4B1B6819462F
:10F0D800786800F063F803462C4A13607B6803F5F0
:10F0E800804393F9B0325A1C284B1B681344274AB3
:10F0F8001360264B1B685B10244A1360234B1B6864
:10F108003DE07B6803F58543183318460BF059FD3D
:10F1180002461F4B1B68D31A1846FFF773FD0346B8
:10F12800182BD4BF01230023DBB2002B02D0194BCC
:10F138001B6824E07B6803F58543183318460BF0F9
:10F1480040FD0346124A13607B6803F58043B3F819
:10F15800B2321A460E4B1B689A4209DD0C4B1B68EB
:10F168001946786800F048F803460A4A136004E034
:10F17800094B1B781A46074B1A60064B1B68184642
:10F188000837BD4680BD00BFF8590020FC59002053
:10F19800F0590020F4590020AA53030880B584B020
:10F1A80000AF786039607B6803F5854320331846E3
:10F1B8000BF007FDF8603B6842F6E06202FB03F3E0
:10F1C800FA6852101A44FB68B2FBF3F3BB60BB68E1
:10F1D800064A03FB02F2064B1344064AA2FB03232A
:10F1E8009B0B193318461037BD4680BD18FCFFFF2E
:10F1F8005C87DA0077BD8A61B0B584B000AF78600B
:10F2080039603868F1F7D2FD03461846F1F774F90A
:10F2180002460B463AA1D1E90001F1F7EFFA02469E
:10F228000B46104619464FF00002394BF1F704F827
:10F2380002460B4610461946F1F7AEFC0346FB6042
:10F24800F9683448F1F7BAFE0346FB60314B1946BA
:10F25800F868F1F7B3FE0346BB60B868FFF7DFFC58
:10F26800B8602D49B868F1F7A9FE0346BB60B868D5
:10F27800F1F742F904460D46284B1846F1F73CF9D8
:10F2880021A3D3E90023F0F7D9FF02460B464FF03C
:10F2980000001F49F1F7B2FA02460B4620462946FC
:10F2A800F0F7CCFF02460B4610461946F1F774FCFE
:10F2B8000346BB60B9684FF07E50F1F77FFE034606
:10F2C800BB60B868F1F718F90FA3D3E90023F0F78A
:10F2D800B3FF02460B4610461946F1F75DFC03469C
:10F2E800BB60B868F8F79BFF03461846F1F78EFF36
:10F2F800034618461037BD46B0BD00BFAFF30080C7
:10F308000000000000FEAF40666666666612714047
:10F318000000F03F00401C4600E076450000C84170
:10F3280080B483B000AF78607B6893F84431DBB277
:10F33800022B05D07B6893F84431DBB2012B01D155
:10F34800012300E0002318460C37BD4680BC7047F7
:10F3580080B483B000AF78607B68B3F83C3118465E
:10F368000C37BD4680BC704780B582B000AF78606E
:10F378007B6803F5AA7318460BF023FC03469BB27F
:10F3880018460837BD4680BD80B582B000AF7860AA
:10F398007B6803F5B27318460BF013FC03469BB267
:10F3A80018460837BD4680BD80B582B000AF78608A
:10F3B8007B6803F5AE7318460BF003FC03469BB25B
:10F3C80018460837BD4680BD80B483B000AF78606A
:10F3D8007B68B3F8783118460C37BD4680BC704757
:10F3E80080B483B000AF78607B6893F84431DBB2B7
:10F3F800002B0CBF01230023DBB218460C37BD4697
:10F4080080BC704780B582B000AF786039607B6897
:10F4180003F5B673396818460BF099FB034618468E
:10F428000837BD4680BD80B582B000AF78607B6884
:10F4380003F5B67300211846F4F772FA00BF0837CF
:10F44800BD4680BDF0B589B004AF78600B46FB704F
:10F4580013463B807B68FA7883F875217B68042221
:10F4680083F844217B680022A3F842217B680022AC
:10F4780083F845217B680022A3F840217B6801229C
:10F4880083F8742178687B6893F884117B68B3F8F3
:10F4980080417B68B3F882517B6893F888317A6839
:10F4A80092F8852116467A6892F88621029201968A
:10F4B80000932B4622460CF055FA3F4B1B681B6CF9
:10F4C8009BB2283B9AB27B68A3F87621FB78002B85
:10F4D80007D1394B1B68DB6A5B089AB27B68A3F8D3
:10F4E80076217B6803F5B6727B6893F87E311946FE
:10F4F8001046F4F704FA7B6803F5B6733A881146A8
:10F508001846F4F70DFA7B6803F5A6727B6893F842
:10F518007A3119461046F4F7F2F97B6803F5AA72B6
:10F528007B6893F87A3119461046F4F7E8F97B6856
:10F5380003F5AA733A8811461846F4F7F1F97B687F
:10F5480003F5AE727B6893F87A3119461046F4F7E2
:10F55800D6F97B6803F5B2727B6893F87A3119465D
:10F568001046F4F7CCF9144B1B689B6A0133124A16
:10F578001268D26A013202FB03F3FB600F4B1B686F
:10F588000F4AA2FB03239B09BB60FA68BB68B2FB66
:10F59800F3F3FB607B68181DFB6899B201230B220B
:10F5A8000AF070FF7B680433002118460AF096FFC2
:10F5B80000BF1437BD46F0BD245C00204000002089
:10F5C800D34D621080B584B000AF78600B46FB70F5
:10F5D800FB7883F00103DBB2002B17D07B68002295
:10F5E800A3F842217B6893F84431DBB2002B14BFA7
:10F5F80001230023DBB2002B2CD07B68042283F884
:10F608004421214B1B6800225A6323E07B680433A2
:10F61800002118460AF062FF7B6803F5AA731846B2
:10F628000BF0CFFA0346FB817B68B3F83C31FA89CB
:10F638009A420BD2FB89C8337A68B2F83C219342CC
:10F6480004DA7B68012283F8442103E07B68022204
:10F6580083F844217B6803F5A67300211846F4F764
:10F668005FF97B6803F5AE7300211846F4F758F983
:10F678007B680022A3F83E217B680022A3F8402182
:10F6880000BF1037BD4680BD245C002090B587B010
:10F6980002AFF860084611461A4603467B810B46BE
:10F6A8003B811346FB80FB68052283F84421FB68F5
:10F6B80003F5A67300211846F4F732F9FB6803F541
:10F6C800AE7300211846F4F72BF9FB6803F1280004
:10F6D800FC883A8979893B8C009323460BF0A9F87A
:10F6E80000BF1437BD4690BD80B584B000AF7860C8
:10F6F8000B467B807B6893F84431DBB2022B0CBF4E
:10F7080001230023DBB2002B05D07B6804330021E2
:10F7180018460AF0E3FE114B1B887A889A4202D9F0
:10F728000E4B1B887B807B687A88A3F83C217B681A
:10F7380003F5AA7318460BF044FA0346FB81FA89CD
:10F748007B8814339A42CCBF01230023DAB27B684A
:10F7580083F8452100BF1037BD4680BD9C53030880
:10F7680080B584B000AF78607B6803F5A67318464F
:10F778000BF027FA0346FB817B6893F84431DBB230
:10F78800032B0CBF01230023DBB2002B03D07B68C3
:10F79800B3F84231FB817B68B3F87631FA899A4233
:10F7A80003D97B68B3F87631FB81FB89184610379B
:10F7B800BD4680BD80B586B002AF78607B6803F532
:10F7C800A67318460BF0FDF90346FB817B68B3F876
:10F7D8007631BB817B6893F84431DBB2032B0CBFD5
:10F7E80001230023DBB2002B08D07B68B3F8423139
:10F7F800FB817B68B3F87831BB810EE07B6893F8B6
:10F808004431DBB2052B0CBF01230023DBB2002BF4
:10F8180003D07B68B3F87831BB81FB89BA890021B2
:10F8280018460CF057F80346FB81F889BA89642317
:10F838000093002300210BF0EBFF0346DBB21846D0
:10F848001037BD4680BD80B582B000AF78600B46EA
:10F858007B807B6803F5A67300211846F4F760F8EF
:10F868007B6803F5AE7300211846F4F759F87B88D6
:10F87800002B08D17B680022A3F842217B68042270
:10F8880083F8442113E07B68B3F878317A889A4288
:10F8980005D97B68B3F878217B68A3F842217B6897
:10F8A8007A88A3F842217B68032283F84421083729
:10F8B800BD4680BD80B483B000AF78600B467B80C6
:10F8C800084B1B887A889A4202D9064B1B887B8092
:10F8D8007B687A88A3F83C2100BF0C37BD4680BC02
:10F8E800704700BF9C53030880B58AB000AF7860AA
:10F8F80039607B6893F87431002B11D07B6803F56D
:10F90800B67339681846F4F70BF87B6803F5AA73E1
:10F9180039681846F4F704F87B68002283F87421E4
:10F9280039687868FFF76EFD38603B689AB27B6883
:10F93800A3F846217B6803F5AA727B68B3F84631C1
:10F948009BB2194610460BF002F9B8617B68B3F810
:10F9580046319BB21A46BB699B1A7B617B6803F5EB
:10F96800B2727B6903FB03F3194610460BF00AF9E0
:10F97800002387F82730A44B1B8863333A689A42E0
:10F9880016DD7B6803F5A673002118460BF0DFF837
:10F9980038613B697B617B6803F5AE727B6903FB69
:10F9A80003F3194610460BF0EDF8012387F82730CA
:10F9B80000233B627B6893F84431DBB2062B00F2EC
:10F9C800168101A252F823F003FA000847FA00084A
:10F9D8009BFA00086BFB0008EDF9000883FB0008A0
:10F9E800A5FB00087B68B3F87C311A46BB699342D3
:10F9F80003DA7B68002283F844217B6893F8483156
:10FA0800DBB2002B0DD07B6893F84931DBB2013BA8
:10FA1800DBB27A68194682F84911002B01D101231B
:10FA280000E00023002B00F0E4807B6893F8483165
:10FA3800DAB27B6883F8492102233B62D9E07B680C
:10FA4800B3F83C3113333A689A420CDD7B680222E2
:10FA580083F844217B681A1D7B68D3F88C311946DA
:10FA68001046FEF793FA7B68181D7B68B3F83C31A3
:10FA78001BB23A6812B219460AF012FE38627B6865
:10FA8800B3F876311A460021386A0BF023FF386242
:10FA9800BDE097F8273083F00103DBB2002B00F0BC
:10FAA800AA807B68B3F83C31FB837B68B3F83E31AE
:10FAB800002B04D07B68B3F83E31FB8326E07B68DB
:10FAC800B3F84031002B0FD07B68B3F84031FB838B
:10FAD8007B68B3F8403164333A689A4216DD7B6834
:10FAE800012283F8452111E0474B1B8863333A68AC
:10FAF8009A4207DC7B68B3F83C3103F5C8733A686F
:10FB08009A4203DD7B68012283F845217B6893F8DC
:10FB18004531DBB2002B10D0FB8B023B3A689A428E
:10FB28006BDA7B68002283F845217B6804333A68E6
:10FB380092B2114618460AF0D1FC7B680433B7F933
:10FB48001E103A6812B218460AF0AAFD38627B689D
:10FB5800B3F876311A460021386A0BF0BBFE3862DA
:10FB680049E097F8273083F00103DBB2002B46D039
:10FB78007B68B3F842313B6241E097F8273083F065
:10FB88000103DBB2002B3CD07B6828333A6811466E
:10FB980018460AF092FE03463B6232E097F8273097
:10FBA80083F00103DBB2002B30D07B68B3F840311F
:10FBB800002B0BD07B68B3F8403131333A689A4256
:10FBC80004DC7B68B3F842313B621FE07B680222A9
:10FBD80083F844217B680022A3F842217B68043320
:10FBE8003A6892B2114618460AF078FC0EE000BF57
:10FBF8000DE000BF0BE000BF09E000BF07E000BF59
:10FC080005E000BF03E000BF9C53030800BF7B680A
:10FC180003F5A673396A18460AF099FFF860FA687E
:10FC28003B6AD31A7B617B6803F5AE727B6903FB81
:10FC380003F3194610460AF0A5FF3B6A9BB2184623
:10FC48002837BD4680BD00BF80B582B000AF786060
:10FC58007B68012283F874217868FFF7E4FB7B68EE
:10FC680003F5A67300211846F3F75AFE7B6803F5DF
:10FC7800AA7300211846F3F753FE7B6803F5AE73A9
:10FC880000211846F3F74CFE7B6803F5B273002198
:10FC98001846F3F745FE7B68042283F8442100BF29
:10FCA8000837BD4680BD80B582B000AF78600B468E
:10FCB8007B807B6893F84431DBB2022B05D07B68EC
:10FCC80093F84431DBB2012B07D17B68B3F83C31A0
:10FCD8007A889A4201D2012300E00023002B19D030
:10FCE8007B687A88A3F83E217B68012283F8452146
:10FCF8007B6803F5A67300211846F3F711FE7B68AD
:10FD080003F5AE7300211846F3F70AFE7B6802225A
:10FD180083F8442100BF0837BD4680BD80B582B056
:10FD280000AF78600B467B807B6893F84431DBB288
:10FD3800022B07D17B68B3F83C317A889A4201D903
:10FD4800012300E00023002B1BD07B687A88A3F8EE
:10FD580040217B68062283F844217B6803F5A6735B
:10FD680000211846F3F7DCFD7B6803F5AE7300212C
:10FD78001846F3F7D5FD7B68B3F878217B68A3F8BC
:10FD8800422100BF0837BD4680BD80B483B000AFB4
:10FD980078607B68DB789B09DBB218460C37BD4678
:10FDA80080BC704780B586B000AFF8607A601A46AC
:10FDB8000B46FB721346BB72FB7A7B610023FB7414
:10FDC80021E07A6913469B001344DB007B61002322
:10FDD800BB74FA7CBB7A9A420ED2FB7C7A681344D5
:10FDE8001B781946F86800F0C5F90346BB74BB7C5C
:10FDF800272B01D9002312E0BB7C7A6913447B616D
:10FE0800FB7C0133FB74FB7C042BDAD97B6923F080
:10FE180040437B617969F86800F0B7FA0123184616
:10FE28001837BD4680BD80B586B000AFF860B960B0
:10FE38001346FB71FB791A46B968F86800F034FA82
:10FE48000346BB75BB7D062B01D100232CE00023A4
:10FE5800FB75BB7D002B19D008E0FB7DBA68134405
:10FE68001B782D2B07D0FB7D0133FB75FA7DFB79C1
:10FE78009A42F2D300E000BFFB7D002B06D0FA7D4A
:10FE8800FB799A4202D2FB7D0133FB75FB7DBA6890
:10FE9800D018FA79FB7DD31ADBB2B97D0246F8682F
:10FEA800FFF780FF034600BF18461837BD4680BDE0
:10FEB80080B483B000AF786039603B681A787B689B
:10FEC8001A703B685A787B685A703B689A787B68E6
:10FED8009A703B68DA787B68DA7000BF0C37BD46E9
:10FEE80080BC704780B483B000AF78607B681B78B3
:10FEF800002B01D0002314E07B685B78002B01D035
:10FF080000230EE07B689B78002B01D0002308E0DB
:10FF18007B68DB7803F03F03002B0CBF0123002331
:10FF2800DBB218460C37BD4680BC704780B483B03E
:10FF380000AF786039607B681A783B681B789A4212
:10FF480001D000231CE07B685A783B685B789A42B2
:10FF580001D0002314E07B689A783B689B789A422A
:10FF680001D000230CE07B68DA783B68DB785340EB
:10FF7800DBB203F03F03002B0CBF01230023DBB2ED
:10FF880018460C37BD4680BC7047000090B58BB052
:10FF980000AF786039600B2387F8273097F827304F
:10FFA800013B87F8273097F8273028333B44002255
:10FFB80003F81C2C386800F0D1F9034623F04043BD
:10FFC8003B6224E0396A4B4BA3FB01235A091346D1
:10FFD8009B001344DB00CA1A13463B773B6A454A29
:10FFE800A2FB03235B093B6297F82730013B87F8A4
:08FFF800273097F827403B7FFA
:020000040801F1
:100000001946386800F002F903461A4604F128033D
:100010003B4403F81C2C97F82730052BD6D83B6AB5
:10002000002B36D03B6A052B33D897F82730013B9D
:1000300087F8273097F8273028333B442D2203F8E0
:100040001C2C3B6ADBB21946386800F003F9034602
:100050007B7797F827207B7FD31A87F827300023F8
:10006000FB7712E03B6A591EFA7F97F82700FB7F67
:1000700003442348890001440A44127828333B444E
:1000800003F81C2CFB7F0133FB77FA7F7B7F9A42BE
:10009000E8D30923BB770FE0BB7F28333B4413F839
:1000A0001C3C202B0ED1BB7F28333B44002203F89D
:1000B0001C2CBB7F013BBB77BA7F97F827309A4255
:1000C000EAD800E000BF97F8273007F10C02D418F7
:1000D00007F11803184622F0A6FA07F118031A468A
:1000E0002146786822F0AEFD07F11803184622F089
:1000F0009CFA00BF78682C37BD4690BDCDCCCCCCE7
:10010000D850030880B485B000AF78600B46FB7010
:10011000FB7803F00303FB60FB689B01FB607B68DB
:10012000DB7803F03F03DAB27B68DA707B68DA7859
:10013000FB68DBB21343DAB27B68DA7000BF1437B6
:10014000BD4680BC7047000080B584B000AF7860C9
:10015000786800F007F9034623F04043FB60FB6832
:10016000DB0B054AA2FB0323FB60FB68DBB21846EE
:100170001037BD4680BD00BFC0F8140080B485B004
:1001800000AF78600B46FB70FB78202B02D0FB7829
:10019000002B01D1002331E0FB78402B06D9FB78FE
:1001A0005A2B03D8FB78403BDBB227E0FB78602B6F
:1001B00006D9FB787A2B03D8FB78603BDBB21DE0D5
:1001C000FB782F2B06D9FB78392B03D8FB78123B11
:1001D000DBB213E00023FB730CE0FB7B0A4AD35C29
:1001E000FA789A4203D1FB7B1B33DBB206E0FB7B40
:1001F0000133FB73FB7B022BEFD9FF231846143727
:10020000BD4680BC704700BFEC50030880B483B08B
:1002100000AF78600B46FB70FB78002B01D12023E8
:1002200011E0FB781A2B03D8FB784033DBB20AE0ED
:10023000FB781D2B04D8FB781B3B054AD35C02E0FE
:10024000FB781233DBB218460C37BD4680BC7047D2
:10025000EC50030880B485B000AF78600B46FB70AB
:10026000FB78002B01D100231AE0FB78013B7B7364
:100270000423FB730023BB730EE07A7BBB7B0B492B
:1002800092000A4413441B78002B02D1FB7B013BF4
:10029000FB73BB7B0133BB73BB7B032BEDD9FB7BB8
:1002A00018461437BD4680BC704700BFD8500308BD
:1002B00080B487B000AFF860B9601346FB710023CB
:1002C000FB7508E0FB7DBA6813441B782D2B07D023
:1002D000FB7D0133FB75FA7DFB799A42F2D300E096
:1002E00000BFFB7D002B34D0FA7DFB799A4230D2DF
:1002F0000023BB7528E001237B7500233B7516E0C6
:100300003B7DBA6813441A78B97D3B7D1448890057
:1003100001440B441B789A4206D03A7DFB7D9A42F9
:1003200002D200237B7505E03B7D01333B753B7DAD
:10033000032BE5D97B7D002B03D0BB7D0133DBB2E2
:1003400008E0BB7D0133BB75BB7D042BD3D90623ED
:1003500000E0002318461C37BD4680BC704700BF34
:10036000D850030880B483B000AF78607B68DB7836
:100370001A067B689B781B041A437B685B781B0218
:1003800013437A681278134318460C37BD4680BC75
:10039000704780B483B000AF786039603B68DAB2F0
:1003A0007B681A703B681B0ADAB27B685A703B683C
:1003B0001B0CDAB27B689A703B681B0EDAB27B6862
:1003C000DA7000BF0C37BD4680BC704780B582B084
:1003D00000AF78600B467B807A8813469B001344FD
:1003E000184622F033FF03461A467B681A607B6882
:1003F0001B68002B04D07B687A889A80012300E078
:10040000002318460837BD4680BD80B584B000AFD4
:10041000F8600B467A607B81FB689B887A899A42F8
:1004200001D3002314E0FB6819687A8913469B0006
:1004300013440B44FF221A71FB6819687A8913462A
:100440009B0013440B4479681846FFF735FD0123E0
:1004500018461037BD4680BD80B586B000AFF86045
:10046000B9601346FB71B968F86800F05EF803469E
:10047000FB82B7F91630002B01DA00231DE0B868C3
:10048000FFF787FC03467B75FB681968B7F91620F0
:1004900013469B0013440B44FA791A71FB681968E0
:1004A000B7F9162013469B0013440B441A467B7D74
:1004B00019461046FFF726FE012318461837BD4699
:1004C00080BD80B483B000AF78600B467B807B68D2
:1004D0009B887A889A4207D27B6819687A88134683
:1004E0009B0013440B4401E07B68063318460C372D
:1004F000BD4680BC704780B483B000AF78600B46C7
:100500007B807B689B887A889A4201D3FF2307E02F
:100510007B6819687A8813469B0013440B441B7947
:1005200018460C37BD4680BC704780B584B000AF1C
:10053000786039600023FB8113E07B681968FA89D1
:1005400013469B0013440B4439681846FFF7F2FC2E
:100550000346002B02D0B7F90E3009E0FB890133C6
:10056000FB817B689B88FA899A42E6D34FF0FF3380
:1005700018461037BD4680BD80B483B000AF7860A8
:1005800039603B6818460C37BD4680BC704780B563
:1005900082B000AF786039607B68043339681846F0
:1005A00022F06BF900BF0837BD4680BD80B483B030
:1005B00000AF786000BF0C37BD4680BC704780B488
:1005C00083B000AF78600B46FB7000BF0C37BD46B0
:1005D00080BC704780B582B000AF786004E07B6873
:1005E0004433184600F00DFA7B684433184600F097
:1005F000FBF9034683F00103DBB2002BEFD17B68EC
:100600000433184622F092F900BF0837BD4680BD7A
:1006100080B582B000AF78607B6803F144027B68EC
:1006200004331946104600F0F8F900BF0837BD46FC
:1006300080BD80B582B000AF78607B6844331846D7
:1006400000F0DFF97B680433184622F06FF900BF31
:100650000837BD4680BD80B582B000AF78607B684A
:1006600003F11C027B6804331946104600F0D5F9EB
:1006700000BF0837BD4680BD80B582B000AF78604E
:100680007B681C33184600F0BCF97B6804331846BD
:1006900022F04CF900BF0837BD4680BD80B5B0B030
:1006A00000AF7860396007F1140318461AF0C8F9F2
:1006B0007A6807F11403114618461AF004FA002369
:1006C00087F8BF3000233B6107F1100307F10F01EA
:1006D0000122386818F0CCFB3B69012B1BD197F83D
:1006E000BF3083F00103DBB2002B08D0FB7B7B2BF8
:1006F00002D0FB7B5B2B02D1012387F8BF3097F838
:10070000BF30002BDED0FA7B07F1140311461846E8
:100710001AF0E6F9D6E7386818F0C6FE00BFC03711
:10072000BD4680BD80B582B000AF7860396004E01E
:100730007B68B433184600F099F97B68B4331846E7
:1007400000F079F9034683F00103DBB2002BEFD10F
:100750007B6839681846FFF7A1FF00BF0837BD4620
:1007600080BD000080B588B000AF786039607B68DC
:100770001C33184600F08FF9024607F108031146B2
:10078000184622F022FA07F108033F49184622F0E2
:10079000EEF90346002B0CBF01230023DBB2002B34
:1007A00069D07B6804333949184622F0E0F90346E2
:1007B000002B0CBF01230023DBB2002B32D07B685F
:1007C0006C33184622F0B7F8034683F00103DBB21E
:1007D000002B0AD07B686C333968184622F0B9F9CF
:1007E0000346002B01D0012300E00023002B08D09A
:1007F0007B6803F1B4027B686C331946104600F045
:100800006AF97B686C333968184622F036F87B68E1
:100810009C33184622F08AF87B688433184622F00D
:1008200085F828E07B6804331949184622F09FF9BF
:100830000346002B0CBF01230023DBB2002B06D0A4
:100840007B6884333968184622F017F813E07B6818
:1008500004331049184622F08AF90346002B0CBFD6
:1008600001230023DBB2002B05D07B689C33396861
:10087000184622F002F807F10803184621F097FF06
:100880002037BD4680BD00BF98420308A44203083C
:10089000AC420308B842030880B582B000AF78606C
:1008A0007B686C33184622F046F8034683F0010358
:1008B000DBB2002B0CD07B688433184622F03BF867
:1008C000034683F00103DBB2002B01D0012300E0DB
:1008D0000023002B08D07B6803F1B4027B686C33E3
:1008E0001946104600F0F7F800BF0837BD4680BD36
:1008F00090B58DB000AF78607B6803F16C0407F1B0
:100900002803184621F08FFE07F1280207F1100393
:100910001C49184622F096F907F1100319462046A3
:1009200021F04BFF07F11003184621F040FF07F1BB
:100930002803184621F079FE7B689C33184621F085
:10094000F5FF7B688433184621F0F0FF7B68B433F1
:10095000184600F0E6F80346FB6207F12C0207F1A7
:100960000C031146184600F0ECF87B6803F1B40064
:100970007B686C331A46F96800F0F4F800BF34372E
:10098000BD4690BDB8530308B0B582B000AF7860E3
:1009900039607B68DB6E002B0ED07B68DC6E7B6879
:1009A0001D1D7B684433184600F075F803463A680D
:1009B0002946204609F006F800BF0837BD46B0BDFD
:1009C00080B483B000AF78607B685A687B681B682E
:1009D000D31ADB10034A02FB03F318460C37BD465B
:1009E00080BC7047398EE33880B582B000AF786044
:1009F0007B68184600F05EF9034618460837BD4686
:100A000080BD80B582B000AF78607B68184600F08A
:100A100063F900BF0837BD4680BD80B582B000AF26
:100A2000786039607B683968184600F078F900BF53
:100A30000837BD4680BD80B584B000AF7860786867
:100A400000F08FF90346BB60786800F09AF903461E
:100A5000FB6007F10C0207F108031146184600F08D
:100A6000A1F9034618461037BD4680BD80B582B057
:100A700000AF78607B685B68A3F148027B685A60CE
:100A80007A687B685B681946104600F0A3F900BFDE
:100A90000837BD4680BD80B582B000AF78607B6806
:100AA000184600F0A4F9034618460837BD4680BD35
:100AB00080B483B000AF786039603B681A687B68A7
:100AC0001B689A4201D23B6800E07B6818460C37ED
:100AD000BD4680BC704780B582B000AF7860396099
:100AE0007B685A687B689B689A420DD078687B68FF
:100AF0005B683A68194600F093F97B685B6803F11C
:100B000048027B685A6008E0786800F09CF9034668
:100B10003A681946786800F0BDF900BF0837BD464D
:100B200080BD80B584B000AF78607A6807F10C03AF
:100B30001146184600F076FAFB6818461037BD4695
:100B400080BD80B582B000AF78603960386800F051
:100B500078FA03461A687B681A607B68184608377B
:100B6000BD4680BD80B5A2B000AFF860B9607A60C4
:100B7000F868FFF7D6FF03467B6607F1640207F1CA
:100B800008031146184600F067FA0346C7F8843098
:100B9000FB685A68FB689B689A4254D0F86800F07A
:100BA00052F90346BB6607F1680207F108031146D4
:100BB000184600F06BFA0346002B0DD0F868FB686E
:100BC0005B687A68194600F02BF9FB685B6803F1F3
:100BD0004802FB685A6055E0F868FFF7A2FF034639
:100BE000FB66F86800F06AFA03463B6707F170029B
:100BF00007F108031146184600F070FA024607F1A3
:100C00006C031146184600F083FA03463B6607F171
:100C100014037A68F968184600F095FA07F114038E
:100C2000184600F0CCFA0346184600F0D3FA034603
:100C30001A46396EF86800F0F9FA07F114031846FD
:100C400000F0A4FA1EE0F868FFF76BFF03467B672D
:100C5000F86800F033FA0346BB6707F1780207F142
:100C600008031146184600F039FA024607F17403EA
:100C70001146184600F04CFA03467A681946F8689F
:100C800000F008F9FB681968D7F884201346DB00E8
:100C90001344DB000B44C7F8803007F1800207F1F2
:100CA0007C031146184600F0BDF9FB6F18468837E3
:100CB000BD4680BD80B582B000AF78607B6803F12F
:100CC00018027B6808331946104600F0EDFA034617
:100CD00018460837BD4680BD80B582B000AF786049
:100CE0007B689A697B68DB699A4211D07B689B6953
:100CF000A3F118027B689A617B681846F5F702FC3D
:100D000002467B689B691946104600F0E0FA02E053
:100D1000786800F0E9FA00BF0837BD4680BD80B5AD
:100D200082B000AF786039607B689A697B681B6A23
:100D3000183B9A420DD078687B689B693A681946DF
:100D400000F0FCFA7B689B6903F118027B689A61EA
:100D500003E03968786800F005FB00BF0837BD463E
:100D600080BD80B584B000AF78607A6807F10C036D
:100D70001146184600F03AFBFB6818461037BD468E
:100D800080BD80B584B000AF78607B681A1D07F124
:100D90000C031146184600F029FBFB681846103773
:100DA000BD4680BD90B583B000AF7860396078688B
:100DB00000F02BFB03461C68386800F026FB034656
:100DC0001B689C420CBF01230023DBB218460C3782
:100DD000BD4690BD80B582B000AF7860396039689B
:100DE000786800F01CFB00BF0837BD4680BD80B5A9
:100DF00086B000AF786007F1080379681846F5F708
:100E000072FB07F10803184600F015FB07F1080311
:100E1000184600F030FB034618461837BD4680BD23
:100E200080B584B000AFF860B9607A60786800F08F
:100E30002DFB03461A46B968F86800F053FB00BF63
:100E40001037BD4680BD80B584B000AF78607B6848
:100E50001A1D07F10C031146184600F0E3F8FB6871
:100E600018461037BD4680BD80B582B000AF184629
:100E700000F005F8034618460837BD4680BD80B42B
:100E800083B000AF3871012318460C37BD4680BCD3
:100E900070470000B0B58CB000AFF860B9607A6000
:100EA0005E4A0121F86800F035FBB862FB681B68F8
:100EB0007B62FB685B683B62F868FFF732FE0346C3
:100EC0007B6107F1140207F108031146184600F090
:100ED00069FB0346FB61FB68B96A184600F07CFBBE
:100EE000B861BB69FB62FC68FA691346DB00134416
:100EF000DB001A46BB699D18786800F0C7FA034604
:100F00001A4629462046FFF78BFF0023FB62FFF7B6
:100F1000ABFF0346002B27D007F10803184600F06B
:100F200090F803461C68FB681846F5F76BFB034610
:100F3000BA692146786A00F063FBF862FB6A4833BD
:100F4000FB6207F10803184600F07BF803461C68B3
:100F5000FB681846F5F756FB0346FA6A396A2046DD
:100F600000F04EFBF86226E007F10803184600F097
:100F700068F803461C68FB681846F5F743FB034610
:100F8000BA692146786A00F04FFBF862FB6A483381
:100F9000FB6207F10803184600F053F803461C688B
:100FA000FB681846F5F72EFB0346FA6A396A2046B5
:100FB00000F03AFBF862FFF757FF034683F00103A6
:100FC000DBB2002B09D0FB681846F5F71BFB034684
:100FD0001A46396A786AF5F71FFBF868FB689A6861
:100FE0007B6AD31ADB100E4A02FB03F31A46796AB6
:100FF000F5F7F5FAFB68BA691A60FB68FA6A5A6095
:10100000BA6A1346DB001344DB001A46BB691A4474
:10101000FB689A6000BF3037BD46B0BDC0420308D0
:10102000398EE33880B483B000AF786039603B68B4
:101030001A687B681A607B6818460C37BD4680BC0E
:10104000704780B483B000AF78607B6818460C3777
:10105000BD4680BC7047000090B583B000AF78609B
:101060003960786800F0D1F903461C683868FFF7EA
:10107000E8FF03461B68E31ADB10034A02FB03F395
:1010800018460C37BD4690BD398EE33890B583B015
:1010900000AF78603960786800F0B7F903461C68E3
:1010A0003868FFF7CEFF03461B689C420CBF012344
:1010B0000023DBB218460C37BD4690BD80B584B026
:1010C00000AF78607A6807F10C031146184600F00B
:1010D0008DF9FB6818461037BD4680BD90B583B0CA
:1010E00000AF78603960786800F08FF903461C68BB
:1010F000386800F08AF903461B68E31ADB10034ADC
:1011000002FB03F318460C37BD4690BD398EE33819
:1011100080B584B000AF786039607B6819683A6840
:101120001346DB001344DB000B44FB6007F10C02A9
:1011300007F1080311461846FFF774FFBB6818460D
:101140001037BD4680BDB0B584B000AFF860B9605F
:101150007A60FB68BA681A60FB680433184600F0CE
:101160007CFAFB681B681D46F86800F08DFA04469F
:10117000786800F08BF903461A4621462846FFF7A7
:101180004FFEFB6818461037BD46B0BD90B583B022
:1011900000AF78607B681B681C46786800F074FAC2
:1011A000034619462046FFF715FE7B6804331846B0
:1011B00000F060FA7B6818460C37BD4690BD80B4DD
:1011C00083B000AF78607B68043318460C37BD46A7
:1011D00080BC704780B483B000AF78607B681846ED
:1011E0000C37BD4680BC704780B582B000AF7860D8
:1011F00039607B683A681146184621F0DEFA7B6850
:1012000003F118023B6818331946104621F0D5FA4D
:101210007B6803F130023B6830331946104621F0F9
:10122000CCFA7B6818460837BD4680BDB0B584B09F
:1012300000AFF860B9607A60FC68FB685D68FB68C5
:101240005B68483B1846FFF7C5FF03461A46294628
:10125000204600F027FAFB685B6803F14802FB6850
:101260005A6007F108031846FFF7EBFE03461868BB
:10127000FB685B68A3F19001FB685B68483B1A461A
:1012800000F023FA07F10803184600F036FA044686
:10129000786800F03DFA034619462046FFF7A4FFA0
:1012A00000BF1037BD46B0BD80B483B000AF7860DA
:1012B00039607B681A683B681B689A420CBF01233F
:1012C0000023DBB218460C37BD4680BC704780B5A2
:1012D00082B000AF786039603968786800F022FA2F
:1012E00000BF0837BD4680BD80B582B000AF7860D2
:1012F0007A687B68DB6919461046F5F76DFB7B68F9
:1013000003F118027B685B6A043B19461046F5F747
:1013100047FB7B681B6AA3F118027B689A617B68B4
:101320001846F5F7EFF802467B689B6919461046A8
:10133000FFF7CDFF00BF0837BD4680BD80B584B044
:1013400000AFF860B9607A60786800F0F7F903469A
:101350001A46B968F86800F0FBF900BF1037BD46BF
:1013600080BD0000B0B582B000AF786039607868A9
:1013700000F006FA0446786800F014FA03469C422E
:101380000CBF01230023DBB2002B02D0164821F052
:1013900056F90121786800F016FA7A687B685B6A72
:1013A0001C1D1046F5F7C8FB034623607C687B686C
:1013B0009D69386800F0C2F903461A46294620465E
:1013C000FFF7BCFF7B6803F118027B685B6A04339C
:1013D00019461046F5F7E4FA7B68DA697B689A618A
:1013E00000BF0837BD46B0BDDC42030880B483B0FF
:1013F00000AF786039603B681A687B681A607B6868
:1014000018460C37BD4680BC704780B483B000AF2F
:1014100078607B6818460C37BD4680BC704780B545
:1014200082B000AF786039603868F3F7EEFC00BF37
:101430000837BD4680BD80B582B000AF78607B685C
:101440001A687B685B689A420AD17B68DB68043B58
:1014500019467868F5F7A4FA7B689A687B681A6081
:101460007B681B68A3F118027B681A607B681846CA
:101470000837BD4680BD80B483B000AF78607B681C
:101480001B6818460C37BD4680BC704780B483B0DB
:1014900000AF78607B6818460C37BD4680BC70474B
:1014A00080B582B000AF786039607B683A681146D9
:1014B000184621F08AFB7B6803F118023B68183359
:1014C0001946104621F081FB7B6803F130023B682E
:1014D00030331946104621F078FB7B6818460837F0
:1014E000BD4680BD90B585B000AFF860B9607A6048
:1014F000BB6819464820FFF73FF804467868FFF7B5
:10150000C5FF034619462046FFF7CAFF00BF143740
:10151000BD4690BD90B587B000AFF860B9607A6005
:10152000F86800F06BF90446F868FFF749FA0346DB
:10153000E21ABB689A4234BF01230023DBB2002BBE
:1015400002D0786821F07BF8F868FFF739FA044692
:10155000F868FFF735FA03463B6107F1080207F127
:10156000100311461846F5F7D0F903461B682344CB
:101570007B61F868FFF724FA02467B69934206D341
:10158000F86800F03BF902467B69934204D9F86899
:1015900000F034F9034600E07B6918461C37BD466D
:1015A00090BD000090B583B000AF78603960786876
:1015B000FFF747FD03461C683868FFF742FD034606
:1015C0001B68E31ADB10034A02FB03F318460C37CF
:1015D000BD4690BD398EE33880B582B000AF7860EB
:1015E00039603B68002B06D07B683968184600F0EC
:1015F00016F9034600E0002318460837BD4680BDB3
:1016000090B587B002AFF860B9607A603B608DF842
:1016100000403B687A68B968F86800F00FF9034643
:1016200018461437BD4690BD90B585B000AFF86040
:10163000B9607A603B60F86800F012F90446B86857
:1016400000F00EF901463B687A68204600F017F971
:10165000034618461437BD4690BD80B483B000AF32
:1016600078607B6800221A707B6818460C37BD468C
:1016700080BC704780B483B000AF78607B68184648
:101680000C37BD4680BC704780B582B000AF786033
:101690007B6804331846F5F7B6FA03461846083750
:1016A000BD4680BD80B584B000AFF860B9607A6097
:1016B000786800F02DF803461A46B968F86800F01B
:1016C00011F900BF1037BD4680BD90B585B000AFA1
:1016D000F860B9607A60F86800F01CF90446B868F0
:1016E00000F018F903467A681946204600F01CF904
:1016F000034618461437BD4690BD80B483B000AF92
:1017000078607B681B6818460C37BD4680BC704704
:1017100080B483B000AF78607B6818460C37BD4654
:1017200080BC704780B582B000AF7860396038689F
:1017300021F03DF800BF0837BD4680BD80B483B0BE
:1017400000AF78607B6818460C37BD4680BC704798
:1017500090B585B000AFF860B9607A60BB68194693
:101760001820FEF709FF04467868FFF7E7FF0346F5
:101770001946204621F029FA00BF1437BD4690BD16
:1017800080B582B000AF78607B6803F118027B6897
:1017900008331946104600F0EBF8034618460837A0
:1017A000BD4680BD80B582B000AF78607B681846CA
:1017B000F5F7EBF90346184600F00EF90346184614
:1017C0000837BD4680BD80B582B000AF7860396013
:1017D0003B685A1C7B685B687968486A7968096865
:1017E000411A89105B1A9A4204D900223968786834
:1017F00000F00CF900BF0837BD4680BD80B582B04F
:1018000000AF78607B68184600F0B6F903461846CA
:1018100000F096F9034618460837BD4680BD80B5EE
:1018200082B000AF7860396000223968786800F0D3
:10183000ADF9034618460837BD4680BD80B584B073
:1018400000AFF860B9607A603B603B687A68B9685D
:10185000F86800F0C9F9034618461037BD4680BD48
:1018600080B584B000AF786007F10C037968184642
:1018700000F0D7F9FB6818461037BD4680BD80B52B
:1018800084B000AFF860B9607A603B607A68B9688C
:10189000F86800F0D8F9034618461037BD4680BDF9
:1018A00080B582B000AF786039607B683A681146D5
:1018B000184620F05DFF7B6803F118023B6818337F
:1018C0001946104620F054FF7B6803F130023B6854
:1018D00030331946104620F04BFF7B681846083716
:1018E000BD4680BD90B585B000AFF860B9607A6044
:1018F000BB6819464820FEF73FFE04467868FFF7AC
:1019000007FF034619462046FFF7CAFF00BF1437FA
:10191000BD4690BD80B483B000AF78607B68184648
:101920000C37BD4680BC7047B0B584B000AFF860DE
:10193000B9607A60F86800F09AF90446B86800F077
:1019400096F905467B68184600F091F903461A4659
:101950002946204600F095F902463B1D11461846DF
:1019600000F09FF9034618461037BD46B0BD000091
:1019700080B582B000AF78603960F5F7EFF80346C4
:1019800019467B68DA683B68DB68D31A9B101A46F5
:101990007B68DB68002B14BF01230023DBB2D31A62
:1019A00001FB03F37A6811687A6852688A1AD210C8
:1019B000084901FB02F213443A6891683A681268D8
:1019C0008A1AD210034901FB02F213441846083761
:1019D000BD4680BDABAAAAAA80B584B000AF78602E
:1019E0006FF00043FB60786800F066F90346BB6067
:1019F00007F1080207F10C0311461846FFF758F8E3
:101A000003461B6818461037BD4680BD90B58BB0A5
:101A100000AFF860B9601346FB71FB685A6AFB6857
:101A20005B69D31A9B1001333B62BB683A6A13446B
:101A3000FB61FB685A68FB695B009A422DD9FB6821
:101A40001A68FB685968FB69CB1A5B089900FB7937
:101A5000002B02D0BB689B0000E000230B44134422
:101A60007B62FB685B697A6A9A4209D2FB685869B3
:101A7000FB685B6A04337A6A194600F029F948E08A
:101A8000FB685869FB685B6A191D3B6A9B007A6AB0
:101A900013441A4600F034F93BE0FB685C68FB68CD
:101AA000043307F1080211461846F4F72EFF0346E7
:101AB0001B6823440233BB61FB68B9691846F4F71D
:101AC00037FF7861BA69FB69D31A5B089A00FB7922
:101AD000002B02D0BB689B0000E0002313447A690E
:101AE00013447B62FB685869FB685B6A04337A6A5B
:101AF000194600F0EDF8F868FB681968FB685B6848
:101B00001A46F4F734FEFB687A691A60FB68BA6912
:101B10005A60FB680833796A1846F4F741FFFB689E
:101B200003F118003B6A03F18043013B9B007A6A92
:101B300013441946F4F734FF00BF2C37BD4690BD5F
:101B400080B584B000AF78600A4BFB60786800F025
:101B5000EFF80346BB6007F1080207F10C031146DA
:101B60001846FEF7A5FF03461B6818461037BD460A
:101B700080BD00BF711CC70180B483B000AF786026
:101B80007B6818460C37BD4680BC704780B584B072
:101B900000AFF860B9607A60F86800F0D5F80246E6
:101BA000BB6893428CBF01230023DBB2002B14BF20
:101BB00001230023DBB2002B07D0BB68094A934204
:101BC00001D920F036FD20F031FDBA681346DB0064
:101BD0001344DB00184620F015FD03461846103765
:101BE000BD4680BDE3388E03B0B584B000AFF86069
:101BF000B9607A603B60F86800F039F80446B8686C
:101C000000F035F80546786800F031F802463B6888
:101C10002946204600F0A4F8034618461037BD4672
:101C2000B0BD80B582B000AF786039603B461846E1
:101C300000F0BCF803461A687B681A607B68184697
:101C40000837BD4680BD80B586B000AFF860B9608A
:101C50007A600023FB750023BB757A68B968F86861
:101C600000F0AEF8034618461837BD4680BD80B474
:101C700083B000AF78607B6818460C37BD4680BCE7
:101C8000704780B584B000AFF860B9607A607A6858
:101C9000B968F86800F0A4F8034618461037BD4646
:101CA00080BD80B483B000AF786039603B6818466F
:101CB0000C37BD4680BC704780B582B000AF7860FD
:101CC000786800F09DF8034618460837BD4680BD89
:101CD00090B585B000AFF860B9607A60F86800F040
:101CE0009BF80446B86800F097F803467A681946EE
:101CF000204600F09BF8034618461437BD4690BDB9
:101D000090B585B000AFF860B9607A60F86800F00F
:101D100083F80446B86800F07FF803467A681946ED
:101D2000204600F0A6F8034618461437BD4690BD7D
:101D300080B582B000AF7860786800F0BDF80346E7
:101D400018460837BD4680BD80B483B000AF7860C8
:101D5000024B18460C37BD4680BC7047711CC7014A
:101D600090B587B000AFF860B9607A603B607B687F
:101D70007B6112E07869F4F746FF0446F868F4F7EF
:101D800042FF03463A681946204600F0A1F8FB6876
:101D90004833FB607B6948337B61FA68BB689A42D1
:101DA000E8D17B6918461C37BD4690BD80B483B02E
:101DB00000AF78607B6818460C37BD4680BC704722
:101DC00080B584B000AFF860B9607A607A68B968AD
:101DD000F86800F098F8034618461037BD4680BDF5
:101DE00080B584B000AFF860B9607A607A68B9688D
:101DF000F86800F0B7F8034618461037BD4680BDB6
:101E000080B582B000AF78607868F4F7CFFF034602
:101E100018460837BD4680BD80B483B000AF7860F7
:101E20007B6818460C37BD4680BC7047B0B584B09F
:101E300000AFF860B9607A60F86800F0BDF8044659
:101E4000B86800F0B9F805467B68184600F0B4F8A9
:101E500003461A462946204600F0B8F802463B1DC4
:101E60001146184600F0C2F8034618461037BD4622
:101E7000B0BDB0B584B000AFF860B9607A60F86802
:101E800000F09AF80446B86800F096F805467B68BA
:101E9000184600F091F803461A462946204600F0FD
:101EA000B0F802463B1D1146184600F09FF8034665
:101EB00018461037BD46B0BD80B582B000AF78601F
:101EC0007868FFF741FF034618460837BD4680BDD6
:101ED00080B584B000AFF860B9607A60B868FFF789
:101EE00079F903461A46F9687868FFF7DBFBB868AA
:101EF000F4F789FE034619467868FEF76BFF00BFCA
:101F00001037BD4680BD90B587B000AFF860B960AE
:101F10007A607B687B6115E07869F4F774FE0446AB
:101F200007F10C03184600F09DF8034619462046B9
:101F300000F0A3F807F10C03184600F083F87B6962
:101F400048337B6107F1080207F10C03114618467C
:101F500000F067F80346002BDED17B6918461C377A
:101F6000BD4690BD80B586B000AFF860B9607A60BC
:101F7000BA68FB68D31ADB100E4A02FB03F37B61DD
:101F800010E07B68483B7B60BB68483BBB60B8683F
:101F9000FFF720F9034619467868FFF725F97B69B2
:101FA000013B7B617B69002BEBDC7B6818461837B3
:101FB000BD4680BD398EE33880B483B000AF786011
:101FC0007B6818460C37BD4680BC704780B584B02E
:101FD00000AFF860B9607A607A68B968F86800F0B4
:101FE00063F8034618461037BD4680BD80B483B001
:101FF00000AF786039603B6818460C37BD4680BC3E
:10200000704780B584B000AFF860B9607A607A68D4
:10201000B968F86800F058F8034618461037BD460E
:1020200080BD80B582B000AF78603960396878686B
:1020300000F05AF8034683F00103DBB21846083774
:10204000BD4680BD80B483B000AF78607B681B68FC
:1020500003F148027B681A607B6818460C37BD465E
:1020600080BC704780B483B000AF78607B681B6829
:1020700018460C37BD4680BC704790B583B000AFA2
:10208000786039607B6819464820FEF775FA044687
:102090003868FFF73DFB034619462046FFF700FC72
:1020A00000BF0C37BD4690BD80B584B000AFF8606E
:1020B000B9607A607A68B968F86800F02BF803466E
:1020C00018461037BD4680BD80B584B000AFF860BB
:1020D000B9607A607A68B968F86800F038F8034641
:1020E00018461037BD4680BD90B583B000AF78600C
:1020F0003960786800F04DF80446386800F049F817
:1021000003469C420CBF01230023DBB218460C3768
:10211000BD4690BD80B586B000AFF860B9607A600A
:10212000BA68FB68D31A9B107B617B69002B06D0D1
:102130007B699B001A46F968786821F075F97B691C
:102140009B007A68134418461837BD4680BD80B599
:1021500086B000AFF860B9607A60BA68FB68D31ADD
:102160009B107B617B69002B0AD07B699B005B42E3
:102170007A68D0187B699B001A46F96821F054F9F7
:102180007B699B005B427A68134418461837BD464A
:1021900080BD80B483B000AF78607B681B68184650
:1021A0000C37BD4680BC704780B500AF0BF0D0F94E
:1021B00000F02AF800F076FD00F03AFD1FF00CFA6E
:1021C00000F082F800F0FAF800F0D6F900F074FAA6
:1021D00000F018FB00F0AAFB00F0FCFB00F0A6FCEE
:1021E00000F05EF900F092F900F0F8FC00F068FCF5
:1021F0000C21044810F0FEF9F3F764FCF3F700FE3D
:10220000FCE700BFFC5C002080B596B000AF07F192
:10221000300328220021184621F020F907F11C0381
:1022200000221A605A609A60DA601A613B1D00222F
:102230001A605A609A60DA601A615A6101233B633E
:102240004FF480337B630023BB6301233B64022391
:10225000FB644FF480333B654FF4E0137B6507F17B
:10226000300318460EF07AFA0346002B01D000F036
:1022700093FD0F23FB6102233B6200237B624FF43B
:102280008063BB620023FB6207F11C030221184636
:102290000EF0E6FC0346002B01D000F07DFD12237A
:1022A0007B604FF40043FB600023BB613B1D18467D
:1022B0000EF064FE0346002B01D000F06DFD00BF60
:1022C0005837BD4680BD000080B584B000AF3B1DCF
:1022D00000221A605A609A60364B374A1A60354BB2
:1022E0004FF480729A60334B01221A73314B0022F3
:1022F0001A75304B4FF46022DA612E4B00225A607F
:102300002C4B05221A612B480BF0A8F90346002B31
:1023100001D000F041FD04237B600123BB60062354
:10232000FB603B1D194623480BF096FB0346002B30
:1023300001D000F031FD05237B600223BB603B1D13
:1023400019461C480BF088FB0346002B01D000F017
:1023500023FD06237B600323BB600723FB603B1D3B
:10236000194614480BF078FB0346002B01D000F00F
:1023700013FD11237B600423BB603B1D19460D48F0
:102380000BF06AFB0346002B01D000F005FD102383
:102390007B600523BB603B1D194606480BF05CFBC8
:1023A0000346002B01D000F0F7FC00BF1037BD46FC
:1023B00080BD00BF005A00200024014080B584B0D9
:1023C00000AF3B1D00221A605A609A60324B334ABC
:1023D0001A60314B4FF480729A602F4B01221A73AE
:1023E0002D4B00221A752C4B4FF46022DA612A4BD8
:1023F00000225A60284B05221A6127480BF02EF95B
:102400000346002B01D000F0C7FC02237B600123B0
:10241000BB600723FB603B1D19461F480BF01CFBEC
:102420000346002B01D000F0B7FC0223BB603B1D2C
:10243000194619480BF010FB0346002B01D000F0A1
:10244000ABFC0323BB603B1D194613480BF004FB98
:102450000346002B01D000F09FFC0423BB603B1D12
:1024600019460D480BF0F8FA0346002B01D000F096
:1024700093FC0A237B600523BB603B1D194606487D
:102480000BF0EAFA0346002B01D000F085FC00BFF8
:102490001037BD4680BD00BF305A0020003C0140CF
:1024A00080B500AF174B184A1A60164B4FF4827272
:1024B0005A60144B00229A60124B0022DA60114BD2
:1024C00000221A610F4B00225A610E4B4FF400722A
:1024D0009A610C4B0022DA610A4B00221A62094B06
:1024E00000225A62074B00229A62064B0A22DA62E5
:1024F00004480EF0D1FE0346002B01D000F04CFC46
:1025000000BF80BDE85A00200038004080B500AF11
:10251000174B184A1A60164B4FF482725A60144BCC
:1025200000229A60124B0022DA60114B00221A61DD
:102530000F4B00225A610E4B4FF400729A610C4B04
:102540000022DA610A4B00221A62094B00225A6209
:10255000074B00229A62064B0A22DA6204480EF008
:102560009BFE0346002B01D000F016FC00BF80BD8F
:10257000405B0020003C004080B596B000AF07F102
:10258000480300221A605A609A60DA6007F140033B
:1025900000221A605A6007F1240300221A605A6070
:1025A0009A60DA601A615A619A613B1D202200210B
:1025B000184620F053FF3E4B3E4A1A603C4B4722E0
:1025C0005A603B4B00229A60394B4FF6FF72DA603B
:1025D000374B00221A61364B00225A61344B0022DD
:1025E0009A6133480FF071FD0346002B01D000F0D3
:1025F000D3FB4FF48053BB6407F1480319462C48C2
:1026000010F060FC0346002B01D000F0C5FB284809
:102610000FF098FF0346002B01D000F0BDFB002314
:102620003B6400237B6407F140031946204811F006
:1026300017F80346002B01D000F0AEFB60237B624D
:102640000023BB620023FB6200233B6300237B6308
:102650000023BB630023FB6307F124030022194618
:10266000134810F06DFB0346002B01D000F094FBE3
:1026700000237B600023BB600023FB6000233B61E1
:1026800000237B614FF40053BB6100233B623B1D81
:102690001946074811F050F80346002B01D000F00E
:1026A0007BFB034808F0DEFE00BF5837BD4680BD07
:1026B000DC5B0020002C014080B58EB000AF07F13C
:1026C000280300221A605A609A60DA6007F120033A
:1026D00000221A605A603B1D00221A605A609A60FC
:1026E000DA601A615A619A61454B4FF080421A6074
:1026F000434B40F2CF225A60414B00229A60404B3C
:1027000040F2CF72DA603E4B00221A613C4B00224D
:102710009A613B480FF0D9FC0346002B01D000F032
:102720003BFB4FF48053BB6207F128031946344842
:1027300010F0C8FB0346002B01D000F02DFB304801
:102740000FF000FF0346002B01D000F025FB2C48C2
:102750000FF098FD0346002B01D000F01DFB002375
:102760003B6200237B6207F120031946244810F0E6
:1027700077FF0346002B01D000F00EFB60237B6047
:102780000023BB600023FB6000237B613B1D002214
:1027900019461B4810F0D4FA0346002B01D000F074
:1027A000FBFA3B1D04221946154810F0C9FA0346EE
:1027B000002B01D000F0F0FA00237B600123BB6006
:1027C0003B1D082219460E4810F05EFA0346002B06
:1027D00001D000F0E1FA40F2B273BB603B1D0C2265
:1027E0001946074810F050FA0346002B01D000F0BC
:1027F000D3FA034808F036FE00BF3837BD4680BD27
:10280000245C002080B58EB000AF07F128030022C1
:102810001A605A609A60DA6007F1200300221A6099
:102820005A603B1D00221A605A609A60DA601A6191
:102830005A619A613B4B3C4A1A603A4B00225A60FB
:10284000384B00229A60374B6322DA60354B4FF4E5
:1028500080721A61334B00229A6132480FF035FCC6
:102860000346002B01D000F097FA4FF40053BB62EF
:102870000023FB6200233B6307237B6307F12803EC
:102880001946284810F01EFB0346002B01D000F02B
:1028900083FA24480FF0F6FC0346002B01D000F029
:1028A0007BFA20480FF04EFE0346002B01D000F0CB
:1028B00073FA00233B6200237B6207F12003194671
:1028C000184810F0CDFE0346002B01D000F064FA4A
:1028D00000237B606123BB600023FB6000237B61DE
:1028E0003B1D002219460F4810F0CEF90346002B7D
:1028F00001D000F051FA60237B600023BB603B1DD8
:102900000C221946074810F01BFA0346002B01D091
:1029100000F042FA034808F0A5FD00BF3837BD4675
:1029200080BD00BF6C5C00200004004080B58CB00E
:1029300000AF07F10C0324220021184620F08EFD81
:102940003B1D00221A605A60204B214A1A601F4B1F
:1029500000225A601D4B00229A601C4B4FF6FF72FA
:10296000DA601A4B00221A61184B00229A61012387
:10297000FB6000233B6101237B610023BB610023DB
:10298000FB6100233B6201237B620023BB620023C7
:10299000FB6207F10C0319460C480FF055FF034684
:1029A000002B01D000F0F8F900237B600023BB600E
:1029B0003B1D1946054810F053FE0346002B01D07D
:1029C00000F0EAF900BF3037BD4680BDB45C00209E
:1029D0000008004080B58EB000AF07F12803002248
:1029E0001A605A609A60DA6007F1200300221A60C8
:1029F0005A603B1D00221A605A609A60DA601A61C0
:102A00005A619A612C4B2D4A1A602B4B4FF49B72E2
:102A10005A60294B00229A60274BFF22DA60264B2E
:102A200000221A61244B00229A6123480FF04DFBCB
:102A30000346002B01D000F0AFF94FF48053BB6286
:102A400007F1280319461C4810F03CFA0346002BF6
:102A500001D000F0A1F918480FF074FD0346002BD7
:102A600001D000F099F900233B6200237B6207F15B
:102A700020031946104810F0F3FD0346002B01D047
:102A800000F08AF960237B600023BB600223FB60B7
:102A900000237B613B1D0C221946074810F050F9BA
:102AA0000346002B01D000F077F9034808F0DAFC68
:102AB00000BF3837BD4680BDFC5C0020000C0040E4
:102AC00080B582B000AF3B4600221A605A60154BB9
:102AD000154A1A60134B41F61F425A60114B0022EF
:102AE0009A60104B4FF6FF72DA600E4B00229A612B
:102AF0000C480FF0EAFA0346002B01D000F04CF925
:102B000000233B6000237B603B461946054810F0DC
:102B1000A7FD0346002B01D000F03EF900BF0837A7
:102B2000BD4680BD445D00200010004080B58CB0E3
:102B300000AF07F10C0324220021184620F08EFC80
:102B40003B1D00221A605A60224B234A1A60214B17
:102B500000225A601F4B00229A601E4B4FF6FF72F4
:102B6000DA601C4B00221A611A4B00225A61194B81
:102B700000229A610123FB6000233B6101237B61FA
:102B80000023BB610023FB6100233B6201237B62C6
:102B90000023BB620023FB6207F10C0319460D48BA
:102BA0000FF052FE0346002B01D000F0F5F8002391
:102BB0007B600023BB603B1D1946064810F050FDAA
:102BC0000346002B01D000F0E7F800BF3037BD46C8
:102BD00080BD00BF8C5D00200034014080B500AF97
:102BE000114B124A1A60104B4FF4E1325A600E4BEF
:102BF00000229A600C4B0022DA600B4B00221A6113
:102C0000094B0C225A61084B00229A61064B0022A4
:102C1000DA61054810F0F3FD0346002B01D000F007
:102C2000BBF800BF80BD00BFD45D0020003801406C
:102C300080B582B000AF1A4B5B69194A43F00103BB
:102C40005361174B5B6903F001037B607B68144B96
:102C50005B69134A43F002035361114B5B6903F054
:102C600002033B603B68002200210B200BF073FA4B
:102C70000B200BF08CFA0022002139200BF06BFAAC
:102C800039200BF084FA002200213B200BF063FA7C
:102C90003B200BF07CFA00BF0837BD4680BD00BF6B
:102CA0000010024080B588B000AF07F11003002289
:102CB0001A605A609A60DA60344B9B69334A43F079
:102CC00020039361314B9B6903F02003FB60FB6899
:102CD0002E4B9B692D4A43F0100393612B4B9B694C
:102CE00003F01003BB60BB68284B9B69274A43F085
:102CF00004039361254B9B6903F004037B607B68AD
:102D0000224B9B69214A43F0080393611F4B9B6947
:102D100003F008033B603B6800224FF410611C483D
:102D20000BF077FF012241F2102119480BF071FFDF
:102D300041F20E133B6100237B610023BB6107F16D
:102D40001003194613480BF0B9FD4FF480633B6143
:102D500000237B610023BB6107F1100319460C4877
:102D60000BF0ACFD41F610333B6101237B61002386
:102D7000BB610223FB6107F11003194604480BF005
:102D80009DFD00BF2037BD4680BD00BF0010024042
:102D9000000C01400010014080B400AF72B600BFCB
:102DA00000BFFDE780B483B000AF78600B46FB70D6
:102DB000044B1B68FA781A6400BF0C37BD4680BC10
:102DC000704700BFFC5C002080B483B000AF786027
:102DD0007B68DB8F03F00403002B14BF0123002367
:102DE000DBB218460C37BD4680BC704780B483B058
:102DF00000AF78607B68DB8F03F00803002B14BF03
:102E000001230023DBB218460C37BD4680BC704757
:102E100080B483B000AF78607B68DB8F03F0400341
:102E2000002B14BF01230023DBB218460C37BD462C
:102E300080BC704780B483B000AF78607B68DB8F64
:102E400003F48073002B14BF01230023DBB2184668
:102E50000C37BD4680BC704780B483B000AF78604B
:102E60007B6893F8323018460C37BD4680BC7047FB
:102E700080B483B000AF78600B46FB707B68FA7853
:102E800083F8412000BF0C37BD4680BC704780B539
:102E900082B000AF786039607B68423314223968B1
:102EA000184620F0F5FA00BF0837BD4680BD80B552
:102EB00082B000AF78607B68B4331846FDF780FDC0
:102EC0000346DBB218460837BD4680BD80B582B0E8
:102ED00000AF78607B6803F501531C331846FFF799
:102EE000E6FF034618460837BD4680BD80B483B070
:102EF00000AF78607B6803F5005393F88C31184677
:102F00000C37BD4680BC704780B483B000AF78609A
:102F10000B46FB707B68FA781A7100BF0C37BD4610
:102F200080BC704780B584B000AFF860B9607A604B
:102F30003B60FB68B9681846F2F714F9124AFB685F
:102F40001A60FB68012283F84020FB687822A3F80E
:102F50004220FB687A685A62FB683A689A62FB68AA
:102F6000BA69DA62FB68FA691A63FB683A6A5A63FB
:102F7000FB687A6A9A63FB68BA6ADA63FB68184688
:102F80001037BD4680BD00BF3C52030880B588B0F5
:102F900004AF78607B689B6803F580437833FB60FF
:102FA0007B689B6803F54D5318330021184606F0E3
:102FB00065FC0346FB727B6893F8403019B2FB7ADC
:102FC0009BB2013B9BB21BB20122029201220192F1
:102FD000012200920022F868F9F7C8FC7B68002201
:102FE0005A617B689B6803F54B5334331846F5F7F9
:102FF000B5FD7B689B6803F54B53343300211846BD
:10300000F6F794FB00BF1037BD4680BD80B588B091
:1030100002AF78607B689B6803F54B5334337B6168
:103020007B689B683B617B689B6803F580437833D2
:10303000FB60F868F9F7D6FC0346FB72F868F9F70D
:10304000ACFD0346BB727B6893F84030FA7A9A4233
:1030500006D07B68FA7A83F840207B6800225A61A8
:10306000BB7A002B4CD0FB7A072B41D801A252F837
:1030700023F000BF953001089B300108B5300108EE
:10308000BB300108C1300108C7300108CD3001084C
:10309000E33001087B689B6A51E07B685B6A002B28
:1030A0002DD07B685B6A03211846FFF72DFF7B68F4
:1030B0005B6A44E07B68DB6A41E07B681B6B3EE057
:1030C0007B685B6B3BE07B689B6B38E03B69184639
:1030D000FAF7E0FA7B68002283F840207B689B695E
:1030E0002DE07B68002283F840207B68DB6B26E0C4
:1030F0007B68002283F840207B689B691FE000BF4B
:103100000AF07EFA02467B685B699A4234BF01236B
:103110000023DBB2002B01D07B6810E00AF070FACC
:10312000034603F51C5310337A685361FA7A00237F
:103130000093002300217869F6F7DAFE7B681846D1
:103140001837BD4680BD00BF80B58AB004AF786037
:103150007B689B687B617B689B6803F58043783361
:103160003B617B6903F5825308331846FBF7A6FDE4
:1031700003461A467B6883F828207B6903F582534F
:1031800008331846EEF7AEF903461A467B6883F813
:1031900029207B6903F5825308331846F4F7B7FA00
:1031A00003461A467B6883F82A207B6903F582531D
:1031B00008331846FBF794FD03461A467B6883F8EC
:1031C0002B207B6903F5825308331846FBF79AFDE1
:1031D00003461A467B6883F82C207B6903F58253EB
:1031E00008331846FFF726FE03461A467B6883F825
:1031F0002D207B6903F5825308331846EEF784F9D6
:1032000003461A467B6883F82E207B689B6803F58B
:103210008A531C331846FFF769FE03461A467B683B
:1032200083F831207B689B6803F58A531C3318466A
:10323000FFF74CFE03461A467B6883F832207B6911
:1032400003F5825308331846F1F7C0FC03461A46CB
:103250007B6883F82F207B6903F582530833184677
:10326000FBF762FD03461A467B6883F830207B68D3
:10327000002283F833207B689B6803F54D53183395
:103280000A21184606F0FAFA0346FB737B6893F8A6
:10329000343019B2FB7B9BB2013B9BB21BB20122C3
:1032A0000292012201920122009200223869F9F76C
:1032B0005DFB7B6800225A617B689B6803F54B537A
:1032C00034331846F5F74AFC7B689B6803F54B538B
:1032D00034330A211846F6F729FA00BF1837BD46DD
:1032E00080BD0000F0B5A5B006AF78607B689B6834
:1032F00003F54B5334333B677B689B68FB667B6805
:103300009B6803F580437833BB66B86EF9F76AFBB8
:10331000034687F87730B86EF9F73FFC034687F825
:1033200067307B6893F8343097F877209A425DD005
:103330007B6897F8772083F834207B6893F83330E4
:10334000072B49D0072B4DDC052B02D0062B19D0BB
:1033500048E097F87730FF220121184608F0BEFABE
:103360000346DAB27B6883F82F207B689B6803F5FD
:103370004D5304337A6892F82F2011461846F1F71E
:103380004EFA30E097F8773003220021184608F013
:10339000A5FA0346DAB27B6883F830207B689B6825
:1033A00003F54B5334337A6892F8302011461846AF
:1033B000F5F774FB7B689B6803F54B533433184671
:1033C000F5F7CCFB7B689B6803F54B5334330A213C
:1033D0001846F6F7ABF906E07B6897F8772083F894
:1033E000312000E000BF7B6800225A617B6893F8BF
:1033F0003330002B40F0988197F86730002B00F0B5
:10340000C58197F877300B2B00F2808101A252F82A
:1034100023F000BF45340108593401086D34010818
:1034200081340108BD340108D1340108FB3401089E
:103430002535010895340108A9340108073701082A
:10344000653501087B6893F8293083F00103DAB20F
:103450007B6883F8292099E17B6893F8283083F012
:103460000103DAB27B6883F828208FE17B6893F848
:103470002B3083F00103DAB27B6883F82B2085E1DF
:103480007B6893F82C3083F00103DAB27B6883F811
:103490002C207BE17B6893F82D3083F00103DAB2B6
:1034A0007B6883F82D2071E17B6893F82E3083F0E0
:1034B0000103DAB27B6883F82E2067E17B6893F81A
:1034C0002A3083F00103DAB27B6883F82A205DE1B9
:1034D0007B6897F8772083F833207B6893F82F3048
:1034E00019B2002302930523019301230093FF23C4
:1034F0000122B86EF9F73AFA48E17B6897F877202D
:1035000083F833207B6893F8303019B2012302939B
:10351000012301930123009303230022B86EF9F7DE
:1035200025FA33E17B6893F83230002B00F02D81CF
:103530007B6897F8772083F833207B6893F83130E5
:1035400019B27B6893F83230013B9BB21BB2012267
:10355000029201220192012200920022B86EF9F734
:1035600005FA12E1386FF5F7F9FA642358220121C0
:10357000386FF8F760F8FB6E1846F9F7F5FC3B6F0B
:10358000503332211846FFF70DFC7B6893F8314029
:103590007B689B6803F58A531C331846FFF7A6FC2B
:1035A00003469C4214BF01230023DBB2002B4BD007
:1035B0007B689B6803F58A531C337A6892F8312044
:1035C0001146184606F04CFB7B6893F831407B6847
:1035D0009B6803F58A531C331846FFF787FC0346A4
:1035E0009C420CBF01230023DBB2002B2CD07B6854
:1035F0009B6803F58A531C331846FBF7A1FB38661A
:10360000396E386FF5F75EFA7B689B6803F58A536D
:103610001C337A6892F8312007F12400194606F02D
:103620009FFBFB6E03F58254083407F12403184610
:103630001FF08CFA034619462046FFF728FC07F1D5
:10364000240318461FF0B3F8FB6E03F582530833CA
:103650007A6892F8302011461846FFF709FCFB6E95
:1036600003F5825008307B6893F828607B6893F8F4
:1036700029C07B6893F82AE07B6893F82B307A683E
:1036800092F82C20796891F82D107C6894F82E40DF
:103690007D6895F82F500495039402910192009350
:1036A000734662463146EFF7BDFBF86EEEF79CFBC2
:1036B0007B689B6803F5804338337A6892F82B2047
:1036C00011461846FBF7C9FA7B689B6803F58043EF
:1036D00078337A6892F82C2011461846FBF7BDFA29
:1036E0007B689B6803F5844358337A6892F82820F6
:1036F00011461846FBF7CEFA7B68002283F8342087
:103700007B689B6994E17B685B6A91E1FB6E03F5E2
:10371000825308331846EFF758FD7B68002283F880
:1037200034207B689B6983E197F86730012B2DD1AA
:103730007B6893F8333087F877307B6893F83320D1
:103740007B6883F834207B68002283F833203B6F4A
:1037500064330A21184606F091F8034687F866306C
:103760007B6893F8343019B297F866309BB2013B0E
:103770009BB21BB20122029201220192012200920D
:103780000022B86EF9F7F2F800E000BF002387F8D6
:1037900076307B6893F833207B6893F835309A4213
:1037A0000FD37B6893F833207B6893F836309A42C6
:1037B00007D87B6893F8333087F87730012387F890
:1037C000763097F86730002B02D07B6800225A6170
:1037D00009F016FF02467B685B699A4234BF0123F9
:1037E0000023DBB2002B01D07B6821E109F008FF48
:1037F000034603F51C5310337A685361142387F88A
:103800005F30002387F83D303B6F64333F2118461B
:1038100005F09CFFB8653B6F64334021184605F006
:1038200095FF786597F87730092B00F2EF8001A2B9
:1038300052F823F05D38010877380108CF380108C5
:10384000FD3801089538010885390108B3390108A8
:10385000CF3901082B39010859390108462387F867
:103860003C307B6893F82930002B00F0D380432351
:1038700087F83C30CEE07B6893F82830002B01D0ED
:10388000BB6D00E07B6D07F13C02194610461FF04E
:103890009BFDC0E07B6893F82A30002B01D0052205
:1038A00000E0012207F13C03634918461FF08CFD3C
:1038B0003B6F64334621184605F048FF014607F187
:1038C0003C030233122218461FF0E2FDA3E03B6FD7
:1038D00003F164027B6893F82B30002B01D049235D
:1038E00000E04A231946104605F030FF014607F173
:1038F0003C03142218461FF0CBFD8CE03B6F03F114
:1039000064027B6893F82C30002B01D0492300E03F
:103910004A231946104605F019FF014607F13C03FA
:10392000142218461FF0B4FD75E03B6F03F16402EA
:103930007B6893F82D30002B01D0602300E06123D9
:103940001946104605F002FF014607F13C03142218
:1039500018461FF09DFD5EE0FB6E03F582500830B7
:103960007B6893F829207B6893F82E300021EEF7CE
:103970002DFF03461A4607F13C03304918461FF055
:1039800023FD48E07B6893F82F30184664230093AA
:103990000023FF22002107F03FFF034687F8533042
:1039A00097F8532007F13C00252325491FF00CFD13
:1039B00031E07B6893F830301A465A2303FB02F259
:1039C00007F13C031D4918461FF0FEFC23E07B680D
:1039D0009B6803F58A531C337A6892F8312007F10B
:1039E0000C00194606F0BCF907F10C0318461FF04D
:1039F000ADF8014607F13C03142218461FF048FDBC
:103A000007F10C0318461EF0D2FE04E0002387F8ED
:103A10003C3000E000BF07F13C0197F8772097F8B1
:103A2000763000930B460A21386FF6F761FA7B680F
:103A300018467C37BD46F0BD0C4303081443030809
:103A40001843030880B584B000AFF860B9607A60AD
:103A50003B60FB68B9681846F1F784FB064AFB68CF
:103A60001A60FB687A685A62FB683A689A62FB6877
:103A700018461037BD4680BD0452030890B5A1B06A
:103A800004AF78607B689B6803F54B533433FB6667
:103A9000FB6E64333021184605F0F0FE034687F8CC
:103AA0006B307B689B6803F58040783097F86B300B
:103AB0009BB2013B9BB21BB20122029201220192F6
:103AC0000122009200220021F8F750FF7B689B68DA
:103AD00003F54B5334331846F5F740F8FB6E03F10A
:103AE000640107F108033022184605F06BFE07F168
:103AF0000803354918461FF025F87B681B79022B0F
:103B000016D1FB6E03F1640107F120035922184618
:103B100005F058FE07F1200207F108031146184688
:103B20001EF0F6FF07F1200318461EF040FE30E0BD
:103B30007B681B79012B16D1FB6E03F1640107F141
:103B400038035B22184605F03DFE07F1380207F105
:103B50000803114618461EF0DBFF07F1380318462C
:103B60001EF025FE15E0FB6E03F1640107F1500322
:103B70005A22184605F026FE07F1500207F1080305
:103B8000114618461EF0C4FF07F1500318461EF0F8
:103B90000EFE7B689B6803F54B54343407F1080331
:103BA00018461EF0D3FF034619462046F5F7D4FD0C
:103BB0007B6800225A6107F1080318461EF0F7FDE2
:103BC0007437BD4690BD00BF2043030880B588B060
:103BD00002AF78607B689B687B617B689B6803F5BC
:103BE000804378333B613869F8F7FCFE0346FB738A
:103BF0003869F8F7D2FF0346BB73BB7B012B03D1B7
:103C00007B6800225A6105E0BB7B022B02D17B68F6
:103C10001B6A6EE03869F8F7AFFF0346002B14BF4C
:103C200001230023DBB2002B02D07B6800225A6103
:103C300009F0E6FC02467B685B699A4234BF0123C7
:103C40000023DBB2002B01D07B6852E009F0D8FCE6
:103C5000034603F5EA4330337A685361BB7B012B9B
:103C60003AD1FB7B022B1CD0022B32DC002B02D082
:103C7000012B0BD02DE07B685A6A7B681B791946B3
:103C80001046FFF741F97B685B6A32E07B689A6A0D
:103C90007B681B7919461046FFF736F97B689B6AEB
:103CA00027E07B6903F5865316337A68127911464B
:103CB0001846EFF743FD7B689B6803F58443583350
:103CC0001846EDF7CDFA00213869F9F717F87B6847
:103CD0000FE07B689B690CE07B689B6803F54B50A9
:103CE0003430FA7B0023009300233021F6F700F9EB
:103CF0007B6818461837BD4680BD80B58AB004AFD2
:103D000078607B689B687B617B689B6803F5804378
:103D100078333B617B6903F5825308331846FFF71C
:103D200053F803461A467B6883F82C207B6903F519
:103D3000825308331846FFF759F803461A467B6842
:103D400083F82D207B6903F5825308330021184640
:103D5000EFF702F803461A467B6883F82E207B694A
:103D600003F58253083300211846EFF711F8034694
:103D70001A467B681A867B6903F582530833184616
:103D8000FFF76AF803461A467B6883F832207B699E
:103D900003F5825308331846EFF728FA03461A460C
:103DA0007B6883F833207B6903F582530833184618
:103DB000EFF72FFA03461A467B689A867B68002243
:103DC00083F836207B689B6803F54D531833182120
:103DD000184605F053FD0346FB7300217869EEF7A2
:103DE000F0F80346002B01D0002300E00823BB734A
:103DF000BB7B19B2FB7B9BB2013B9BB21BB2012286
:103E00000292012201920122009200223869F8F701
:103E1000ADFD7B6800225A617B689B6803F54B53BC
:103E200034331846F4F79AFE7B689B6803F54B53CE
:103E3000343318211846F5F779FC00BF1837BD4612
:103E400080BD0000F0B597B004AF78607B689B68D8
:103E500003F54B533433FB637B689B68BB637B6820
:103E60009B6803F5804378337B63786BF8F7BAFD82
:103E7000034687F84730786BF8F78FFE034687F8DC
:103E80003330786BF8F778FE0346002B14BF01231C
:103E90000023DBB2002B4AD07B6893F83630023B1C
:103EA000042B40D801A252F823F000BFC13E010804
:103EB000E33E0108033F01080F3F01081B3F0108D3
:103EC00097F84730002B07D097F847300233DAB223
:103ED0007B6883F82E2027E07B68002283F82E2061
:103EE00022E097F847307A68528F934205DB97F8C3
:103EF00047309AB27B681A8616E07B6800221A86E1
:103F000012E07B6897F8472083F832200CE07B684A
:103F100097F8472083F8332006E097F847309AB2A5
:103F20007B689A8600E000BF7B6800225A617B684C
:103F300093F83630002B40F0188197F83330002B7F
:103F400000F0458197F84730082B00F2008101A26C
:103F500052F823F0793F01088D3F0108A13F010885
:103F6000E53F01082D400108574001088140010844
:103F7000AB400108034101087B6893F82C3083F0C3
:103F80000103DAB27B6883F82C2020E17B6893F888
:103F90002D3083F00103DAB27B6883F82D2016E11F
:103FA0007B6897F8472083F836207B6893F82E309B
:103FB00087F8463097F84630022B04D997F84630F8
:103FC000023B87F8463097F8463019B20023029337
:103FD00001230193012300931C230022786BF8F73F
:103FE000C5FCF4E07B6897F8472083F83620BB6B6C
:103FF00003F586531633002200211846EFF72CFAFA
:1040000003463B867B681B8E19B27B685B8F013B46
:104010009BB21AB2B7F9303000200290052001900F
:1040200001200090786BF8F7A1FCD0E07B6897F84E
:10403000472083F836207B6893F8323019B200238A
:1040400002930123019301230093FF230122786B44
:10405000F8F78CFCBBE07B6897F8472083F83620A4
:104060007B6893F8333019B2002302930523019340
:10407000052300934B230022786BF8F777FCA6E02A
:104080007B6897F8472083F836207B689B8E19B2AF
:104090000023029314230193142300934FF4A0737D
:1040A0001422786BF8F762FC91E0FB6B50333221FD
:1040B0001846FEF777FEBB6B03F5825008307B682D
:1040C00093F82C507B6893F82D607B6893F82EC092
:1040D0007B681B8E7A6892F83220796891F83310E9
:1040E0007C68A48E03940291019200936346324649
:1040F0002946EEF76BFFB86BEDF776FE7B689B69A0
:1041000088E27B685B6A002B60D07B689B6803F564
:104110007A5328331846EFF71EFE0346002B0CBFD8
:1041200001230023DBB2002B08D07B685B6A0021EF
:104130001846FEF7E9FE7B685B6A6BE27B689B686A
:1041400003F5844358331846EDF7B6F83EE0BB6BF1
:1041500003F5825308331846EFF737F87B680022DF
:1041600083F837207B689B6954E297F83330012B42
:104170002DD17B6893F8363087F847307B6893F809
:1041800036207B6883F837207B68002283F836204E
:10419000FB6B64331821184605F070FB034687F863
:1041A00032307B6893F8373019B297F832309BB2CF
:1041B000013B9BB21BB20122029201220192012219
:1041C00000920022786BF8F7D1FB00E000BF0023DB
:1041D00087F845307B6893F836207B6893F8383051
:1041E0009A420FD37B6893F836207B6893F8393076
:1041F0009A4207D87B6893F8363087F84730012316
:1042000087F8453097F83330002B02D07B680022C6
:104210005A6109F0F5F902467B685B699A4234BF3E
:1042200001230023DBB2002B01D07B68F2E109F00F
:10423000E7F9034603F51C5310337A6853611423DE
:1042400087F82F3000237B73FB6B64333F211846C4
:1042500005F07CFAB862FB6B64334021184605F028
:1042600075FA786297F84730062B00F2C28101A2F6
:1042700052F823F091420108BF420108DD420108D3
:10428000354301089F43010831450108BD45010838
:10429000FB6B03F164027B6893F82C30002B01D098
:1042A000442300E045231946104605F04FFA014625
:1042B00007F10C03142218461FF0EAF89DE17B6811
:1042C00093F82D30002B01D0BB6A00E07B6A07F128
:1042D0000C02194610461FF077F88EE17B6893F8C0
:1042E0002E30002B18D07B6893F82E301A4607F139
:1042F0000C03CA4918461FF067F8FB6B643347216B
:10430000184605F023FA014607F10C030333112286
:1043100018461FF0BDF870E1FB6B6433402118466E
:1043200005F014FA014607F10C03142218461FF099
:10433000AFF862E17B681B8E002B22D0BB6B03F5CC
:10434000825308331846EDF7CDF80346002B09D009
:104350007B681B8E1A4607F10C03B14918461FF003
:1043600033F84AE17B681B8E1BB2184607F0CEFA81
:1043700003461A4607F10C03AA4918461FF024F811
:104380003BE1FB6B64334021184605F0DFF9014641
:1043900007F10C03142218461FF07AF82DE17B6810
:1043A0001B8E002B00F0B6807B6893F832301A46E3
:1043B000920013447B847B8C3B2B15D87A8C07F1BD
:1043C0000C03964918461EF0FFFFFB6B643348212F
:1043D000184605F0BBF9014607F10C03033311221F
:1043E00018461FF055F807E17A8C8F4BA3FB021398
:1043F00059090B461B015B1A9B00D31A9BB2002B79
:104400006CD07B8C884AA2FB03235B099BB21A46C3
:1044100007F10C03814918461EF0D6FF032387F8E5
:10442000213097F8213007F10C02D418FB6B64336C
:104430004721184605F08AF9014697F82130C3F163
:1044400014031A4620461FF023F8FB6B6433472100
:10445000184605F07BF903461846EBF7E5FE0346E0
:10446000DAB297F82130134487F8213097F82130D9
:10447000132B00F2C18097F8213007F10C02D018FD
:104480007A8C694BA3FB021359090B461B015B1A7B
:104490009B00D31A9BB21A4664491EF095FF97F809
:1044A0002130043387F8213097F82130132B00F2A4
:1044B000A38097F8213007F10C02D418FB6B64330A
:1044C0004821184605F042F9014697F82130C3F11A
:1044D00014031A4620461EF0DBFF8DE07B8C524A07
:1044E000A2FB03235B099BB21A4607F10C034B495D
:1044F00018461EF069FFFB6B64334721184605F030
:1045000025F9014607F10C030333112218461EF06A
:10451000BFFF71E0FB6B64334021184605F016F9CC
:10452000014607F10C03142218461EF0B1FF63E0A8
:104530007B6893F83330002B2FD07B6893F83330AF
:10454000A7F84230432387F84130BB6B03F5825311
:1045500008331846ECF7C6FF034683F00103DBB2CD
:10456000002B10D0B7F842201346DB00134403336E
:104570002F4A82FB03125210DB17D31AA7F84230DE
:10458000462387F84130B7F8422097F8413007F1C9
:104590000C0028491EF018FF2FE07B689B6803F58C
:1045A0004D5318334021184605F0D0F8014607F165
:1045B0000C03142218461EF06BFF1EE07B689B8ED6
:1045C0001A4607F10C031C4918461EF0FDFE7B68D5
:1045D0009B6803F54D5318334821184605F0B6F88B
:1045E000014607F10C030433102218461EF050FF59
:1045F00003E000233B7300E000BF07F10C0197F8D4
:10460000472097F8453000930B461821F86BF5F7D3
:104610006FFC7B6818464C37BD46F0BD2443030849
:104620002C43030834430308898888883C430308E3
:1046300067666666444303084C43030880B58AB046
:1046400004AF78607B689B687B617B689B6803F53F
:10465000804378333B617B6903F582530833012142
:104660001846EEF779FB03461A467B6883F8282044
:104670007B6903F58253083301211846EEF788FB66
:1046800003461A467B685A857B68FF2283F82C20F4
:104690007B689B6803F54D5318332321184605F0BA
:1046A000EDF80346FB7301217869EDF78AFC0346B8
:1046B000002B01D0002300E00323BB73BB7B19B2A6
:1046C000FB7B9BB2013B9BB21BB2012202920122F7
:1046D00001920122009200223869F8F747F97B68BD
:1046E00000225A617B689B6803F54B5334331846AC
:1046F000F4F734FA7B689B6803F54B53343323217A
:104700001846F5F713F800BF1837BD4680BD000006
:1047100080B592B004AF78607B689B6803F54B531B
:1047200034333B637B689B68FB627B689B6803F563
:1047300080437833BB62B86AF8F754F9034687F8C8
:104740003730B86AF8F729FA034687F82730B86A8D
:10475000F8F712FA0346002B14BF01230023DBB243
:10476000002B20D07B6893F92C30002B02D0012B3A
:1047700006D015E07B6897F8372083F828200FE0F3
:1047800097F837307A68128E934205DB97F8373006
:104790009AB27B685A8502E07B6800225A8500BF86
:1047A0007B6800225A617B6893F92C30002B80F2E1
:1047B0009A8097F82730002B00F0C88097F83730A0
:1047C000032B00F2828001A252F823F0DD4701089A
:1047D000074801084F4801087F48010897F937202A
:1047E0007B6883F82C207B6893F8283019B200236B
:1047F000029301230193012300931E230022B86A30
:10480000F8F7B4F8A2E097F937207B6883F82C20FA
:10481000FB6A03F586531633012200211846EEF792
:104820001BFE0346BB847B685B8D19B27B681B8EC5
:10483000013B9BB21AB2B7F9243000200290052048
:10484000019001200090B86AF8F790F87EE03B6B89
:10485000503332211846FEF7A5FAFB6A03F582535E
:1048600008337A6892F828107A68528D1846EEF765
:1048700029FCF86AEDF7B8FA7B689B691DE17B6853
:104880005B6A002B61D07B689B6803F57A53283301
:104890001846EFF760FA0346012B0CBF01230023F3
:1048A000DBB2002B08D07B685B6A01211846FEF75B
:1048B0002BFB7B685B6A00E17B689B6803F58443A4
:1048C00058331846ECF7F8FC3FE0FB6A03F58253D7
:1048D00008331846EEF779FC7B68002283F82D2018
:1048E0007B689B69E9E097F82730012B2ED17B6824
:1048F00093F92C3087F837307B6893F92C30DAB293
:104900007B6883F82D207B68FF2283F82C203B6B8B
:1049100064332321184604F0B1FF034687F826309C
:104920007B6893F82D3019B297F826309BB2013B83
:104930009BB21BB20122029201220192012200923B
:104940000022B86AF8F712F800E000BF002387F8E9
:1049500036307B6893F92C301A467B6893F82E30FA
:104960009A4210DB7B6893F92C301A467B6893F8E7
:104970002F309A4207DC7B6893F92C3087F8373068
:10498000012387F8363097F82730002B02D07B6858
:1049900000225A6108F034FE02467B685B699A4245
:1049A00034BF01230023DBB2002B01D07B6884E0FD
:1049B00008F026FE034603F51C5310337A68536152
:1049C000142387F8233000237B7397F83730002BAC
:1049D00002D0012B2CD060E07B6893F82830002BAC
:1049E00018D07B6893F828301A4607F10C03354934
:1049F00018461EF0E9FC3B6B64334721184604F06F
:104A0000A5FE014607F10C030333112218461EF0E0
:104A10003FFD45E03B6B64334021184604F096FEB1
:104A2000014607F10C03142218461EF031FD37E051
:104A30007B685B8D002B22D0FB6A03F58253083321
:104A40001846ECF74FFD0346002B09D07B685B8DC1
:104A50001A4607F10C031C4918461EF0B5FC1FE06E
:104A60007B685B8D1BB2184606F050FF03461A4662
:104A700007F10C03154918461EF0A6FC10E03B6B2D
:104A800064334021184604F061FE014607F10C032F
:104A9000142218461EF0FCFC02E000233B7300BF0A
:104AA00007F10C0197F8372097F8363000930B4642
:104AB0002321386BF5F71CFA7B6818463837BD465A
:104AC00080BD00BF244303082C430308344303087C
:104AD00080B58AB004AF78607B689B687B617B6837
:104AE0009B6803F5804378333B617B6903F5825310
:104AF00008331846FEF78CF903461A467B6883F89C
:104B000028207B6903F58253083302211846EEF70B
:104B100023F903461A467B6883F829207B6903F54D
:104B20008253083302211846EEF732F903461A463B
:104B30007B685A857B68FF2283F82C207B689B6802
:104B400003F54D5318332921184604F097FE034608
:104B5000FB7302217869EDF734FA0346002B01D08C
:104B6000002300E00423BB73BB7B19B2FB7B9BB229
:104B7000013B9BB21BB2012202920122019201224F
:104B8000009200223869F7F7F1FE7B6800225A6133
:104B90007B689B6803F54B5334331846F3F7DEFF0D
:104BA0007B689B6803F54B53343329211846F4F78F
:104BB000BDFD00BF1837BD4680BD000080B592B076
:104BC00004AF78607B689B6803F54B5334333B63D9
:104BD0007B689B68FB627B689B6803F58043783346
:104BE000BB62B86AF7F7FEFE034687F83730B86A4B
:104BF000F7F7D3FF034687F82730B86AF7F7BCFF0B
:104C00000346002B14BF01230023DBB2002B20D06E
:104C10007B6893F92C30012B02D0022B06D015E0D3
:104C20007B6897F8372083F829200FE097F8373012
:104C30007A68128E934205DB97F837309AB27B6818
:104C40005A8502E07B6800225A8500BF7B680022FB
:104C50005A617B6893F92C30002B80F28F8097F893
:104C60002730002B00F0BD8097F83730042B77D821
:104C700001A252F823F000BF8D4C0108A14C01089D
:104C8000CB4C0108134D0108474D01087B6893F890
:104C9000283083F00103DAB27B6883F82820A0E093
:104CA00097F937207B6883F82C207B6893F82930AC
:104CB00019B20023029301230193012300931E23C1
:104CC0000022B86AF7F752FE8BE097F937207B682D
:104CD00083F82C20FB6A03F5865316330222002149
:104CE0001846EEF7B9FB0346BB847B685B8D19B2AF
:104CF0007B681B8E013B9BB21AB2B7F924300020AF
:104D000002900520019001200090B86AF7F72EFE6E
:104D100067E03B6B503332211846FEF743F8FB6ADD
:104D200003F5825008307B6893F828107B6893F86D
:104D300029207B685B8DEEF7DFF9F86AEDF754F810
:104D40007B689B691FE17B685B6A002B48D07B68AE
:104D50005B6A02211846FEF7D7F87B685B6A12E1AE
:104D6000FB6A03F5825308331846EEF72EFA7B6888
:104D7000002283F82D207B689B6904E197F8273097
:104D8000012B2ED17B6893F92C3087F837307B6864
:104D900093F92C30DAB27B6883F82D207B68FF22F0
:104DA00083F82C203B6B64332921184604F066FD00
:104DB000034687F826307B6893F82D3019B297F8B0
:104DC00026309BB2013B9BB21BB201220292012210
:104DD0000192012200920022B86AF7F7C7FD00E0B5
:104DE00000BF002387F836307B6893F92C301A46D1
:104DF0007B6893F82E309A4210DB7B6893F92C3055
:104E00001A467B6893F82F309A4207DC7B6893F947
:104E10002C3087F83730012387F8363097F8273061
:104E2000002B02D07B6800225A6108F0E9FB0246A1
:104E30007B685B699A4234BF01230023DBB2002BFD
:104E400001D07B689FE008F0DBFB034603F51C53B1
:104E500010337A685361142387F8233000237B735F
:104E600097F83730022B49D0022B7CDC002B02D084
:104E7000012B17D077E03B6B03F164027B6893F85A
:104E80002830002B01D03F2300E040231946104674
:104E900004F05CFC014607F10C03142218461EF0D6
:104EA000F7FA63E07B6893F82930002B18D07B6811
:104EB00093F829301A4607F10C03354918461EF0BD
:104EC00083FA3B6B64334721184604F03FFC0146EC
:104ED00007F10C030333112218461EF0D9FA45E0FE
:104EE0003B6B64334021184604F030FC014607F167
:104EF0000C03142218461EF0CBFA37E07B685B8D5A
:104F0000002B22D0FB6A03F5825308331846ECF7D6
:104F1000E9FA0346002B09D07B685B8D1A4607F13E
:104F20000C031C4918461EF04FFA1FE07B685B8D8E
:104F30001BB2184606F0EAFC03461A4607F10C03BA
:104F4000154918461EF040FA10E03B6B64334021CF
:104F5000184604F0FBFB014607F10C031422184627
:104F60001EF096FA02E000233B7300BF07F10C012C
:104F700097F8372097F8363000930B462921386B85
:104F8000F4F7B6FF7B6818463837BD4680BD00BFD2
:104F9000244303082C4303083443030880B588B036
:104FA00004AF78607B689B6803F54D531833352157
:104FB000184604F063FC0346FB737B689B6803F5AB
:104FC00080407830FB7B9BB2013B9BB21BB201223D
:104FD0000292012201920122009200220021F7F7A1
:104FE000C5FC7B689B6803F54B5334331846F3F7D5
:104FF000B5FD7B689B6803F54B5334333521184668
:10500000F4F794FB7B6800225A6100BF1037BD465D
:1050100080BD80B586B002AF78607B689B6803F581
:1050200080437833FB60F868F7F7DCFC0346FB72DB
:10503000F868F7F7B2FD0346BB727B689B6803F51F
:10504000804338331846F7F7A8FD03467B72BB7AD6
:10505000012B02D07B7A012B03D17B6800225A619D
:1050600005E0BB7A022B02D17B681B6A84E0F868FA
:10507000F7F782FD0346002B14BF01230023DBB2A8
:10508000002B02D07B6800225A6108F0B9FA024670
:105090007B685B699A4234BF01230023DBB2002B9B
:1050A00001D07B6868E008F0ABFA034603F5EA43F9
:1050B00030337A685361BB7A012B2DD17B685B6AF0
:1050C000002B01D17B6857E0FB7A022B18D0022B12
:1050D0001FDC002B02D0012B09D01AE07B685B6A31
:1050E00000211846FDF710FF7B685B6A44E07B688F
:1050F0005B6A01211846FDF707FF7B685B6A3BE0AE
:105100007B685B6A02211846FDF7FEFE7B685B6ADE
:1051100032E07B689B692FE07B7A012B1FD17B6893
:105120009B6A002B01D17B6826E0FB7A002B02D022
:10513000012B09D011E07B689B6A00211846FDF71E
:10514000E3FE7B689B6A17E07B689B6A0121184637
:10515000FDF7DAFE7B689B6A0EE07B680CE07B68FB
:105160009B6803F54B503430FA7A002300930023F8
:105170003521F4F7BDFE7B6818461037BD4680BD6B
:1051800080B582B000AF786039603B68D9683B6811
:105190001A693B685B69786805F028F97868083710
:1051A000BD4680BD80B483B000AF78607B68B3F843
:1051B000E2309BB218460C37BD4680BC704780B5C4
:1051C00082B000AF78607B68184605F015FD034695
:1051D00018460837BD4680BD80B582B000AF786004
:1051E0007B688833184605F007FD03469BB21846D6
:1051F0000837BD4680BD80B582B000AF78607B685F
:105200004433184605F0F8FC03469BB218460837AD
:10521000BD4680BD80B582B000AF78607B6803F585
:105220008673184605F0D1FC03469BB21846083732
:10523000BD4680BD80B582B000AF78607B6803F565
:105240008E73184605F0C1FC03469BB2184608371A
:10525000BD4680BD80B582B000AF78607B6803F545
:1052600096731846F2F7E9F9034618460837BD4623
:1052700080BD80B483B000AF78607B68B3F84631FE
:105280009BB218460C37BD4680BC704780B582B0D3
:1052900000AF78600B467B8078887B68B3F87C3100
:1052A00019467B68B3F87E311A4606F017FB0346B1
:1052B0009AB27B68A3F8442100BF0837BD4680BD81
:1052C00080B483B000AF78607B6800229A817B68ED
:1052D00000229A7300BF0C37BD4680BC704780B473
:1052E00083B000AF7860012318460C37BD4680BC00
:1052F000704780B582B000AF78607B6803F58A5351
:1053000010331846ECF7E3F8034618460837BD4655
:1053100080BD80B582B000AF78607B6803F58543BF
:105320001833184605F051FC03469BB2184608375F
:10533000BD4680BD80B485B000AFF860B9607A60CA
:105340003B60FB68BA689A61FB687A68DA61FB685F
:105350003A681A6200BF1437BD4680BC704780B5FA
:1053600082B000AF78607B689B69002B0CD07B68B3
:105370001B69002B08D008F043F902467B681B69C3
:105380009A4201D3012300E00023002B02D07B6866
:105390009B6900E07B6818460837BD4680BD80B534
:1053A00082B000AF78607B689B89002B0CD008F03E
:1053B00027F902467B689B8919464FF47A7301FBF3
:1053C00003F31A447B681A6100BF0837BD4680BDED
:1053D00080B483B000AF78600B467B807B687A88AE
:1053E0009A8100BF0C37BD4680BC704780B485B041
:1053F00000AF78600023FB607B681B79012B06D827
:105400007B689B6803F57A532833FB6006E07B6872
:105410009B6803F581433833FB6000BFFB68184687
:105420001437BD4680BC704780B58CB004AF78603F
:105430007B689B68BB617B68002283F868207B687F
:1054400000225A667B681B79032B06D17B680122F8
:1054500083F868207B6800221A717B6893F86830B3
:1054600083F00103DBB2002B11D07B681B79002B8A
:1054700004D108F0C5F802467B685A667B689B68D1
:1054800003F57A53283303211846EEF751FC7B6865
:105490001B791946B869ECF7FAFA0346FB82FB8AD6
:1054A000D9B27B6803F124007B6893F868307A688E
:1054B000127902920193012300930A230246B869EC
:1054C000ECF73FFE03467B750023FB83FF237B77CE
:1054D00000233B771EE0F98A3A7F786813465B0029
:1054E00013445B00034424331B88CB1A002BB8BF42
:1054F0005B42FB73FA7B7B7F9A4234BF012300231C
:10550000DBB2002B03D0FB7B7B773B7FFB833B7FB6
:1055100001333B773A7F7B7D9A42DCD37B681B79F2
:10552000012B0FD17B689B6803F57A53283318460B
:10553000F2F78EF8034683F00103DBB2002B01D0B3
:10554000012300E00023002B1ED008F059F8034689
:1055500003F57A733B610AE07B689B6803F57A5335
:1055600028331846F2F774F80346002B0BD108F0E5
:1055700047F802463B6993428CBF01230023DBB20C
:10558000002BE9D100E000BF7B689B6803F58040F9
:105590007830B7F91E107B7D9BB2013B9BB21BB2EA
:1055A0000022029201220192012200920022F7F7CA
:1055B000DDF908F025F802467B681A667B689B686F
:1055C00003F54B5334331846F3F7C8FA7B689B68EE
:1055D00003F54B5334334F211846F4F7A7F87B6893
:1055E00000225A6100BF2037BD4680BD80B58EB015
:1055F00004AF78607B689B6803F54B533433FB61E1
:105600007B689B68BB617B689B6803F5804378334C
:105610007B617B681846FFF7E9FE38617869F7F728
:10562000E1F90346FB847869F7F7B7FA0346FB73A1
:105630007869F7F7A1FA0346002B14BF0123002372
:10564000DBB2002B05D07B6800221A667B68002243
:105650005A61FB7B002B11D07B6893F86830002BDC
:1056600003D17B681B79002B08D0FB8CDBB2194679
:10567000786800F02CF97B689B6924E17B6893F8DB
:10568000683083F00103DBB2002B13D07B685B6EC4
:10569000002B0FD03869F1F7DBFF0346002B07D151
:1056A000F0F78EF9034683F00103DBB2002B01D043
:1056B000012300E00023002B2AD07B681B6E002B07
:1056C0000AD007F09DFF02467B681B6ED31AB3F524
:1056D0007A7F01D2012300E00023002B01D00023B8
:1056E000F1E007F08DFF02467B685B6E03F57A738D
:1056F0009A428CBF01230023DBB2002B08D0FB8C25
:10570000DBB21946786800F0E2F87B689B69DAE062
:10571000FB7B022B02D17B681B6AD4E07B685B6E4B
:10572000002B0AD13869F1F793FF034683F0010398
:10573000DBB2002B01D0012300E00023002B04D0BA
:1057400007F05EFF02467B685A6607F059FF024683
:105750007B685B699A4234BF01230023DBB2002BD4
:1057600001D07B68AFE007F04BFF034603F59C4395
:1057700020337A685361FB8C87F825301DE097F859
:1057800025301A4613465B0013445B0020337A68C9
:10579000134406331846FAF7A9FB034683F00103C6
:1057A000DBB2002B03D097F92530FB8409E097F892
:1057B0002530013BDBB287F8253097F92530002BE7
:1057C000DDDAFA8C796813465B0013445B000B4406
:1057D00024331B88BB73002387F8243011E097F82B
:1057E000242013465B0013445B0020337A68134483
:1057F00006331846EBF753FE97F82430013387F849
:10580000243097F82430092BE9D97B6803F1240070
:105810007B6893F868307A681279B97B02920193B9
:10582000012300930A230246B869ECF78AFC034679
:105830007B737B7B002B02D17B68DB6943E0002319
:1058400087F82330002387F8223016E0B97B97F8D9
:105850002220786813465B0013445B000344243322
:105860001B88994204D197F8223087F8233009E049
:1058700097F82230013387F8223097F822207B7B7B
:105880009A42E3D37B689B6803F58040783097F8B1
:10589000233019B27B7B9BB2013B9BB21BB200222F
:1058A000029201220192012200920022F7F75EF893
:1058B0007B6803F12401BB7B7A7B01200090F869AF
:1058C000F4F760F97B6818462837BD4680BD80B57F
:1058D00082B000AF78600B46FB707B689B6818460F
:1058E000FA7813465B0013445B0020337A68134454
:1058F00006331946ECF799F87B689B6803F57A53F1
:1059000028331846FAF7A4F900BF0837BD4680BD12
:10591000B0B588B004AF78607B689B68FB607B683B
:105920009B6803F57A5328331846EEF714FA0346BA
:10593000FB72FB7A1946F868ECF7A9F803463B813D
:105940007B689B6803F580447834B7F90850F868A1
:10595000FFF7CFFC0346013B9BB21BB20022029231
:105960000122019201220092012229462046F6F7E7
:10597000FDFF7B689B6803F54B5334331846F3F700
:10598000EDF87B689B6803F54B53343303211846CD
:10599000F3F7CCFE7B6800225A6100BF1037BD468A
:1059A000B0BDB0B596B004AF78607B689B6803F576
:1059B0004B5334337B647B689B683B647B689B6898
:1059C00003F580437833FB63F86BF7F70BF8034676
:1059D0007B87F86BF7F7E1F8034687F8393097F8DB
:1059E0003930012B22D17B6C503332211846FDF720
:1059F000D9F97B8F1946386CECF7F7FA034683F038
:105A00000103DBB2002B08D07B68586A0023012217
:105A1000512103F067F900238FE07B6C5033184667
:105A2000F2F720FF7B6800225A613BE097F839309B
:105A3000022B37D13B6C1846F7F7BCFA386CEBF702
:105A400073FE0021386CECF749F8024607F1340385
:105A50001068186007F134031946386CECF796FCAF
:105A600003467B6307F134031946386CEBF7DDFF1F
:105A70000121386CECF732F8024607F13403106864
:105A8000186007F134031946386CECF77FFC0346C5
:105A90007B6307F134031946386CEBF7C6FF7B686C
:105AA0001B6A4AE0F86BF7F767F80346002B14BF50
:105AB00001230023DBB2002B02D07B6800225A6155
:105AC00007F09EFD02467B685B699A422CBF01236A
:105AD0000023DBB2002B2FD007F1080306241D465C
:105AE00004E02846EFF7A6FB013C0635002CF8DA67
:105AF0007B8FD9B207F1080203230293002301939D
:105B0000002300930723386CECF71BFB034687F850
:105B100038307B8FDBB297F8382007F1080100207E
:105B20000090786CF4F72EF807F06AFD034603F551
:105B30006A4360337A6853617B6818464837BD46CC
:105B4000B0BD000090B5A9B004AF78607B689B68D9
:105B5000C7F884307B681846FFF748FCC7F8800018
:105B60003223A7F88E304FF41673A7F88C30D7F88D
:105B7000843003F5825308331846EBF7B3FC034631
:105B800083F00103DBB2002B06D07A23A7F88E3016
:105B900040F25743A7F88C30D7F8843003F582538E
:105BA00008337A68127907F124001946EDF7ACF84A
:105BB000D7F88030043307F124021146184604F068
:105BC00035FC7B689B6803F580407830B7F98E2000
:105BD000B7F98C300021029101210191012100913E
:105BE0000021F6F7C3FE002387F88B3026E097F8F4
:105BF0008B307A6810335B0013440022DA8097F808
:105C00008B007B68B3F85A301A46684B1B885B08D8
:105C10009BB2009313460722002105F0FDFD0246CA
:105C200097F88B3091B27A6818335B0013440A46B8
:105C3000DA8097F88B30013387F88B3097F88B3008
:105C4000072BD4D97B6800225A657B68002283F831
:105C500024207B68002283F84A207B68002283F896
:105C600058207B680022DA647B6800221A657B6812
:105C700000225A614D4B1B885B089AB27B68A3F8DF
:105C800046207B680022A3F848207B689B6803F5C8
:105C9000804038307B68B3F8483019B27B68B3F87D
:105CA00068301BB20022029205220192012200926A
:105CB0000022F6F75BFE7B689B6803F54D531833B3
:105CC0003021184603F042FDF867F86FEAF7ACFAA6
:105CD000034687F88A3097F88A30132B02D91323AA
:105CE00087F88A3097F88A4007F1300318461CF08D
:105CF0009AFC07F1300307F10C002246F96F1CF003
:105D00008DFF07F1300318461CF08FFC07F14C03A0
:105D100007F10C01264A184603F075FC7B681A79D6
:105D200007F16403D7F884101846ECF747F807F139
:105D3000340307F1640207F14C01184603F076FCC6
:105D400007F1340207F10C03114618461CF035FD2B
:105D500007F1340318461CF02AFD07F164031846C6
:105D60001CF025FD07F14C0318461CF020FD7B6854
:105D70009B6803F54B5334331846F2F7EFFE7B680C
:105D80009B6803F54B54343407F10C0318461CF0A0
:105D9000DDFE034619462046F3F7DEFC07F10C034F
:105DA00018461CF004FD9437BD4690BD9C53030873
:105DB000544303082DE9B04392B000AFF860B960D6
:105DC00011461A460B46FB801346BB8000237B64BA
:105DD00000233B640023FB630023BB6300237B633E
:105DE000002387F8333035E097F83330FA68103302
:105DF0005B001344DB88FB8297F83330FA68183372
:105E00005B001344DB88BB82FA8AFB889A421CD36E
:105E1000FA8ABB889A4218D8FB8ABA8A02FB03F333
:105E20007A6C13447B64FB8A3A6C13443B64BB8AF0
:105E3000FA6B1344FB63FB8AFA8A02FB03F3BA6B27
:105E40001344BB637B6B01337B6397F833300133BF
:105E500087F8333097F83330072BC5D97B6B022B8B
:105E600001DC0023C6E0786BEAF738FB04460D46F8
:105E7000786CEAF733FB02460B4620462946EAF7E0
:105E800097FB02460B4690469946386CEAF726FB8C
:105E900004460D46F86BEAF721FB02460B46204606
:105EA0002946EAF785FB02460B4640464946EAF793
:105EB000C7F902460B46C7E90A23786BEAF70EFBDF
:105EC00004460D46B86BEAF709FB02460B4620462E
:105ED0002946EAF76DFB02460B4690469946386C18
:105EE000EAF7FCFA04460D46386CEAF7F7FA024680
:105EF0000B4620462946EAF75BFB02460B46404626
:105F00004946EAF79DF902460B46D7E90A01EAF746
:105F100079FC02460B46C7E90A23F86BEAF7DEFA7A
:105F200004460D46386CEAF7D9FAD7E90A23EAF7AE
:105F30003FFB02460B4620462946EAF781F9024616
:105F40000B46C7E90823786BEAF7C8FA02460B4606
:105F5000D7E90801EAF756FC02460B46C7E90823D1
:105F6000002387F8323034E0FB689B6803F58653E2
:105F70001633FA68127997F832101846EDF76CFA72
:105F800003461846EAF79AFAD7E90A23EAF710FB1C
:105F900002460B46D7E90801EAF754F902460B46D8
:105FA000C7E90623D7E906011CF094FF02460B4619
:105FB00097F832104900B868441810461946EAF7B5
:105FC000CFFD03469BB2238097F83230013387F828
:105FD000323097F83230032BC6D9BB6806331A88A3
:105FE000074B1B889A4204D9BB680633044A1288BF
:105FF0001A80012318464837BD46BDE8B08300BF6C
:106000009C53030880B485B000AF78600B467B805A
:106010004FF47A73FB8108237B7300233B731FE0EB
:106020003B7B7A6810335B001344DB887B817B8980
:10603000002B12D07A897B88D31A83EAE372A2EB11
:10604000E372FB899A4208DA7A897B88D31A002B9B
:10605000B8BF5B42FB813B7B7B733B7B01333B7374
:106060003B7B072BDCD97B7B062B15D87B7B7A68A7
:1060700010335B001344DB887A889A420CD97B7B0F
:1060800001337A6810335B001344DB887A889A42C4
:1060900002D27B7B01337B737B7B18461437BD4672
:1060A00080BC7047B0B588B002AF78600B46FB701B
:1060B0007B689B683B61FC783B6903F5825308333E
:1060C0007A68117901221846ECF718FB03461D4641
:1060D0003B6903F5825308337A6811790122184627
:1060E000ECF752FB034600932B4608220021204682
:1060F00005F092FB0346FB81FB787A6810335B0066
:106100001344DB88BB81FB78042B25D8BA89FB8933
:10611000F989890889B20B449A421DDD7B68B3F87E
:1061200046207B68B3F846309B089BB2D31A9AB2DC
:106130007B68A3F846207B68B3F846204D4B1B884C
:106140009B089BB29A426FD24A4B1B889B089AB21B
:106150007B68A3F8462067E0BA89FB89F989C908FA
:1061600089B20B449A4219DD7B68B3F846207B68FC
:10617000B3F84630DB089BB213449AB27B68A3F8AD
:1061800046207B68B3F846203A4B1B889A424BD98D
:10619000384B1A887B68A3F8462045E0FB78042B2F
:1061A00021D8BA89FB89F989890889B25B1A9A4290
:1061B00019DA7B68B3F846207B68B3F846309B0851
:1061C0009BB213449AB27B68A3F846207B68B3F86D
:1061D0004620284B1B889A4226D9264B1A887B6872
:1061E000A3F8462020E0BA89FB89F989C90889B259
:1061F0005B1A9A423ADA7B68B3F846207B68B3F8B8
:106200004630DB089BB213449AB27B68A3F8462061
:106210007B68B3F84620174B1B889A4204D9154B6C
:106220001A887B68A3F84620FB780133FB7519E0D8
:10623000F87D7B68B3F85A301A467B68B3F846306D
:10624000009313460722002105F0E6FA0246FB7D83
:1062500091B27A6818335B0013440A46DA80FB7DFA
:106260000133FB75FB7D072BE2D900E000BF183737
:10627000BD46B0BD9C530308B0B58CB002AF78608A
:106280007B689B687B627B6A03F5865316337A686A
:10629000127902211846EDF7DFF8034607F10C01E9
:1062A00096227868FFF786FD0346002B00F09C805D
:1062B0007B6A03F5865316337A68127903211846F0
:1062C000EDF7CAF803467B847B6A03F586531633E1
:1062D0007A68127902211846EDF7BEF803463B842E
:1062E0007B6A03F5825008307B681979002301220C
:1062F000ECF76CFA0346FB83F88B398C7A8C3B8A7B
:106300001C467B8A0093234605F05CFA0346BB8358
:10631000404B1B88BA8B9A4229D97B8C19467868E6
:10632000FFF770FE0346FB76788C398CFB7E7A682B
:1063300010335B001344DB881C463B8A1D46FB7E02
:106340007A6818335B001344DB8800932B4622469F
:1063500005F038FA03463B833B8A3A8B9A4206D9CA
:106360003B8B3A8A9B1A642B01DD3B8B7B827A8ABA
:10637000284B1B889A4202D9264B1B887B827B685C
:106380009B681846F8F778FE0346FB827B6819790C
:10639000FB8A5BB207F10C0200930323786AEBF7E8
:1063A000AAFD03467B75FB8A5AB27B68187907F110
:1063B0000C017B7D00930346786AECF775F97B7DD1
:1063C000002B08D07B689B6803F58443583318463C
:1063D000EAF746FF1AE07B689B6803F5844358336D
:1063E0001846EAF77FFF11E07B689B6803F584435A
:1063F00058331846EAF776FF7B6A03F5865316335F
:106400007A68127911461846EDF798F900BF2837D7
:10641000BD46B0BD9C530308F0B5A9B006AF786087
:106420007B689B6803F54B533433FB677B689B6841
:10643000BB677B681846FEF7D9FF78677B689B6867
:1064400003F5804378333B67386FF6F7CBFA0346A2
:10645000A7F86E30386FF6F7A0FB034687F86D306B
:10646000386FF6F789FB0346002B14BF0123002386
:10647000DBB2002B02D07B6800225A6197F86D30A6
:10648000012B40F05F817B6893F84A30002B00F0CD
:10649000E0807B6F1B6810331B680021786F984782
:1064A0007B6893F85830052B40F0CA807B6F1B68DF
:1064B0001C331B68786F98470346A7F86A30B7F813
:1064C0006E30A7F88630BB6F03F582530833184649
:1064D000EBF708F8034683F00103DBB2002B07D08B
:1064E000B7F98630184605F02BFA0346A7F8863030
:1064F0007B6893F8243087F8693097F869307A68B8
:1065000010335B001344B7F88620DA8097F86930BF
:106510007A6818335B001344B7F86A20DA80B7F85A
:106520008640BB6F03F5825308337A6811790122E4
:106530001846ECF729F903461E3B9C42B4BF0123E1
:106540000023DBB2002B68D07B6893F82430194617
:106550007868FFF7A7FD7B6893F824300133DAB23F
:106560007B6883F8242007F13C014FF41673642202
:106570007868FFF71FFC0346002B52D0BC6F7B6886
:106580009B681846F8F778FD03465AB27B681B797A
:1065900007F13C01002000902046ECF785F8B7F8A1
:1065A0008630B3F5AF7F3CD97B689B681846F8F717
:1065B00063FD0346A7F866307B6893F824307A6859
:1065C00018335B001344D9887B681B79B7F96620C0
:1065D000B86FEBF7A6FA0346A7F86430B7F8643053
:1065E000B3F5E17F1DD97B6819797B6893F8243076
:1065F0001C46B7F96620002300930B464FF4D77171
:10660000B86FEBF7C1FA034619467A6804F118032C
:106610005B0013440A46DA8003E07B68082283F8B3
:1066200024207B680022DA647B6800221A657B687C
:10663000002283F858207B68002283F84A2008E073
:106640007B68002283F84A207B6800225A617B68BD
:106650005FE37B6893F84A3083F00103DBB2002BE1
:106660006CD07B6893F82430072B4BD87B680122D1
:1066700083F84A207B6893F824307A6818335B00EB
:106680001344DB88A7F862307B6F1B681C331B68E0
:10669000786F98470346A7F86030B7F86220B7F8DC
:1066A00060309A4201D2012200E002227B6883F826
:1066B00058207B6F1B6818331B68B7F8622011469F
:1066C000786F98477B6F1B6810331B680121786FC8
:1066D000984706F095FF02467B68DB6D1A447B689D
:1066E000DA6406F08DFF02467B681B6E1A447B68F5
:1066F0001A6506F085FF02467B685B6E1A447B686C
:106700005A651BE07868FFF7B7FDBB6F03F582534E
:1067100008337A68127907F130001946ECF790FDDA
:106720007B6F043307F130021146184603F07EFEFA
:10673000F86FF4F7B7F97B681B6AEAE27B6800221E
:106740005A6127E07B6893F84A3083F00103DBB29B
:10675000002B1FD097F86D30022B1BD17868FFF704
:106760008BFDBB6F03F5825308337A68127907F10A
:1067700024001946ECF764FD7B6F043307F1240213
:106780001146184603F052FEF86FF4F78BF97B6858
:106790001B6ABEE27B689B6803F58043383318466A
:1067A000F6F7FBF9034687F85F3097F85F30022B66
:1067B00031D17B689B6803F5844358331846EAF768
:1067C00091FDBB6F03F5825308337A68127907F1A4
:1067D00018001946ECF734FD7B6F043307F11802FB
:1067E0001146184603F022FEF86FF4F75BF97B6858
:1067F0001B791946B86FEBF771F9024607F11403DC
:106800001068186007F114031946B86FEBF70DF91B
:106810007B681B6A7DE27B6893F84A3083F0010352
:10682000DBB2002B5BD07B689B6803F58043383379
:106830001846F6F7D7F80346A7F85C307B689B68E4
:1068400003F5804338331846F6F796F90346002BD4
:1068500014BF01230023DBB2002B11D07B68B7F8F3
:106860005C20A3F848207B6F1B6830331B687A6874
:10687000B2F848201146786F98477B6800225A6129
:1068800097F85F30012B2AD17B68B3F84830002B92
:106890000BD07B680022A3F848207B6F1B68103365
:1068A0001B680021786F984716E07B689B6803F5AA
:1068B000804338331846F6F795F803469AB27B685A
:1068C000A3F848207B6F1B6830331B687A68B2F8E6
:1068D00048201146786F98477B6800225A6106F07D
:1068E0008FFE02467B685B699A4234BF0123002316
:1068F000DBB2002B01D07B680BE206F081FE034681
:1069000003F5FA727B685A617B685B6D002B11D0CE
:1069100006F076FE02467B685B6D9A420AD9786F74
:10692000F0F796FE034683F00103DBB2002B01D0A3
:10693000012300E00023002B01D00023E9E17B6864
:106940009B681846F8F798FB0346A7F85A30B7F843
:106950006E30A7F858307B6F1B6814331B68786F54
:1069600098470346A7F856307B6F1B681C331B689B
:10697000786F98470346A7F854307B6F1B68203325
:106980001B68786F9847034687F853307B681B79FC
:10699000B7F95A20B7F85410B86FEBF7C2F80346AE
:1069A000A7F850309F4B1B88B7F854209A421BD34E
:1069B0007868FFF761FCBB6F03F5825308337A6890
:1069C000127907F108001946ECF73AFC7B6F0433A3
:1069D00007F108021146184603F028FDF86FF4F796
:1069E00061F87B681B6A94E17B681B6D002B08D003
:1069F00006F006FE02467B681B6D9A4201D3012316
:106A000000E00023002B00F08E807B6893F84A3072
:106A1000002B18D0B7F85620B7F85430D31A002BF3
:106A2000B8BF5B42102B0EDC7B6F1B682C331B68DE
:106A3000786F98470346C82B05D897F85330012B39
:106A400001D9012300E00023002B3CD07B6893F8A0
:106A50005830052B36D801A252F823F0C56A010838
:106A6000C56A0108756A0108C56A01088F6A0108CC
:106A7000C56A01087B68032283F8582006F0C0FD30
:106A800002467B681B6E1A447B681A651BE07B68B4
:106A90009B6803F5844358331846EAF7E1FBB7F9DE
:106AA00050301946386FF6F729F97B68052283F8CC
:106AB000582006F0A5FD02467B681B6E1A447B68D1
:106AC0001A6500E000BF7B6893F85830032B12D1A1
:106AD000B7F85620B7F8543008339A420BDD7B687C
:106AE000042283F8582006F08BFD02467B681B6E5B
:106AF0001A447B681A657B6893F85830012B12D1D1
:106B0000B7F85620B7F8543008339A420BDD7B684B
:106B1000022283F8582006F073FD02467B681B6E44
:106B20001A447B681A657B68DB6C002B12D07B688B
:106B300093F85830002B0DD07B6893F85830052B14
:106B400008D006F05DFD02467B68DB6C9A4201D9F5
:106B5000012300E00023002B0BD07B689B6803F52A
:106B6000844358331846EAF7A7FB7B68052283F86D
:106B70005820002387F885307B68B3F85A30B7F87F
:106B800054209A4210D3B7F854007B68B3F85A30B7
:106B90001946244B1B881A4664230093002304F0F3
:106BA0003BFE034687F885307B6893F8583087F8BA
:106BB000843097F88430012B3ED997F884301A46F8
:106BC00052011344DBB2423B87F884307B6893F870
:106BD0005830042B28D17B6F1B682C331B68786FCF
:106BE00098470346A7F84E30B7F84E3041F250426E
:106BF000C821184604F072FE0346A7F84E30B7F8D5
:106C00004E001E2300930023C82241F2504104F09D
:106C100003FE0346DAB297F88430134487F88430D1
:106C20000AE000BF9C5303087B6893F85830052B9B
:106C300002D1642387F8843006F0E2FC02467B68C8
:106C4000DB6C9A4234BF01230023DBB2002B34D02B
:106C50000023C7F8803006F0D3FCB8647B68DB6C97
:106C6000BA6C9A4205D27B68DA6CBB6CD31AC7F84F
:106C700080307B68DA6DD7F88030D31A642203FB4A
:106C800002F27B68DB6DB2FBF3F387F8473097F8CD
:106C9000472097F884309A4203D997F8473087F80D
:106CA000843097F88430632B07D97B6893F8583089
:106CB000052B02D0632387F88430FC6F7B6893F840
:106CC00024300133DDB2BB6F03F58253083318461D
:106CD000EAF708FC03461E467B6893F84A307A6858
:106CE000B2F84820B7F85800B7F85010059297F856
:106CF0008520049297F884200392029397F85330EA
:106D00000193009603460A4629462046F3F79AFA6D
:106D10007B6818468C37BD46F0BD00BF90B59BB070
:106D200004AF78607B689B683B653B6D03F58253DD
:106D300008337A68127907F124001946EBF7E4FF6B
:106D40007B681B79022B16D17B689B6803F5814316
:106D50003C3307F124021146184603F067FB7B68B9
:106D60009B6803F5814338337A68928F1146184641
:106D7000FEF78CFA0AE07B689B6803F57A532C33A4
:106D800007F124021146184603F050FB7B680122EC
:106D900083F824207B68002283F832207B6800225D
:106DA00083F83320002387F857300BE097F85730EB
:106DB0007A681344002283F82E2097F85730013365
:106DC00087F8573097F85730022BEFD97B680022AD
:106DD0005A637B6800225A617B689B6803F5804098
:106DE00078307B6893F8243019B201230293012391
:106DF00001930123009303230022F5F7B7FD3B6DB8
:106E000003F5865316337A6802F126017A681279FF
:106E10001846ECF76DFC7B680022DA877B689B687C
:106E200003F5804038307B68DB8F19B27B68B3F89C
:106E300040301BB2002202920522019201220092F0
:106E40000022F5F793FD7B689B6803F54D531833DB
:106E50003021184602F07AFCF864F86CE9F7E4F99E
:106E6000034687F8563097F85630132B02D9132370
:106E700087F8563097F8564007F1300318461BF054
:106E8000D2FB07F1300307F10C002246F96C1BF02E
:106E9000C5FE07F1300318461BF0C7FB07F10C03D2
:106EA000264918461BF04EFE7B681B79022B15D035
:106EB0007B681A7907F13403396D1846EAF77EFFCB
:106EC00007F1340207F10C03114618461BF020FEAF
:106ED00007F1340318461BF06AFC0FE07B689B68DF
:106EE00003F54D5318335921184602F02FFC024682
:106EF00007F10C03114618461BF024FE7B689B68C3
:106F000003F54B5334331846F1F728FE7B689B6832
:106F100003F54B54343407F10C0318461BF016FEEE
:106F2000034619462046F2F717FC07F10C031846F2
:106F30001BF03DFC5C37BD4690BD00BF54430308C9
:106F400090B58FB002AFF860B9601346FB71BB68B3
:106F500006331A88734B1B889A4204D9BB680633E0
:106F6000704A12881A80C8237B62FB79032B75D87C
:106F7000FB7987F82F3026E097F82F3001335B003C
:106F8000BA6813441B88194697F82F305B00BA681B
:106F900013441B88CB1AFB61FB69C72B0EDC97F8E7
:106FA0002F305B00BA6813441A8897F82F300133EA
:106FB0005B00B9680B44C83292B21A8097F82F3040
:106FC000013387F82F3097F82F30022BD4D9BB68C4
:106FD00006331A88534B1B889A4204D9BB68063380
:106FE000504A12881A80032387F82E3032E097F92E
:106FF0002E305B00BA6813441B88194697F92E306F
:1070000003F10043013B5B00BA6813441B88CB1AB1
:107010003B623B6AC72B17DC97F92E305B00BA68DE
:1070200013441B88C83BBB62BB6A002B01DA0023F8
:10703000BB6297F92E3003F10043013B5B00BA6855
:107040001344BA6A92B21A8097F82E30013BDBB231
:1070500087F82E3097F92E30002BC8DCFB689B6830
:1070600003F5825308331846EAF74EFA0346002B1D
:107070000BD0FB6893F82E30002B06D0FB6893F8FA
:107080003030002B01D0012300E00023002B44D03E
:10709000FB689B6803F586531633FA681279002162
:1070A0001846ECF7D9F903467B83FB689B6803F528
:1070B00086531633FA68127902211846ECF7CCF998
:1070C00003463B83FB689B6803F586531633FA68D7
:1070D000127903211846ECF7BFF90346FB82F88AC0
:1070E000798B3A8BBB681B881C46BB6806331B88B0
:1070F0000093234604F066FB0246BB68063392B257
:107100001A80BB6806331A88064B1B889A4204D93A
:10711000BB680633034A12881A8000BF3437BD4665
:1071200090BD00BF9C53030880B588B000AFF860E5
:10713000B9607A60BB6803F582530833FA68127944
:1071400007F114001946ECF77BF87B68043307F16C
:1071500014021146184603F069F900BF2037BD46F6
:1071600080BD00002DE9F0419AB006AF78607B68E1
:107170009B68BB647B689B6803F5804378337B64C2
:107180007B681846FEF732F93864786CF5F72AFC0C
:107190000346FB87786CF5F700FD034687F83D3022
:1071A000786CF5F7E9FC03467B87B7F93A30002B9A
:1071B00037D07B6893F83330002B2AD03B6C1B68A8
:1071C00018331B68FA8F1146386C98477B68002289
:1071D00083F83220B7F93A30002B11DA7B689B6BC9
:1071E000002B06D13B6C1B6810331B680021386CE8
:1071F000984706F005FA034603F5FA727B689A632E
:1072000006F0FEF9034603F59C5308337A6853638E
:1072100004E0FB8FDAB27B6883F824207B680022CD
:107220005A617B689B681846F7F726FF03463B8741
:1072300097F83D30012B40F0B6807B6893F83330EF
:10724000002B70D03B6C1B6810331B680021386C1E
:1072500098477B6893F83230002B4ED07B68002231
:1072600083F832203B6C1B681C331B68386C9847D2
:1072700003467B867B6893F8243087F8313097F893
:1072800031307A6810335B0013447A8EDA8097F8D5
:1072900031307A681344012283F82E20002387F8C6
:1072A0004F3013E097F84F3097F84F20796810333C
:1072B0005B000B44D988530050333B440A4623F803
:1072C000342C97F84F30013387F84F3097F84F3010
:1072D000032BE7D997F8312007F11C03194678688A
:1072E000FFF72EFE3B8F5AB27B681B7907F11C011A
:1072F00000200090B86CEBF7D7F97B68002283F888
:1073000033207B6893F82430FB87B7F93E100123C4
:107310000293012301930123009303230022786C3D
:10732000F5F724FB38E07B68012283F83320FB8FDC
:107330007A6810335B001344DB88BB86B7F93410DE
:107340009D4B1B881AB2BB8E40F2DC50834201D9A0
:10735000052300E0012300200290322001900093D9
:1073600013466422786CF5F701FB3B6C1B681833FD
:107370001B68BA8E1146386C98473B6C1B681033FB
:107380001B680121386C984706F03AF9034603F56B
:107390001C5310337A6853637B6800225A617B6800
:1073A00000229A6390E097F83D30022B40F08C80E9
:1073B0003B6C1B6810331B680021386C9847BB6C12
:1073C00003F5825308331846EAF79EF80346002B6C
:1073D00007D07B689A8D7B685B8D9A4201D201232E
:1073E00000E00023002B05D07B685B8DC8339AB288
:1073F0007B689A8507F10C031846EAF76FFA7B68F9
:10740000DB8CBB817B681B8DFB817B685B8D3B824A
:107410007B689B8D7B82BB6C03F58653163307F12B
:107420000C0211461846ECF715FA0346002B41D022
:107430007B6819797B6803F126023B8F5BB200936E
:107440000323B86CEAF757FD034687F837307B68AB
:1074500003F126013B8F5AB27B68187997F83730D1
:1074600000930346B86CEBF71FF93A6CB96C786877
:10747000FFF75AFE7B689B6803F54B53343318467D
:10748000F3F710FB97F83730002B08D07B689B6828
:1074900003F5844358331846E9F7E2FE07E07B68BA
:1074A0009B6803F5844358331846E9F71BFF7B6854
:1074B0001B6AA3E17B689B6803F584435833184635
:1074C000E9F710FF7B6899E17B689B6803F58043CF
:1074D00038331846F5F761FB034687F8303097F8E4
:1074E0003030022B20D17B689B6803F584435833EE
:1074F0001846E9F7F7FE3A6CB96C7868FFF714FEA6
:107500007B681B791946B86CEAF7E8FA024607F17E
:1075100008031068186007F108031946B86CEAF709
:1075200084FA7B681B6A69E17B681B79022B5DD05A
:107530007B6893F8333083F00103DBB2002B55D026
:107540007B689B6803F5804338331846F5F74AFAA1
:107550000346FB857B689B6803F5804338331846F8
:10756000F5F70AFB0346002B14BF01230023DBB20F
:10757000002B0ED07B68FA8DDA873B6C1B683033AA
:107580001B687A68D28F1146386C98477B68002256
:107590005A6197F83030012B28D17B68DB8F002BA4
:1075A0000CD07B680022DA873B6C1B6810331B68A9
:1075B0000021386C984716E09C5303087B689B6851
:1075C00003F5804338331846F5F70CFA03469AB2B0
:1075D0007B68DA873B6C1B6830331B687A68D28F14
:1075E0001146386C98477B6800225A6106F008F80B
:1075F00002467B685B699A4234BF01230023DBB2F9
:10760000002B01D07B68F9E005F0FAFF034603F593
:10761000FA727B685A617B689B6B002B08D005F07F
:10762000EFFF02467B689B6B9A4201D9012300E081
:107630000023002B09D07B6800229A633B6C1B68F7
:1076400010331B680121386C98477B685B6B002BFB
:1076500011D005F0D5FF02467B685B6B9A420AD9D0
:10766000386CEFF7F5FF034683F00103DBB2002B24
:1076700001D0012300E00023002B06D03A6CB96C46
:107680007868FFF751FD0023B8E03B6C1B681433AA
:107690001B68386C98470346BB853B6C1B681C33E2
:1076A0001B68386C984703467B853B6C1B6820330E
:1076B0001B68386C9847034687F829303B6C1B6879
:1076C0002C331B68386C98470346FB847B681B7916
:1076D000022B01D0C82300E02823BB847B6893F8E9
:1076E0003330002B36D0BA8D7B8DD31A002BB8BF28
:1076F0005B42102B2EDCFA8CBB8C9A422AD897F86E
:107700002930002B26D07B6893F8323083F00103B8
:10771000DBB2002B0CD07B685B6B002B08D005F034
:107720006FFF02467B685B6B9A4201D9012300E040
:107730000023002B0ED07B689B6803F584435833ED
:107740001846E9F78DFD7B68012283F832207B68BB
:1077500000225A63BB8DA7F84C307B6893F8333016
:1077600083F00103DBB2002B09D07B6893F824304F
:107770007A6810335B001344DB88A7F84C307B68D1
:107780009B6803F54B543434BB6C03F586531633B6
:107790007A6892F824107A6812791846EBF75CFE42
:1077A00003469846BB6C03F5825308331846E9F745
:1077B00099FE03463B607B6893F833307A6892F811
:1077C0003220796891F8241008467968014491F8CC
:1077D0002E107868C08FB7F84C607D8D05900491AD
:1077E0000392029397F8293001933B680093334644
:1077F0002A4641462046F2F71DFF7B68184650375F
:10780000BD46BDE8F08100BF80B588B004AF7860A8
:107810007B689B6803F54B533433FB607B689B6844
:1078200003F580437833BB60F868F3F749F9034602
:107830001A467B6883F830200123029301230193C9
:1078400001230093022300220021B868F5F78EF887
:107850007B6800225A627B68002283F82C207B68B8
:10786000002283F82D207B68002283F82E207B687D
:1078700003225A867B6800225A617B68012283F8C2
:107880002F207B6800229A6200BF1037BD4680BD62
:1078900090B597B004AF78607B689B6803F54B5355
:1078A00034333B647B689B68FB637B689B6803F5B0
:1078B00080437833BB637B681846FDF797FD786398
:1078C0007B6893F8303083F00103DBB2002B0AD0E1
:1078D0007B689B6803F5844358331846E9F702FD3B
:1078E0007B681B6A34E27B689B6803F5804338330E
:1078F0001846F5F752F90346002B14BF0123002365
:10790000DBB2002B0DD07B68002283F82E207B6B2E
:107910001B6810331B687A6892F82E201146786B2A
:107920009847B86BF5F75EF803467B86B86BF5F7BA
:1079300034F9034687F83130786BEFF789FE034658
:1079400083F00103DBB2002B22D07B681B79022B72
:1079500001D00023FCE17B689B6A002B13D005F06B
:107960004FFE02467B689B6A9A420CD97B689B68F3
:1079700003F5814338331846EFF7B4FE0346002B76
:1079800001D0012300E00023002B01D00023DFE120
:1079900097F83130002B04D17B685B8E7A8E9A4247
:1079A00002D07B6800225A6105F02AFE02467B68FD
:1079B0005B6A9A422CBF01230023DBB2002B29D043
:1079C00005F01EFE034603F164027B685A627B6B7E
:1079D0001B681C331B68786B984703461C467B6BFF
:1079E0001B6814331B68786B98470346E31A9BB2F5
:1079F000FB857B6B1B682C331B68786B98470346B1
:107A0000BB623B6C5433BA6A92B2B7F92E10184677
:107A1000F6F712FA05F0F4FD02467B685B699A42BC
:107A200034BF01230023DBB2002B01D07B688FE140
:107A30007B681846FDF7DAFC0346002B01D00433BF
:107A400000E000237B627B6893F82D30002B00F070
:107A5000B88005F0D5FD034603F164027B685A61E6
:107A600097F83130012B18D17B68002283F82D2044
:107A70007B6893F82C3019B2012302930123019300
:107A80000123009302230022B86BF4F76FFF7B6899
:107A9000012283F82F207B685AE197F83130022BBE
:107AA00056D17B6893F82E3083F00103DAB27B68FD
:107AB00083F82E20FB6B03F5825308337A68127922
:107AC00011461846EBF77DF903463B847B689B68BB
:107AD0001846F7F7D1FA0346FB837B681B79B7F9A1
:107AE0001E20398C00200090F86BEAF74DF8034611
:107AF0003B847B6B1B6818331B683A8C1146786B90
:107B000098477B6B1B6810331B687A6892F82E20AD
:107B10001146786B98477B6893F82E30002B0FD076
:107B20003B6C54331846FDF7CBFB7B681B79022B6B
:107B300006D105F065FD034603F5FA627B689A629B
:107B40007B689B6803F5844358331846E9F788FB44
:107B50007B6893F82F30002B0CD07B68002283F8D1
:107B60002F20386CF0F7FAFF7B4B7C4A7C49386C4D
:107B7000F3F732F87B685B8E7A8E9A421DD07B6871
:107B80007A8E5A867B6893F82C300133DBB27A8E7A
:107B90001946786A02F0BCFC7B6893F82C307A8E28
:107BA0001946386CF3F764F905F02AFD034603F52E
:107BB0007A727B685A617B68CAE0386CF3F7D8F94F
:107BC000C5E005F01DFD034603F57A727B685A6136
:107BD0007B685B8E7A8E9A4207D07B687A8E5A8653
:107BE0007B8EDAB27B6883F82C2097F83130012B3A
:107BF0004CD17B68012283F82D207B8EDAB27B6822
:107C000083F82C2000237B847B8EDBB20133DBB234
:107C10004FF0FF321946786A02F07AFC03467B8403
:107C2000012387F847300A2387F846307B8E002BE4
:107C300002D07B8E022B05D10A2387F847306423BC
:107C400087F846307B68002283F82E207B6B1B6808
:107C500010331B687A6892F82E201146786B98478B
:107C6000B7F922100023029397F84630019397F852
:107C70004730009347F230530022B86BF4F776FE9A
:107C80007B68012283F82F207B6861E097F8313010
:107C9000022B27D1786800F065F80346002B16D038
:107CA00007F10C03796A1846FDF76AFA7B681A79BE
:107CB00007F10C031946F86BEAF7B9F87B689B6883
:107CC00003F5844358331846E9F7CAFA07E07B689E
:107CD0009B6803F5844358331846E9F703FB7B6838
:107CE0001B6A35E07B6893F82F30002B06D07B6849
:107CF000002283F82F20386CF0F730FF002387F83C
:107D0000453017E097F845300133DBB24FF0FF32D2
:107D10001946786A02F0FCFB024697F8453092B2A9
:107D20005B0048333B4423F8302C97F8453001334F
:107D300087F8453097F84530022BE3D97B6893F8F4
:107D40002C2007F118031946386CF3F75FFB7B68AA
:107D500018464C37BD4690BD58430308604303089E
:107D60006443030880B58AB004AF78607B689B6881
:107D700003F580407830012302930123019301230E
:107D80000093012300220021F4F7F0FD7B689B683B
:107D900003F54B5334331846F0F7E0FE7B689B68DD
:107DA00003F5844358331846E9F75AFA7B689B6811
:107DB00003F581433C337B617B681B79022B05D043
:107DC0007B689B6803F57A532C337B610023FB743B
:107DD00013E0FB7C0133DBB24FF0FF3219467869C8
:107DE00002F096FB0246FB7C92B25B0018333B44E8
:107DF00023F80C2CFB7C0133FB74FB7C022BE8D9B1
:107E00007B689B6803F54B53343307F10C01032265
:107E10001846F3F7FBFA7B689B6803F54D53043370
:107E20001846F0F72FFD0346002B02D0052005F081
:107E3000F1FB7B689B6803F5804378331846F4F7C1
:107E4000D1FD0346BB747B689B6803F580437833A0
:107E50001846F4F7A2FE0346002B14BF01230023AB
:107E6000DBB2002B06D0BB7C002B0CBF0123002310
:107E7000DBB211E07B689B6803F54B503430BB7C70
:107E8000002B0CBF01230023DBB2002200929622BC
:107E90005C21F3F719FDBEE718461837BD4680BDD3
:107EA00080B582B000AF78607B689B6803F54B5368
:107EB00034331846F3F79EFB00BF0837BD4680BD3C
:107EC00090B58DB004AF78607B689B6803F54B5329
:107ED0003433FB617B689B6803F5825308337A680F
:107EE000127907F108001946EAF70EFF7B68184679
:107EF000FDF77CFAB861BB69043307F1080211464B
:107F0000184602F093FAF869F2F7DAFD7B681B79FC
:107F1000002B07D17B683C229A847B6841F288322F
:107F20009A6237E07B681B79022B2CD17B684FF477
:107F3000FA729A847B6844F620629A627B689B6836
:107F400003F5814338331846EFF782FB034683F08D
:107F50000103DBB2002B1DD07B689B6803F58143D6
:107F6000383301211846F6F75DF94FF47A7005F0C1
:107F700051FB7B689B6803F5814338330021184629
:107F8000F6F750F906E07B6832229A847B6844F663
:107F900020629A627B689B6803F5825308337A6893
:107FA000127911461846EAF70CFF0346FB827B68FC
:107FB0009B681846F7F760F80346BB827B689B68AE
:107FC0001C467B681B79B7F91420F98A00200090C1
:107FD0002046E9F7D9FD03461A467B68DA877B68B5
:107FE0009B6803F5804078307B68B3F85C301BB247
:107FF000002202920A220192012200920022002114
:10800000F4F7B4FC7B6800221A637B68FA22A3F8B9
:1080100046207B6800229A637B68002283F8482010
:10802000F869F0F79BFD0A4B0A4A0B49F869F2F729
:10803000D3FD7B6800225A617B680022DA647B688A
:10804000002283F8522000BF2437BD4690BD00BFF8
:1080500070430308604303087443030890B597B066
:1080600002AF78607B689B6803F54B533433BB6485
:108070007B689B6803F5804378337B647B68184694
:10808000FDF7B4F93864786CF4F787FD034687F898
:108090004F3097F84F30002B02D07B6800225A6196
:1080A0007B68DB6C002B08D005F0AAFA02467B68DF
:1080B000DB6C9A4201D9012300E00023002B02D09F
:1080C0007B680022DA647B6893F84830002B0ED07E
:1080D0007B68DB6C002B0AD1386CEFF7B9FA0346EA
:1080E00083F00103DBB2002B01D0012300E0002369
:1080F000002B14D07B681B79022B02D0002300F0E8
:10810000EEBC7B689B6803F5814338331846EFF774
:10811000E9FA0346002B02D0002300F0E0BC05F092
:108120006FFA02467B681B6B9A422CBF0123002327
:10813000DBB2002B25D03B6C1B681C331B68386CF2
:10814000984703461A467B68DB8FD31A9BB2FB879E
:108150003B6C1B6824331B68386C98470346BB870D
:1081600005F04EFA02467B68B3F846301A447B6845
:108170001A63BB6C5433BA8FB7F93E101846F5F743
:108180005BFE786CF4F72EFC03467B87786CF4F783
:10819000F3FC0346002B14BF01230023DBB2002BAA
:1081A00018D07B6893F84830002B06D1012387F85C
:1081B0004F307B6800225A610CE07B6893F84830AE
:1081C000012B07D13B6C1B6830331B687A8F11463B
:1081D000386C984705F014FA02467B685B699A424E
:1081E00034BF01230023DBB2002B02D07B6800F0F8
:1081F00076BC05F005FA034603F5FA727B685A610E
:108200003B6C1B681C331B68386C984703463B87E4
:108210003B6C1B6828331B68386C984703467B63AC
:108220003B6C1B682C331B68386C984703463B63D8
:108230003B6C1B6824331B68386C98470346FB6211
:1082400097F84F30012B40F0F4807B68FA22A3F8B6
:1082500046207B6893F84830002B44D17B6801228C
:1082600083F8482005F0CCF902467B681B6E1A445F
:108270007B68DA643B6C1B6814331B68386C984766
:1082800003461A467B68DA877B68DB8F4FF4C86247
:1082900040F24C41184603F021FB03469AB27B683A
:1082A000DA87BB6C54331846FDF70AF83B6C1B6841
:1082B00030331B687A8F1146386C98479849B86CF0
:1082C000F3F742F905F09CF978627B689A6D7B6A56
:1082D0001A447B685A617B6800229A637B6800229B
:1082E0005A637B68FBE37B6893F84830012B5ED1CF
:1082F000B7F938307A68D28F934240F3C5807B68F3
:10830000DB8F9A1DB7F938309A42C0F2BD803B6BC3
:10831000042B00F2B980FB6A002B40F3B580FB6AA6
:108320000A33804A82FB0312D210DB17D31A9AB2A7
:10833000FB6A9BB213449AB27B689A873B6C1B68BA
:1083400030331B687A68928F1146386C98477649AB
:10835000B86CF3F7F9F87B689B6803F584435833EE
:108360001846E8F77DFF05F04BF9B8627B689A6D17
:10837000BB6A1A447B685A617B689A6ABB6A1A4472
:108380007B685A63BB6A03F52F3303F548737A6839
:1083900093637B68022283F848207B680022A3F85D
:1083A00040207B68002283F82C207B6897E33B6C9D
:1083B0001B6810331B680021386C98477B6893F862
:1083C0004830052B0DD17B68B3F85030082B08D905
:1083D000396C786800F094FB0346002B01D0012330
:1083E00000E00023002B12D07B68DB69002B0ED04D
:1083F0007B68DA697B681B7919461046FAF784FDB9
:108400007B68012283F852207B68DB6967E37B6825
:10841000002283F848204549B86CF3F795F805F039
:10842000EFF802467B689B6D1A447B685A617B6853
:1084300055E397F84F30022B26D17B681B6A002B3F
:1084400022D07B689B6803F5825308337A681279DF
:1084500007F108001946EAF7F3FE3B6C043307F115
:1084600008021146184601F0E1FF7B681A6A7B6832
:108470001B7919461046FAF747FD7B68012283F8FD
:1084800052207B681B6A2AE37B689B69002B0CD017
:108490007B689B6803F5804338331846F4F77DFB0F
:1084A0000346002B01D0012300E00023002B02D063
:1084B0007B689B6913E37B685C6B05F0A1F803465E
:1084C0009C4294BF01230023DBB2002B00F0D78233
:1084D0007B6893F84830023B032B00F2C78201A26D
:1084E00052F823F0F5840108738701080988010810
:1084F00021890108002387F84E307B68B3F84030AB
:10850000002B15D13A8F7B68A3F8402005F078F84E
:10851000034603F57A727B685A637B68DFE200BF2B
:10852000804303086766666688430308944303082C
:1085300005F066F8034603F57A727B685A637B6838
:1085400093F82C30032B50D0B7F938307A68D28F9B
:1085500093424ADA7B68B3F840301A46B7F93830AC
:108560009A4242DD7B681B79022B15D03B6C1B685D
:1085700034331B68386C984703461A469F4BA3FB5D
:1085800002235B099BB219467B689A8F8BB2134416
:108590009AB27B689A8705E07B689B8F01339AB219
:1085A0007B689A873B6C1B6830331B687A68928FB4
:1085B0001146386C9847012387F84E3005F020F8B3
:1085C00002467B689B6A1A447B685A637B6893F80F
:1085D0002C30012B04D17B68032283F82C2059E036
:1085E0007B68022283F82C2054E07B6893F82C30BF
:1085F000032B4FD0B7F938307A68D28F934249DDD8
:108600007B68B3F840301A46B7F938309A4241DAFD
:108610007B681B79022B15D03B6C1B6834331B68BD
:10862000386C984703461A46744BA3FB02235B0938
:108630009BB219467B689A8F8BB2D31A9AB27B6829
:108640009A8705E07B689B8F013B9AB27B689A878B
:108650003B6C1B6830331B687A68928F1146386C0C
:108660009847012387F84E3004F0CAFF02467B6822
:108670009B6A1A447B685A637B6893F82C30022B00
:1086800004D17B68032283F82C2003E07B6801225D
:1086900083F82C203A8F7B68A3F8402097F84E305F
:1086A000002B01D07B681AE27B68B3F84030002BC6
:1086B00000F0DE817B689B8C1A467B6B934200F254
:1086C000D7817B6893F82C30032B0AD0B7F9383068
:1086D0007A68D28F9B1A002BB8BF5B42132B00F332
:1086E000C7813A8F7B68DA877B689B8F9B089AB239
:1086F0007B68A3F84420BB6C54331846FCF7E0FDBC
:108700003F49B86CF2F720FF3B6C1B6830331B68A5
:108710007A68918F7A68B2F844200A4492B211467E
:10872000386C98477B689B6803F584435833184638
:10873000E8F796FD04F064FF78617B689A6D7B69C9
:108740001A447B685A617B6903F59C4320337A683D
:1087500053637B68032283F848207B6800229A6376
:108760007B689B8C952B02D87B6896229A847B68C9
:10877000B5E17B689B8C1A467B6B934200F27A8151
:108780003B6B042B00F276813A8F7B68DB8FD31A28
:108790009AB27B68A3F842201A49B86CF2F7D4FE6B
:1087A0003B6C1B6830331B687A68918F7A68B2F82B
:1087B00044208A1A92B21146386C98477B689B68AD
:1087C00003F5844358331846E8F74AFD04F018FFD0
:1087D000B8617B689A6DBB691A447B685A61BB6952
:1087E00003F51C4340337A6853637B68042283F8A3
:1087F00048207B6800229A637B6870E11F85EB51FB
:108800009C430308A8430308B7F938207B68DB8F33
:1088100019467B68B3F84230CB1A9A4280F22C8119
:108820007B689B8C1A467B6B934200F225813B6BE5
:10883000042B00F221817B680022A3F850207B6882
:10884000DA8F3B8FD31AFB837B68B3F84230FA8B05
:108850009A4203D27B68FA8BA3F842207B68B3F874
:1088600042305B009AB27B68A3F842207B68B3F881
:1088700042309D4AA2FB03235B089AB27B68A3F8AF
:1088800042207B68B3F842207B68B3F854309A42A8
:1088900005D27B68B3F854207B68A3F842207B683C
:1088A0001B79022B0DD07B68B3F842207B68B3F8AC
:1088B00054309A4205D97B68B3F854207B68A3F8FA
:1088C00042203B6C1B6838331C687B68998F7B683F
:1088D000B3F844207B68D88F7B68B3F842300093AC
:1088E0000346386CA0477B689B6803F58443583384
:1088F0001846E8F7CBFC7D49B86CF2F725FE04F08A
:108900007FFE02467B689B6D1A447B685A617B68D8
:10891000052283F848207B6800229A637B68DEE0AA
:108920003B6C28331846FCF73DFC03461A467B682F
:10893000B3F850309A428CBF01230023DBB2002BE6
:1089400000F09C803B6C28331846FCF72BFC034658
:108950001A467B68A3F850207B68B3F85030032B8D
:108960004BD97B68B3F850300B2B27D83B6C28339E
:108970001846FCF724FC03467B847B8CFA337B840B
:108980007B8C5B4AA2FB03121209FA2101FB02F263
:108990009B1A9BB27A8CD31A7B847B8C554AA2FBA0
:1089A00003239B099BB24FF4FA623221184602F06E
:1089B00095FF03469AB27B68A3F846203B6C2833A8
:1089C0001846FCF7FCFB03463B843B8C32334A4A97
:1089D00082FB03125211DB17D31A40F2E732002157
:1089E000184602F07BFF03463B847B68B3F85020B7
:1089F0003B8C1946B86CF2F7CBFD7B68B3F850306E
:108A0000172B0CD87B68B3F850300F2B09D93B6C6F
:108A10002833184602F06AF80346002B01D00123E0
:108A200000E00023002B29D03B6C1B6810331B682F
:108A30000021386C9847396C786800F061F87B68E1
:108A4000002283F848207B68DB69002B16D07B6806
:108A5000DA697B681B7919461046FAF755FA7B6884
:108A6000012283F852207B68DB6938E000BF06E012
:108A700000BF04E000BF02E000BF00E000BF7B6871
:108A80009B6B002B08D004F0BBFD02467B689B6B00
:108A90009A4201D9012300E00023002B1BD03B6C3C
:108AA0001B6810331B680021386C98477B680022D4
:108AB00083F848201149B86CF2F746FD04F0A0FD98
:108AC00002467B689B6D1A447B685A617B68002272
:108AD0009A637B6803E0B86CF2F74AFA7B68184641
:108AE0005437BD4690BD00BFABAAAAAAB443030841
:108AF000D34D6210CDCCCCCC1F85EB5194430308F1
:108B0000F0B585B000AF786039603B68283318460F
:108B1000FCF771FB03461C463B6828331846FCF7FC
:108B20005BFB0346E31A0133DA0F13445B10FB606F
:108B3000FB6803FB03F37A68B2F8422011467A68B7
:108B4000B2F8422001FB02F29B1ABB60BB68002B0B
:108B50001ADD3B681C1D7B68B3F84450BE683B6857
:108B600028331846FCF72BFB03463246294620469D
:108B700001F002FD7B689B6803F584435833184677
:108B8000E8F76EFB012300E0002318461437BD46CA
:108B9000F0BD80B582B000AF78607B6893F852304A
:108BA00083F00103DBB2002B07D07B689B6803F5E1
:108BB0004B5334331846F2F71DFD00BF0837BD464E
:108BC00080BD80B586B004AF78607B689B6803F594
:108BD0008040783000230293012301930123009306
:108BE000012300220021F3F7C1FE7B6893F82430B3
:108BF000002B08D07B689B6803F5844358331846E4
:108C0000E8F770FB07E07B689B6803F58443583303
:108C10001846E8F725FB7B689B6803F54B53343314
:108C20001846EFF79BFF7B689B6803F54B50343089
:108C30007B6893F824107B6893F825206423F2F76F
:108C4000FAFC7B6893F82630002B0DD07B689B687C
:108C500003F54B5034307B6803F12601AA230093BF
:108C6000C8233222F3F7B6F97B6800225A6100BFAD
:108C70000837BD4680BD80B584B000AF78607B68A2
:108C80009B6803F5804378331846F3F786FF034665
:108C9000FB73FB7B022B06D17B68642283F82520C3
:108CA0007B681B6A1AE0FB7B002B0AD17B689B6800
:108CB00003F5804338331846F3F76FFF0346002B64
:108CC00001D0012300E00023002B06D07B68642242
:108CD00083F825207B689B6900E07B681846103785
:108CE000BD4680BD80B584B000AFF8607B600B46A8
:108CF000FB721346BB72FB68BA7A83F82420FB68C8
:108D0000FA7A83F825207B68002B07D0FB6826338E
:108D10001322796818461AF0BBFB03E0FB680022B7
:108D200083F8262000BF1037BD4680BD80B586B0D1
:108D300004AF78607B689B6803F58040783000233F
:108D400002930123019301230093012300220021B8
:108D5000F3F70CFE7B6814211846FCF739FB7B689F
:108D60001846FCF71CFB7B689B6803F54B533433B8
:108D70001846EFF7F3FE7B6800225A6100BF083700
:108D8000BD4680BD80B584B000AF78607B689B68CD
:108D900003F54B533433FB607B689B6803F58043DA
:108DA00078331846F3F7F9FE0346FB72FB7A012B82
:108DB00002D17B689B6935E0FB7A022B02D17B688C
:108DC0001B6A2FE07B689B6803F5804338331846A5
:108DD000F3F7E3FE0346FB72FB7A012B02D17B68BB
:108DE0009B691FE0FB7A022B02D17B685B6A19E06A
:108DF00004F006FC02467B685B699A4234BF01239B
:108E00000023DBB2002B01D07B680BE004F0F8FB01
:108E1000034603F56A4360337A685361F868F2F7F2
:108E200059FE7B6818461037BD4680BD90B587B0A7
:108E300004AF78607B689B6803F5804038307B68BE
:108E40005B8D1BB2002202920A2201920222009242
:108E500000220021F3F78AFD7B689B6803F58040C0
:108E600078307B689B8D19B27B689B8D1AB27B68CA
:108E7000DB8D1BB2002402940A2401940524009483
:108E8000F3F774FD7B689B6803F54B533433184646
:108E9000EFF764FE7B689B6803F54B533433094955
:108EA0001846F0F759FC7B68002283F828207B687D
:108EB000002283F829207B6800225A6100BF0C370A
:108EC000BD4690BDC44303082DE9F04196B008AFFC
:108ED00078607B689B6803F54B5334333B637B6856
:108EE0009B6803F57A532833FB627B689B6803F524
:108EF00081433833BB627B689B6803F5804338331A
:108F00001846F3F76FFD0346FB847B689B8CFA8C55
:108F10009A4211D07B68FA8C9A847B6800225A614D
:108F20007B68012283F82920FB6A1B6830331B68A9
:108F3000FA8C1146F86A98477B689B6803F5804372
:108F400038331846F3F729FE0346002B14BF0123DC
:108F50000023DBB2002B1DD07B6893F8293083F00F
:108F60000103DAB27B6883F829207B6893F8293003
:108F7000002B08D0FB6A1B6830331B68FA8C114643
:108F8000F86A984706E0FB6A1B6810331B680021EB
:108F9000F86A98477B689B6803F5804378331846E6
:108FA000F3F720FD0346FB847B68DB8CFA8C9A4246
:108FB00017D07B68FA8CDA847B6800225A617B6860
:108FC00093F82830002B05D0FB8C1946B86AFCF7C3
:108FD0005DF906E0BB6A1B6830331B680021B86A84
:108FE0009847BB6A0121184602F0F7FC0346002BA4
:108FF0001CD07B6893F8283083F00103DBB2002B90
:1090000024D07B68DB8C1946B86AFCF73FF9BB6A51
:109010001B6830331B687A6892F830201146B86AB2
:1090200098477B68012283F828200FE07B6893F83B
:109030002830002B0AD0BB6A1B6830331B68002124
:10904000B86A98477B68002283F828207B689B6871
:1090500003F5804378331846F3F79FFD0346022B50
:109060000CBF01230023DBB2002B02D07B681B6AFC
:1090700016E104F0C5FA02467B685B699A4234BF88
:1090800001230023DBB2002B01D07B6808E104F050
:10909000B7FA034603F2EB127B685A617B6893F8D8
:1090A0002930002B02D07B689B8C00E00023BB8121
:1090B0007B68DB8CFB817B689B6803F57A532833E4
:1090C0001846FCF7A7F803463B82BB6A1846FCF734
:1090D000A1F803467B827B689B6803F57A532833AB
:1090E0001846FCF7C6F80346BB82BB6A1B681C33F4
:1090F0001B68B86A98470346FB82FB6A1846FCF770
:1091000099F803463B83ECF767FC03467B83FB6AD5
:109110001B6828331B68F86A9847034640F2E73219
:109120000021184602F0DAFB03469BB2BB83BB6A00
:109130001B6828331B68B86A9847034640F2E73239
:109140000021184602F0CAFB03469BB2FB837B68F2
:109150009B681846FCF7DDF803463B84ECF730FCCF
:109160000346002B09D07B8BA3F57A73002BB8BF85
:109170005B42312B01DC012300E0002387F825301E
:1091800097F8253083F00103DBB2002B05D07B8BF1
:10919000B3F57A7F01D100237B837B689B6803F55D
:1091A0007A5328331846EAF7D6FD0346012B0CBF45
:1091B0000123002387F8243097F82430002B0ED0A9
:1091C0007B689B6803F57A5328331846FCF742F80E
:1091D0000346002B14BF01230023DBB200E0002371
:1091E00087F823307B689B6803F57A532833002186
:1091F000184602F0F2FB034687F8373097F8243020
:10920000002B0DD07B689B6803F57A53283301212E
:10921000184602F0E2FB034683F0010387F837307B
:109220003C6B7B6893F82950BB6A0121184602F019
:10923000D4FB034698467B689B6803F57A53283332
:109240001846EEF705FA03461E46BB6A1846EEF7C7
:10925000FFF903463B607B689B6803F58143383325
:109260000121184602F0B9FB034683F00103DBB28B
:1092700007F10C0197F82520069297F82320059214
:1092800097F83720049297F82420039202933B68C2
:109290000193009643462A462046F2F7CFFC7B68AE
:1092A00018463837BD46BDE8F08180B586B004AFBA
:1092B00078607B68022283F828207B689B6803F52E
:1092C000804078300123029301230193012300930E
:1092D000012300220121F3F749FB7B689B6803F51A
:1092E0004B5334331846EFF739FC7B689B6803F522
:1092F0004B53343350211846F0F718FA7B689B68BB
:1093000003F54D53043350211846EBF788FA7B6878
:109310009B6803F54D5304331846EFF7A3FA00BFDB
:109320000837BD4680BD80B586B002AF78607B68E7
:109330009B6803F5804378331846F3F753FB0346E5
:10934000FB737B6893F82830FA7B9A4214D07B68D1
:10935000FA7B83F828207B689B6803F54B503430F8
:10936000FB7B002B0CBF01230023DBB20022009209
:1093700064225521F2F7A8FA7B689B6803F58043C5
:1093800078331846F3F709FC0346002B14BF01237A
:109390000023DBB2002B19D0FB7B002B13D17B68A1
:1093A0009B681846F4F73EF9034683F00103DBB2ED
:1093B000002B08D07B68586A002301225721FFF751
:1093C00091FC002303E07B689B6900E07B68184602
:1093D0001037BD4680BD80B586B004AF78607B682D
:1093E000022283F828207B68012283F829207B68E9
:1093F00001225A857B689B681846F3F755FD7B6808
:1094000000229A857B689B6803F5804078300123B1
:1094100002930123019301230093012300220121E0
:10942000F3F7A4FA7B689B6803F54B533433184673
:10943000EFF794FB7B689B6803F54B5334335F2154
:109440001846F0F773F97B689B6803F54D530433B6
:1094500050211846EBF7E3F97B689B6803F54D5301
:1094600004331846EFF7FEF900BF0837BD4680BD4C
:1094700080B586B002AF78607B6893F82930002B06
:109480006FD07B689B6803F5804378331846F3F709
:10949000A9FA0346FB737B6893F82830FA7B9A425B
:1094A00014D07B68FA7B83F828207B689B6803F5DF
:1094B0004B503430FB7B002B0CBF01230023DBB26D
:1094C0000022009264225621F2F7FEF97B689B6825
:1094D00003F5804378331846F3F75FFB0346002B10
:1094E00014BF01230023DBB2002B00F08780FB7B3D
:1094F000002B33D17B68002283F829207B689B688E
:1095000003F54B5334331846EFF728FB7B689B6811
:1095100003F54D53043350211846EBF780F97B686F
:109520009B6803F54D5304331846EFF79BF97B68AE
:109530009B6803F54B5334335F211846F0F7F6F878
:109540007B689B6803F54B5034307B68998D7B6852
:109550005A8D0123F2F77CFD7B6850E07B689B69A4
:109560004DE07B689A8D7B685B8D9A422AD27B683E
:109570009B681A467B689B8D19461046F3F79FFC43
:10958000034683F00103DBB2002B08D07B68586AE6
:10959000002301225221FFF7A5FB00232FE07B6867
:1095A0009B8D01339AB27B689A857B689B6803F533
:1095B0004B5034307B68998D7B685A8D0023F2F7CD
:1095C00047FD1BE07B689B681846F4F72BF80346C1
:1095D00083F00103DBB2002B07D07B68586A0023BD
:1095E00001225721FFF77EFB06E07B68586A0023C3
:1095F00000225321FFF776FB002300E07B6818462A
:109600001037BD4680BD80B584B000AFF860B9604A
:109610007A60B968F86819F0D8FA7968F86819F0CA
:109620007BFA00BFF8681037BD4680BD90B58BB09F
:1096300000AFF860B9607A60002387F8273007F13F
:1096400014031846FBF74BFE0346002B03D00123FF
:1096500087F8273024E007F11803B968184619F095
:1096600077FA07F11C037968184619F071FA07F1C7
:109670001C0207F118031146184600F052F8034681
:109680001C4607F11C03184618F0CFFF07F118031A
:10969000184618F0CAFF002C02D0012387F82730A3
:1096A00097F82730002B2BD0B86819F0B4F804468F
:1096B000786819F0B0F8034623443B62B86819F0A3
:1096C000AEF802463B6A934208D9786819F0A7F8C9
:1096D00002463B6A934201D8012300E00023002B9D
:1096E0000ED0BA680021786819F0BEF90346184612
:1096F00000F022F803461946F86819F039F80CE032
:109700007968B86819F0FEF90346184600F014F8B5
:1097100003461946F86819F02BF8F8682C37BD464F
:1097200090BD80B483B000AF7860396001231846E3
:109730000C37BD4680BC704780B483B000AF786002
:109740007B6818460C37BD4680BC704780B582B038
:1097500000AF78600B46FB70FB78632B2DD87B68DD
:109760001B78002B0FD0FA781346DB009B1A9B0066
:109770007A6813440833184619F04FF80346002B53
:1097800001D0012300E00023002B0CD0FA7813460F
:10979000DB009B1A9B007A6813440833184619F0C3
:1097A000D5F903460AE0FA7879681346DB009B1A7C
:1097B0009B000B4404331B6800E000231846083765
:1097C000BD4680BD90B58DB000AFF860B96013465E
:1097D000FB71F86818F0BEFFFB79632B49D8BB68B2
:1097E0001B78002B0FD0FA791346DB009B1A9B00E5
:1097F000BA6813440833184619F00FF80346002BD3
:1098000001D0012300E00023002B0CD0FA7913468D
:10981000DB009B1A9B00BA68134408331946F868AA
:1098200019F02BF825E0FA79B9681346DB009B1A8A
:109830009B000B4404331C6807F12C03184618F0F6
:10984000F2FE07F12C0207F114032146184619F025
:10985000F9F907F114031946F86818F0AEFF07F19B
:109860001403184618F0A3FF07F12C03184618F04C
:10987000DCFE00BFF8683437BD4690BD80B485B0CB
:1098800000AF78600B46FB700023FB73FB783A2B2C
:1098900000F2918001A252F823F000BF89990108DB
:1098A000B7990108B7990108B7990108B799010854
:1098B000B7990108B7990108B7990108B799010844
:1098C000B79901088F990108B7990108B79901085C
:1098D000B7990108B7990108B7990108B799010824
:1098E000B7990108B7990108B7990108B799010814
:1098F000B7990108B7990108B79901089599010826
:10990000B7990108B7990108B7990108B7990108F3
:10991000B7990108B7990108B7990108B7990108E3
:10992000B7990108B79901089B990108B7990108EF
:10993000B7990108B7990108B7990108B7990108C3
:10994000A1990108B7990108B7990108B7990108C9
:10995000B7990108B7990108B7990108A7990108B3
:10996000B7990108B7990108B7990108B799010893
:10997000AD990108B7990108B7990108B79901088D
:10998000B7990108B39901080923FB7314E00D236B
:10999000FB7311E00A23FB730EE00523FB730BE05E
:1099A0000623FB7308E00423FB7305E00423FB7329
:1099B00002E00423FB7300BFFB7B18461437BD464F
:1099C00080BC704780B586B000AFF860B9607A603F
:1099D0003B600023FB756423BB75386818F0ABFF50
:1099E000034683F00103DBB2002B4BD0404B1B68D6
:1099F0001946386819F0BBF80346002B0CBF012349
:109A00000023DBB2002B02D03F23FB753AE000239A
:109A10007B7534E07B7DFA68134493F8F43A194679
:109A2000FA680B46DB005B1A9B00134404331B6887
:109A30003B613969386819F09AF80346002B0CBF6E
:109A400001230023DBB2002B16D07B7DFA68134480
:109A500093F8F43AFB757B7DFA68134493F8F43A73
:109A60001946F868FFF70AFF03461A46FB7D1344C0
:109A7000DBB20133BB7505E07B7D01337B757B7DFC
:109A8000062BC7D9FB7D3B7528E03A7DF968134664
:109A9000DB009B1A9B000B4404331B681946B86813
:109AA00019F065F80346002B0CBF01230023DBB23D
:109AB000002B10D03A7D1346DB009B1A9B00FA68FE
:109AC000134408337968184618F0D7FEFB68012262
:109AD0001A70012307E03B7D01333B753A7DBB7D66
:109AE0009A42D2D3002318461837BD4680BD00BF26
:109AF0004400002080B582B000AF78607868E6F757
:109B000093FB034618460837BD4680BD80B483B03A
:109B100000AF78607B68B43318460C37BD4680BC14
:109B2000704780B582B000AF786039607B68396873
:109B30001846F6F7B3FD00BF0837BD4680BD80B4B8
:109B400083B000AF786039607B683A68DA6600BF3E
:109B50000C37BD4680BC704790B591B000AF7860BF
:109B600039607B6803F504531C3339681846FFF7E6
:109B7000E6FF7B680122384918460EF0A7FF03462E
:109B8000002B0CBF01230023DBB2002B4BD07B68E2
:109B900003F50053D3F8944107F13C03184618F03D
:109BA00042FD07F13C0207F124032146184619F053
:109BB00049F807F10C0307F124022849184600F080
:109BC00049FB07F12403184618F0F1FD07F13C03A7
:109BD000184618F02AFD7B6803F58154143407F108
:109BE0000C03184618F0B2FF03460122194620461E
:109BF0000EF0ACFF0346002B0CBF01230023DBB2A9
:109C0000002B0BD07B6803F501531C337A6802F5F7
:109C10008152143211461846F6F784FD07F10C0301
:109C2000184618F0C4FD7B6803F501531C33184631
:109C3000F6F75EFE7B6803F50053002283F88C2163
:109C40007B6803F500531A460023C2F8903100BF29
:109C50004437BD4690BD00BFD0430308D44303083A
:109C600090B589B000AF78600B46FB707B6803F558
:109C7000005393F88C31FA789A4235D007F10803F3
:109C8000FA787968184600F0F5F807F108031846E5
:109C900018F051FE0346002B04D0786800F03CF821
:109CA00000241AE0786800F037F8FB7819467868E5
:109CB00000F05AF90346002B0ED0FB78194678685D
:109CC00000F06AFA0346002B06D07B6803F50053C8
:109CD0001A46FB7882F88C31012407F108031846F4
:109CE00018F065FD012C00E000BF2437BD4690BD93
:109CF00080B584B000AF786039603968786800F06A
:109D00006DF80346FB73FB7B19467868FFF7A8FFE5
:109D100000BF1037BD4680BD80B582B000AF78600F
:109D20007B6803F50053D3F89031002B14D07B6887
:109D300003F50053D3F89031184619F08FFA7B6879
:109D400003F500531A460023C2F890317B6803F5EF
:109D50000053002283F88C2100BF0837BD4680BD28
:109D600080B588B000AFF860B9601346FB71BB687E
:109D700003F501531C331846F9F799F80346FB77AE
:109D8000FA79FB7F9A4212D2BB6803F501531C3368
:109D90001846FFF7BBFEB861FB791946B86900F0B9
:109DA00071FA03461946F86818F00FFF10E007F142
:109DB0001403184618F037FC07F114031A46064935
:109DC000F86818F03FFF07F11403184618F02DFC4F
:109DD000F8682037BD4680BDD8430308B0B58AB0C7
:109DE00000AF7860396000247B6803F501531C33B1
:109DF0001846F9F75CF8034687F82630002387F801
:109E000027302BE007F10C0397F8272079681846D4
:109E1000FFF7A6FF07F10C03184618F097FE03465C
:109E200014221946386819F021FB0346002B0CBF99
:109E300001230023DBB2002B03D097F82740002535
:109E400000E0012507F10C03184618F0B0FC012DC5
:109E50000BD197F82730013387F8273097F8272060
:109E600097F826309A42CDD3002423461846283747
:109E7000BD46B0BD80B588B000AFF860B96013468C
:109E8000FB71BB6803F501531C331846F9F70FF853
:109E90000346FB77FA79FB7F9A4213D2BB6803F53E
:109EA00001531C331846FFF731FEB861FB791946A0
:109EB000B86900F0E7F9034618331946F86818F056
:109EC00084FE10E007F11403184618F0ACFB07F10C
:109ED00014031A460021F86818F0B4FE07F11403C1
:109EE000184618F0A2FBF8682037BD4680BD80B543
:109EF00088B000AFF860B9601346FB71BB6803F52A
:109F000001531C331846F8F7D2FF0346FB77FA7962
:109F1000FB7F9A4213D2BB6803F501531C331846EA
:109F2000FFF7F4FDB861FB791946B86900F0AAF9AA
:109F3000034630331946F86818F047FE10E007F181
:109F40001403184618F06FFB07F114031A4600219A
:109F5000F86818F077FE07F11403184618F065FB4F
:109F6000F8682037BD4680BD90B5D7B000AF07F583
:109F7000AC73A3F5AA7318600A4607F5AC73A3F295
:109F800055131A7007F5AC73A3F5AA731B68012269
:109F90007F4918460EF09AFD0346002B14BF01239B
:109FA0000023DBB2002B01D00024EAE007F5A0700B
:109FB00007F5AC73A3F255131A7807F5AC73A3F544
:109FC000AA731968FFF793FF07F5A073184618F0F6
:109FD000B2FC0346002B01D00124CDE007F59473B9
:109FE00007F5A0726B49184600F05EF907F5947307
:109FF000184618F0ABFD024607F11003194610464B
:10A000000FF09FFB0346002B14BF01230023DBB29C
:10A01000002B01D00024AAE007F5AC73A3F5A473CC
:10A020001B68002B08D007F5AC73A3F5A4731B7A4B
:10A0300003F02003002B01D1002498E007F5AC7356
:10A04000A3F5AA731B6803F58154143407F59473C0
:10A05000184618F07BFD03460122194620460EF0F3
:10A0600075FD0346002B14BF01230023DBB2002B38
:10A0700001D000247BE007F5AC73A3F5A4731B6843
:10A08000184619F0E3F803461A4607F5AC73A3F532
:10A09000AA731B6803F50053C3F8902107F5AC734E
:10A0A000A3F5AA731B6803F50053D3F89031002B76
:10A0B0000CD107F5AC73A3F5AA731B6803F58153A4
:10A0C000143318460FF0F0F9002450E007F5AC7394
:10A0D000A3F5A67300221A6007F5AC73A3F5AA7363
:10A0E0001B6803F58150143007F5AC73A3F5AA7310
:10A0F0001B6803F50053D3F8901107F5AC73A3F573
:10A10000A4731A6807F10C030EF0B2FE07F5AC73E6
:10A11000A3F5AA731B6803F58153143318460FF097
:10A12000C3F907F5AC73A3F5A4731A6807F5AC730C
:10A13000A3F5A6731B689A4218D007F5AC73A3F574
:10A14000AA731B6803F50053D3F89031184619F031
:10A1500085F807F5AC73A3F5AA731B6803F50053E4
:10A160001A460023C2F89031002400E0012407F5CC
:10A170009473184618F01BFB07F5A073184618F0E7
:10A1800016FB2346184607F5AE77BD4690BD00BFC7
:10A19000D0430308D443030890B58FB000AF786074
:10A1A0000B46FB707B680122284918460EF08EFC96
:10A1B0000346002B14BF01230023DBB2002B01D088
:10A1C00000243EE007F12003FA7879681846FFF78B
:10A1D00051FE07F1080307F120021D49184600F05F
:10A1E00039F807F12003184618F0E1FA7B6803F507
:10A1F0008154143407F10803184618F0A7FC0346ED
:10A200000122194620460EF0A1FC0346002B14BF84
:10A2100001230023DBB2002B01D000240CE07B687B
:10A2200003F504531C337A6802F581521432114647
:10A230001846FFF776FC012407F10803184618F0CA
:10A24000B6FA234618463C37BD4690BDD0430308B6
:10A25000D443030880B584B000AFF860B9607A6079
:10A26000BA680021786818F009FC03461846FFF721
:10A2700063FA03461946F86818F07AFAF868103756
:10A28000BD4680BD80B582B000AF78603960396866
:10A29000786800F049F83968786800F065F8034696
:10A2A00018460837BD4680BD80B588B000AFF8605D
:10A2B000B9607A60B868FFF71DFCF86107F1180310
:10A2C0007968184618F044FC07F1140307F11802E6
:10A2D0001146184600F05AF807F114031946F868B9
:10A2E00018F03FFA07F11403184618F09EF907F129
:10A2F0001803184618F099F9786818F08CFA024695
:10A30000FB6913441946F86818F0F5FAFA69B96858
:10A31000F86818F0E7FB7968F86818F0F3FB00BFFD
:10A32000F8682037BD4680BD80B582B000AF786048
:10A3300039607868F6F744FB02463B6893422CBFCD
:10A3400001230023DBB2002B08D07868F6F738FB36
:10A3500003461A463968034818F074F900BF0837F5
:10A36000BD4680BDDC43030880B483B000AF786095
:10A3700039607B6819683A681346DB001344DB00D8
:10A380000B4418460C37BD4680BC704780B582B080
:10A3900000AF786039607B683968184600F004F8CF
:10A3A00078680837BD4680BD80B582B000AF786060
:10A3B00039603968786818F037F978680837BD4629
:10A3C00080BD80B483B000AF786039607B680122C3
:10A3D00083F842207B68012283F840207B683A683A
:10A3E0001A6000BF0C37BD4680BC704780B485B092
:10A3F00000AFF860B9607A603B60FB6800221A60C9
:10A40000FB6800225A60FB6800229A60FB68BA6809
:10A410001A60FB687A685A60FB683A689A60FB6861
:10A4200018461437BD4680BC7047000080B483B026
:10A4300000AF786039603B681A687B68DA603B6817
:10A440005A687B681A613B689A687B685A617B68C6
:10A45000DA6813469B001A447B689A617B681B6923
:10A46000094A82FB03129210DB17D21A7B68DA6169
:10A470007B68DB69042B02DC7B680522DA6100BFA4
:10A480000C37BD4680BC70476766666680B483B093
:10A4900000AF7860084611461A4603467B800B469B
:10A4A0007B7013463B707B680A22DA607B680A2265
:10A4B0001A617B6800225A617A887B681A607B681F
:10A4C0000A229A617B680522DA617B781AB27B687E
:10A4D0001A847B683A7883F8222000BF0C37BD4687
:10A4E00080BC704780B483B000AF78600B467B803F
:10A4F000B7F902207B689A80B7F902207B68DA807E
:10A500007B6800229A6000BF0C37BD4680BC704754
:10A5100080B485B000AFF8600B467A60FB72FB7ABE
:10A52000032B18D0032B1FDC012B02D0022B09D0E8
:10A530001AE07B68002B02DBFB687A68DA60FB6854
:10A54000DB6813E07B68002B02DBFB687A681A612A
:10A55000FB681B690AE07B68002B02DBFB687A68FA
:10A560005A61FB685B6901E000BF0023184614379D
:10A57000BD4680BC70470000B0B588B000AFF86041
:10A580007A603B600B467B817B899B001846E5F730
:10A59000A5FF02460B46C7E90623786800F0C7FA14
:10A5A0003DA3D3E90023E6F703F802460B46D7E9BB
:10A5B0000601E6F727F902460B46C7E90623FB68C2
:10A5C000B3F920301A46012393407B6134A3D3E9C9
:10A5D0000023D7E90601E5F7EBFF02460B461446D8
:10A5E0001D467869E5F76AFF02460B462046294674
:10A5F000E5F7DEFF02460B461046194618F06AFCE6
:10A6000002460B4610461946E6F782FA0246FB68F8
:10A61000DA60FB68DB681A46FB681B6802FB03F321
:10A620005A003B685B081A443B68B2FBF3F31A46D6
:10A63000FB681A61FB68DB681A463B6802FB03F3A0
:10A64000DB081A46FB685A61FB685B691A46FB68BF
:10A650001B685B0813441A46FB685A61FB685B6918
:10A660001A46FB681B68B2FBF3F31A46FB685A6193
:10A67000FB685B6942F21072934207DDFB68DB689E
:10A68000DA0F13445B101A46FB685A6100BF20378B
:10A69000BD46B0BDAFF30080182D4454FB210940E6
:10A6A000333333333333E33F80B48DB000AF78605E
:10A6B0000B467B8013463B807B6893F82230002B4F
:10A6C00048D0B7F9003003F16402B7F902309A427A
:10A6D00040DA7B68B3F90430002B1AD17B68002282
:10A6E0009A60B7F90220B7F90030D31A3B627B6851
:10A6F0009B69B7F90210B7F900208A1A03FB02F22E
:10A700007B68DB69396A01FB03F31A447B689A6052
:10A7100073E07B689B697A68B2F906201146B7F945
:10A7200000208A1A02FB03F3FB627B68DB69B7F93E
:10A730000210B7F900208A1A02FB03F3BB62FA6A1F
:10A74000BB6A13447B627B689A687B6A1A447B68A5
:10A750009A6052E07B68B3F90430002B1AD17B6811
:10A7600000229A60B7F90220B7F90030D31AFB60D3
:10A770007B68DB68B7F90210B7F900208A1A03FB7F
:10A7800002F27B681B69F96801FB03F31A447B68DA
:10A790009A6032E07B68DB687A68B2F9062011467D
:10A7A000B7F900208A1A02FB03F3FB617B681B697F
:10A7B000B7F90210B7F900208A1A02FB03F3BB6154
:10A7C0007B685B697A68B2F904201146B7F900200A
:10A7D00011447A68B2F9062052008A1A02FB03F388
:10A7E0007B61FA69BB6913447A6913443B617B68F6
:10A7F0009A683B691A447B689A607B68B3F90620C3
:10A800007B689A807B683A88DA807B689A687B6884
:10A81000B3F92030013B012101FA03F31344BB607B
:10A820007B68B3F920301A46BB681341BB60BB6834
:10A8300018463437BD4680BC704780B584B000AF41
:10A84000F860084611461A4603467B810B463B8159
:10A850001346FB807B89002B2FD03B89002B2CD00B
:10A86000FB687A89A3F8CC20FB683A89A3F8CE204C
:10A87000FB68FA88A3F8D020FB683A8BA3F8D220B3
:10A88000FB68002283F8D420FB680022C3F8D8209C
:10A89000FB680022A3F8E220FB6800211846FFF7BE
:10A8A00090FDFB68883300211846FFF78AFDFB689E
:10A8B000443300211846FFF784FD00BF1037BD4622
:10A8C00080BD80B584B000AF786039607B6893F854
:10A8D000D430DBB2002B73D07B6893F8DD30DBB271
:10A8E000002B0AD03B681BB21A467B68B3F8D03005
:10A8F0009BB29A4201DD012300E00023002B0ED021
:10A900007B68002283F8DD207B6803F188027B6886
:10A91000B3F8E0309BB21946104600F0C0F93B682E
:10A920001BB21A467B68B3F8D0309BB219467B68DD
:10A93000B3F8D2309BB20B449A42CCBF0123002320
:10A94000DBB2002B00F084807B68002283F8D420E7
:10A950007B68D3F8D830002B14BF01230023DBB26F
:10A96000002B19D002F04CFEB86078687B68D3F8F1
:10A97000D830BA68D31A194600F091F97B68BA68E2
:10A98000C3F8D8207B68B3F8E2309BB201339AB2A7
:10A990007B68A3F8E22005E002F032FE02467B6805
:10A9A000C3F8D8207B68002283F8DD207B68012271
:10A9B00083F8DC203B689AB27B68A3F8DE2047E08E
:10A9C0007B6893F8DC30DBB2002B0AD03B681BB20B
:10A9D0001A467B68B3F8D0309BB29A4201DA012361
:10A9E00000E00023002B0ED07B68002283F8DC20DF
:10A9F0007B6803F144027B68B3F8DE309BB21946F2
:10AA0000104600F04CF93B681BB21A467B68B3F85D
:10AA1000D0309BB219467B68B3F8D2309BB2CB1AC8
:10AA20009A42B4BF01230023DBB2002B10D07B6815
:10AA3000012283F8D4207B68002283F8DC207B6825
:10AA4000012283F8DD203B689AB27B68A3F8E020FE
:10AA50007B6893F8DC30DBB2002B09D07B68B3F85D
:10AA6000DE309BB21A463B68934201D9012300E0D5
:10AA70000023002B04D03B689AB27B68A3F8DE2049
:10AA80007B6893F8DD30DBB2002B09D07B68B3F82C
:10AA9000E0309BB21A463B68934201D2012300E0AA
:10AAA0000023002B04D03B689AB27B68A3F8E02017
:10AAB0007B68B3F8CC30FB817B6893F8D430DBB291
:10AAC000002B07D07B68B3F8CE309AB2FB891344D1
:10AAD000FB8106E07B68B3F8CE309BB2FA89D31ACB
:10AAE000FB81FB8918461037BD4680BD80B584B018
:10AAF00000AF78607B68184600F01BF903466422BB
:10AB000002FB03F3FB607B68184600F075F8034610
:10AB10001A46FB68B3FBF2F3FB60FB68092B94BF9A
:10AB200001230023DBB218461037BD4680BD80B537
:10AB300082B000AF78607868E5F7C0FC02460B464B
:10AB40001046194618F0A0F802460B461046194662
:10AB50000837BD4680BD80B584B000AF78603960ED
:10AB60007B681B78DBB25B08FB733968786800F0A0
:10AB70000DF87B685A68FB7B13447A681278D2B26E
:10AB8000B3FBF2F318461037BD4680BD80B485B0E4
:10AB900000AF786039607B681B78DBB25B08FB73C1
:10ABA0003A687B685968FB7B0B4479680978C9B2BD
:10ABB000B3FBF1F3D21A7B685B681A447B685A6076
:10ABC00000BF1437BD4680BC704780B485B000AF6D
:10ABD00078607B681B78DBB25B08FB737B685A6824
:10ABE000FB7B13447A681278D2B2B3FBF2F31846B7
:10ABF0001437BD4680BC704780B485B000AF786024
:10AC00000023FB607B6893F84030DBB2002B0CBF65
:10AC100001230023DBB2002B01D000233AE07B6844
:10AC200093F84030DBB2012B0CBF01230023DBB2D1
:10AC3000002B02D07B681B682CE00023FB7209E02C
:10AC4000FA7A7B6853F82230FA681344FB60FB7A87
:10AC50000133FB727B6893F84030DBB2FA7A9A4298
:10AC600034BF01230023DBB2002BE9D17B6893F8CA
:10AC70004030DBB25B08DBB21A46FB681344FB6072
:10AC80007B6893F84030DBB21A46FB6893FBF2F323
:10AC9000FB60FB6818461437BD4680BC704780B423
:10ACA00083B000AF786039607B6893F84030DAB2E7
:10ACB0007B6893F84130DBB29A4234BF0123002312
:10ACC000DBB2002B0ED07B6893F84030DBB25A1C0D
:10ACD000D1B27A6882F8401019467B683A6843F826
:10ACE000212021E07B6893F84230DBB219467B6873
:10ACF0003A6843F821207B6893F84230DBB2013395
:10AD0000DBB27A68194682F842107A6892F84120DC
:10AD1000D2B293422CBF01230023DBB2002B03D01D
:10AD20007B68002283F8422000BF0C37BD4680BC00
:10AD3000704780B586B000AF78607B6893F840308C
:10AD4000DBB2022B94BF01230023DBB2002B02D025
:10AD50004FF47A733DE000237B617868FFF74CFF86
:10AD60000346FB600023FB7413E0FA7C7B6853F816
:10AD70002230BB60BA68FB68D31ABB60BB6803FBB8
:10AD800003F3BB60BB687A6913447B61FB7C0133CE
:10AD9000FB747B6893F84030DBB2FA7C9A4234BF94
:10ADA00001230023DBB2002BDFD17B6893F8403016
:10ADB000DBB25B08DBB21A467B6913447B617B68BC
:10ADC00093F84030DBB21A467B69B3FBF2F37B6148
:10ADD0007B6918461837BD4680BD80B584B000AF8A
:10ADE000F860084611461A460346FB720B463B8143
:10ADF0001346FB80FB68FA7A11461846E8F783FD94
:10AE0000FA883B899A4201D23B89FB80B7F9062038
:10AE1000FB685A81B7F90820FB689A81FB68002219
:10AE20005A7200BF1037BD4680BD80B483B000AFFA
:10AE300078607B681B7A002B04D07B6800221A7232
:10AE4000012300E0002318460C37BD4680BC704744
:10AE500080B584B000AF78600B467B807B68B3F927
:10AE60000A309AB27B68B3F90A305B101BB29BB20E
:10AE70001344FB817B68B3F90C309AB27B68B3F959
:10AE80000C305B101BB29BB2D31ABB817B88B98993
:10AE9000FA89184600F022FD03467B807B687A8899
:10AEA00011461846FFF757FE03467B817B685B7AA5
:10AEB000002B0CD07B897A68B2F90C20934212DA0D
:10AEC0007B6801221A727B6800225A720BE07B8930
:10AED0007A68B2F90A20934205DD7B6801221A7272
:10AEE0007B6801225A7200BF1037BD4680BD00004A
:10AEF00080B485B000AF154B9B69144A43F0010341
:10AF00009361124B9B6903F00103BB60BB680F4B5D
:10AF1000DB690E4A43F08053D3610C4BDB6903F0CD
:10AF200080537B607B680A4B5B68FB60FB6823F0A7
:10AF3000E063FB60FB6843F00073FB60044AFB685E
:10AF4000536000BF1437BD4680BC704700100240FC
:10AF50000000014080B58CB000AF786007F120039D
:10AF600000221A605A609A60DA607B681B685B4A4C
:10AF700093424AD15A4B9B69594A43F400739361F7
:10AF8000574B9B6903F40073FB61FB69544B9B694E
:10AF9000534A43F004039361514B9B6903F004034C
:10AFA000BB61BB6970233B6203237B6207F1200313
:10AFB00019464C4803F082FC4B4B4C4A1A604A4BF2
:10AFC00000225A60484B00229A60474B8022DA6088
:10AFD000454B4FF480721A61434B4FF480625A61C3
:10AFE000414B00229A61404B0022DA613E4803F057
:10AFF000E9F80346002B01D0F7F7CEFE7B683A4A0A
:10B000001A62394A7B68536264E07B681B68384A7D
:10B0100093425FD1324B9B69314A43F400439361C1
:10B020002F4B9B6903F400437B617B692C4B9B692D
:10B030002B4A43F010039361294B9B6903F01003E3
:10B040003B613B69264B9B69254A43F004039361AE
:10B05000234B9B6903F00403FB60FB6801233B6205
:10B0600003237B6207F120031946224803F026FCE4
:10B0700004233B6203237B6207F12003194619482E
:10B0800003F01CFC1C4B1D4A1A601B4B00225A602B
:10B09000194B00229A60184B8022DA60164B4FF44D
:10B0A00080721A61144B4FF480625A61124B002275
:10B0B0009A61114B0022DA610F4803F083F80346CE
:10B0C000002B01D0F7F768FE7B680B4A1A620A4A28
:10B0D0007B68536200BF3037BD4680BD002401400D
:10B0E0000010024000080140605A002008000240A1
:10B0F000003C014000100140A45A002058040240C6
:10B1000080B58AB000AF786007F1180300221A609A
:10B110005A609A60DA607B681B68444A934232D175
:10B12000434BDB69424A43F48043D361404BDB69C4
:10B1300003F480437B617B693D4B9B693C4A43F050
:10B14000080393613A4B9B6903F008033B613B6939
:10B150004FF42043BB610223FB6103237B6207F1B1
:10B1600018031946334803F0A9FB4FF48043BB6131
:10B170000023FB6100233B6207F1180319462D48A9
:10B1800003F09CFB4EE07B681B682B4A934249D13D
:10B19000274BDB69264A43F40043D361244BDB6928
:10B1A00003F40043FB60FB68214B9B69204A43F09A
:10B1B000080393611E4B9B6903F00803BB60BB68E7
:10B1C0002823BB610223FB6103237B6207F1180381
:10B1D0001946184803F072FB184B194A1A60174BAE
:10B1E00010225A60154B00229A60144B8022DA60BC
:10B1F000124B00221A61114B00225A610F4B0022A0
:10B200009A610E4B0022DA610C4802F0DBFF034624
:10B21000002B01D0F7F7C0FD7B68084A9A64074A03
:10B220007B68536200BF2837BD4680BD00380040B0
:10B2300000100240000C0140003C0040985B0020E0
:10B240001C04024080B58CB000AF786007F1200389
:10B2500000221A605A609A60DA607B681B68454A6F
:10B2600093420CD1444B9B69434A43F4006393617E
:10B27000414B9B6903F40063FB61FB6976E07B68EB
:10B280001B68B3F1804F14D13B4BDB693A4A43F062
:10B290000103D361384BDB6903F00103BB61BB6978
:10B2A000002200211C2002F056FF1C2002F06FFF3C
:10B2B0005CE07B681B68314A93422CD12E4BDB69E2
:10B2C0002D4A43F00203D3612B4BDB6903F00203E9
:10B2D0007B617B69284B9B69274A43F0200393617C
:10B2E000254B9B6903F020033B613B6904233B62D0
:10B2F00000237B620023BB6207F12003194620482C
:10B3000003F0DCFA002200211D2002F024FF1D20A2
:10B3100002F03DFF2AE07B681B681A4A93420CD179
:10B32000154BDB69144A43F00803D361124BDB6908
:10B3300003F00803FB60FB6818E07B681B68124A97
:10B34000934213D10C4BDB690B4A43F01003D361DA
:10B35000094BDB6903F01003BB60BB6800220021CE
:10B36000362002F0F8FE362002F011FF00BF303721
:10B37000BD4680BD002C014000100240000400408A
:10B3800000140140000C00400010004080B58AB05D
:10B3900000AF786007F1180300221A605A609A60C3
:10B3A000DA607B681B682A4A934224D1294BDB6907
:10B3B000284A43F00403D361264BDB6903F00403FE
:10B3C0007B617B69234B9B69224A43F008039361AD
:10B3D000204B9B6903F008033B613B69C023BB61C1
:10B3E0000023FB6100233B6207F1180319461A484A
:10B3F00003F064FA28E07B681B68184A934223D163
:10B40000144B9B69134A43F400539361114B9B699E
:10B4100003F40053FB60FB680E4B9B690D4A43F03D
:10B42000100393610B4B9B6903F01003BB60BB6877
:10B43000C023BB610023FB6100233B6207F11803BB
:10B440001946074803F03AFA00BF2837BD4680BDC9
:10B450000008004000100240000C01400034014090
:10B460000010014080B58AB000AF786007F1180382
:10B4700000221A605A609A60DA607B681B683D4A55
:10B48000934219D13C4B9B693B4A43F004039361BF
:10B49000394B9B6903F004037B617B694FF4807334
:10B4A000BB610223FB6102237B6207F1180319468B
:10B4B000324803F003FA58E07B681B68B3F1804F11
:10B4C00018D12D4B9B692C4A43F0040393612A4BFE
:10B4D0009B6903F004033B613B690323BB610223C7
:10B4E000FB6102237B6207F118031946234803F02E
:10B4F000E5F93AE07B681B68214A934218D11E4B5C
:10B500009B691D4A43F0080393611B4B9B6903F041
:10B510000803FB60FB680223BB610223FB6102237B
:10B520007B6207F118031946164803F0C7F91CE0BF
:10B530007B681B68144A934217D10F4B9B690E4AD4
:10B5400043F0040393610C4B9B6903F00403BB605D
:10B55000BB680823BB610223FB6102237B6207F106
:10B5600018031946054803F0A9F900BF2837BD465E
:10B5700080BD00BF002C01400010024000080140C7
:10B5800000040040000C0140000C004080B588B071
:10B5900000AF786007F1100300221A605A609A60C9
:10B5A000DA607B681B681C4A934231D11B4B9B6954
:10B5B0001A4A43F480439361184B9B6903F4804318
:10B5C000FB60FB68154B9B69144A43F004039361CD
:10B5D000124B9B6903F00403BB60BB684FF400731C
:10B5E0003B6102237B610323FB6107F110031946D2
:10B5F0000B4803F063F94FF480633B6100237B61E8
:10B600000023BB6107F110031946054803F056F902
:10B6100000BF2037BD4680BD003801400010024009
:10B620000008014080B400AF00BFFDE780B400AF68
:10B6300000BFFDE780B400AF00BFFDE780B400AFFE
:10B6400000BFFDE780B400AF00BFFDE780B400AFEE
:10B6500000BFBD4680BC704780B400AF00BFBD4690
:10B6600080BC704780B400AF00BFBD4680BC70474F
:10B6700080B500AF01F0B2FF00BF80BD80B500AF64
:10B68000024802F0B1FE00BF80BD00BF605A00203A
:10B6900080B500AF024803F0F0FB00BF80BD00BFE3
:10B6A0000469002080B500AF024807F0FDF900BF33
:10B6B00080BD00BF245C002080B500AF024807F0C9
:10B6C000F3F900BF80BD00BF6C5C002080B500AF07
:10B6D000024807F0E9F900BF80BD00BF445D0020CB
:10B6E00080B500AF024802F07FFE00BF80BD00BF02
:10B6F000985B002080B500AF024802F075FE00BFE5
:10B7000080BD00BFA45A002080B400AF01231846BA
:10B71000BD4680BC704780B582B000AF78603960AC
:10B7200017F01EFF034616221A604FF0FF3318462B
:10B730000837BD4680BD80B582B000AF78604FF05D
:10B74000FF317868FFF7E7FF00BFFDE780B586B0FF
:10B7500000AF7860144A154BD31A7B617B693B615B
:10B76000134B1B68002B02D1114B124A1A60104B6D
:10B770001A687B6813443A699A4207D217F0F0FEC0
:10B7800003460C221A604FF0FF3309E0084B1B6898
:10B79000FB60074B1A687B681344054A1360FB681B
:10B7A00018461837BD4680BD000001200004000087
:10B7B0001C5E0020A07D002080B400AF00BFBD460D
:10B7C00080BC704780B487B000AFF860B9607A6021
:10B7D0003B60BA687B689A4201D13B6817E07A689F
:10B7E000BB68D31A5B107B61FA68BB68D31A396AED
:10B7F0003A688A1A03FB02F27B691A447968BB68CB
:10B80000CB1A92FBF3F33A6813443B613B69184649
:10B810001C37BD4680BC704780B588B002AFF86069
:10B82000B9607A603B603B6A00933B687A68B968AC
:10B83000F868FFF7C7FF78613A683B6A9A4206DA10
:10B840003A6A3968786900F049F8034606E03A68D0
:10B85000396A786900F042F8034600BF1846183785
:10B86000BD4680BD80B584B002AF0346FB710B4678
:10B87000BB7113467B71FB79642B01D96423FB7187
:10B88000BB79462B01D94623BB717B79092B01D8A3
:10B890000A237B71FA79BB799A420CD8F879BA7984
:10B8A0007B795B08DBB2009300230021FFF7B4FF34
:10B8B0000346DBB20EE0F879BB79591C7B795B0853
:10B8C000DBB25A1C7B79009313466422FFF7A4FF76
:10B8D0000346DBB218460837BD4680BD80B485B04C
:10B8E00000AFF860B9607A60FA68BB689A4201DA22
:10B8F000BB6806E0FA687B689A4201DD7B6800E07D
:10B90000FB6818461437BD4680BC704780B483B0CE
:10B9100000AF0346FB80B7F906201346DB00134453
:10B92000A233064A82FB03125210DB17D31A1BB252
:10B9300018460C37BD4680BC704700BF6766666618
:10B9400080B483B000AF0346FB80B7F906309B3B61
:10B95000054A82FB03125210DB17D31A1BB218469A
:10B960000C37BD4680BC7047398EE33880B584B053
:10B9700000AFF860084611461A460346FB720B46B4
:10B980003B811346FB80FB6803F58670FB883A8990
:10B99000F97AFFF722FAFB6803F58E703B8CBA8BBD
:10B9A000397EFFF71AFAFB6803F596703B8CBA8B69
:10B9B000397EFFF712FAFB6803F58E7300211846F3
:10B9C000E7F7B2FFFB6803F5967300211846E7F727
:10B9D000ABFF00BF1037BD4680BD80B582B000AF61
:10B9E00078600B46FB70FB78002B07D07B6803F573
:10B9F0008E731846EBF721FE034607E07B6803F5DC
:10BA00008E731846FFF711FA034600BF1846083731
:10BA1000BD4680BD80B483B000AF78607B68B3F86A
:10BA2000443118460C37BD4680BC704780B483B0A3
:10BA300000AF78607B68B3F87C3118460C37BD46A0
:10BA400080BC704780B483B000AF78607B68B3F887
:10BA50007E3118460C37BD4680BC704780B483B039
:10BA600000AF78607B68B3F87E313233054A82FBE1
:10BA700003125211DB17D31ADBB218460C37BD463E
:10BA800080BC70471F85EB5180B483B000AF7860F5
:10BA90007B68DB8C18460C37BD4680BC704780B590
:10BAA0008AB002AF78607B689B6803F54B533433F0
:10BAB000FB617B689B68BB617B689B6803F5814386
:10BAC00038337B617B689B681846F3F7D5FA0346E9
:10BAD0001AB27B68A3F85020BB6903F58253083380
:10BAE0001846FFF7D1FF03467B827B8A19467869A7
:10BAF000F9F7CCFB7B681846EBF735FE7B689B6853
:10BB000003F57A5328331846E8F725F903467B7482
:10BB1000BB6903F5825308337A7C11461846E7F770
:10BB200050F90346FB817B68B3F950207B7CF9898F
:10BB300000200090B869E6F727F80346BB817B68D0
:10BB40009B6803F57A532833BA8911461846F3F7F0
:10BB5000CFFDBB6903F58253083302211846E7F78E
:10BB600030F90346FB817B68B3F95020F989002343
:10BB700000930223B869E6F707F80346BB817B68A8
:10BB80009B6803F581433833BA8911461846F2F7AA
:10BB900053FA7B6893F85830002B0ED07B7C002B37
:10BBA0000BD1BB6903F5825308331846F7F71EF92A
:10BBB0000346002B01D0012300E00023002B11D00D
:10BBC0007B689B6803F57A53283301211846F3F705
:10BBD000FDFC7B68012283F82D207B68002283F81E
:10BBE000582010E07B689B6803F57A532833184689
:10BBF000F3F7FAFB0346002B01D0002200E00722F6
:10BC00007B6883F82D207B6800225A617B680022C4
:10BC10009A647B6800221A647B6800229A637B68BE
:10BC200000225A647B680022DA647B68012283F870
:10BC300052207B6800225A657B680022DA63F8692B
:10BC4000ECF78CFF7B68012201211846ECF78AF89B
:10BC50007B7C002B08D17B689B6803F57A532833E3
:10BC600006211846E8F764F800BF2037BD4680BDBE
:10BC700090B589B000AF78607B689B68FB617B689A
:10BC80009B6803F57A532833BB617B689B6803F597
:10BC9000814338337B617B69BA69F969786800F060
:10BCA00001FAB869E8F757F80346FB747B68DB696B
:10BCB000002B0BD0FB7C012B08D1BB691846F9F790
:10BCC000C9FA0346002B01D0012300E00023002B1A
:10BCD00008D07B68DB6901211846F7F715F97B6806
:10BCE000DB69D9E1786800F08BFF0346002B0ED0AA
:10BCF0007B681B6A002B0AD07B689B6803F5844332
:10BD000058331846E5F7ACFA7B681B6AC4E17B68D8
:10BD10001846EBF739FF01F073FC02467B685B695C
:10BD20009A4234BF01230023DBB2002B01D07B6891
:10BD3000B2E101F065FC02467B68B3F85A301A4460
:10BD40007B685A617B689B6B002B08D001F058FC24
:10BD500002467B689B6B9A4201D3012300E00023DB
:10BD6000002B09D0FB7C002B03D1786800F0A4FCE9
:10BD700002E0786800F022FD7B68DB6B002B08D0C6
:10BD800001F03EFC02467B68DB6B9A4201D3012343
:10BD900000E00023002B28D07B680022DA637B6957
:10BDA0001B6810331B680021786998477B689B6883
:10BDB00003F58253083302211846E7F702F80346D9
:10BDC0003B827B683A8A02211846ECF7DDF97B68F2
:10BDD00000211846ECF7F9F9F869E6F705F87B68F1
:10BDE000002202211846ECF76BF97B6893F82430A7
:10BDF000002B18D07B689B681846EBF79AFC03462B
:10BE000083F00103DBB2002B22D07B68002283F891
:10BE100024200621B869E7F78BFF7B6800211846CC
:10BE2000EBF722FF14E07B689B681846EBF781FC78
:10BE30000346002B0CD07B68012283F824200021CC
:10BE4000B869E7F775FF7B6801211846EBF70CFF2F
:10BE50007B68DB69002B1BD0FB7C002B18D17B6837
:10BE600093F8243083F00103DBB2002B10D0BB69C0
:10BE70001846EBF7EDFB034683F00103DBB2002B22
:10BE800006D0E9F79DFD0346002B01D0012300E019
:10BE90000023002B12D07B6893F82D301946786868
:10BEA00001F002FB0346002B08D07B68DB69002110
:10BEB0001846F7F729F87B68DB69EDE07B689B683B
:10BEC0001846F3F7D9F803461AB27B68A3F8502056
:10BED0007B6893F82D30072B0AD1BB691B680833A8
:10BEE0001B68B86998470346002B01D0012300E086
:10BEF0000023002B1BD07B689B6803F584435833D9
:10BF00001846E5F7D9F97B68082283F82D2001F05F
:10BF100077FB034603F59C4320337A689363786884
:10BF20007B6893F82D20FB7C1946ECF7C9F8FB7C65
:10BF3000002B0DD17B6893F82D30002B08D001F039
:10BF40005FFB02467B689B6C9A4201D9012300E0AB
:10BF50000023002B20D0786800F091FC0346002BD2
:10BF60000ED001F04DFB02467B68B3F85C301A44FA
:10BF70007B689A647B6801211846EBF751FE0BE061
:10BF80007B689B6C002B07D07B6800229A647B68DF
:10BF900000211846EBF744FE7B6893F82D30052B03
:10BFA0000ED17B689B6803F582530833FA7C1146F7
:10BFB0001846E6F7EDFE0346002B01D0012300E012
:10BFC0000023002B18D07B689C6B01F019FB034603
:10BFD000E31A334AA2FB03239B09FB60FB68632B34
:10BFE0000AD87B689B6803F54B533433FA68D2B2A6
:10BFF00001211846EDF712FDFB7C012B3ED17B6839
:10C0000093F82D30012B39D17B68DB6C002B08D0E5
:10C0100001F0F6FA02467B68DB6C9A4201D30123F9
:10C0200000E00023002B26D07B680022DA64BB6985
:10C030001846EBF70DFB034683F00103DAB27B6889
:10C0400083F825207B6893F82530002B16D0BB6938
:10C050001B6810331B680021B86998477B6807226A
:10C0600083F82D2078687B6893F82D20FB7C194697
:10C07000ECF726F802E0786800F069FD786800F0D7
:10C08000F8F978687B6893F82D107B68B3F9503025
:10C090001A46EBF7C9FB7B6818462437BD4690BDAE
:10C0A000D34D621080B58CB002AFF860B9607A6091
:10C0B0003B603B6801211846FFF78FFC0346002BCD
:10C0C0004AD03B681B680C331B68386898470346A6
:10C0D00083F00103DBB2002B00F0B080BB6803F5F6
:10C0E0008253083302211846E6F76BFE0346FB83B2
:10C0F000FB68B3F95020F98B002300930223B86842
:10C10000E5F742FD0346FB83BB6803F58253083322
:10C110001846FFF7B9FC0346BB833B681B6818331E
:10C120001B68FA8B114638689847BB8B19463868EC
:10C13000F9F7ACF83B681B6810331B6801213868BD
:10C140009847FB68012283F85220FB6800225A6559
:10C15000FB6800225A6171E03B681B680C331B6866
:10C16000386898470346002B68D0BB6803F58253B4
:10C17000083302211846E6F7EFFD034687F823301F
:10C1800097F82330002B46D0BB6803F58253083361
:10C1900002211846E6F7FCFD0346FB84FB689B681A
:10C1A00003F58253083302211846E6F70AFE0346D8
:10C1B0003B84FA8CB7F920309A4202DB3B8C0A3B75
:10C1C000FB84FB689B681846FB68B3F95020F98C28
:10C1D000012300930223E5F7D7FC03463B843B8C05
:10C1E00019463868F2F7DEFC01F00AFA024697F8C1
:10C1F00023304EF6602101FB03F31A44FB68DA6337
:10C20000FB68FA8C02211846EBF7BEFFFB68184664
:10C21000EBF7F9FF0FE03B681B6810331B68002148
:10C2200038689847B868E5F7DFFDFB68002202210F
:10C230001846EBF745FFFB6800225A617868E7F77C
:10C240008AFD0346012B14BF01230023DBB2002B20
:10C2500040F00B817B6801211846FFF7BEFB0346C7
:10C26000FB76FB7E002B6FD0FB6893F8253083F0C4
:10C270000103DBB2002B00F0F980FB689B6803F53B
:10C280008253083301211846E6F79BFD0346FB82E3
:10C290007B681B680C331B6878689847034683F0FB
:10C2A0000103DBB2002B2CD0FB689B681846FB68AF
:10C2B000B3F95020F98A002300930123E5F764FCC9
:10C2C0000346BB827B681B6818331B68BA8A114619
:10C2D000786898477B681B6810331B680121786871
:10C2E0009847FB68012283F82D20F868FB6893F8D3
:10C2F0002D301A460121EBF7E3FEFB6800225A615C
:10C30000B4E0FB6893F82D30052B40F0AF807B68DC
:10C310001B6810331B68012178689847FB68FA8A0C
:10C3200001211846EBF730FFFB68012283F82D202E
:10C33000F868FB6893F82D301A460121EBF7C0FE30
:10C34000FB6800225A6191E07B681B680C331B6814
:10C35000786898470346002B0BD0FB6893F82D3084
:10C360001946F86801F0B7F80346002B01D0012305
:10C3700000E00023002B73D0BB6803F58253083321
:10C3800001211846E6F7E8FC0346BB76BB7E002B8E
:10C390004DD0BB6803F58253083301211846E6F7F8
:10C3A000F7FC0346BB84FB689B6803F582530833A4
:10C3B00001211846E6F705FD03463B83BA8CB7F921
:10C3C00018309A4202DB3B8B0A3BBB84FB689B68BC
:10C3D0001846FB68B3F95020B98C01230093012360
:10C3E000E5F7D2FB03463B833B8B19467868F3F7AE
:10C3F0005EFC01F005F90246BB7E4EF6602101FBB2
:10C4000003F31A44FB689A63FB68052283F82D2026
:10C41000F868FB6893F82D301A460121EBF750FEBF
:10C42000FB68BA8C01211846EBF7AEFE12E07B6880
:10C430001B6810331B68002178689847FB68072247
:10C4400083F82D20F868FB6893F82D301A460121F7
:10C45000EBF736FEB868E5F7C7FCFB6800225A61C7
:10C46000FB68002283F8252000E000BF2837BD4686
:10C4700080BD80B58AB002AF78607B689B6803F5A9
:10C480007A5328331846E7F766FC0346FB777B6848
:10C490009B68BB617B689B6803F57A5328337B619B
:10C4A0007B691B6814331B687869984703467B8255
:10C4B000BB6903F582530833FA7F11461846E6F745
:10C4C00080FC03463B827B68B3F95020FB7F398AAE
:10C4D00000200090B869E5F757FB0346FB81FA8915
:10C4E0007B8A9A4204D0FB8919467869F3F7E6F90A
:10C4F00000BF2037BD4680BD80B584B000AF7860F6
:10C500000B46FB707B689B68FB6001F079F8B860B4
:10C510007B681B6C002B02D0FB78002B11D0FB68D2
:10C5200003F5825308331846F6F796FC03461A467D
:10C5300041F2883302FB03F31A46BB681A447B6856
:10C540001A647B681B6CBA689A4201D3012300E02D
:10C55000002318461037BD4680BD000090B589B055
:10C5600000AFF860084611461A4603467B810B4629
:10C570003B811346FB80FB689B6803F57A532833A5
:10C580001846E7F7E8FB0346002B14BF01230023FE
:10C59000DBB2002B40F08980FB689B68BB61FB68C5
:10C5A00030331846FEF711FBF8617A893B899A42CD
:10C5B00012D83A897B89D31A042B0DDC3B6BC82B2C
:10C5C0000AD87B6B192B07D8FB6830333A8F11469A
:10C5D0001846FEF7C0FAF8613A8FFB69D31A002BB0
:10C5E000B8BF5B42952B20DD01F00AF80446BB6919
:10C5F00003F58253083300211846E6F7ADFB0346E6
:10C600001A464EF6602302FB03F3E218FB685A64F5
:10C61000FB68032283F82D20F868FB6893F82D301F
:10C620001A460021EBF74CFD40E0FB685B6C002BE9
:10C6300013D100F0E5FF0446BB6903F582530833CC
:10C6400000211846E6F788FB03461A464EF660239B
:10C6500002FB03F3E218FB685A64FB685C6C00F0B1
:10C66000CFFF0346E31A134AA2FB03239B097B6116
:10C670007B69632B12D8FB689B6803F54B543434F9
:10C68000FB6800211846EBF7F7FC034619467B6967
:10C69000DBB21A462046EDF7C1F907E0FB68062237
:10C6A00000211846EBF70CFD00E000BF2437BD4623
:10C6B00090BD00BFD34D621080B584B000AF7860EC
:10C6C0007B689B6803F57A5328331846F2F744FEDB
:10C6D0000346FB817B689B6818467B68B3F9502052
:10C6E000F9890023E5F71DFA0346FB817B6893F87F
:10C6F0002D30023B062B50D801A252F823F000BF88
:10C700001DC701089BC7010827C701085FC70108AB
:10C710005FC701089BC7010891C701087B68032216
:10C7200083F82D203AE07B689B6803F57A53283321
:10C7300001211846F2F74AFF7B68012283F82D2079
:10C740007B689B6803F5844358331846E4F7B4FDCF
:10C750007B68FA8900211846EBF716FD1EE07B681E
:10C76000072283F82D207B689B6803F57A532833D2
:10C7700000211846F2F72AFF7B68FA890021184643
:10C78000EBF702FD7B689B681846E5F72DFB05E09B
:10C790007B68002283F82D2000E000BF78687B686A
:10C7A00093F82D301A460021EBF78AFC7B680022B3
:10C7B0009A6300BF1037BD4680BD00BF80B584B00E
:10C7C00000AF78607B689B6803F57A53283318467E
:10C7D000F2F7C2FD0346FB817B689B6818467B68C5
:10C7E000B3F95020F9890123E5F79BF90346FB8152
:10C7F0007B6893F82D30082B2CD0082B2FDC022BD4
:10C8000002D0052B05D02AE07B68032283F82D2077
:10C8100026E07B68072283F82D207B689B6803F560
:10C82000844358331846E4F71BFD7B689B6803F587
:10C830007A53283300211846F2F7C8FE7B68FA893C
:10C8400001211846EBF7A0FC7B689B681846E5F7CA
:10C85000CBFA05E07B68002283F82D2000E000BFC2
:10C8600078687B6893F82D301A460121EBF728FC95
:10C870007B6800229A6300BF1037BD4680BD90B52B
:10C8800091B004AF78607B689B6803F57A532833D6
:10C89000BB62BB6A1B681C331B68B86A98470346B7
:10C8A0007B62BB6A1B6814331B68B86A98470346EF
:10C8B0003B627B689B6803F582530833002118466E
:10C8C000E6F77FFA0346FB83BB6A1B6828331B68C5
:10C8D000B86A98470346BB61BB6A1B682C331B6868
:10C8E000B86A984703467B61BB6A1B6824331B68A0
:10C8F000B86A984703463B613A6A7B6AD31A002BB1
:10C90000B8BF5B42052B26DCBB69B3F5FA7F22D8A2
:10C910003B69002B1FDD7B6893F82D30012B1AD16A
:10C920007B68022283F82D2000F06AFE034603F59F
:10C93000FA627B689A637B689B6803F5844358338B
:10C940001846E4F78DFC78687B6893F82D301A461A
:10C950000021EBF7B5FB7B689B6803F58253083336
:10C9600000211846E6F714FA0346002B14BF0123F2
:10C970000023FB73002387F82F30FB7B002B10D0A4
:10C98000BC6A7B689B6803F5825308331846F6F748
:10C990001BFA034619462046FFF71FF8034687F89F
:10C9A0002F307B6893F82D30032B40F08D80FB7B7C
:10C9B000002B67D097F82F3019467868FFF79CFD59
:10C9C0000346002B00F0BD807B689B6803F5825313
:10C9D000083300211846E6F7DBF90346BB857B6880
:10C9E0009B6803F58253083300211846E6F7E9F9FE
:10C9F00003467B81BA8DB7F90A309A4202DB7B8904
:10CA00000A3BBB857B689B6818467B68B3F950205E
:10CA1000B98D012300930023E5F7B6F803467B8127
:10CA20007B689B6803F57A5328337A891146184648
:10CA3000F3F73DF97B68052283F82D2078687B6841
:10CA400093F82D301A460021EBF73AFB7B68BA8D3C
:10CA500000211846EBF798FB00F0D2FD04467B68F6
:10CA60009B6803F58253083300211846E6F774F9F2
:10CA700003461A464EF6602302FB03F3E2187B6876
:10CA80009A635EE07B689B6803F58253083300215C
:10CA90001846E6F761F90346002B14BF0123002373
:10CAA000DBB2002B4DD07B6A99B23B6A9AB23B69EC
:10CAB0009BB2F88B02937B690193BB690093034699
:10CAC0007868FFF74BFD3CE07B6893F82D30052B31
:10CAD00037D197F82F30002B33D07B689B6803F554
:10CAE0007A53283301211846F2F770FD7B68012242
:10CAF00083F82D207B689B6803F57A53283318460A
:10CB0000F2F72AFC0346BB817B689B6818467B686A
:10CB1000B3F95020B9890023E5F703F80346BB8138
:10CB200078687B6893F82D301A460021EBF7C8FA35
:10CB30007B68BA8900211846EBF726FB7B68002248
:10CB40001A6497F82F3018463437BD4690BD80B52B
:10CB500088B000AF78607B689B6803F57A53283310
:10CB6000FB61FB691B681C331B68F8699847034627
:10CB7000BB61FB691B6814331B68F869984703465F
:10CB80007B61FB691B6828331B68F869984703467B
:10CB90003B61FB691B6824331B68F86998470346AF
:10CBA000FB607A69BB69D31A002BB8BF5B42052BC7
:10CBB00021DC3B69B3F5FA7F1DD8FB68002B1ADD39
:10CBC0007B68022283F82D2000F01AFD034603F54E
:10CBD000FA627B689A637B689B6803F584435833E9
:10CBE0001846E4F73DFB78687B6893F82D301A46C9
:10CBF0000121EBF765FA00BF2037BD4680BD00007C
:10CC0000B0B590B004AF78607B689B6803F5814352
:10CC100038333B627B689B68FB617B689B6803F5EC
:10CC2000804338331846EFF7DDFE0346FB857B680B
:10CC30009B6803F5804338331846EFF7AEFF034691
:10CC4000FB767B689B6803F57A5328331846E7F731
:10CC500082F80346BB76FB7E012B10D1BB7E002BF6
:10CC600006D1786800F0BAF97B6800221A6402E005
:10CC7000786800F0ABFB7B6800225A610EE0FB7E17
:10CC8000022B0BD1BB7E002B05D1786800F036FA61
:10CC90007B6800221A647B6800225A617B689B686B
:10CCA00003F5804338331846EFF766FF0346002B41
:10CCB00014BF01230023DBB2002B3AD0BB7E002B34
:10CCC0001DD1FB8D1946786800F024FB0346002B2C
:10CCD0002CD0FB6903F582530833F98D00221846E6
:10CCE000E6F735FA7B68303300211846E6F71CFE7C
:10CCF0007B68FA8DB97E1846EBF746FA16E0FB8D95
:10CD00001946786800F097FB0346002B0ED0FB69AC
:10CD100003F582530833F98D01221846E6F717FA16
:10CD20007B68FA8DB97E1846EBF72EFA7B680022F5
:10CD30005A617B689B6803F5804378331846EFF7A8
:10CD400051FE0346FB857B689B6803F5804378337F
:10CD50001846EFF722FF0346FB76FB7E012B58D1E6
:10CD60007B68DB6B002B06D000F04AFC02467B6838
:10CD7000DA6300232BE17B6893F85230002B41D01B
:10CD8000386AFEF747FE03463B83386AFEF74EFEDD
:10CD90000346FB82386AFEF755FE0346BB82386ABB
:10CDA000FEF75CFE0346FB747B689B6803F58040DE
:10CDB0007830B7F91810B7F91620B7F91440FB7C92
:10CDC0009B00DBB2002502950193FB7C0093234678
:10CDD000EFF7CCFD7B68002283F852203B8BFB856C
:10CDE00000F00EFC02467B68B3F864301A447B689E
:10CDF0005A657B6801211846EBF7E7F97B6800224A
:10CE00005A610BE000F0FCFB02467B685A65002388
:10CE1000DDE0FB7E022B01D10123D8E07B689B681B
:10CE200003F5804378331846EFF7A6FE0346002B40
:10CE300014BF01230023DBB2002B58D0FB8D3B82B3
:10CE40003B6A1B6814331B68386A98470346BB85E6
:10CE5000386AFEF7DFFD03467B857B68B3F9502017
:10CE6000B98D0223F869E4F75CFE0346BB857B6855
:10CE700093F85230002B1CD0FB8DBB857B68FA8D5C
:10CE800002211846EBF780F97B68B3F95020398A04
:10CE9000002300930223F869E4F776FE0346FB8142
:10CEA0003B6A1B6818331B68FA891146386A984731
:10CEB00014E0FB8D7B857B8D1946386AF8F7E6F91F
:10CEC0007B6801211846EBF780F900F099FB0246D8
:10CED0007B68B3F864301A447B685A65FB6903F5D4
:10CEE000825308337A8DB98D1846E6F74AF97B6884
:10CEF0005B6D002B08D000F083FB02467B685B6D06
:10CF00009A4201D3012300E00023002B5ED0FB698D
:10CF100003F58253083302211846E5F752FF034612
:10CF20003B85FB6903F58253083300220221184632
:10CF3000E5F7E4FB0346BB81FB6903F58253083345
:10CF4000002202211846E5F71FFC03467B810123DE
:10CF500087F82730FB6903F5825308331846EAF750
:10CF6000D6FB0346002B0FD03A8D1B4BA3FB0213BD
:10CF700099080B469B000B44D31A9BB23A8DD31AE7
:10CF80003B85052387F827307B689B6803F5804045
:10CF90007830B7F92810B7F90C20B7F90A40002308
:10CFA000029397F82730019397F827300093234690
:10CFB000EFF7DCFC7B68012283F852207B680021BC
:10CFC0001846EBF702F97B6800225A6500231846E1
:10CFD0003037BD46B0BD00BFCDCCCCCC90B587B00E
:10CFE00002AF78607B6893F82D30082B06D0082BB1
:10CFF00055DC002B02D0072B0ED050E07B6893F855
:10D000002430002B08D07B689B6803F58443583399
:10D010001846E4F767F96DE07B689B6803F5825377
:10D02000083300211846E5F7CCFE0346FB817B68F8
:10D030009B681846F2F720F803461AB27B68A3F8FB
:10D0400050207B689B6818467B68B3F95020F989AB
:10D05000002300930023E4F797FD0346FB817B68E0
:10D060009B6803F57A532833FA8911461846F2F77C
:10D070003FFB7B689B6803F57A53283301211846F0
:10D08000F2F7A4FA7B68012283F82D2078687B6888
:10D0900093F82D301A460021EBF712F82AE07B684E
:10D0A0009B6803F57A53283300211846F2F78EFA6D
:10D0B0007B68072283F82D2078687B6893F82D30F1
:10D0C0001A460021EAF7FCFF7B689B681846E4F7E4
:10D0D0008BFE7C687B689B6803F5825308330021D4
:10D0E0001846E5F76EFE03461A4600212046EBF788
:10D0F0004BF800BF1437BD4690BD000090B589B015
:10D1000002AF78607B6893F82D30082B71D801A2AC
:10D1100052F823F039D10108F3D10108F3D1010805
:10D12000F3D1010891D10108F3D10108F3D101082D
:10D1300055D1010839D101087B6893F82430002BC0
:10D1400008D07B689B6803F5844358331846E4F79E
:10D15000C9F8DAE07B689B6803F5844358331846C6
:10D16000E4F77EF87B689B6803F57A532833012146
:10D170001846F2F72BFA7B68012283F82D20786895
:10D180007B6893F82D301A460021EAF799FFBCE03E
:10D190007B689B6803F57A53283301211846F2F720
:10D1A00015FA7B68012283F82D207B6800229A63A0
:10D1B00078687B6893F82D301A460021EAF780FFE3
:10D1C0007C687B689B6803F582530833002118460E
:10D1D000E5F7F7FD03461A4600212046EAF7D4FF9B
:10D1E0007B689B6803F5844358331846E4F738F8A6
:10D1F0008BE07B689B6803F5825308331846E5F79C
:10D20000F5FF0346FB757B689B6803F58253083383
:10D210001846E5F7FEFF03463B61FB7D002B73D00C
:10D220003B69002B70D07B689B6803F58253083301
:10D230001846E4F757F9034683F00103DBB2002BED
:10D240000BD0FA7D1346DB0013440333304A82FBD4
:10D2500003125210DB17D31AFB757B689B6803F52A
:10D260007A5328331846F2F777F80346FB817B6838
:10D270009B6818467B68B3F95020F9890023E4F7CE
:10D2800050FC03461A46FB7D9BB21344BB817B686E
:10D290009B6818467B68B3F95020B9890023009336
:10D2A0000023E4F771FC0346FB817B689B6803F570
:10D2B0007A532833FA8911461846F2F733FD7B6812
:10D2C000042283F82D2000F09BF902463B694FF4BD
:10D2D0007A7101FB03F31A447B689A6378687B6870
:10D2E00093F82D301A460021EAF7EAFE7B68BA89E6
:10D2F00000211846EAF748FF7B689B6803F58443E2
:10D3000058331846E3F7ACFF00BF1C37BD4690BD4D
:10D310006766666680B586B002AF78600B467B8034
:10D320007B6893F82D30082B2FD801A252F823F0F8
:10D3300059D301088BD301088BD301088BD3010883
:10D3400055D301085DD301085DD3010859D3010805
:10D3500059D30108002335E0012333E07B689B6843
:10D3600003F57A53283301211846F2F72FF97B6829
:10D37000012283F82D2078687B6893F82D301A46B7
:10D380000021EAF79DFE00231CE07B689B6818469D
:10D390007B68B3F950207988002300930023E4F7D9
:10D3A000F3FB0346FB817B689B6803F57A532833C4
:10D3B000FA8911461846F2F79BF97B68012283F837
:10D3C0002D20012318461037BD4680BD80B584B09E
:10D3D00000AF78607B6893F82D30052B26D17B68F1
:10D3E0009B6803F57A53283300211846F2F7EEF8CC
:10D3F0007B68072283F82D207B689B6803F58253A6
:10D40000083301211846E5F7DCFC0346FB817B6805
:10D41000FA8901211846EAF7B7FE78687B6893F825
:10D420002D301A460121EAF74BFE00E000BF00BF95
:10D430001037BD4680BD80B586B002AF78600B4620
:10D440007B807B6893F82D30082B0CDC072B08DAE7
:10D45000002B06D0002B06DB043B022B03D8002355
:10D460001EE001231CE07B689B6818467B68B3F9CB
:10D4700050207988002300930123E4F785FB0346BD
:10D48000FB817B689B6803F57A532833FA89114640
:10D490001846F2F72DF97B68012283F82D2001232D
:10D4A00018461037BD4680BD80B483B000AF7860A9
:10D4B0000B46FB70FB78002B05D0FB78072B02D0C6
:10D4C000FB78082B01D1012300E0002318460C371C
:10D4D000BD4680BC704780B483B000AF78600B4617
:10D4E000FB70FB78012B05D0FB78022B02D0FB7878
:10D4F000032B01D1012300E0002318460C37BD4661
:10D5000080BC7047FEF758F90B480C490C4A0023C1
:10D5100002E0D458C4500433C4188C42F9D3094AE9
:10D52000094C002301E013600432A242FBD316F041
:10D530001DF8F4F739FE704700000020F8010020C4
:10D5400068600308F80100209C7D0020FEE70000D1
:10D5500080B500AF084B1B68074A43F01003136007
:10D56000032000F0EDFD0F2000F008F8FDF7C0FCEF
:10D570000023184680BD00BF0020024080B582B065
:10D5800000AF7860124B1A68124B1B7819464FF4A3
:10D590007A73B3FBF1F3B2FBF3F3184600F005FE28
:10D5A0000346002B01D001230EE07B680F2B0AD825
:10D5B000002279684FF0FF3000F0CDFD064A7B680D
:10D5C0001360002300E0012318460837BD4680BDE4
:10D5D00040000020540000205000002080B400AF24
:10D5E000054B1B781A46054B1B681344034A13600E
:10D5F00000BFBD4680BC704754000020205E002064
:10D6000080B400AF024B1B681846BD4680BC704713
:10D61000205E002080B584B000AF7860FFF7F0FF97
:10D62000B8607B68FB60FB68B3F1FF3F05D00A4B35
:10D630001B781A46FB681344FB6000BFFFF7E0FF4E
:10D640000246BB68D31AFA689A42F7D800BF00BFF7
:10D650001037BD4680BD00BF5400002080B586B0A5
:10D6600000AF78600023FB7500233B610023BB60A3
:10D670000023FB607B68002B01D10123CEE07B6897
:10D680009B68002B7B689B6A002B09D17B6800227A
:10D69000DA627B68002283F824207868FDF75AFC60
:10D6A000786800F02BFB0346FB757B689B6A03F0F0
:10D6B0001003002B40F0A980FB7D002B40F0A580DB
:10D6C0007B689B6A23F4885323F0020343F0020231
:10D6D0007B689A627B685A687B681B6851498B42F9
:10D6E0000AD17B68DB69B3F5402F02D07B68DB6928
:10D6F00004E04FF4002301E07B68DB691A437B6898
:10D700001B7B5B001343BA681343BB607B689B6859
:10D71000B3F5807F03D07B689B68012B02D14FF467
:10D72000807300E000233A6913433B617B681B7DF3
:10D73000012B19D17B681B7B002B09D17B689B696E
:10D74000013B5A033B69134343F400633B610BE025
:10D750007B689B6A43F020027B689A627B68DB6A85
:10D7600043F001027B68DA627B681B685B6823F424
:10D7700069417B681B683A690A435A607B681B6889
:10D780009A68294B13407A681268B9680B43936012
:10D790007B689B68B3F5807F03D07B689B68012B17
:10D7A00004D17B681B69013B1B05FB607B681B6820
:10D7B000DB6A23F470017B681B68FA680A43DA624B
:10D7C0007B681B689A68194B1340BA689A420BD160
:10D7D0007B680022DA627B689B6A23F0030343F0D4
:10D7E00001027B689A6218E07B689B6A23F012034F
:10D7F00043F010027B689A627B68DB6A43F00102A7
:10D800007B68DA620123FB7507E07B689B6A43F063
:10D8100010027B689A620123FB75FB7D184618375E
:10D82000BD4680BD003C0140FDF7E1FFFE0E1FFF3D
:10D8300080B584B000AF78600023FB737B6893F8F9
:10D840002430012B01D102231AE07B68012283F8E6
:10D850002420786800F052FA0346FB73FB7B002B10
:10D8600009D17B689B6A23F4885323F0010343F0BA
:10D8700001027B689A627B68002283F82420FB7B8C
:10D8800018461037BD4680BD80B586B000AFF86041
:10D89000B9607A600023FB75FB681B68644A934299
:10D8A00004D0FB681B68634A934206D1604B5B68F7
:10D8B00003F47023002B40F0B380FB6893F824300E
:10D8C000012B01D10223AEE0FB68012283F8242062
:10D8D000F86800F0B9F90346FB75FB7D002B40F0BA
:10D8E0009A80FB689B6A23F4706323F0010343F47E
:10D8F0008072FB689A62FB681B684E4A934205D1AE
:10D900004B4B5B6803F47023002B15D1FB689B6ABB
:10D9100023F48012FB689A62FB681B685B6803F45F
:10D920008063002B26D0FB689B6A23F4405343F4AA
:10D930008052FB689A621DE0FB689B6A43F4801288
:10D94000FB689A62FB681B68394A934204D0FB6803
:10D950001B68384A93420DD1354B5B6803F48063F2
:10D96000002B07D0FB689B6A23F4405343F480529A
:10D97000FB689A62FB689B6A03F48053002B06D015
:10D98000FB68DB6A23F00602FB68DA6202E0FB68F0
:10D990000022DA62FB68002283F82420FB681B6AFD
:10D9A000254A9A62FB681B6A244ADA62FB681B6A92
:10D9B000234A1A63FB681B686FF002021A60FB6857
:10D9C0001B689A68FB681B6842F480729A60FB6867
:10D9D000186AFB681B684C331946BA687B6800F00C
:10D9E00067FCFB681B689B6803F46023B3F5602F3A
:10D9F00008D1FB681B689A68FB681B6842F4A002A8
:10DA00009A600FE0FB681B689A68FB681B6842F429
:10DA100080129A6006E0FB68002283F8242001E06F
:10DA20000123FB75FB7D18461837BD4680BD00BF3E
:10DA300000240140002801407FDD0108FBDD0108D2
:10DA400017DE010880B483B000AF786000BF0C37E8
:10DA5000BD4680BC7047000080B485B000AF7860E0
:10DA600039600023FB730023BB607B6893F824308C
:10DA7000012B01D10223DCE07B68012283F8242002
:10DA80003B685B68062B1CD87B681B68596B3B683E
:10DA90005A6813469B001344053B1F2202FA03F306
:10DAA000DB4319403B6818683B685A6813469B0083
:10DAB0001344053B00FA03F27B681B680A435A6370
:10DAC0003CE03B685B680C2B1CD87B681B68196BBF
:10DAD0003B685A6813469B001344233B1F2202FAFB
:10DAE00003F3DB4319403B6818683B685A681346E8
:10DAF0009B001344233B00FA03F27B681B680A4334
:10DB00001A631BE07B681B68D96A3B685A68134636
:10DB10009B001344413B1F2202FA03F3DB431940ED
:10DB20003B6818683B685A6813469B001344413BA6
:10DB300000FA03F27B681B680A43DA623B681B68E1
:10DB4000092B1CD97B681B68D9683B681A68134687
:10DB50005B0013441E3B072202FA03F3DB43194028
:10DB60003B6898683B681A6813465B0013441E3B89
:10DB700000FA03F27B681B680A43DA6019E07B68ED
:10DB80001B6819693B681A6813465B001344072237
:10DB900002FA03F3DB4319403B6898683B681A6854
:10DBA00013465B00134400FA03F27B681B680A43C8
:10DBB0001A613B681B68102B03D03B681B68112B54
:10DBC00032D17B681B681D4A934225D17B681B6854
:10DBD0009B6803F40003002B26D17B681B689A68BE
:10DBE0007B681B6842F400029A603B681B68102B3C
:10DBF0001AD1134B1B68134AA2FB03239A0C13463A
:10DC00009B0013445B00BB6002E0BB68013BBB6050
:10DC1000BB68002BF9D107E07B689B6A43F02002C8
:10DC20007B689A620123FB737B68002283F82420BF
:10DC3000FB7B18461437BD4680BC7047002401406A
:10DC40004000002083DE1B4380B584B000AF7860C5
:10DC50000023FB600023BB607B681B689B6803F0AC
:10DC60000103012B40D07B681B689A687B681B68A6
:10DC700042F001029A601F4B1B681F4AA2FB03235C
:10DC80009B0CBB6002E0BB68013BBB60BB68002B28
:10DC9000F9D1FFF7B5FCF8601FE0FFF7B1FC0246D1
:10DCA000FB68D31A022B18D97B681B689B6803F0AA
:10DCB0000103012B11D07B689B6A43F010027B6843
:10DCC0009A627B68DB6A43F001027B68DA627B68F8
:10DCD000002283F82420012307E07B681B689B68EF
:10DCE00003F00103012BD8D1002318461037BD469D
:10DCF00080BD00BF4000002083DE1B4380B584B0A0
:10DD000000AF78600023FB607B681B689B6803F0B2
:10DD10000103012B2ED17B681B689A687B681B6806
:10DD200022F001029A60FFF76BFCF8601BE0FFF73E
:10DD300067FC0246FB68D31A022B14D97B681B6868
:10DD40009B6803F00103012B0DD17B689B6A43F0B4
:10DD500010027B689A627B68DB6A43F001027B6891
:10DD6000DA62012307E07B681B689B6803F001030C
:10DD7000012BDCD0002318461037BD4680BD80B58E
:10DD800084B000AF78607B685B6AFB60FB689B6A6D
:10DD900003F05003002B27D1FB689B6A43F4007209
:10DDA000FB689A62FB681B689B6803F46023B3F509
:10DDB000602F15D1FB681B7B002B11D1FB689B6A80
:10DDC00023F48072FB689A62FB689B6A03F48053B9
:10DDD000002B05D1FB689B6A43F00102FB689A6245
:10DDE000F868E8F7D9F904E0FB681B6A1B6B7868F0
:10DDF000984700BF1037BD4680BD80B584B000AFE6
:10DE000078607B685B6AFB60F868FFF71BFE00BF09
:10DE10001037BD4680BD80B584B000AF78607B68A8
:10DE20005B6AFB60FB689B6A43F04002FB689A6296
:10DE3000FB68DB6A43F00402FB68DA62F868E8F723
:10DE40005FFA00BF1037BD4680BD000090B587B0B7
:10DE500000AF78600023FB750023FB607B6893F8BC
:10DE60002430012B01D1022397E07B68012283F843
:10DE700024207868FFF742FF0346FB757868FFF7B8
:10DE8000E3FE0346FB75FB7D002B40F081807B6841
:10DE90009B6A23F4885323F0020343F002027B6859
:10DEA0009A62404B1C68022003F01EF90346B4FB43
:10DEB000F3F35B00FB6002E0FB68013BFB60FB6887
:10DEC000002BF9D17B681B689A687B681B6842F05D
:10DED00008029A60FFF794FB38611BE0FFF790FBA4
:10DEE00002463B69D31A0A2B14D97B681B689B68CE
:10DEF00003F00803002B0DD07B689B6A23F012030C
:10DF000043F010027B689A627B68002283F8242029
:10DF1000012342E07B681B689B6803F00803002B29
:10DF2000DCD17B681B689A687B681B6842F004023E
:10DF30009A60FFF765FB38611BE0FFF761FB024663
:10DF40003B69D31A0A2B14D97B681B689B6803F0C2
:10DF50000403002B0DD07B689B6A23F0120343F06F
:10DF600010027B689A627B68002283F824200123D8
:10DF700013E07B681B689B6803F00403002BDCD173
:10DF80007B689B6A23F0030343F001027B689A627B
:10DF90007B68002283F82420FB7D18461C37BD4691
:10DFA00090BD00BF4000002080B485B000AF786015
:10DFB0007B6803F00703FB600C4BDB68BB60BA684F
:10DFC0004FF6FF031340BB60FB681A02BB681343A4
:10DFD00043F0BF6343F40033BB60044ABB68D360C3
:10DFE00000BF1437BD4680BC704700BF00ED00E0A5
:10DFF00080B400AF044BDB681B0A03F0070318462C
:10E00000BD4680BC704700BF00ED00E080B483B027
:10E0100000AF0346FB7197F90730002B0BDBFB7950
:10E0200003F01F02064997F907305B09012000FA47
:10E0300002F241F8232000BF0C37BD4680BC704778
:10E0400000E100E080B483B000AF03463960FB71AB
:10E0500097F90730002B0ADB3B68DAB20C4997F9D5
:10E0600007301201D2B20B4483F800230AE03B6868
:10E07000DAB20849FB7903F00F03043B1201D2B274
:10E080000B441A7600BF0C37BD4680BC704700BFFA
:10E0900000E100E000ED00E080B489B000AFF8607E
:10E0A000B9607A60FB6803F00703FB61FB69C3F1A9
:10E0B0000703042B28BF0423BB61FB690433062B31
:10E0C00002D9FB69033B00E000237B614FF0FF3284
:10E0D000BB6902FA03F3DA43BB681A407B699A40D2
:10E0E0004FF0FF317B6901FA03F3D9437B680B40A2
:10E0F000134318462437BD4680BC704780B582B0B4
:10E1000000AF78607B68013BB3F1807F01D30123CE
:10E110000FE00A4A7B68013B53600F214FF0FF304C
:10E12000FFF790FF054B00229A60044B07221A600C
:10E13000002318460837BD4680BD00BF10E000E050
:10E1400080B582B000AF78607868FFF72DFF00BF20
:10E150000837BD4680BD80B586B000AF0346B960C4
:10E160007A60FB7300237B61FFF742FF78617A6876
:10E17000B9687869FFF790FF024697F90F301146AA
:10E180001846FFF75FFF00BF1837BD4680BD80B55A
:10E1900082B000AF0346FB7197F907301846FFF7CE
:10E1A00035FF00BF0837BD4680BD80B582B000AFE7
:10E1B00078607868FFF7A2FF034618460837BD4627
:10E1C00080BD000080B485B000AF78600023FB60A4
:10E1D0007B68002B01D1012359E07B681B681A463C
:10E1E0002D4B9A420FD87B681B681A462B4B134461
:10E1F0002B4AA2FB03231B099A007B681A647B68E5
:10E20000284ADA630EE07B681B681A46264B1344E3
:10E21000234AA2FB03231B099A007B681A647B68CC
:10E22000224ADA637B68022283F821207B681B681C
:10E230001B68FB60FB6823F47F5323F03003FB6013
:10E240007B685A687B689B681A437B68DB681A4363
:10E250007B681B691A437B685B691A437B689B690F
:10E260001A437B68DB691343FA681343FB607B68DE
:10E270001B68FA681A607B6800229A637B68012237
:10E2800083F821207B68002283F820200023184691
:10E290001437BD4680BC704707040240F8FFFDBF3D
:10E2A000CDCCCCCC00000240F8FBFDBF0004024006
:10E2B00080B586B000AFF860B9607A603B6000233B
:10E2C000FB75FB6893F82030012B01D102234BE052
:10E2D000FB68012283F82020FB6893F82130DBB231
:10E2E000012B3AD1FB68022283F82120FB6800222F
:10E2F0009A63FB681B681A68FB681B6822F00102BE
:10E300001A603B687A68B968F86800F0A9FAFB6897
:10E31000DB6A002B08D0FB681B681A68FB681B6867
:10E3200042F00E021A600FE0FB681B681A68FB6877
:10E330001B6822F004021A60FB681B681A68FB68FD
:10E340001B6842F00A021A60FB681B681A68FB68C7
:10E350001B6842F001021A6005E0FB68002283F8A6
:10E3600020200223FB75FB7D18461837BD4680BD73
:10E3700080B485B000AF78600023FB737B6893F8AE
:10E380002130DBB2022B08D07B6804229A637B68C1
:10E39000002283F82020012320E07B681B681A6894
:10E3A0007B681B6822F00E021A607B681B681A6883
:10E3B0007B681B6822F001021A607B681A6C7B681C
:10E3C000DB6B012101FA02F25A607B68012283F8BB
:10E3D00021207B68002283F82020FB7B184614371D
:10E3E000BD4680BC7047000080B584B000AF786047
:10E3F0007B68DB6B1B68FB607B681B681B68BB6012
:10E400007B681B6C04229A40FB681340002B00F0D1
:10E41000F180BB6803F00403002B00F0EB807B6805
:10E420001B681B6803F02003002B07D17B681B6867
:10E430001A687B681B6822F004021A607B681B68FC
:10E440001A465F4B9A4258D97B681B685D4A9342D3
:10E450004FD07B681B685C4A934248D07B681B683E
:10E460005A4A934240D07B681B68594A934238D03D
:10E470007B681B68574A934230D07B681B68564ABA
:10E48000934228D07B681B684D4A934220D07B681A
:10E490001B68524A934219D07B681B68504A9342CA
:10E4A00012D07B681B684F4A93420AD07B681B6876
:10E4B0004D4A934202D14FF480431BE04FF4802336
:10E4C00018E04FF4806315E0402313E0042311E0CB
:10E4D0004FF080630EE04FF480030BE04FF4802395
:10E4E00008E04FF4804305E04FF4806302E04023EE
:10E4F00000E004233D4A536057E07B681B68314AC3
:10E5000093424FD07B681B682F4A934248D07B6868
:10E510001B682E4A934240D07B681B682C4A93426A
:10E5200038D07B681B682B4A934230D07B681B68CD
:10E53000294A934228D07B681B68214A934220D005
:10E540007B681B68254A934219D07B681B68244A64
:10E55000934212D07B681B68224A93420AD07B68A0
:10E560001B68214A934202D14FF480431BE04FF4D1
:10E57000802318E04FF4806315E0402313E0042368
:10E5800011E04FF080630EE04FF480030BE04FF496
:10E59000802308E04FF4804305E04FF4806302E0FD
:10E5A000402300E00423124A53607B68DB6A002B9F
:10E5B00000F036817B68DB6A7868984730E100BFFD
:10E5C00080000240080002401C000240300002406F
:10E5D00044000240580002406C000240080402401F
:10E5E0001C04024030040240440402400004024083
:10E5F000000002407B681B6C02229A40FB681340BB
:10E60000002B00F0DD80BB6803F00203002B00F05C
:10E61000D7807B681B681B6803F02003002B0BD19D
:10E620007B681B681A687B681B6822F00A021A6004
:10E630007B68012283F821207B681B681A467B4B8C
:10E640009A4258D97B681B68794A93424FD07B68BD
:10E650001B68784A934248D07B681B68764A93428D
:10E6600040D07B681B68754A934238D07B681B6832
:10E67000734A934230D07B681B68724A934228D019
:10E680007B681B68694A934220D07B681B686E4A8E
:10E69000934219D07B681B686C4A934212D07B6806
:10E6A0001B686B4A93420AD07B681B68694A934295
:10E6B00002D14FF400531BE04FF4003318E04FF445
:10E6C000007315E0202313E0022311E04FF00073E4
:10E6D0000EE04FF400130BE04FF4003308E04FF46A
:10E6E000005305E04FF4007302E0202300E0022312
:10E6F000594A536057E07B681B684D4A93424FD09C
:10E700007B681B684B4A934248D07B681B684A4A27
:10E71000934240D07B681B68484A934238D07B685C
:10E720001B68474A934230D07B681B68454A934236
:10E7300028D07B681B683D4A934220D07B681B68C9
:10E74000414A934219D07B681B68404A934212D0D9
:10E750007B681B683E4A93420AD07B681B683D4A2F
:10E76000934202D14FF400531BE04FF4003318E002
:10E770004FF4007315E0202313E0022311E04FF063
:10E7800000730EE04FF400130BE04FF4003308E089
:10E790004FF4005305E04FF4007302E0202300E043
:10E7A00002232E4A53607B68002283F820207B6876
:10E7B0009B6A002B34D07B689B6A786898472FE06F
:10E7C0007B681B6C08229A40FB681340002B28D002
:10E7D000BB6803F00803002B23D07B681B681A6812
:10E7E0007B681B6822F00E021A607B681A6C7B68DB
:10E7F000DB6B012101FA02F25A607B6801229A6305
:10E800007B68012283F821207B68002283F8202086
:10E810007B681B6B002B04D07B681B6B7868984768
:10E8200000BF00BF1037BD4680BD00BF8000024062
:10E83000080002401C000240300002404400024038
:10E84000580002406C000240080402401C040240D0
:10E850003004024044040240000402400000024030
:10E8600080B485B000AFF860B9607A603B60FB6847
:10E870001A6CFB68DB6B012101FA02F25A60FB683B
:10E880001B683A685A60FB685B68102B08D1FB680C
:10E890001B687A689A60FB681B68BA68DA6007E0F0
:10E8A000FB681B68BA689A60FB681B687A68DA6064
:10E8B00000BF1437BD4680BC7047000080B48BB0E9
:10E8C00000AF7860396000237B6200233B6279E10E
:10E8D00001227B6A02FA03F3FB613B681B68FA6959
:10E8E0001340BB61BA69FB699A4240F068813B689A
:10E8F0005B68964A93425ED0944A934275D8944A94
:10E90000934258D0924A93426FD8924A934252D03F
:10E91000904A934269D8904A93424CD08E4A93428F
:10E9200063D88E4A934246D08C4A93425DD8122BCC
:10E930002AD8122B59D801A252F823F0B7E90108BE
:10E9400091E90108A3E90108E5E90108EBE90108FB
:10E95000EBE90108EBE90108EBE90108EBE9010843
:10E96000EBE90108EBE90108EBE90108EBE9010833
:10E97000EBE90108EBE90108EBE90108EBE9010823
:10E9800099E90108ADE90108754A934213D02CE0DA
:10E990003B68DB683B6229E03B68DB6804333B6231
:10E9A00024E03B68DB6808333B621FE03B68DB68C0
:10E9B0000C333B621AE03B689B68002B02D10423B6
:10E9C0003B6213E03B689B68012B05D108233B6247
:10E9D0007B68FA691A6109E008233B627B68FA697F
:10E9E0005A6103E000233B6200E000BFBB69FF2BDC
:10E9F00001D87B6801E07B6804337B61BB69FF2B36
:10EA000002D87B6A9B0002E07B6A083B9B003B616B
:10EA10007B691A680F213B6901FA03F3DB431A4053
:10EA2000396A3B6901FA03F31A437B691A603B6850
:10EA30005B6803F08053002B00F0C180494B9B6959
:10EA4000484A43F001039361464B9B6903F001037D
:10EA5000BB60BB68444A7B6A9B08023352F8233090
:10EA6000FB607B6A03F003039B000F2202FA03F3AF
:10EA7000DB43FA681340FB607B683C4A93421FD03B
:10EA80007B683B4A934219D07B683A4A934213D041
:10EA90007B68394A93420DD07B68384A934207D04D
:10EAA0007B68374A934201D105230AE0062308E038
:10EAB000042306E0032304E0022302E0012300E034
:10EAC00000237A6A02F0030292009340FA6813432B
:10EAD000FB6025497B6A9B080233FA6841F82320D2
:10EAE0003B685B6803F48013002B06D0254B9A68C3
:10EAF0002449BB6913438B6006E0224B9A68BB69CB
:10EB0000DB43204913408B603B685B6803F40013D0
:10EB1000002B06D01B4BDA681A49BB691343CB6044
:10EB200006E0184BDA68BB69DB4316491340CB603B
:10EB30003B685B6803F40033002B25D0114B5A6807
:10EB40001049BB6913434B6025E000BF0000321041
:10EB500000003110000022100000211000001210EF
:10EB600000001110001002400000014000080140A8
:10EB7000000C014000100140001401400018014049
:10EB8000001C014000040140154B5A68BB69DB437F
:10EB9000134913404B603B685B6803F48033002BE0
:10EBA00006D00F4B1A680E49BB6913430B6006E091
:10EBB0000B4B1A68BB69DB43094913400B607B6A46
:10EBC00001337B623B681A687B6A22FA03F3002BED
:10EBD0007FF47EAE00BF00BF2C37BD4680BC7047BF
:10EBE0000004014080B485B000AF78600B467B80A4
:10EBF0007B689A687B881340002B02D00123FB734B
:10EC000001E00023FB73FB7B18461437BD4680BC34
:10EC1000704780B483B000AF78600B467B801346AA
:10EC20007B707B78002B03D07A887B681A6103E0C5
:10EC30007B881A047B681A6100BF0C37BD4680BC14
:10EC4000704780B584B000AF78607B68002B01D13D
:10EC50000123E8E07B6893F89132DBB2002B06D108
:10EC60007B68002283F89022786812F083FE7B682C
:10EC7000032283F891227B6800225A717B681B680B
:10EC8000184604F0BEFE7B6818687B6804330ECB20
:10EC900004F094FE0346002B05D07B68022283F823
:10ECA00091220123BFE07B681B680021184604F015
:10ECB000C2FE0346002B05D07B68022283F8912216
:10ECC0000123B0E00023FB733EE0FA7B7968134632
:10ECD0009B001344DB000B44113301221A70FA7BB2
:10ECE000796813469B001344DB000B441033FA7B16
:10ECF0001A70FA7B796813469B001344DB000B44BF
:10ED0000133300221A70FA7B796813469B00134470
:10ED1000DB000B44203300221A60FA7B796813462B
:10ED20009B001344DB000B44243300221A60FB7B5E
:10ED300079685A1C13469B001344DB000B440022E5
:10ED40001A60FB7B0133FB737B681B79FA7B9A4269
:10ED5000BBD30023FB7344E0FA7B796813469B0026
:10ED60001344DB000B4403F2511300221A70FA7BA8
:10ED7000796813469B001344DB000B4403F5A8732A
:10ED8000FA7B1A70FA7B796813469B001344DB0008
:10ED90000B4403F2531300221A70FA7B796813466E
:10EDA0009B001344DB000B4403F5B07300221A6090
:10EDB000FA7B796813469B001344DB000B4403F590
:10EDC000B27300221A60FA7B796813469B001344E1
:10EDD000DB000B4403F5B47300221A60FB7B0133A4
:10EDE000FB737B681B79FA7B9A42B5D37B68186802
:10EDF0007B6804330ECB04F02AFE0346002B05D0BB
:10EE00007B68022283F8912201230CE07B680022B8
:10EE10005A737B68012283F891227B681B6818462D
:10EE200007F0BFF8002318461037BD4680BD80B5F7
:10EE300082B000AF78607B6893F89032012B01D1EB
:10EE4000022316E07B68012283F890227B681B680E
:10EE5000184604F0C0FD0121786813F012F87B68B1
:10EE60001B68184607F093F87B68002283F890220D
:10EE7000002318460837BD4680BD80B588B000AF76
:10EE800078607B681B68184607F095F8B861BB6925
:10EE900003F40043002B03D0786800F047FB19E12E
:10EEA000BB6903F48063002B13D07B681B68B3F845
:10EEB00044309AB27B681B6822F4806292B2A3F855
:10EEC0004420786812F0D1FD0021786800F005F93F
:10EED00000E1BB6903F48043002B0CD07B681B6806
:10EEE000B3F844309AB27B681B6822F4804292B235
:10EEF000A3F84420EEE0BB6903F40053002B0CD0D0
:10EF00007B681B68B3F844309AB27B681B6822F4B4
:10EF1000005292B2A3F84420DCE0BB6903F48053B2
:10EF2000002B27D07B681B68B3F840309AB27B680F
:10EF30001B6822F0040292B2A3F840207B681B6891
:10EF4000B3F840309AB27B681B6822F0080292B294
:10EF5000A3F84020786812F0C1FD7B681B68B3F805
:10EF600044309AB27B681B6822F4805292B2A3F8B4
:10EF70004420AFE0BB6903F40063002B00F0838002
:10EF80000023FB7710E07B681B681A46FB7F9B0021
:10EF90001A44FB7F128892B25B0020333B4423F873
:10EFA000182CFB7F0133FB77FB7F072BEBD97B68AA
:10EFB0001B68B3F840309AB27B681B6842F00102CC
:10EFC00092B2A3F840207B681B68B3F840309AB235
:10EFD0007B681B6822F0010292B2A3F8402000BFB8
:10EFE0007B681B68B3F844309BB203F48063002B4A
:10EFF000F6D07B681B68B3F844309AB27B681B6814
:10F0000022F4806292B2A3F844200023FB770FE041
:10F01000FB7F7A6812681146FA7F92000A445B000F
:10F0200020333B4433F8183C1380FB7F0133FB77DC
:10F03000FB7F072BECD97B681B68B3F840309AB292
:10F040007B681B6842F0080292B2A3F840207B68FC
:10F050001B68B3F844309AB27B681B6822F40062E4
:10F0600092B2A3F844207B681B68B3F840309AB290
:10F070007B681B6842F0040292B2A3F840207868D3
:10F0800012F012FD26E0BB6903F40073002B0FD0D1
:10F090007B681B68B3F844309AB27B681B6822F423
:10F0A000007292B2A3F84420786812F0D0FC11E00C
:10F0B000BB6903F48073002B0CD07B681B68B3F82A
:10F0C00044309AB27B681B6822F4807292B2A3F833
:10F0D000442000BF2037BD4680BD80B582B000AF60
:10F0E00078600B46FB707B6893F89032012B01D15E
:10F0F000022312E07B68012283F890227B68FA7871
:10F100005A737B681B68FA781146184606F02CFF84
:10F110007B68002283F89022002318460837BD46FA
:10F1200080BD80B584B000AF7860084611461A46AD
:10F130000346FB700B463B801346BB700023FB72FB
:10F1400097F90330002B0EDAFB7803F00702134621
:10F150009B001344DB0010337A681344FB60FB68A8
:10F1600001225A700EE0FB7803F0070213469B0061
:10F170001344DB0003F5A8737A681344FB60FB6853
:10F1800000225A70FB7803F00703DAB2FB681A70AA
:10F190003A88FB681A61FB68BA78DA70BB78022B90
:10F1A00002D1FB6800221A717B6893F89032012B20
:10F1B00001D102230EE07B68012283F890227B6854
:10F1C0001B68F968184604F075FC7B68002283F818
:10F1D0009022FB7A18461037BD4680BD80B584B0BA
:10F1E00000AF78600B46FB7097F90330002B0EDA06
:10F1F000FB7803F0070213469B001344DB00103337
:10F200007A681344FB60FB6801225A700EE0FB78B9
:10F2100003F0070213469B001344DB0003F5A873B9
:10F220007A681344FB60FB6800225A70FB7803F095
:10F230000703DAB2FB681A707B6893F89032012BEF
:10F2400001D102230EE07B68012283F890227B68C3
:10F250001B68F968184604F0EDFF7B68002283F80C
:10F260009022002318461037BD4680BD80B586B079
:10F2700000AFF8607A603B600B46FB72FB7A03F0EC
:10F28000070213469B001344DB0003F5A873FA68DA
:10F2900013447B617B697A685A617B693A689A6139
:10F2A0007B690022DA617B6900225A70FB7A03F0E5
:10F2B0000703DAB27B691A70FB681B687969184624
:10F2C00005F0A4F9002318461837BD4680BD80B468
:10F2D00083B000AF78600B46FB70FB7803F0070249
:10F2E000796813469B001344DB000B4403F5B673A7
:10F2F0001B6818460C37BD4680BC704780B586B089
:10F3000000AFF8607A603B600B46FB72FB7A03F05B
:10F31000070213469B001344DB001033FA681344C2
:10F320007B617B697A685A617B693A689A617B691B
:10F33000012283F824207B693A681A627B690022E3
:10F34000DA617B6901225A70FB7A03F00703DAB2B3
:10F350007B691A70FB681B687969184605F056F9D5
:10F36000002318461837BD4680BD80B584B000AF75
:10F3700078600B46FB70FB7803F007037A6812791C
:10F38000934201D901234CE097F90330002B0EDAA8
:10F39000FB7803F0070213469B001344DB00103395
:10F3A0007A681344FB60FB6801225A700CE0FA781B
:10F3B00013469B001344DB0003F5A8737A681344DB
:10F3C000FB60FB6800225A70FB6801229A70FB7890
:10F3D00003F00703DAB2FB681A707B6893F8903287
:10F3E000012B01D102231CE07B68012283F89022CB
:10F3F0007B681B68F968184606F0B9FCFB7803F0D7
:10F400000703002B08D17B681A687B6803F5267315
:10F410001946104606F0DEFD7B68002283F8902234
:10F42000002318461037BD4680BD80B584B000AFBC
:10F4300078600B46FB70FB7803F00F037A68127953
:10F44000934201D9012340E097F90330002B0EDAF3
:10F45000FB7803F0070213469B001344DB001033D4
:10F460007A681344FB60FB6801225A700EE0FB7857
:10F4700003F0070213469B001344DB0003F5A87357
:10F480007A681344FB60FB6800225A70FB68002214
:10F490009A70FB7803F00703DAB2FB681A707B6896
:10F4A00093F89032012B01D102230EE07B680122F8
:10F4B00083F890227B681B68F968184606F0A7FC61
:10F4C0007B68002283F89022002318461037BD463F
:10F4D00080BD80B582B000AF78600B46FB707B6862
:10F4E00093F89032012B01D102231BE07B680122AB
:10F4F00083F8902297F90330002B09DA7B681A68A9
:10F50000FB7803F007031946104604F0BDFA04E047
:10F510007B681B68184604F0C2FA7B68002283F8F7
:10F520009022002318460837BD4680BD80B596B0AE
:10F5300000AF7860BBE37B681B68B3F84430A7F882
:10F540004E30B7F84E30DBB203F00F0387F84D3082
:10F5500097F84D30002B40F07581B7F84E3003F02E
:10F560001003002B4ED17B681B681B889BB223F4D1
:10F57000E14323F07003FB817B681A68FB896FEA23
:10F5800043436FEA53439BB213807B6810337B6520
:10F590007B681B68B3F850309BB21A467B6D1B78B2
:10F5A000DB00134402335B007A681268134403F5EE
:10F5B00080631B88C3F309027B6DDA617B6D5A6936
:10F5C0007B6DDB691A447B6D5A610021786812F00B
:10F5D00024FA7B685B7BDBB2002B00F068837B6DD9
:10F5E0009B69002B40F063837B685B7BDBB263F03D
:10F5F0007F03DAB27B681B68A3F84C207B6800228B
:10F600005A7354E37B6803F5A8737B657B681B68BA
:10F610001B88A7F84A30B7F84A3003F40063002B80
:10F6200034D07B681B68B3F850309BB21A467B6DB0
:10F630001B78DB00134406335B007A6812681344BE
:10F6400003F580631B88C3F309027B6DDA617B6875
:10F6500018687B6803F526717B6DDA887B6DDB6942
:10F660009BB206F007FD7B681B681B889AB240F6C8
:10F670008F7313403B827B681B683A8A42F080029A
:10F6800092B21A80786812F09BF910E3B7F94A3009
:10F69000002B80F20C837B681B681B889AB240F6B3
:10F6A0008F731340FB837B681B68FA8B42F08002E8
:10F6B00092B21A807B681B68B3F850309BB21A462E
:10F6C0007B6D1B78DB00134406335B007A6812689D
:10F6D000134403F580631B88C3F309027B6DDA6171
:10F6E0007B6DDB69002B19D07B6D5B69002B15D01E
:10F6F0007B6818687B6D59697B6DDA887B6DDB6987
:10F700009BB206F0B7FC7B6D5A697B6DDB691A44CE
:10F710007B6D5A610021786812F064F97B681B6880
:10F720001B88A7F84A30B7F84A3003F40063002B6F
:10F7300040F0BD82B7F84A3003F44053B3F5405F60
:10F7400000F0B5827B681B68BB617B681B68B3F8FF
:10F7500050309BB21A46BB691344BB61BB6903F2CC
:10F760000C437B617B691B889BB2C3F309039AB28C
:10F770007B691A807B6D1B693E2B1DD97B6D1B69D4
:10F780005B097B647B6D1B6903F01F03002B02D1B7
:10F790007B6C013B7B647B691B889AB27B6C9BB260
:10F7A0009B029BB213439BB26FEA43436FEA5343FE
:10F7B0009AB27B691A8026E07B6D1B69002B0AD107
:10F7C0007B691B889BB26FEA43436FEA53439AB24B
:10F7D0007B691A8017E07B6D1B695B087B647B6D1E
:10F7E0001B6903F00103002B02D07B6C01337B64A7
:10F7F0007B691B889AB27B6C9BB29B029BB21343C2
:10F800009AB27B691A807B681B681B889BB223F4C1
:10F81000804323F070037B827B8A83F480537B8256
:10F820007B8A83F400537B827B681A687B8A43F06F
:10F830007F4343F47F0343F4004343F080039BB2D0
:10F84000138034E27B681B681A4697F84D309B00A2
:10F8500013441B88A7F84A30B7F94A30002B80F2CE
:10F86000FC807B681B681A4697F84D309B00134458
:10F870001B889AB240F68F731340A7F848307B6814
:10F880001B681A4697F84D309B001344B7F8482080
:10F8900042F0800292B21A8097F84D2013469B00E6
:10F8A0001344DB0003F5A8737A6813447B657B6D12
:10F8B0001B7B002B25D17B681B68B3F850309BB2B3
:10F8C0001A467B6D1B78DB00134406335B007A68B5
:10F8D0001268134403F580631B88C3F30903A7F878
:10F8E0005030B7F85030002B00F092807B681868D9
:10F8F0007B6D59697B6DDA88B7F8503006F0BAFB3A
:10F9000086E07B6DDB78022B0AD1B7F84A301A46C5
:10F91000796D786800F0D9F90346A7F8503077E0A0
:10F920007B681B681A467B6D1B789B0013441B8801
:10F930009BB223F4E04323F07003A7F852307B68B6
:10F940001B681A467B6D1B789B001A44B7F852302F
:10F9500043F07F4343F47F0343F4004343F0C00389
:10F960009BB213807B681B681A467B6D1B789B00DB
:10F9700013441B889BB203F48043002B24D07B6884
:10F980001B68B3F850309BB21A467B6D1B78DB00C6
:10F99000134402335B007A681268134403F58063F2
:10F9A0001B88C3F30903A7F85030B7F85030002B79
:10F9B0002ED07B6818687B6D59697B6D1A89B7F802
:10F9C000503006F057FB23E07B681B68B3F85030DB
:10F9D0009BB21A467B6D1B78DB00134406335B0039
:10F9E0007A681268134403F580631B88C3F3090324
:10F9F000A7F85030B7F85030002B09D07B68186852
:10FA00007B6D59697B6D5A89B7F8503006F032FB2F
:10FA10007B6DDA69B7F850301A447B6DDA617B6D23
:10FA20005A69B7F850301A447B6D5A617B6D9B69F7
:10FA3000002B05D0B7F850207B6D1B699A4206D287
:10FA40007B6D1B781946786811F0CCFF05E07B6868
:10FA50001B68796D184604F0D9FDB7F84A3003F0F9
:10FA60008003002B00F0238197F84D2013469B0064
:10FA70001344DB0010337A6813447B657B681B6892
:10FA80001A4697F84D309B0013441B889BB223F411
:10FA9000E14323F07003A7F842307B681B681A46E5
:10FAA00097F84D309B001A44B7F842306FEA434351
:10FAB0006FEA53439BB213807B6DDB78012B40F0E0
:10FAC000A2807B6D00229A617B6D1B7B002B00F076
:10FAD0009380B7F84A3003F04003002B46D07B6D8B
:10FAE0005B78002B26D17B681B687B627B681B6878
:10FAF000B3F850309BB21A467B6A13447B627B6D2D
:10FB00001B781A017B6A134403F204433B623B6A8D
:10FB10001B889BB2C3F309039AB23B6A1A803B6A03
:10FB20001B889BB26FEA43436FEA53439AB23B6A26
:10FB30001A8061E07B6D5B78012B5DD17B681B686F
:10FB4000FB627B681B68B3F850309BB21A46FB6AB5
:10FB50001344FB627B6D1B781A01FB6A134403F2AA
:10FB60000443BB62BB6A00221A8045E07B681B68C5
:10FB7000FB637B6D5B78002B26D17B681B687B6306
:10FB80007B681B68B3F850309BB21A467B6B1344FA
:10FB90007B637B6D1B781A017B6B134403F20C4370
:10FBA0003B633B6B1B889BB2C3F309039AB23B6B6D
:10FBB0001A803B6B1B889BB26FEA43436FEA534347
:10FBC0009AB23B6B1A8017E07B6D5B78012B13D1E7
:10FBD0007B681B68B3F850309BB21A46FB6B13442A
:10FBE000FB637B6D1B781A01FB6B134403F20C4320
:10FBF000BB63BB6B00221A807B6D1B78194678684B
:10FC000011F00BFF53E0B7F84A3003F48073002B78
:10FC100046D17B681B68B3F850309BB21A467B6DA7
:10FC20001B78DB00134402335B007A6812681344CC
:10FC300003F580631B88C3F30903A7F840307B6D8D
:10FC40009A69B7F840309A4207D97B6D9A69B7F83C
:10FC50004030D21A7B6D9A6102E07B6D00229A617E
:10FC60007B6D9B69002B06D17B6D1B7819467868EC
:10FC700011F0D3FE1BE07B6D5A69B7F840301A448F
:10FC80007B6D5A617B6DDA69B7F840301A447B6D41
:10FC9000DA617B681B68796D184604F0B7FC06E0F2
:10FCA000B7F84A301A46796D786800F01BF97B681E
:10FCB0001B68B3F844309BB21BB2002BFFF63BAC81
:10FCC000002318465837BD4680BD80B588B000AFC8
:10FCD000F860B9601346FB80FB8803F48043002B77
:10FCE0007ED0FB681B68B3F850309BB21A46BB68E5
:10FCF0001B78DB00134402335B00FA68126813447C
:10FD000003F580631B88C3F309037B83BB689A698F
:10FD10007B8B9A4206D3BB689A697B8BD21ABB68ED
:10FD20009A6102E0BB6800229A61BB689B69002B64
:10FD300023D1FB681B681A46BB681B789B001344E1
:10FD40001B889BB223F4804323F070033B833B8BDF
:10FD500083F400533B83FB681B681A46BB681B781F
:10FD60009B001A443B8B43F07F4343F47F0343F4EF
:10FD7000004343F080039BB21380FB8803F04003F1
:10FD8000002B1FD0FB681B681A46BB681B789B00C2
:10FD900013441B889BB223F4E04323F07003FB82DF
:10FDA000FB681B681A46BB681B789B001A44FB8AD9
:10FDB00043F07F4343F47F0343F4004343F0C00325
:10FDC0009BB213807B8B002B00F08780FB68186848
:10FDD000BB685969BB681A897B8B06F04BF97CE0DC
:10FDE000FB681B68B3F850309BB21A46BB681B789F
:10FDF000DB00134406335B00FA681268134403F512
:10FE000080631B88C3F309037B83BB689A697B8B80
:10FE10009A4206D3BB689A697B8BD21ABB689A61F7
:10FE200002E0BB6800229A61BB689B69002B23D16A
:10FE3000FB681B681A46BB681B789B0013441B8831
:10FE40009BB223F4804323F07003FB83FB8B83F48A
:10FE50000053FB83FB681B681A46BB681B789B003A
:10FE60001A44FB8B43F07F4343F47F0343F4004386
:10FE700043F080039BB21380FB8803F04003002B08
:10FE80001FD1FB681B681A46BB681B789B00134494
:10FE90001B889BB223F4E04323F07003BB83FB6811
:10FEA0001B681A46BB681B789B001A44BB8B43F047
:10FEB0007F4343F47F0343F4004343F0C0039BB20A
:10FEC00013807B8B002B08D0FB681868BB685969CE
:10FED000BB685A897B8B06F0CDF87B8B18462037A0
:10FEE000BD4680BD80B5A4B000AFF860B9601346D0
:10FEF000FB80FB8803F04003002B00F0DD81FB68F2
:10FF00001B68B3F850309BB21A46BB681B78DB0005
:10FF1000134402335B00FA681268134403F58063EC
:10FF20001B88C3F30903A7F88630BB689A69B7F842
:10FF300086309A4207D9BB689A69B7F88630D21AD8
:10FF4000BB689A6102E0BB6800229A61BB689B694A
:10FF5000002B40F0B980BB685B78002B26D1FB6892
:10FF60001B68FB62FB681B68B3F850309BB21A46F3
:10FF7000FB6A1344FB62BB681B781A01FB6A1344DB
:10FF800003F20443BB62BB6A1B889BB2C3F3090341
:10FF90009AB2BB6A1A80BB6A1B889BB26FEA434362
:10FFA0006FEA53439AB2BB6A1A801AE0BB685B7867
:10FFB000012B16D1FB681B687B63FB681B68B3F8D9
:10FFC00050309BB21A467B6B13447B63BB681B7833
:10FFD0001A017B6B134403F204433B633B6B002227
:10FFE0001A80FB681B687B62BB685B78002B26D19C
:10FFF000FB681B68FB61FB681B68B3F850309BB261
:020000040802F0
:100000001A46FB691344FB61BB681B781A01FB6944
:10001000134403F20C43BB61BB691B889BB2C3F35F
:1000200009039AB2BB691A80BB691B889BB26FEA4D
:1000300043436FEA53439AB2BB691A8017E0BB6827
:100040005B78012B13D1FB681B68B3F850309BB26F
:100050001A467B6A13447B62BB681B781A017B6A71
:10006000134403F20C433B623B6A00221A80BB68D4
:100070001B781946F86811F0D0FCFB8803F4804324
:10008000002B00F0FC82FB681B681A46BB681B78DB
:100090009B0013441B889BB223F4E04323F07003BE
:1000A000FB82FB681B681A46BB681B789B001A44DE
:1000B000FB8A43F07F4343F47F0343F4404343F020
:1000C00080039BB21380DAE2FB8803F48043002BA9
:1000D00021D0FB681B681A46BB681B789B00134441
:1000E0001B889BB223F4E04323F07003A7F88A3007
:1000F000FB681B681A46BB681B789B001A44B7F85C
:100100008A3043F07F4343F47F0343F4404343F09A
:1001100080039BB21380BB6893F82430012B40F01E
:10012000AE82BB685A69B7F886301A44BB685A6118
:10013000BB68DA69B7F886301A44BB68DA61BB6815
:100140001A6ABB681B699A420BD3BB681B69C7F864
:100150008C30BB681A6AD7F88C30D21ABB681A6226
:1001600017E0BB681B6A002B08D1B7F88630C7F8C8
:100170008C30BB68002283F824200AE0BB68002290
:1001800083F82420BB681B6AC7F88C30BB68002248
:100190001A62BB685B78002B65D1FB681B68FB6348
:1001A000FB681B68B3F850309BB21A46FB6B1344D4
:1001B000FB63BB681B781A01FB6B134403F2044317
:1001C000BB63BB6B1B889BB2C3F309039AB2BB6BC7
:1001D0001A80D7F88C303E2B1DD9D7F88C305B09AC
:1001E000BB64D7F88C3003F01F03002B02D1BB6C2B
:1001F000013BBB64BB6B1B889AB2BB6C9BB29B027E
:100200009BB213439BB26FEA43436FEA53439AB2E4
:10021000BB6B1A8044E0D7F88C30002B0AD1BB6B43
:100220001B889BB26FEA43436FEA53439AB2BB6B9E
:100230001A8035E0D7F88C305B08BB64D7F88C3077
:1002400003F00103002B02D0BB6C0133BB64BB6B1A
:100250001B889AB2BB6C9BB29B029BB213439AB2AF
:10026000BB6B1A801CE0BB685B78012B18D1FB6864
:100270001B687B64FB681B68B3F850309BB21A465E
:100280007B6C13447B64BB681B781A017B6C134442
:1002900003F204433B64D7F88C309AB23B6C1A806B
:1002A000FB681868BB685969BB681A89D7F88C3035
:1002B0009BB205F09AFEE2E1FB681B68B3F8503090
:1002C0009BB21A46BB681B78DB00134406335B0005
:1002D000FA681268134403F580631B88C3F30903AB
:1002E000A7F88630BB689A69B7F886309A4207D378
:1002F000BB689A69B7F88630D21ABB689A6102E087
:10030000BB6800229A61BB689B69002B40F0C080EB
:10031000BB685B78002B26D1FB681B68FB67FB681A
:100320001B68B3F850309BB21A46FB6F1344FB674F
:10033000BB681B781A01FB6F134403F20443BB67CD
:10034000BB6F1B889BB2C3F309039AB2BB6F1A80C1
:10035000BB6F1B889BB26FEA43436FEA53439AB269
:10036000BB6F1A801AE0BB685B78012B16D1FB6863
:100370001B687B66FB681B68B3F850309BB21A465B
:100380007B6E13447B66BB681B781A017B6E13443B
:1003900003F204433B663B6E00221A80FB681B6835
:1003A0007B67BB685B78002B2BD1FB681B68FB6607
:1003B000FB681B68B3F850309BB21A46FB6E1344BF
:1003C000FB66BB681B781A01FB6E134403F20C43F7
:1003D000C7F88030D7F880301B889BB2C3F309037D
:1003E0009AB2D7F880301A80D7F880301B889BB239
:1003F0006FEA43436FEA53439AB2D7F880301A80CA
:1004000017E0BB685B78012B13D1FB681B68B3F85E
:1004100050309BB21A467B6F13447B67BB681B78D6
:100420001A017B6F134403F20C433B673B6F0022BE
:100430001A80BB681B781946F86811F0EEFAFB8841
:1004400003F48043002B40F01A81FB681B681A46B6
:10045000BB681B789B0013441B889BB223F4E043CA
:1004600023F07003A7F88830FB681B681A46BB6846
:100470001B789B001A44B7F8883043F07F4343F45D
:100480007F0343F4404343F080039BB21380F6E0C4
:10049000FB8803F48043002B21D1FB681B681A46BC
:1004A000BB681B789B0013441B889BB223F4E0437A
:1004B00023F07003A7F84E30FB681B681A46BB6830
:1004C0001B789B001A44B7F84E3043F07F4343F447
:1004D0007F0343F4404343F080039BB21380BB6827
:1004E00093F82430012B40F0CA80BB685A69B7F8F2
:1004F00086301A44BB685A61BB68DA69B7F886303F
:100500001A44BB68DA61BB681A6ABB681B699A4205
:100510000BD3BB681B69C7F88C30BB681A6AD7F865
:100520008C30D21ABB681A6217E0BB681B6A002BBA
:1005300008D1B7F88630C7F88C30BB68002283F842
:1005400024200AE0BB681B6AC7F88C30BB68002215
:100550001A62BB68002283F82420FB681B687B6555
:10056000BB685B78002B65D1FB681B68FB65FB688B
:100570001B68B3F850309BB21A46FB6D1344FB6501
:10058000BB681B781A01FB6D134403F20C43BB6577
:10059000BB6D1B889BB2C3F309039AB2BB6D1A8073
:1005A000D7F88C303E2B1DD9D7F88C305B09BB6651
:1005B000D7F88C3003F01F03002B02D1BB6E013B38
:1005C000BB66BB6D1B889AB2BB6E9BB29B029BB293
:1005D00013439BB26FEA43436FEA53439AB2BB6D36
:1005E0001A8041E0D7F88C30002B0AD1BB6D1B88F4
:1005F0009BB26FEA43436FEA53439AB2BB6D1A80D2
:1006000032E0D7F88C305B08BB66D7F88C3003F04B
:100610000103002B02D0BB6E0133BB66BB6D1B8890
:100620009AB2BB6E9BB29B029BB213439AB2BB6D54
:100630001A8019E0BB685B78012B15D1FB681B6839
:10064000B3F850309BB21A467B6D13447B65BB6890
:100650001B781A017B6D134403F20C433B65D7F8FA
:100660008C309AB23B6D1A80FB681868BB68596978
:10067000BB685A89D7F88C309BB205F0B6FCFB6892
:100680001B681A46BB681B789B0013441B889BB2EF
:1006900023F4E04323F04003BB82BB8A83F01003C2
:1006A000BB82BB8A83F02003BB82FB681B681A46AF
:1006B000BB681B789B001A44BB8A43F07F4343F41A
:1006C0007F0343F4004343F080039BB21380002375
:1006D00018469037BD4680BD80B487B000AFF86043
:1006E0007B600B467B8113463B817B8903F0800353
:1006F0009BB2002B0BD07B8903F0070213469B00B3
:100700001344DB001033FA6813447B6109E07A89F3
:1007100013469B001344DB0003F5A873FA681344E7
:100720007B613B89002B07D17B6900221A737B68B0
:100730009AB27B69DA800BE07B6901221A737B68CD
:100740009AB27B691A817B681B0C9AB27B695A81C9
:10075000002318461C37BD4680BC704780B586B064
:1007600000AF78607B68002B01D1012372E27B68C7
:100770001B6803F00103002B00F08780924B5B683D
:1007800003F00C03042B0CD08F4B5B6803F00C03BD
:10079000082B12D18C4B5B6803F48033B3F5803F98
:1007A0000BD1894B1B6803F40033002B6CD07B68A2
:1007B0005B68002B68D101234CE27B685B68B3F572
:1007C000803F06D1804B1B687F4A43F4803313601F
:1007D0002EE07B685B68002B0CD17B4B1B687A4A50
:1007E00023F480331360784B1B68774A23F480230B
:1007F00013601DE07B685B68B3F5A02F0CD1724BD2
:100800001B68714A43F4802313606F4B1B686E4A68
:1008100043F4803313600BE06B4B1B686A4A23F48C
:1008200080331360684B1B68674A23F4802313608E
:100830007B685B68002B13D0FCF7E2FE386108E0B0
:10084000FCF7DEFE02463B69D31A642B01D9032371
:1008500000E25D4B1B6803F40033002BF0D014E082
:10086000FCF7CEFE386108E0FCF7CAFE02463B69A1
:10087000D31A642B01D90323ECE1534B1B6803F417
:100880000033002BF0D100E000BF7B681B6803F051
:100890000203002B63D04C4B5B6803F00C03002B6E
:1008A0000BD0494B5B6803F00C03082B1CD1464B63
:1008B0005B6803F48033002B16D1434B1B6803F0B5
:1008C0000203002B05D07B681B69012B01D001239B
:1008D000C0E13D4B1B6823F0F8027B685B69DB00DD
:1008E000394913430B603AE07B681B69002B20D029
:1008F000364B01221A60FCF783FE386108E0FCF7F2
:100900007FFE02463B69D31A022B01D90323A1E1E2
:100910002D4B1B6803F00203002BF0D02A4B1B6801
:1009200023F0F8027B685B69DB00274913430B6007
:1009300015E0264B00221A60FCF762FE386108E0E1
:10094000FCF75EFE02463B69D31A022B01D9032352
:1009500080E11D4B1B6803F00203002BF0D17B6884
:100960001B6803F00803002B3AD07B689B69002BBF
:1009700019D0174B01221A60FCF742FE386108E0DB
:10098000FCF73EFE02463B69D31A022B01D9032332
:1009900060E10D4B5B6A03F00203002BF0D00120F5
:1009A00000F0CEFA1CE00A4B00221A60FCF728FE89
:1009B00038610FE0FCF724FE02463B69D31A022B94
:1009C00008D9032346E100BF001002400000424264
:1009D00080044242924B5B6A03F00203002BE9D190
:1009E0007B681B6803F00403002B00F0A680002343
:1009F000FB758B4BDB6903F08053002B0DD1884BCB
:100A0000DB69874A43F08053D361854BDB6903F090
:100A10008053BB60BB680123FB75824B1B6803F4EA
:100A20008073002B18D17F4B1B687E4A43F4807380
:100A30001360FCF7E5FD386108E0FCF7E1FD0246D4
:100A40003B69D31A642B01D9032303E1754B1B685F
:100A500003F48073002BF0D07B68DB68012B06D198
:100A60006F4B1B6A6E4A43F0010313622DE07B68F3
:100A7000DB68002B0CD16A4B1B6A694A23F0010327
:100A80001362674B1B6A664A23F0040313621CE07F
:100A90007B68DB68052B0CD1614B1B6A604A43F015
:100AA000040313625E4B1B6A5D4A43F00103136249
:100AB0000BE05B4B1B6A5A4A23F001031362584B4D
:100AC0001B6A574A23F0040313627B68DB68002B20
:100AD00015D0FCF795FD38610AE0FCF791FD024660
:100AE0003B69D31A41F28832934201D90323B1E022
:100AF0004B4B1B6A03F00203002BEED014E0FCF713
:100B00007FFD38610AE0FCF77BFD02463B69D31AA2
:100B100041F28832934201D903239BE0404B1B6A88
:100B200003F00203002BEED1FB7D012B05D13C4BE2
:100B3000DB693B4A23F08053D3617B68DB69002B80
:100B400000F08780364B5B6803F00C03082B61D004
:100B50007B68DB69022B46D1334B00221A60FCF71D
:100B60004FFD386108E0FCF74BFD02463B69D31AA4
:100B7000022B01D903236DE0294B1B6803F000739E
:100B8000002BF0D17B681B6AB3F5803F08D1244B62
:100B90005B6823F400327B689B68214913434B60F8
:100BA0001F4B5B6823F474127B68196A7B685B6A6D
:100BB0000B431B4913434B601B4B01221A60FCF78C
:100BC0001FFD386108E0FCF71BFD02463B69D31AA4
:100BD000022B01D903233DE0114B1B6803F0007386
:100BE000002BF0D035E0104B00221A60FCF708FD16
:100BF000386108E0FCF704FD02463B69D31A022B7A
:100C000001D9032326E0064B1B6803F00073002B79
:100C1000F0D11EE07B68DB69012B07D1012319E0CD
:100C20000010024000700040600042420B4B5B68C5
:100C3000FB60FB6803F480327B681B6A9A4206D132
:100C4000FB6803F470127B685B6A9A4201D001234F
:100C500000E0002318461837BD4680BD0010024052
:100C600080B584B000AF786039607B68002B01D11B
:100C70000123D0E06A4B1B6803F007033A689A42ED
:100C800010D9674B1B6823F0070265493B68134383
:100C90000B60634B1B6803F007033A689A4201D06C
:100CA0000123B8E07B681B6803F00203002B20D00F
:100CB0007B681B6803F00403002B05D0594B5B686D
:100CC000584A43F4E06353607B681B6803F00803F1
:100CD000002B05D0534B5B68524A43F4605353607A
:100CE000504B5B6823F0F0027B689B684D491343CF
:100CF0004B607B681B6803F00103002B40D07B68CE
:100D00005B68012B07D1474B1B6803F40033002BB2
:100D100015D101237FE07B685B68022B07D1414B33
:100D20001B6803F00073002B09D1012373E03D4BD6
:100D30001B6803F00203002B01D101236BE0394B48
:100D40005B6823F003027B685B68364913434B60A2
:100D5000FCF756FCF8600AE0FCF752FC0246FB6820
:100D6000D31A41F28832934201D9032353E02D4B29
:100D70005B6803F00C027B685B689B009A42EBD1D6
:100D8000274B1B6803F007033A689A4210D2244BA2
:100D90001B6823F0070222493B6813430B60204B7A
:100DA0001B6803F007033A689A4201D0012332E03E
:100DB0007B681B6803F00403002B08D0194B5B68A9
:100DC00023F4E0627B68DB68164913434B607B6861
:100DD0001B6803F00803002B09D0124B5B6823F457
:100DE00060527B681B69DB000E4913434B6000F0C7
:100DF00021F802460B4B5B681B0903F00F030A49FD
:100E0000CB5C22FA03F3094A1360094B1B681846AE
:100E1000FCF7B4FB002318461037BD4680BD00BF69
:100E200000200240001002408453030840000020CC
:100E30005000002080B487B000AF0023FB60002387
:100E4000BB6000237B6100237B6000233B611E4B62
:100E50005B68FB60FB6803F00C03042B02D0082BDB
:100E600003D027E0194B3B6127E0FB689B0C03F0A4
:100E70000F03174AD35C7B60FB6803F48033002BBD
:100E800010D0114B5B685B0C03F00103114AD35C7B
:100E9000BB607B680D4A03FB02F2BB68B2FBF3F355
:100EA0007B6104E07B680C4A02FB03F37B617B6996
:100EB0003B6102E0054B3B6100BF3B6918461C37B4
:100EC000BD4680BC704700BF0010024000127A008F
:100ED000DC530308EC53030800093D0080B400AF65
:100EE000024B1B681846BD4680BC7047400000207E
:100EF00080B500AFFFF7F2FF0246054B5B681B0AA7
:100F000003F007030349CB5C22FA03F3184680BDC4
:100F1000001002409453030880B500AFFFF7DEFFD6
:100F20000246054B5B68DB0A03F007030349CB5C11
:100F300022FA03F3184680BD0010024094530308C0
:100F400080B485B000AF78600A4B1B680A4AA2FBE8
:100F500003235B0A7A6802FB03F3FB6000BFFB68B4
:100F60005A1EFA60002BF9D100BF00BF1437BD46EE
:100F700080BC704740000020D34D621080B586B021
:100F800000AF786000233B610023FB607B681B6837
:100F900003F00103002B7DD00023FB754F4BDB6971
:100FA00003F08053002B0DD14C4BDB694B4A43F0CF
:100FB0008053D361494BDB6903F08053BB60BB684E
:100FC0000123FB75464B1B6803F48073002B18D17B
:100FD000434B1B68424A43F480731360FCF710FBD9
:100FE000386108E0FCF70CFB02463B69D31A642B1E
:100FF00001D903236DE03A4B1B6803F48073002B87
:10100000F0D0364B1B6A03F44073FB60FB68002B87
:101010002ED07B685B6803F44073FA689A4227D04D
:101020002E4B1B6A23F44073FB602E4B01221A6087
:101030002C4B00221A60294AFB681362FB6803F0FC
:101040000103002B14D0FCF7DBFA38610AE0FCF74F
:10105000D7FA02463B69D31A41F28832934201D94A
:10106000032336E01D4B1B6A03F00203002BEED076
:101070001A4B1B6A23F440727B685B681749134361
:101080000B62FB7D012B05D1144BDB69134A23F066
:101090008053D3617B681B6803F00203002B08D0E8
:1010A0000E4B5B6823F440427B689B680B491343FB
:1010B0004B607B681B6803F01003002B08D0074BC4
:1010C0005B6823F480027B685B69044913434B60CF
:1010D000002318461837BD4680BD00BF00100240EF
:1010E000007000404004424280B588B000AF786094
:1010F00000237B610023FB6100233B610023FB6035
:101100000023BB617B68013B0F2B00F2AF8001A283
:1011100052F823F0EB110208511202086D12020876
:10112000DB1102086D1202086D1202086D1202082E
:10113000E31102086D1202086D1202086D12020816
:101140006D1202086D1202086D1202086D1202087B
:10115000551102084A4B5B68FB60494B1B6803F062
:101160008073002B00F08480FB689B0C03F00F035E
:10117000444AD35C3B61FB6803F48033002B15D0F9
:101180003F4B5B685B0C03F001033F4AD35C7B6120
:10119000FB6803F48033002B0DD03C4A7B69B2FB23
:1011A000F3F23B6902FB03F3FB6104E03B69384A5D
:1011B00002FB03F3FB61324B5B6803F48003B3F57E
:1011C000800F02D1FB69BB6152E0FB695B00314AD1
:1011D000A2FB03235B08BB614AE0FFF72BFEB8616B
:1011E00049E0FFF727FEB86145E0254B1B6AFB602D
:1011F000FB6803F44073B3F5807F08D1FB6803F00C
:101200000203002B03D04FF40043BB611FE0FB68D7
:1012100003F44073B3F5007F09D1194B5B6A03F007
:101220000203002B03D049F64043BB610FE0FB688B
:1012300003F44073B3F5407F1CD1114B1B6803F4DA
:101240000033002B16D04FF22443BB6112E011E0B3
:10125000FFF762FE02460A4B5B689B0B03F0030339
:1012600001335B00B2FBF3F3BB6104E000BF02E0BB
:1012700000BF00E000BFBB6918462037BD4680BDF7
:1012800000100240F05303080054030800127A00D3
:1012900000093D00ABAAAAAA80B582B000AF786071
:1012A0007B68002B01D1012376E07B685B6A002B11
:1012B00008D17B685B68B3F5827F09D07B68002228
:1012C000DA6105E07B6800221A617B6800225A61BE
:1012D0007B6800229A627B6893F85130DBB2002B66
:1012E00006D17B68002283F850207868F9F708FF60
:1012F0007B68022283F851207B681B681A687B6830
:101300001B6822F040021A607B685B6803F48272FB
:101310007B689B6803F404431A437B68DB6803F42F
:1013200000631A437B681B6903F002031A437B685E
:101330005B6903F001031A437B689B6903F4007344
:101340001A437B68DB6903F038031A437B681B6A26
:1013500003F0800342EA03017B689B6A03F40052B6
:101360007B681B680A431A607B689B691A0C7B6860
:101370001B6802F004025A607B681B68DA697B68AC
:101380001B6822F40062DA617B6800225A657B6880
:10139000012283F85120002318460837BD4680BD3E
:1013A00080B588B000AFF860B9603B601346FB8041
:1013B000FCF726F9F861FB887B83FB6893F85130D2
:1013C000DBB2012B01D002232AE1BB68002B02D043
:1013D000FB88002B01D1012322E1FB6893F85030F8
:1013E000012B01D102231BE1FB68012283F850206D
:1013F000FB68032283F85120FB6800225A65FB68D2
:10140000BA681A63FB68FA889A86FB68FA88DA86F3
:10141000FB6800229A63FB6800229A87FB6800221F
:10142000DA87FB6800225A64FB6800221A64FB68B2
:101430009B68B3F5004F0FD1FB681B681A68FB6807
:101440001B6822F040021A60FB681B681A68FB6880
:101450001B6842F480421A60FB681B681B6803F03B
:101460004003402B07D0FB681B681A68FB681B68A9
:1014700042F040021A60FB68DB68B3F5006F52D19E
:10148000FB685B68002B02D07B8B012B45D1FB688E
:101490001B6B1A88FB681B68DA60FB681B6B9A1C65
:1014A000FB681A63FB68DB8E9BB2013B9AB2FB6858
:1014B000DA8632E0FB681B689B6803F00203022BAC
:1014C00012D1FB681B6B1A88FB681B68DA60FB682B
:1014D0001B6B9A1CFB681A63FB68DB8E9BB2013B9B
:1014E0009AB2FB68DA8618E0FCF78AF80246FB69D4
:1014F000D31A3A689A4203D83B68B3F1FF3F02D14E
:101500003B68002B09D1FB68012283F85120FB685E
:10151000002283F85020032382E0FB68DB8E9BB21D
:10152000002BC7D153E0FB685B68002B02D07B8B9C
:10153000012B47D1FB681A6BFB681B680C331278D0
:101540001A70FB681B6B5A1CFB681A63FB68DB8E06
:101550009BB2013B9AB2FB68DA8633E0FB681B68FA
:101560009B6803F00203022B13D1FB681A6BFB6824
:101570001B680C3312781A70FB681B6B5A1CFB68D3
:101580001A63FB68DB8E9BB2013B9AB2FB68DA867A
:1015900018E0FCF735F80246FB69D31A3A689A421C
:1015A00003D83B68B3F1FF3F02D13B68002B09D160
:1015B000FB68012283F85120FB68002283F8502049
:1015C00003232DE0FB68DB8E9BB2002BC6D1FA69AA
:1015D0003968F86800F048FD0346002B02D0FB682C
:1015E00020225A65FB689B68002B0AD100237B618F
:1015F000FB681B68DB687B61FB681B689B687B6121
:101600007B69FB68012283F85120FB68002283F884
:101610005020FB685B6D002B01D0012300E000230C
:1016200018462037BD4680BD80B588B002AFF8604F
:10163000B9603B601346FB80FB6893F85130DBB226
:10164000012B01D0022304E1FB685B68B3F5827FC4
:1016500012D1FB689B68002B0ED1FB68042283F833
:101660005120FA883B6800931346BA68B968F86855
:1016700000F0F3F80346ECE0FBF7C2FF7861BB68CB
:10168000002B02D0FB88002B01D10123E1E0FB6895
:1016900093F85030012B01D10223DAE0FB680122DC
:1016A00083F85020FB68042283F85120FB68002255
:1016B0005A65FB68BA689A63FB68FA889A87FB6880
:1016C000FA88DA87FB6800221A63FB6800229A8690
:1016D000FB680022DA86FB6800221A64FB6800229D
:1016E0005A64FB689B68B3F5004F0FD1FB681B6819
:1016F0001A68FB681B6822F040021A60FB681B68CE
:101700001A68FB681B6822F480421A60FB681B6839
:101710001B6803F04003402B07D0FB681B681A6866
:10172000FB681B6842F040021A60FB68DB68002B14
:1017300070D135E0FB681B689B6803F00103012B47
:1017400015D1FB681B6803F10C02FB689B6B1278D8
:10175000D2B21A70FB689B6B5A1CFB689A63FB68D9
:10176000DB8F9BB2013B9AB2FB68DA8718E0FBF78C
:1017700047FF02467B69D31A3A689A4203D83B680E
:10178000B3F1FF3F02D13B68002B09D1FB68012276
:1017900083F85120FB68002283F85020032358E08F
:1017A000FB68DB8F9BB2002BC4D138E0FB681B6861
:1017B0009B6803F00103012B13D1FB681B68DA68F7
:1017C000FB689B6B92B21A80FB689B6B9A1CFB6850
:1017D0009A63FB68DB8F9BB2013B9AB2FB68DA87A6
:1017E00018E0FBF70DFF02467B69D31A3A689A426C
:1017F00003D83B68B3F1FF3F02D13B68002B09D10E
:10180000FB68012283F85120FB68002283F85020F6
:1018100003231EE0FB68DB8F9BB2002BC6D17A69E5
:101820003968F86800F0CEFB0346002B02D0FB6855
:1018300020225A65FB68012283F85120FB680022B0
:1018400083F85020FB685B6D002B01D0012300E082
:10185000002318461837BD4680BD80B58AB000AF5A
:10186000F860B9607A607B8001237B62FBF7C8FE79
:101870003862FB6893F85130FB77FB685B68BB61AB
:101880007B88FB82FB7F012B0CD0BB69B3F5827F89
:1018900006D1FB689B68002B02D1FB7F042B01D093
:1018A00002237FE1BB68002B05D07B68002B02D0B0
:1018B0007B88002B01D1012374E1FB6893F8503041
:1018C000012B01D102236DE1FB68012283F8502036
:1018D000FB6893F85130DBB2042B03D0FB68052280
:1018E00083F85120FB6800225A65FB687A689A6386
:1018F000FB687A88DA87FB687A889A87FB68BA6817
:101900001A63FB687A88DA86FB687A889A86FB68AD
:1019100000221A64FB6800225A64FB681B681B687B
:1019200003F04003402B07D0FB681B681A68FB6874
:101930001B6842F040021A60FB68DB68B3F5006F79
:101940007ED1FB685B68002B02D0FB8A012B6CD137
:10195000FB681B6B1A88FB681B68DA60FB681B6BF3
:101960009A1CFB681A63FB68DB8E9BB2013B9AB240
:10197000FB68DA8659E0FB681B689B6803F002038A
:10198000022B1BD1FB68DB8E9BB2002B16D07B6A2F
:10199000012B13D1FB681B6B1A88FB681B68DA608C
:1019A000FB681B6B9A1CFB681A63FB68DB8E9BB29F
:1019B000013B9AB2FB68DA8600237B62FB681B68F6
:1019C0009B6803F00103012B19D1FB68DB8F9BB2ED
:1019D000002B14D0FB681B68DA68FB689B6B92B223
:1019E0001A80FB689B6B9A1CFB689A63FB68DB8F11
:1019F0009BB2013B9AB2FB68DA8701237B62FBF75B
:101A0000FFFD02463B6AD31A3A6B9A420DD83B6BF4
:101A1000B3F1FF3F09D0FB68012283F85120FB6836
:101A2000002283F850200323BCE0FB68DB8E9BB2CE
:101A3000002BA0D1FB68DB8F9BB2002B9BD182E0F7
:101A4000FB685B68002B02D0FB8A012B71D1FB681D
:101A50001A6BFB681B680C3312781A70FB681B6BDF
:101A60005A1CFB681A63FB68DB8E9BB2013B9AB27F
:101A7000FB68DA865DE0FB681B689B6803F0020385
:101A8000022B1CD1FB68DB8E9BB2002B17D07B6A2C
:101A9000012B14D1FB681A6BFB681B680C3312789E
:101AA0001A70FB681B6B5A1CFB681A63FB68DB8EA1
:101AB0009BB2013B9AB2FB68DA8600237B62FB682B
:101AC0001B689B6803F00103012B19D1FB68DB8FB6
:101AD0009BB2002B14D0FB681B68DA68FB689B6B19
:101AE000D2B21A70FB689B6B5A1CFB689A63FB6846
:101AF000DB8F9BB2013B9AB2FB68DA8701237B62E2
:101B0000FBF77EFD02463B6AD31A3A6B9A4203D832
:101B10003B6BB3F1FF3F02D13B6B002B09D1FB685C
:101B2000012283F85120FB68002283F85020032310
:101B300038E0FB68DB8E9BB2002B9CD1FB68DB8F0F
:101B40009BB2002B97D13A6A396BF86800F08CFA97
:101B50000346002B08D0FB6820225A65FB68002250
:101B600083F8502001231DE0FB689B68002B0AD1FD
:101B700000233B61FB681B68DB683B61FB681B68FB
:101B80009B683B613B69FB68012283F85120FB683D
:101B9000002283F85020FB685B6D002B01D00123ED
:101BA00000E0002318462837BD4680BD80B584B0CC
:101BB00000AFF860B9601346FB80FB6893F85130C2
:101BC000DBB2012B01D0022397E0BB68002B02D0CF
:101BD000FB88002B01D101238FE0FB6893F8503084
:101BE000012B01D1022388E0FB68012283F85020F9
:101BF000FB68032283F85120FB6800225A65FB68CA
:101C0000BA681A63FB68FA889A86FB68FA88DA86EB
:101C1000FB6800229A63FB6800225A64FB6800227A
:101C20001A64FB6800229A87FB680022DA87FB6847
:101C30009B68B3F5004F0FD1FB681B681A68FB68FF
:101C40001B6822F040021A60FB681B681A68FB6878
:101C50001B6842F480421A60FB689B6C294ADA6276
:101C6000FB689B6C284A9A62FB689B6C274A1A6344
:101C7000FB689B6C00225A63FB68986CFB681B6BCB
:101C80001946FB681B680C331A46FB68DB8E9BB257
:101C9000FCF70EFB0346002B0BD0FB685B6D43F09B
:101CA0001002FB685A65FB68002283F8502001236C
:101CB00023E0FB681B681B6803F04003402B07D040
:101CC000FB681B681A68FB681B6842F040021A60D8
:101CD000FB68002283F85020FB681B685A68FB6889
:101CE0001B6842F020025A60FB681B685A68FB6858
:101CF0001B6842F002025A60002318461037BD46A6
:101D000080BD00BF591E0208B31D0208751E0208DF
:101D100080B584B000AF78600023FB737B689B6C58
:101D2000002B0FD07B689B6C1846FCF721FB034609
:101D3000002B07D07B685B6D43F010027B685A650F
:101D40000123FB737B68DB6C002B0FD07B68DB6CA3
:101D50001846FCF70DFB0346002B07D07B685B6D34
:101D600043F010027B685A650123FB737B681B6894
:101D70005A687B681B6822F003025A607B68012264
:101D800083F85120FB7B18461037BD4680BD80B4D8
:101D900083B000AF786000BF0C37BD4680BC704791
:101DA00080B483B000AF786000BF0C37BD4680BC04
:101DB000704780B586B000AF78607B685B6A7B61F6
:101DC000FBF71EFC38617B681B681B6803F020036F
:101DD000202B3BD07B691B685A687B691B6822F00B
:101DE00020025A607B691B685A687B691B6822F075
:101DF00002025A603A696421786900F035F90346B5
:101E0000002B05D07B695B6D43F020027B695A652E
:101E10007B699B68002B0AD10023FB607B691B68F0
:101E2000DB68FB607B691B689B68FB60FB687B6908
:101E30000022DA867B69012283F851207B695B6D81
:101E4000002B03D07869FFF7ABFF02E078690DF053
:101E5000C3FF1837BD4680BD80B584B000AF786041
:101E60007B685B6AFB60F868FFF791FF00BF103783
:101E7000BD4680BD80B584B000AF78607B685B6A8A
:101E8000FB60FB681B685A68FB681B6822F0030252
:101E90005A60FB685B6D43F01002FB685A65FB6893
:101EA000012283F85120F868FFF77AFF00BF10374E
:101EB000BD4680BD80B588B000AFF860B9603B60BA
:101EC0001346FB71FBF79CFB0246BB6A9B1A3A6800
:101ED0001344FB61FBF794FBB861394B1B685B0152
:101EE0001B0DFA6902FB03F37B6154E03B68B3F11D
:101EF000FF3F50D0FBF784FB0246BB69D31AFA6957
:101F00009A4202D9FB69002B3DD1FB681B685A68D5
:101F1000FB681B6822F0E0025A60FB685B68B3F55F
:101F2000827F11D1FB689B68B3F5004F04D0FB683A
:101F30009B68B3F5806F07D1FB681B681A68FB6864
:101F40001B6822F040021A60FB689B6AB3F5005FD1
:101F50000FD1FB681B681A68FB681B6822F40052EB
:101F60001A60FB681B681A68FB681B6842F4005221
:101F70001A60FB68012283F85120FB68002283F875
:101F80005020032317E07B69002B01D10023FB6164
:101F90007B69013B7B61FB681B689A68BB681340E7
:101FA000BA689A420CBF01230023DBB21A46FB79C0
:101FB0009A429BD1002318462037BD4680BD00BF02
:101FC0004000002080B586B002AFF860B9607A604A
:101FD000FB685B68B3F5827F11D1FB689B68B3F542
:101FE000004F04D0FB689B68B3F5806F07D1FB6896
:101FF0001B681A68FB681B6822F040021A60FB68C5
:102000005B68B3F5827F17D1FB689B68B3F5806F7F
:1020100012D17B680093BB6800220121F868FFF7AA
:1020200049FF0346002B1AD0FB685B6D43F020028A
:10203000FB685A65032313E07B680093BB680022AA
:102040008021F868FFF736FF0346002B07D0FB68B6
:102050005B6D43F02002FB685A65032300E0002318
:1020600018461037BD4680BD80B586B002AFF86017
:10207000B9607A607B680093BB6801220221F8682E
:10208000FFF718FF0346002B07D0FB685B6D43F09A
:102090002002FB685A65032313E07B680093BB684A
:1020A00000228021F868FFF705FF0346002B07D0C8
:1020B000FB685B6D43F02002FB685A65032300E078
:1020C000002318461037BD4680BD80B582B000AFF2
:1020D00078607B68002B01D1012341E07B6893F895
:1020E0003D30DBB2002B06D17B68002283F83C2018
:1020F0007868F9F7A7F87B68022283F83D207B68AF
:102100001A687B6804331946104600F0BDFF7B68EF
:10211000012283F846207B68012283F83E207B68F9
:10212000012283F83F207B68012283F840207B68EE
:10213000012283F841207B68012283F842207B68DA
:10214000012283F843207B68012283F844207B68C6
:10215000012283F845207B68012283F83D2000237B
:1021600018460837BD4680BD80B485B000AF7860A2
:102170007B6893F83D30DBB2012B01D0012344E0B2
:102180007B68022283F83D207B681B68DA687B68E5
:102190001B6842F00102DA607B681B681D4A9342AB
:1021A00018D07B681B681C4A934213D07B681B685D
:1021B000B3F1804F0ED07B681B68184A934209D058
:1021C0007B681B68164A934204D07B681B68154ADB
:1021D000934211D17B681B689B6803F00703FB6087
:1021E000FB68062B10D07B681B681A687B681B682D
:1021F00042F001021A6007E07B681B681A687B687E
:102200001B6842F001021A60002318461437BD46CD
:1022100080BC7047002C01400034014000040040A5
:1022200000080040000C004080B483B000AF78602C
:102230007B681B68DA687B681B6822F00102DA6041
:102240007B681B681A6A41F211131340002B0FD1EF
:102250007B681B681A6A40F244431340002B07D185
:102260007B681B681A687B681B6822F001021A6091
:102270007B68012283F83D20002318460C37BD46B9
:1022800080BC704780B582B000AF78607B68002B5F
:1022900001D1012341E07B6893F83D30DBB2002B94
:1022A00006D17B68002283F83C20786800F039F87A
:1022B0007B68022283F83D207B681A687B680433C0
:1022C0001946104600F0E0FE7B68012283F84620A4
:1022D0007B68012283F83E207B68012283F83F203F
:1022E0007B68012283F840207B68012283F841202B
:1022F0007B68012283F842207B68012283F8432017
:102300007B68012283F844207B68012283F8452002
:102310007B68012283F83D20002318460837BD461C
:1023200080BD80B483B000AF786000BF0C37BD467D
:1023300080BC704780B584B000AF786039600023FE
:10234000FB733B68002B09D17B6893F83E30DBB20E
:10235000012B14BF01230023DBB222E03B68042BD6
:1023600009D17B6893F83F30DBB2012B14BF012306
:102370000023DBB215E03B68082B09D17B6893F89A
:102380004030DBB2012B14BF01230023DBB208E095
:102390007B6893F84130DBB2012B14BF012300238B
:1023A000DBB2002B01D00123BDE03B68002B04D140
:1023B0007B68022283F83E2013E03B68042B04D1A3
:1023C0007B68022283F83F200BE03B68082B04D196
:1023D0007B68022283F8402003E07B68022283F8B6
:1023E00041203B680C2B41D801A252F823F000BFDA
:1023F000252402086D2402086D2402086D240208B9
:10240000372402086D2402086D2402086D24020896
:10241000492402086D2402086D2402086D24020874
:102420005B2402087B681B68DA687B681B6842F0E3
:102430000202DA601DE07B681B68DA687B681B6853
:1024400042F00402DA6014E07B681B68DA687B689B
:102450001B6842F00802DA600BE07B681B68DA68F0
:102460007B681B6842F01002DA6002E00123FB7314
:1024700000BFFB7B002B55D17B681B6801223968AC
:10248000184601F0C9F87B681B68294A934204D0BA
:102490007B681B68274A934201D1012300E0002397
:1024A000002B07D07B681B685A6C7B681B6842F462
:1024B00000425A647B681B681D4A934218D07B68AF
:1024C0001B681C4A934213D07B681B68B3F1804F92
:1024D0000ED07B681B68184A934209D07B681B6842
:1024E000164A934204D07B681B68154A934211D167
:1024F0007B681B689B6803F00703BB60BB68062B07
:1025000010D07B681B681A687B681B6842F0010268
:102510001A6007E07B681B681A687B681B6842F0DA
:1025200001021A60FB7B18461037BD4680BD00BF14
:10253000002C01400034014000040040000800402D
:10254000000C004080B582B000AF78607B68002B43
:1025500001D1012341E07B6893F83D30DBB2002BD1
:1025600006D17B68002283F83C20786800F039F8B7
:102570007B68022283F83D207B681A687B680433FD
:102580001946104600F080FD7B68012283F8462042
:102590007B68012283F83E207B68012283F83F207C
:1025A0007B68012283F840207B68012283F8412068
:1025B0007B68012283F842207B68012283F8432054
:1025C0007B68012283F844207B68012283F8452040
:1025D0007B68012283F83D20002318460837BD465A
:1025E00080BD80B483B000AF786000BF0C37BD46BB
:1025F00080BC704780B584B000AF786039603B68BC
:10260000002B09D17B6893F83E30DBB2012B14BF5D
:1026100001230023DBB222E03B68042B09D17B6855
:1026200093F83F30DBB2012B14BF01230023DBB250
:1026300015E03B68082B09D17B6893F84030DBB28A
:10264000012B14BF01230023DBB208E07B6893F861
:102650004130DBB2012B14BF01230023DBB2002B7E
:1026600001D0012372E03B68002B04D17B68022279
:1026700083F83E2013E03B68042B04D17B680222E0
:1026800083F83F200BE03B68082B04D17B680222D3
:1026900083F8402003E07B68022283F841207B68B6
:1026A0001B6801223968184600F0B6FF7B681B687A
:1026B000284A934204D07B681B68274A934201D181
:1026C000012300E00023002B07D07B681B685A6CB5
:1026D0007B681B6842F400425A647B681B681D4A91
:1026E000934218D07B681B681B4A934213D07B68C7
:1026F0001B68B3F1804F0ED07B681B68174A93426A
:1027000009D07B681B68164A934204D07B681B681B
:10271000144A934211D17B681B689B6803F007033E
:10272000FB60FB68062B10D07B681B681A687B680F
:102730001B6842F001021A6007E07B681B681A6898
:102740007B681B6842F001021A60002318461037AC
:10275000BD4680BD002C0140003401400004004013
:1027600000080040000C004080B582B000AF7860E7
:1027700039607B681B6800223968184600F04CFFFE
:102780007B681B682E4A934204D07B681B682D4AE5
:10279000934201D1012300E00023002B17D07B6876
:1027A0001B681A6A41F211131340002B0FD17B688A
:1027B0001B681A6A40F244431340002B07D17B6820
:1027C0001B685A6C7B681B6822F400425A647B6861
:1027D0001B681A6A41F211131340002B0FD17B685A
:1027E0001B681A6A40F244431340002B07D17B68F0
:1027F0001B681A687B681B6822F001021A603B683C
:10280000002B04D17B68012283F83E2013E03B6853
:10281000042B04D17B68012283F83F200BE03B6846
:10282000082B04D17B68012283F8402003E07B68F9
:10283000012283F84120002318460837BD4680BD99
:10284000002C01400034014080B586B000AF7860B4
:1028500039607B68002B01D1012393E07B6893F8FA
:102860003D30DBB2002B06D17B68002283F83C2090
:102870007868F8F78BFD7B68022283F83D207B683F
:102880001B689B687A68126823F4804323F007036F
:1028900093607B681A687B6804331946104600F021
:1028A000F3FB7B681B689B687B617B681B689B698B
:1028B0003B617B681B681B6AFB603B681B687A692D
:1028C00013437B613B6923F4407323F003033B61B3
:1028D0003B689A683B689B691B0213433A69134340
:1028E0003B613B6923F4406323F00C033B613B698C
:1028F00023F4704323F0F0033B613B68DA683B68E4
:10290000DB691B0213433A6913433B613B681B6954
:102910001A013B681B6A1B0313433A6913433B616B
:10292000FB6823F02203FB603B685A683B685B69E5
:102930001B011343FA681343FB607B681B687A69C9
:102940009A607B681B683A699A617B681B68FA68C1
:102950001A627B68012283F846207B68012283F893
:102960003E207B68012283F83F207B68012283F8A8
:1029700042207B68012283F843207B68012283F890
:102980003D20002318461837BD4680BD80B584B071
:1029900000AF786039607B6893F83E30FB737B68EA
:1029A00093F83F30BB737B6893F842307B737B684E
:1029B00093F843303B733B68002B10D1FB7B012B1A
:1029C00002D17B7B012B01D0012369E07B680222CD
:1029D00083F83E207B68022283F8422031E03B6886
:1029E000042B10D1BB7B012B02D13B7B012B01D0EF
:1029F000012355E07B68022283F83F207B68022296
:102A000083F843201DE0FB7B012B08D1BB7B012B0E
:102A100005D17B7B012B02D13B7B012B01D0012314
:102A20003EE07B68022283F83E207B68022283F826
:102A30003F207B68022283F842207B68022283F8D1
:102A400043203B68002B03D03B68042B08D00FE0E9
:102A50007B681B6801220021184600F0DDFD16E0AE
:102A60007B681B6801220421184600F0D5FD0EE0AA
:102A70007B681B6801220021184600F0CDFD7B68B1
:102A80001B6801220421184600F0C6FD00BF7B68C8
:102A90001B681A687B681B6842F001021A600023F9
:102AA00018461037BD4680BD80B584B000AF786051
:102AB0007B681B68DB68FB607B681B681B69BB600D
:102AC000BB6803F00203002B20D0FB6803F0020375
:102AD000002B1BD07B681B686FF002021A617B68B9
:102AE00001221A777B681B689B6903F00303002BA4
:102AF00003D0786800F0ADFA05E07868E3F7F4FAFF
:102B0000786800F0AFFA7B6800221A77BB6803F0A0
:102B10000403002B20D0FB6803F00403002B1BD020
:102B20007B681B686FF004021A617B6802221A77C7
:102B30007B681B689B6903F44073002B03D07868A3
:102B400000F087FA05E07868E3F7CEFA786800F0DD
:102B500089FA7B6800221A77BB6803F00803002B10
:102B600020D0FB6803F00803002B1BD07B681B6898
:102B70006FF008021A617B6804221A777B681B6871
:102B8000DB6903F00303002B03D0786800F061FADF
:102B900005E07868E3F7A8FA786800F063FA7B68E4
:102BA00000221A77BB6803F01003002B20D0FB68CB
:102BB00003F01003002B1BD07B681B686FF0100222
:102BC0001A617B6808221A777B681B68DB6903F44B
:102BD0004073002B03D0786800F03BFA05E078687A
:102BE000E3F782FA786800F03DFA7B6800221A77F2
:102BF000BB6803F00103002B0CD0FB6803F001035A
:102C0000002B07D07B681B686FF001021A6178689F
:102C1000E3F760FBBB6803F08003002B0CD0FB687C
:102C200003F08003002B07D07B681B686FF08002E5
:102C30001A61786800F0DAFDBB6803F04003002BEE
:102C40000CD0FB6803F04003002B07D07B681B68A7
:102C50006FF040021A61786800F00DFABB6803F06B
:102C60002003002B0CD0FB6803F02003002B07D0BF
:102C70007B681B686FF020021A61786800F0ADFD78
:102C800000BF1037BD4680BD80B586B000AFF8608C
:102C9000B9607A600023FB75FB6893F83C30012B28
:102CA00001D1022348E0FB68012283F83C207B68C5
:102CB0000C2B39D801A252F823F000BFF12C0208E6
:102CC000292D0208292D0208292D0208FF2C0208AF
:102CD000292D0208292D0208292D02080D2D020890
:102CE000292D0208292D0208292D02081B2D020872
:102CF000FB681B68B968184600F04CFA17E0FB68DF
:102D00001B68B968184600F0B5FA10E0FB681B684C
:102D1000B968184600F022FB09E0FB681B68B96837
:102D2000184600F08FFB02E00123FB7500BFFB6833
:102D3000002283F83C20FB7D18461837BD4680BD35
:102D400080B586B000AFF860B9607A600023FB758B
:102D5000FB6893F83C30012B01D10223AEE0FB6805
:102D6000012283F83C207B680C2B00F29F8001A29B
:102D700052F823F0A92D0208AD2E0208AD2E02084C
:102D8000AD2E0208E92D0208AD2E0208AD2E020874
:102D9000AD2E02082B2E0208AD2E0208AD2E020821
:102DA000AD2E02086B2E0208FB681B68B968184636
:102DB00000F0F0F9FB681B689A69FB681B6842F039
:102DC00008029A61FB681B689A69FB681B6822F01D
:102DD00004029A61FB681B689969BB681A69FB6801
:102DE0001B680A439A6164E0FB681B68B96818466F
:102DF00000F040FAFB681B689A69FB681B6842F4A4
:102E000000629A61FB681B689A69FB681B6822F480
:102E100080629A61FB681B689969BB681B691A022A
:102E2000FB681B680A439A6143E0FB681B68B9684A
:102E3000184600F093FAFB681B68DA69FB681B68A8
:102E400042F00802DA61FB681B68DA69FB681B68FC
:102E500022F00402DA61FB681B68D969BB681A6951
:102E6000FB681B680A43DA6123E0FB681B68B968EA
:102E7000184600F0E7FAFB681B68DA69FB681B6814
:102E800042F40062DA61FB681B68DA69FB681B6860
:102E900022F48062DA61FB681B68D969BB681B6930
:102EA0001A02FB681B680A43DA6102E00123FB7522
:102EB00000BFFB68002283F83C20FB7D18461837D2
:102EC000BD4680BD80B584B000AF78603960002316
:102ED000FB737B6893F83C30012B01D10223B4E0F3
:102EE0007B68012283F83C207B68022283F83D2026
:102EF0007B681B689B68BB60BB6823F07703BB6083
:102F0000BB6823F47F43BB607B681B68BA689A6028
:102F10003B681B68B3F5005F3ED0B3F5005F00F27D
:102F20008780B3F5805F00F08680B3F5805F7FD83F
:102F3000702B1AD0702B7BD8602B50D0602B77D899
:102F4000502B3CD0502B73D8402B58D0402B6FD8EF
:102F5000302B64D0302B6BD8202B60D0202B67D83F
:102F6000002B5CD0102B5AD062E07B6818683B685D
:102F700099683B685A683B68DB6800F02EFB7B6809
:102F80001B689B68BB60BB6843F07703BB607B68D2
:102F90001B68BA689A604FE07B6818683B6899685C
:102FA0003B685A683B68DB6800F017FB7B681B686E
:102FB0009A687B681B6842F480429A603CE07B68B8
:102FC00018683B6859683B68DB681A4600F08EFA5F
:102FD0007B681B685021184600F0E5FA2CE07B68FE
:102FE00018683B6859683B68DB681A4600F0ACFA21
:102FF0007B681B686021184600F0D5FA1CE07B68EE
:1030000018683B6859683B68DB681A4600F06EFA3E
:103010007B681B684021184600F0C5FA0CE07B680D
:103020001A683B681B681946104600F0BCFA03E0BA
:103030000123FB7300E000BF7B68012283F83D2081
:103040007B68002283F83C20FB7B18461037BD4686
:1030500080BD80B483B000AF786000BF0C37BD4640
:1030600080BC704780B483B000AF786000BF0C377D
:10307000BD4680BC704780B483B000AF786000BFAD
:103080000C37BD4680BC704780B485B000AF786017
:1030900039607B681B68FB607B68394A934213D0B8
:1030A0007B68384A93420FD07B68B3F1804F0BD0D6
:1030B0007B68354A934207D07B68344A934203D0F9
:1030C0007B68334A934208D1FB6823F07003FB60AE
:1030D0003B685B68FA681343FB607B68284A93424D
:1030E00013D07B68274A93420FD07B68B3F1804F9F
:1030F0000BD07B68244A934207D07B68234A9342D3
:1031000003D07B68224A934208D1FB6823F44073C2
:10311000FB603B68DB68FA681343FB60FB6823F0E5
:1031200080023B685B691343FB607B68FA681A6046
:103130003B689A687B68DA623B681A687B689A62C7
:103140007B680F4A934203D07B680E4A934203D1B7
:103150003B681A697B681A637B6801225A617B6845
:103160001B6903F00103002B05D07B681B6923F06A
:1031700001027B681A6100BF1437BD4680BC7047EE
:10318000002C0140003401400004004000080040D1
:10319000000C004080B487B000AF786039607B6875
:1031A0001B6A7B617B681B6A23F001027B681A62E1
:1031B0007B685B683B617B689B69FB60FB6823F015
:1031C0007003FB60FB6823F00303FB603B681B6834
:1031D000FA681343FB607B6923F002037B613B6861
:1031E0009B687A6913437B617B68204A934203D0D2
:1031F0007B681F4A93420CD17B6923F008037B61F3
:103200003B68DB687A6913437B617B6923F00403C5
:103210007B617B68154A934203D07B68144A9342D2
:1032200011D13B6923F480733B613B6923F4007344
:103230003B613B685B693A6913433B613B689B694F
:103240003A6913433B617B683A695A607B68FA6864
:103250009A613B685A687B685A637B687A691A622C
:1032600000BF1C37BD4680BC704700BF002C01402A
:103270000034014080B487B000AF786039607B686B
:103280001B6A7B617B681B6A23F010027B681A62F1
:103290007B685B683B617B689B69FB60FB6823F430
:1032A000E043FB60FB6823F44073FB603B681B68F2
:1032B0001B02FA681343FB607B6923F020037B61E8
:1032C0003B689B681B017A6913437B617B68214AD9
:1032D000934203D07B68204A93420DD17B6923F04F
:1032E00080037B613B68DB681B017A6913437B6168
:1032F0007B6923F040037B617B68164A934203D0CD
:103300007B68154A934213D13B6923F480633B6188
:103310003B6923F400633B613B685B699B003A694E
:1033200013433B613B689B699B003A6913433B61D4
:103330007B683A695A607B68FA689A613B685A68A8
:103340007B689A637B687A691A6200BF1C37BD4646
:1033500080BC7047002C01400034014080B487B02D
:1033600000AF786039607B681B6A7B617B681B6A91
:1033700023F480727B681A627B685B683B617B68C0
:10338000DB69FB60FB6823F07003FB60FB6823F0E4
:103390000303FB603B681B68FA681343FB607B69AF
:1033A00023F400737B613B689B681B027A691343BB
:1033B0007B617B68214A934203D07B68204A934219
:1033C0000DD17B6923F400637B613B68DB681B02E2
:1033D0007A6913437B617B6923F480637B617B683B
:1033E000164A934203D07B68154A934213D13B6936
:1033F00023F480533B613B6923F400533B613B68FA
:103400005B691B013A6913433B613B689B691B0184
:103410003A6913433B617B683A695A607B68FA6892
:10342000DA613B685A687B68DA637B687A691A629A
:1034300000BF1C37BD4680BC704700BF002C014058
:103440000034014080B487B000AF786039607B6899
:103450001B6A3B617B681B6A23F480527B681A629B
:103460007B685B687B617B68DB69FB60FB6823F4DE
:10347000E043FB60FB6823F44073FB603B681B6820
:103480001B02FA681343FB603B6923F400533B6162
:103490003B689B681B033A6913433B617B68114A95
:1034A000934203D07B68104A934209D17B6923F48D
:1034B00080437B613B685B699B017A6913437B6155
:1034C0007B687A695A607B68FA68DA613B685A6897
:1034D0007B681A647B683A691A6200BF1C37BD4674
:1034E00080BC7047002C01400034014080B487B09C
:1034F00000AFF860B9607A60FB681B6A7B61FB68AB
:103500001B6A23F00102FB681A62FB689B693B613E
:103510003B6923F0F0033B617B681B013A6913436D
:103520003B617B6923F00A037B617A69BB681343C3
:103530007B61FB683A699A61FB687A691A6200BF2D
:103540001C37BD4680BC704780B487B000AFF860C0
:10355000B9607A60FB681B6A7B61FB681B6A23F0B9
:103560001002FB681A62FB689B693B613B6923F4AC
:1035700070433B617B681B033A6913433B617B6982
:1035800023F0A0037B61BB681B017A6913437B6155
:10359000FB683A699A61FB687A691A6200BF1C3756
:1035A000BD4680BC704780B485B000AF786039609C
:1035B0007B689B68FB60FB6823F07003FB603A68E4
:1035C000FB68134343F00703FB607B68FA689A606B
:1035D00000BF1437BD4680BC704780B487B000AFD1
:1035E000F860B9607A603B60FB689B687B617B69CF
:1035F00023F47F437B613B681A027B681A43BB68F4
:1036000013437A6913437B61FB687A699A6000BF50
:103610001C37BD4680BC704780B487B000AFF860EF
:10362000B9607A60BB6803F01F03012202FA03F35A
:103630007B61FB681A6A7B69DB431A40FB681A628C
:10364000FB681A6ABB6803F01F03796801FA03F389
:103650001A43FB681A6200BF1C37BD4680BC704726
:1036600080B485B000AF786039607B6893F83C30F7
:10367000012B01D1022350E07B68012283F83C201A
:103680007B68022283F83D207B681B685B68FB60D7
:103690007B681B689B68BB60FB6823F07003FB6062
:1036A0003B681B68FA681343FB607B681B68FA6819
:1036B0005A607B681B681B4A934218D07B681B6862
:1036C000194A934213D07B681B68B3F1804F0ED028
:1036D0007B681B68154A934209D07B681B68144AB3
:1036E000934204D07B681B68124A93420CD1BB689A
:1036F00023F08003BB603B685B68BA681343BB6020
:103700007B681B68BA689A607B68012283F83D2059
:103710007B68002283F83C20002318461437BD46FE
:1037200080BC7047002C0140003401400004004080
:1037300000080040000C004080B485B000AF786005
:1037400039600023FB607B6893F83C30012B01D18A
:1037500002233DE07B68012283F83C20FB6823F0D4
:10376000FF023B68DB681343FB60FB6823F4407295
:103770003B689B681343FB60FB6823F480623B68F3
:103780005B681343FB60FB6823F400623B681B68C3
:103790001343FB60FB6823F480523B681B691343AF
:1037A000FB60FB6823F400523B685B691343FB60DA
:1037B000FB6823F480423B68DB691343FB607B6852
:1037C0001B68FA685A647B68002283F83C20002357
:1037D00018461437BD4680BC704780B483B000AF34
:1037E000786000BF0C37BD4680BC704780B483B0A2
:1037F00000AF786000BF0C37BD4680BC704780B515
:1038000082B000AF78607B68002B01D1012342E0D9
:103810007B6893F84130DBB2002B06D17B68002235
:1038200083F840207868F7F7B1FE7B68242283F89C
:1038300041207B681B68DA687B681B6822F40052B1
:10384000DA60786800F02CF87B681B681A697B687E
:103850001B6822F490421A617B681B685A697B6876
:103860001B6822F02A025A617B681B68DA687B6851
:103870001B6842F40052DA607B6800225A647B685D
:10388000202283F841207B68202283F842207B6835
:1038900000225A63002318460837BD4680BD000049
:1038A00080B584B000AF78607B681B681B6923F427
:1038B00040517B68DA687B681B680A431A617B6841
:1038C0009A687B681B691A437B685B691343BB601A
:1038D0007B681B68DB6823F4B05323F00C037A6821
:1038E0001268B9680B43D3607B681B685B6923F47B
:1038F00040717B689A697B681B680A435A617B68E0
:103900001B682C4A934203D1FDF706FBF86002E0E6
:10391000FDF7EEFAF860FA6813469B0013449A002C
:103920001A447B685B689B00B2FBF3F3224AA2FB5C
:1039300003235B091901FA6813469B0013449A009C
:103940001A447B685B689B00B2FBF3F21A4BA3FB43
:1039500002035B09642000FB03F3D31A1B0132331B
:10396000154AA2FB03235B0903F0F0031944FA682C
:1039700013469B0013449A001A447B685B689B00C3
:10398000B2FBF3F20C4BA3FB02035B09642000FBC8
:1039900003F3D31A1B013233074AA2FB03235B094B
:1039A00003F00F027B681B680A449A6000BF10375F
:1039B000BD4680BD003801401F85EB5180B485B005
:1039C00000AFF860384680E80E0000231846143730
:1039D000BD4680BC704780B485B000AF78607B681E
:1039E0000022A3F844204FF43F43FB60FB689AB2E7
:1039F0007B68A3F84020002318461437BD4680BCDE
:103A0000704780B485B000AF78604FF43F43FB60EF
:103A10007B68B3F840309AB2FB689BB2DB439BB241
:103A200013409AB27B68A3F840200023184614374D
:103A3000BD4680BC704780B483B000AF78600B4651
:103A4000FB70002318460C37BD4680BC704780B41D
:103A500085B000AFF860384680E80E00FB680122B0
:103A6000A3F84020FB680022A3F84020FB68002256
:103A7000A3F84420FB680022A3F850200023184636
:103A80001437BD4680BC704780B483B000AF786007
:103A90003960002318460C37BD4680BC704780B49F
:103AA00083B000AF7860002318460C37BD4680BC59
:103AB0007047000080B49DB000AF7860396000238B
:103AC00087F86F307A683B681B789B0013441B882B
:103AD0009BB223F4EC4323F07003A7F86C303B68EF
:103AE000DB78032B1FD801A252F823F0FD3A02081D
:103AF000193B02082F3B02080B3B0208B7F86C3059
:103B000043F40073A7F86C3012E0B7F86C3043F45C
:103B1000C063A7F86C300BE0B7F86C3043F48063F7
:103B2000A7F86C3004E0012387F86F3000E000BF95
:103B30007A683B681B789B001A44B7F86C3043F0F6
:103B40007F4343F47F0343F4004343F080039BB27D
:103B500013807A683B681B789B0013441B889BB2D8
:103B600023F4E04323F070039BB23A6812781343C6
:103B7000A7F866307A683B681B789B001A44B7F850
:103B8000663043F07F4343F47F0343F4004343F044
:103B900080039BB213803B681B7B002B40F0788135
:103BA0003B685B78002B00F084807B68BB617B689E
:103BB000B3F850309BB21A46BB691344BB613B68F3
:103BC0001B781A01BB69134403F580637B613B6872
:103BD000DB885B089BB25B009AB27B691A807A68CB
:103BE0003B681B789B0013441B887B827B8A03F015
:103BF0004003002B1BD07A683B681B789B00134462
:103C00001B889BB223F4E04323F070033B827A6865
:103C10003B681B789B001A443B8A43F07F4343F484
:103C20007F0343F4004343F0C0039BB213803B681F
:103C3000DB78012B20D07A683B681B789B0013440B
:103C40001B889BB223F4E04323F04003BB81BB8974
:103C500083F02003BB817A683B681B789B001A4481
:103C6000BB8943F07F4343F47F0343F4004343F0B5
:103C700080039BB21380D5E27A683B681B789B0077
:103C800013441B889BB223F4E04323F04003FB81E1
:103C90007A683B681B789B001A44FB8943F07F439A
:103CA00043F47F0343F4004343F080039BB213804B
:103CB000B8E27B683B637B68B3F850309BB21A462E
:103CC0003B6B13443B633B681B781A013B6B13440B
:103CD00003F58163FB623B68DB885B089BB25B009A
:103CE0009AB2FB6A1A807B68BB627B68B3F850307B
:103CF0009BB21A46BB6A1344BB623B681B781A012D
:103D0000BB6A134403F20C437B627B6A1B889BB241
:103D1000C3F309039AB27B6A1A803B681B693E2B86
:103D20001DD93B681B695B09BB663B681B6903F0D7
:103D30001F03002B02D1BB6E013BBB667B6A1B8855
:103D40009AB2BB6E9BB29B029BB213439BB26FEACB
:103D500043436FEA53439AB27B6A1A8026E03B687A
:103D60001B69002B0AD17B6A1B889BB26FEA434315
:103D70006FEA53439AB27B6A1A8017E03B681B696B
:103D80005B08BB663B681B6903F00103002B02D094
:103D9000BB6E0133BB667B6A1B889AB2BB6E9BB25B
:103DA0009B029BB213439AB27B6A1A807A683B6883
:103DB0001B789B0013441B887B847B8C03F480431B
:103DC000002B1BD07A683B681B789B0013441B8830
:103DD0009BB223F4E04323F070033B847A683B6892
:103DE0001B789B001A443B8C43F07F4343F47F03D2
:103DF00043F4404343F080039BB213803B681B783D
:103E0000002B24D17A683B681B789B0013441B88E5
:103E10009BB223F4804323F07003BB83BB8B83F4FA
:103E20008053BB83BB8B83F40053BB837A683B68AE
:103E30001B789B001A44BB8B43F07F4343F47F0302
:103E400043F4004343F080039BB21380EAE17A68B5
:103E50003B681B789B0013441B889BB223F4804370
:103E600023F07003FB83FB8B83F40053FB837A689E
:103E70003B681B789B001A44FB8B43F07F4343F461
:103E80007F0343F4004343F080039BB21380C9E1F6
:103E90003B68DB78022B1ED17A683B681B789B005D
:103EA00013441B889BB223F4E04323F07003A7F86C
:103EB00062307A683B681B789B001A44B7F862301E
:103EC00043F07F4343F47F0343F4014343F0800313
:103ED0009BB213801DE07A683B681B789B001344FB
:103EE0001B889BB223F4E24323F07003A7F86430ED
:103EF0007A683B681B789B001A44B7F8643043F03B
:103F00007F4343F47F0343F4004343F080039BB2B9
:103F100013807B68FB657B68B3F850309BB21A4610
:103F2000FB6D1344FB653B681B781A01FB6D134462
:103F300003F58063BB653B681B895B089BB25B0034
:103F40009AB2BB6D1A807B687B657B68B3F8503092
:103F50009BB21A467B6D13447B653B681B781A0144
:103F60007B6D134403F581633B653B685B895B08AC
:103F70009BB25B009AB23B6D1A803B685B78002B6A
:103F800040F093807A683B681B789B0013441B8841
:103F9000A7F84030B7F8403003F48043002B1BD023
:103FA0007A683B681B789B0013441B889BB223F400
:103FB000E04323F07003FB877A683B681B789B0023
:103FC0001A44FB8F43F07F4343F47F0343F44043A1
:103FD00043F080039BB213807A683B681B789B0098
:103FE00013441B88BB87BB8F03F04003002B1BD0FF
:103FF0007A683B681B789B0013441B889BB223F4B0
:10400000E04323F070037B877A683B681B789B0052
:104010001A447B8F43F07F4343F47F0343F4004310
:1040200043F0C0039BB213807A683B681B789B0007
:1040300013441B889BB223F4804323F070033B8717
:104040003B8F83F480533B873B8F83F400533B8744
:104050007A683B681B789B001A443B8F43F07F4390
:1040600043F47F0343F4004343F080039BB2138087
:104070007A683B681B789B0013441B889BB223F42F
:10408000E04323F04003FB867A683B681B789B0083
:104090001A44FB8E43F07F4343F47F0343F4004311
:1040A00043F080039BB21380BCE07A683B681B78C6
:1040B0009B0013441B88A7F84E30B7F84E3003F42A
:1040C0008043002B1DD07A683B681B789B0013440B
:1040D0001B889BB223F4E04323F07003A7F84C3015
:1040E0007A683B681B789B001A44B7F84C3043F061
:1040F0007F4343F47F0343F4404343F080039BB288
:1041000013807A683B681B789B0013441B88A7F8D0
:104110004A30B7F84A3003F04003002B1DD07A68CC
:104120003B681B789B0013441B889BB223F4E0433D
:1041300023F07003A7F848307A683B681B789B002F
:104140001A44B7F8483043F07F4343F47F0343F405
:10415000004343F0C0039BB213803B68DB78012B24
:1041600024D07A683B681B789B0013441B889BB261
:1041700023F4E04323F04003A7F84430B7F8443079
:1041800083F02003A7F844307A683B681B789B00D3
:104190001A44B7F8443043F07F4343F47F0343F4B9
:1041A000004343F080039BB213801DE07A683B68B4
:1041B0001B789B0013441B889BB223F4E04323F03D
:1041C0004003A7F846307A683B681B789B001A4486
:1041D000B7F8463043F07F4343F47F0343F4004392
:1041E00043F080039BB213807A683B681B789B0086
:1041F00013441B889BB223F4804323F07003A7F879
:1042000042307A683B681B789B001A44B7F842300A
:1042100043F07F4343F47F0343F4004343F08003C0
:104220009BB2138097F86F3018467437BD4680BC38
:10423000704700BF80B48DB000AF786039603B68D4
:104240001B7B002B40F08E803B685B78002B44D0BA
:104250007A683B681B789B0013441B88BB81BB8931
:1042600003F04003002B1BD07A683B681B789B004F
:1042700013441B889BB223F4E04323F070037B813B
:104280007A683B681B789B001A447B8943F07F4324
:1042900043F47F0343F4004343F0C0039BB2138015
:1042A0007A683B681B789B0013441B889BB223F4FD
:1042B000E04323F040033B817A683B681B789B0016
:1042C0001A443B8943F07F4343F47F0343F40043A4
:1042D00043F080039BB2138092E17A683B681B78BD
:1042E0009B0013441B887B827B8A03F48043002B52
:1042F0001BD07A683B681B789B0013441B889BB2D9
:1043000023F4E04323F070033B827A683B681B7818
:104310009B001A443B8A43F07F4343F47F0343F4FA
:10432000404343F080039BB213807A683B681B785C
:104330009B0013441B889BB223F4804323F070033B
:10434000FB817A683B681B789B001A44FB8943F029
:104350007F4343F47F0343F4004343F080039BB265
:1043600013804DE13B685B78002B40F0A5807A68B4
:104370003B681B789B0013441B883B843B8C03F4F5
:104380008043002B1BD07A683B681B789B0013444A
:104390001B889BB223F4E04323F07003FB837A680D
:1043A0003B681B789B001A44FB8B43F07F4343F42C
:1043B0007F0343F4404343F080039BB213807A6849
:1043C0003B681B789B0013441B88BB83BB8B03F0AB
:1043D0004003002B1BD07A683B681B789B0013447A
:1043E0001B889BB223F4E04323F070037B837A683D
:1043F0003B681B789B001A447B8B43F07F4343F45C
:104400007F0343F4004343F0C0039BB213807A68F8
:104410003B681B789B0013441B889BB223F4E0434A
:1044200023F070033B837A683B681B789B001A4437
:104430003B8B43F07F4343F47F0343F4004343F05B
:10444000C0039BB213807A683B681B789B001344BF
:104450001B889BB223F4804323F07003FB827A68AD
:104460003B681B789B001A44FB8A43F07F4343F46C
:104470007F0343F4004343F080039BB213807A68C8
:104480003B681B789B0013441B889BB223F4E043DA
:1044900023F04003BB827A683B681B789B001A4478
:1044A000BB8A43F07F4343F47F0343F4004343F06C
:1044B00080039BB21380A3E07A683B681B789B0063
:1044C00013441B88FB85FB8D03F48043002B1BD01A
:1044D0007A683B681B789B0013441B889BB223F4CB
:1044E000E04323F07003BB857A683B681B789B0030
:1044F0001A44BB8D43F07F4343F47F0343F44043AE
:1045000043F080039BB213807A683B681B789B0062
:1045100013441B887B857B8D03F04003002B1BD04D
:104520007A683B681B789B0013441B889BB223F47A
:10453000E04323F070033B857A683B681B789B005F
:104540001A443B8D43F07F4343F47F0343F400431D
:1045500043F0C0039BB213807A683B681B789B00D2
:1045600013441B889BB223F4E04323F07003FB84C5
:104570007A683B681B789B001A44FB8C43F07F43AE
:1045800043F47F0343F4404343F080039BB2138022
:104590007A683B681B789B0013441B889BB223F40A
:1045A000E04323F04003BB847A683B681B789B00A0
:1045B0001A44BB8C43F07F4343F47F0343F400432E
:1045C00043F080039BB213807A683B681B789B00A2
:1045D00013441B889BB223F4804323F070037B8435
:1045E0007A683B681B789B001A447B8C43F07F43BE
:1045F00043F47F0343F4004343F080039BB21380F2
:10460000002318463437BD4680BC704780B5C2B021
:1046100000AF07F58473A3F58273186007F5847300
:10462000A3F58473196007F58473A3F584731B687D
:104630005B78012B40F0B78607F58473A3F584738C
:104640001B689A6907F58473A3F584731B681B695B
:104650009A4208D907F58473A3F584731B681B6914
:10466000C7F8043107E007F58473A3F584731B686A
:104670009B69C7F8043107F58473A3F584731B683D
:104680001B7B002B3AD107F58473A3F584731B6859
:10469000596907F58473A3F584731B68DA88D7F822
:1046A00004319BB207F58470A0F58270006801F0B8
:1046B0009CFC07F58473A3F582731B683B6107F5C7
:1046C0008473A3F582731B68B3F850309BB21A460B
:1046D0003B6913443B6107F58473A3F584731B683E
:1046E0001B781A013B69134403F20443FB60D7F8BB
:1046F00004319AB2FB681A8000F01FBE07F584737C
:10470000A3F584731B68DB78022B40F0628407F505
:104710008473A3F584731B681A6A07F58473A3F581
:1047200084731B681B699A4240F2DF8307F5847328
:10473000A3F582731A6807F58473A3F584731B6865
:104740001B789B0013441B889BB223F4E04323F0A7
:104750007003A7F8563007F58473A3F582731A68BF
:1047600007F58473A3F584731B681B789B001A44B8
:10477000B7F8563043F07F4343F47F0343F40143DB
:1047800043F080039BB2138007F58473A3F5847311
:104790001B681A6AD7F80431D21A07F58473A3F597
:1047A00084731B681A6207F58473A3F582731A6811
:1047B00007F58473A3F584731B681B789B0013446F
:1047C0001B889BB203F04003002B00F0C78107F564
:1047D0008473A3F582731B683B6307F58473A3F5A9
:1047E00084731B685B78002B77D107F58473A3F57E
:1047F00082731B68BB6207F58473A3F582731B6821
:10480000B3F850309BB21A46BB6A1344BB6207F53B
:104810008473A3F584731B681B781A01BB6A134465
:1048200003F20C437B627B6A1B889BB2C3F30903D0
:104830009AB27B6A1A80D7F804313E2B21D9D7F877
:1048400004315B09C7F80031D7F8043103F01F03C6
:10485000002B04D1D7F80031013BC7F800317B6A47
:104860001B889AB2D7F800319BB29B029BB21343CC
:104870009BB26FEA43436FEA53439AB27B6A1A8052
:1048800050E0D7F80431002B0AD17B6A1B889BB219
:104890006FEA43436FEA53439AB27B6A1A8041E05E
:1048A000D7F804315B08C7F80031D7F8043103F0BA
:1048B0000103002B04D0D7F800310133C7F80031D1
:1048C0007B6A1B889AB2D7F800319BB29B029BB2DD
:1048D00013439AB27B6A1A8024E007F58473A3F528
:1048E00084731B685B78012B1CD107F58473A3F5D7
:1048F00082731B68B3F850309BB21A463B6B13446B
:104900003B6307F58473A3F584731B681B781A0156
:104910003B6B134403F20C43FB62D7F804319AB2A9
:10492000FB6A1A8007F58473A3F584731B685B899F
:10493000A7F8763007F58473A3F584731B6859696B
:10494000D7F804319BB2B7F8762007F58470A0F54C
:104950008270006801F049FB07F58473A3F5847346
:104960001B685A69D7F804311A4407F58473A3F514
:1049700084731B685A6107F58473A3F584731B68FD
:104980001A6A07F58473A3F584731B681B699A423E
:104990000FD907F58473A3F584731B681A6AD7F8D7
:1049A0000431D21A07F58473A3F584731B681A6265
:1049B0000EE007F58473A3F584731B681B6AC7F8C0
:1049C000043107F58473A3F584731B6800221A620F
:1049D00007F58473A3F584731B685B78002B77D18C
:1049E00007F58473A3F582731B68BB6107F58473B5
:1049F000A3F582731B68B3F850309BB21A46BB69AB
:104A00001344BB6107F58473A3F584731B681B789B
:104A10001A01BB69134403F204437B617B691B8861
:104A20009BB2C3F309039AB27B691A80D7F80431A9
:104A30003E2B21D9D7F804315B09C7F8FC30D7F8F1
:104A4000043103F01F03002B04D1D7F8FC30013BE5
:104A5000C7F8FC307B691B889AB2D7F8FC309BB250
:104A60009B029BB213439BB26FEA43436FEA5343EB
:104A70009AB27B691A8056E0D7F80431002B0AD12C
:104A80007B691B889BB26FEA43436FEA53439AB238
:104A90007B691A8047E0D7F804315B08C7F8FC301F
:104AA000D7F8043103F00103002B04D0D7F8FC3011
:104AB0000133C7F8FC307B691B889AB2D7F8FC3009
:104AC0009BB29B029BB213439AB27B691A802AE085
:104AD00007F58473A3F584731B685B78012B22D1DF
:104AE00007F58473A3F582731B683B6207F5847333
:104AF000A3F582731B68B3F850309BB21A463B6A29
:104B000013443B6207F58473A3F584731B681B7819
:104B10001A013B6A134403F20443FB61D7F80431E2
:104B20009AB2FB691A8007F58473A3F584731B6836
:104B30001B89A7F8763007F58473A3F584731B6887
:104B40005969D7F804319BB2B7F8762007F584701D
:104B5000A0F58270006801F048FAEEE307F584736F
:104B6000A3F584731B685B78002B77D107F58473FA
:104B7000A3F582731B68BB6407F58473A3F5827386
:104B80001B68B3F850309BB21A46BB6C1344BB642D
:104B900007F58473A3F584731B681B781A01BB6C3B
:104BA000134403F204437B647B6C1B889BB2C3F306
:104BB00009039AB27B6C1A80D7F804313E2B21D9B5
:104BC000D7F804315B09C7F8F830D7F8043103F09F
:104BD0001F03002B04D1D7F8F830013BC7F8F83099
:104BE0007B6C1B889AB2D7F8F8309BB29B029BB2C1
:104BF00013439BB26FEA43436FEA53439AB27B6C11
:104C00001A8056E0D7F80431002B0AD17B6C1B8840
:104C10009BB26FEA43436FEA53439AB27B6C1A80AC
:104C200047E0D7F804315B08C7F8F830D7F804310B
:104C300003F00103002B04D0D7F8F8300133C7F894
:104C4000F8307B6C1B889AB2D7F8F8309BB29B0285
:104C50009BB213439AB27B6C1A802AE007F58473E7
:104C6000A3F584731B685B78012B22D107F584734D
:104C7000A3F582731B683B6507F58473A3F5827304
:104C80001B68B3F850309BB21A463B6D13443B652A
:104C900007F58473A3F584731B681B781A013B6DB9
:104CA000134403F20443FB64D7F804319AB2FB6C5B
:104CB0001A8007F58473A3F584731B681B89A7F812
:104CC000763007F58473A3F584731B685969D7F8A8
:104CD00004319BB2B7F8762007F58470A0F5827096
:104CE000006801F082F907F58473A3F584731B68EB
:104CF0005A69D7F804311A4407F58473A3F584730D
:104D00001B685A6107F58473A3F584731B681A6ADC
:104D100007F58473A3F584731B681B699A420FD946
:104D200007F58473A3F584731B681A6AD7F80431F6
:104D3000D21A07F58473A3F584731B681A620EE018
:104D400007F58473A3F584731B681B6AC7F80431E5
:104D500007F58473A3F584731B6800221A6207F5B4
:104D60008473A3F582731B683B6407F58473A3F512
:104D700084731B685B78002B77D107F58473A3F5E8
:104D800082731B68BB6307F58473A3F582731B688A
:104D9000B3F850309BB21A46BB6B1344BB6307F5A4
:104DA0008473A3F584731B681B781A01BB6B1344CF
:104DB00003F20C437B637B6B1B889BB2C3F3090339
:104DC0009AB27B6B1A80D7F804313E2B21D9D7F8E1
:104DD00004315B09C7F8F430D7F8043103F01F033E
:104DE000002B04D1D7F8F430013BC7F8F4307B6BCB
:104DF0001B889AB2D7F8F4309BB29B029BB2134344
:104E00009BB26FEA43436FEA53439AB27B6B1A80BB
:104E100050E0D7F80431002B0AD17B6B1B889BB282
:104E20006FEA43436FEA53439AB27B6B1A8041E0C7
:104E3000D7F804315B08C7F8F430D7F8043103F031
:104E40000103002B04D0D7F8F4300133C7F8F43055
:104E50007B6B1B889AB2D7F8F4309BB29B029BB253
:104E600013439AB27B6B1A8024E007F58473A3F591
:104E700084731B685B78012B1CD107F58473A3F541
:104E800082731B68B3F850309BB21A463B6C1344D4
:104E90003B6407F58473A3F584731B681B781A01C0
:104EA0003B6C134403F20C43FB63D7F804319AB212
:104EB000FB6B1A8007F58473A3F584731B685B8909
:104EC000A7F8763007F58473A3F584731B685969D6
:104ED000D7F804319BB2B7F8762007F58470A0F5B7
:104EE0008270006801F081F827E207F58473A3F56A
:104EF00084731B681B6AC7F8043107F58473A3F534
:104F000082731A6807F58473A3F584731B681B7892
:104F10009B0013441B889BB223F4E24323F07003ED
:104F2000A7F8623007F58473A3F582731A6807F552
:104F30008473A3F584731B681B789B001A44B7F82D
:104F4000623043F07F4343F47F0343F4004343F074
:104F500080039BB2138007F58473A3F582731B68EB
:104F6000FB6507F58473A3F582731B68B3F85030B3
:104F70009BB21A46FB6D1344FB6507F58473A3F5DA
:104F800084731B681B781A01FB6D134403F20443FE
:104F9000BB65D7F804319AB2BB6D1A8007F58473EC
:104FA000A3F584731B681B89A7F8763007F5847313
:104FB000A3F584731B685969D7F804319BB2B7F81D
:104FC000762007F58470A0F58270006801F00DF876
:104FD000B3E107F58473A3F584731B681A6AD7F8E5
:104FE0000431D21A07F58473A3F584731B681A621F
:104FF00007F58473A3F582731A6807F58473A3F524
:1050000084731B681B789B0013441B889BB203F0BE
:105010004003002B00F0C68007F58473A3F582736C
:105020001B683B6707F58473A3F584731B685B7883
:10503000002B77D107F58473A3F582731B68BB66D9
:1050400007F58473A3F582731B68B3F850309BB2E5
:105050001A46BB6E1344BB6607F58473A3F58473CD
:105060001B681B781A01BB6E134403F20C437B666A
:105070007B6E1B889BB2C3F309039AB27B6E1A80C6
:10508000D7F804313E2B21D9D7F804315B09C7F892
:10509000F030D7F8043103F01F03002B04D1D7F808
:1050A000F030013BC7F8F0307B6E1B889AB2D7F81E
:1050B000F0309BB29B029BB213439BB26FEA434317
:1050C0006FEA53439AB27B6E1A8050E0D7F80431EE
:1050D000002B0AD17B6E1B889BB26FEA43436FEAB9
:1050E00053439AB27B6E1A8041E0D7F804315B08D3
:1050F000C7F8F030D7F8043103F00103002B04D0D7
:10510000D7F8F0300133C7F8F0307B6E1B889AB2C5
:10511000D7F8F0309BB29B029BB213439AB27B6EDE
:105120001A8024E007F58473A3F584731B685B7809
:10513000012B1CD107F58473A3F582731B68B3F8A8
:1051400050309BB21A463B6F13443B6707F584739C
:10515000A3F584731B681B781A013B6F134403F299
:105160000C43FB66D7F804319AB2FB6E1A8007F540
:105170008473A3F584731B685B89A7F8763007F501
:105180008473A3F584731B685969D7F804319BB203
:10519000B7F8762007F58470A0F58270006800F0FB
:1051A00024FFCAE007F58473A3F584731B685B785A
:1051B000002B77D107F58473A3F582731B68FB6717
:1051C00007F58473A3F582731B68B3F850309BB264
:1051D0001A46FB6F1344FB6707F58473A3F58473CA
:1051E0001B681B781A01FB6F134403F20443BB676F
:1051F000BB6F1B889BB2C3F309039AB2BB6F1A80C3
:10520000D7F804313E2B21D9D7F804315B09C7F810
:10521000EC30D7F8043103F01F03002B04D1D7F88A
:10522000EC30013BC7F8EC30BB6F1B889AB2D7F863
:10523000EC309BB29B029BB213439BB26FEA434399
:105240006FEA53439AB2BB6F1A805CE0D7F804311F
:10525000002B0AD1BB6F1B889BB26FEA43436FEAF6
:1052600053439AB2BB6F1A804DE0D7F804315B0804
:10527000C7F8EC30D7F8043103F00103002B04D059
:10528000D7F8EC300133C7F8EC30BB6F1B889AB20B
:10529000D7F8EC309BB29B029BB213439AB2BB6F20
:1052A0001A8030E007F58473A3F584731B685B787C
:1052B000012B28D107F58473A3F582731B68C7F807
:1052C000843007F58473A3F582731B68B3F85030FC
:1052D0009BB21A46D7F884301344C7F8843007F5D8
:1052E0008473A3F584731B681B781A01D7F8843084
:1052F000134403F20443C7F88030D7F804319AB25C
:10530000D7F880301A8007F58473A3F584731B687F
:105310001B89A7F8763007F58473A3F584731B689F
:105320005969D7F804319BB2B7F8762007F5847035
:10533000A0F58270006800F058FE07F58473A3F5AD
:1053400082731A6807F58473A3F584731B681B784E
:105350009B0013441B889BB223F4E04323F04003DB
:105360007B817B8983F010037B817B8983F0200321
:105370007B8107F58473A3F582731A6807F584733C
:10538000A3F584731B681B789B001A447B8943F048
:105390007F4343F47F0343F4004343F080039BB215
:1053A000138000F0DEBC07F58473A3F584731B68DB
:1053B0001B7B002B40F0BB8007F58473A3F584733F
:1053C0001B689A6907F58473A3F584731B681B69CE
:1053D0009A4217D907F58473A3F584731B681B6978
:1053E000C7F8043107F58473A3F584731B689A69C1
:1053F000D7F80431D21A07F58473A3F584731B68B8
:105400009A610EE007F58473A3F584731B689B69AA
:10541000C7F8043107F58473A3F584731B68002271
:105420009A6107F58473A3F582731B68C7F89030FF
:1054300007F58473A3F582731B68B3F850309BB2F1
:105440001A46D7F890301344C7F8903007F58473A4
:10545000A3F584731B681B781A01D7F890301344A6
:1054600003F20C43C7F88C30D7F88C301B889BB202
:10547000C3F309039AB2D7F88C301A80D7F80431F5
:105480003E2B24D9D7F804315B09C7F8E830D7F8A8
:10549000043103F01F03002B04D1D7F8E830013B9F
:1054A000C7F8E830D7F88C301B889AB2D7F8E830C4
:1054B0009BB29B029BB213439BB26FEA43436FEADA
:1054C00053439AB2D7F88C301A8000F010BCD7F84A
:1054D0000431002B0CD1D7F88C301B889BB26FEABB
:1054E00043436FEA53439AB2D7F88C301A80FEE3F5
:1054F000D7F804315B08C7F8E830D7F8043103F077
:105500000103002B04D0D7F8E8300133C7F8E830A6
:10551000D7F88C301B889AB2D7F8E8309BB29B0240
:105520009BB213439AB2D7F88C301A80DFE307F5A9
:105530008473A3F584731B68DB78022B40F0188218
:1055400007F58473A3F584731B685B78002B40F028
:105550009D8007F58473A3F582731B68C7F8AC3090
:1055600007F58473A3F582731B68B3F850309BB2C0
:105570001A46D7F8AC301344C7F8AC3007F584733B
:10558000A3F584731B681B781A01D7F8AC30134459
:1055900003F20443C7F8A830D7F8A8301B889BB2A1
:1055A000C3F309039AB2D7F8A8301A8007F58473B9
:1055B000A3F584731B681B693E2B2BD907F58473F5
:1055C000A3F584731B681B695B09C7F8E43007F512
:1055D0008473A3F584731B681B6903F01F03002BFE
:1055E00004D1D7F8E430013BC7F8E430D7F8A8304D
:1055F0001B889AB2D7F8E4309BB29B029BB213434C
:105600009BB26FEA43436FEA53439AB2D7F8A8308C
:105610001A8070E007F58473A3F584731B681B6917
:10562000002B0CD1D7F8A8301B889BB26FEA4343FC
:105630006FEA53439AB2D7F8A8301A805BE007F5B7
:105640008473A3F584731B681B695B08C7F8E43097
:1056500007F58473A3F584731B681B6903F00103CA
:10566000002B04D0D7F8E4300133C7F8E430D7F882
:10567000A8301B889AB2D7F8E4309BB29B029BB249
:1056800013439AB2D7F8A8301A8034E007F5847330
:10569000A3F584731B685B78012B2CD107F5847309
:1056A000A3F582731B68C7F8B43007F58473A3F5BC
:1056B00082731B68B3F850309BB21A46D7F8B430E7
:1056C0001344C7F8B43007F58473A3F584731B68DB
:1056D0001B781A01D7F8B430134403F20443C7F817
:1056E000B03007F58473A3F584731B681B699AB205
:1056F000D7F8B0301A8007F58473A3F582731B685E
:10570000C7F8A43007F58473A3F584731B685B782E
:10571000002B40F09D8007F58473A3F582731B680E
:10572000C7F89C3007F58473A3F582731B68B3F840
:1057300050309BB21A46D7F89C301344C7F89C30BF
:1057400007F58473A3F584731B681B781A01D7F8D7
:105750009C30134403F20C43C7F89830D7F89830C4
:105760001B889BB2C3F309039AB2D7F898301A800A
:1057700007F58473A3F584731B681B693E2B2BD933
:1057800007F58473A3F584731B681B695B09C7F86D
:10579000E03007F58473A3F584731B681B6903F07D
:1057A0001F03002B04D1D7F8E030013BC7F8E030ED
:1057B000D7F898301B889AB2D7F8E0309BB29B029A
:1057C0009BB213439BB26FEA43436FEA53439AB2CF
:1057D000D7F898301A8069E007F58473A3F58473CD
:1057E0001B681B69002B0CD1D7F898301B889BB223
:1057F0006FEA43436FEA53439AB2D7F898301A805E
:1058000054E007F58473A3F584731B681B695B0878
:10581000C7F8E03007F58473A3F584731B681B6930
:1058200003F00103002B04D0D7F8E0300133C7F8B0
:10583000E030D7F898301B889AB2D7F8E0309BB2A6
:105840009B029BB213439AB2D7F898301A802DE08E
:1058500007F58473A3F584731B685B78012B25D14E
:1058600007F58473A3F582731B68B3F850309BB2BD
:105870001A46D7F8A4301344C7F8A43007F5847348
:10588000A3F584731B681B781A01D7F8A43013445E
:1058900003F20C43C7F8A03007F58473A3F58473B3
:1058A0001B681B699AB2D7F8A0301A8007F5847379
:1058B000A3F584731B68DB69002B00F0188207F5E1
:1058C0008473A3F582731A6807F58473A3F5847350
:1058D0001B681B789B0013441B88A7F89630B7F809
:1058E000963003F48043002B05D0B7F8963003F0D0
:1058F0004003002B0DD1B7F8963003F48043002B02
:1059000040F0F581B7F8963003F04003002B40F0EB
:10591000EE8107F58473A3F582731A6807F5847323
:10592000A3F584731B681B789B0013441B889BB2F0
:1059300023F4E04323F07003A7F8943007F5847351
:10594000A3F582731A6807F58473A3F584731B6843
:105950001B789B001A44B7F8943043F07F4343F41C
:105960007F0343F4004343F0C0039BB21380BEE1C6
:1059700007F58473A3F584731B68DB78012B40F073
:10598000B48107F58473A3F584731B689A6907F5DE
:105990008473A3F584731B681B699A4217D907F5B2
:1059A0008473A3F584731B681B69C7F8043107F57A
:1059B0008473A3F584731B689A69D7F80431D21AEB
:1059C00007F58473A3F584731B689A610EE007F5ED
:1059D0008473A3F584731B689B69C7F8043107F5CA
:1059E0008473A3F584731B6800229A6107F584739E
:1059F000A3F584731B685B78002B40F0858007F566
:105A00008473A3F582731B68C7F8CC3007F58473E1
:105A1000A3F582731B68B3F850309BB21A46D7F8CF
:105A2000CC301344C7F8CC3007F58473A3F58473E6
:105A30001B681B781A01D7F8CC30134403F20443D7
:105A4000C7F8C830D7F8C8301B889BB2C3F3090326
:105A50009AB2D7F8C8301A80D7F804313E2B23D930
:105A6000D7F804315B09C7F8DC30D7F8043103F00C
:105A70001F03002B04D1D7F8DC30013BC7F8DC3022
:105A8000D7F8C8301B889AB2D7F8DC309BB29B029B
:105A90009BB213439BB26FEA43436FEA53439AB2FC
:105AA000D7F8C8301A8060E0D7F80431002B0CD149
:105AB000D7F8C8301B889BB26FEA43436FEA534361
:105AC0009AB2D7F8C8301A804FE0D7F804315B0893
:105AD000C7F8DC30D7F8043103F00103002B04D001
:105AE000D7F8DC300133C7F8DC30D7F8C8301B8872
:105AF0009AB2D7F8DC309BB29B029BB213439AB2A6
:105B0000D7F8C8301A8030E007F58473A3F58473A2
:105B10001B685B78012B28D107F58473A3F582738A
:105B20001B68C7F8D43007F58473A3F582731B682C
:105B3000B3F850309BB21A46D7F8D4301344C7F8A4
:105B4000D43007F58473A3F584731B681B781A019E
:105B5000D7F8D430134403F20443C7F8D030D7F851
:105B600004319AB2D7F8D0301A8007F58473A3F5C0
:105B700082731B68C7F8C43007F58473A3F5847378
:105B80001B685B78002B40F0858007F58473A3F5D4
:105B900082731B68C7F8BC3007F58473A3F5827362
:105BA0001B68B3F850309BB21A46D7F8BC30134488
:105BB000C7F8BC3007F58473A3F584731B681B78A2
:105BC0001A01D7F8BC30134403F20C43C7F8B830BD
:105BD000D7F8B8301B889BB2C3F309039AB2D7F841
:105BE000B8301A80D7F804313E2B23D9D7F80431C6
:105BF0005B09C7F8D830D7F8043103F01F03002B36
:105C000004D1D7F8D830013BC7F8D830D7F8B8302E
:105C10001B889AB2D7F8D8309BB29B029BB2134331
:105C20009BB26FEA43436FEA53439AB2D7F8B83056
:105C30001A805CE0D7F80431002B0CD1D7F8B830CB
:105C40001B889BB26FEA43436FEA53439AB2D7F87B
:105C5000B8301A804BE0D7F804315B08C7F8D83069
:105C6000D7F8043103F00103002B04D0D7F8D83063
:105C70000133C7F8D830D7F8B8301B889AB2D7F8B4
:105C8000D8309BB29B029BB213439AB2D7F8B8307C
:105C90001A802CE007F58473A3F584731B685B7886
:105CA000012B24D107F58473A3F582731B68B3F825
:105CB00050309BB21A46D7F8C4301344C7F8C430EA
:105CC00007F58473A3F584731B681B781A01D7F852
:105CD000C430134403F20C43C7F8C030D7F8043182
:105CE0009AB2D7F8C0301A8001E001233AE007F5F4
:105CF0008473A3F582731A6807F58473A3F584731C
:105D00001B681B789B0013441B889BB223F48043C1
:105D100023F07003A7F88A30B7F88A3083F48053F1
:105D2000A7F88A30B7F88A3083F40053A7F88A308E
:105D300007F58473A3F582731A6807F58473A3F5D6
:105D400084731B681B789B001A44B7F88A3043F0B1
:105D50007F4343F47F0343F4004343F080039BB24B
:105D600013800023184607F58477BD4680BD80B4B4
:105D700085B000AF786039603B685B78002B20D03D
:105D80007A683B681B789B0013441B889BB223F402
:105D9000E04323F04003BB81BB8983F01003BB8148
:105DA0007A683B681B789B001A44BB8943F07F43A9
:105DB00043F47F0343F4004343F080039BB213801A
:105DC0001FE07A683B681B789B0013441B889BB2DA
:105DD00023F4804323F07003FB81FB8983F4805319
:105DE000FB817A683B681B789B001A44FB8943F06F
:105DF0007F4343F47F0343F4004343F080039BB2AB
:105E00001380002318461437BD4680BC704780B409
:105E100087B000AF786039603B681B7B002B40F097
:105E20009D803B685B78002B4CD07A683B681B7880
:105E30009B0013441B883B823B8A03F04003002BEA
:105E40001BD07A683B681B789B0013441B889BB26D
:105E500023F4E04323F07003FB817A683B681B78EE
:105E60009B001A44FB8943F07F4343F47F0343F4D0
:105E7000004343F0C0039BB213803B68DB78012BE7
:105E80006CD07A683B681B789B0013441B889BB2DC
:105E900023F4E04323F04003BB81BB8983F020035C
:105EA000BB817A683B681B789B001A44BB8943F02E
:105EB0007F4343F47F0343F4004343F080039BB2EA
:105EC00013804BE07A683B681B789B0013441B8867
:105ED000FB82FB8A03F48043002B1BD07A683B686B
:105EE0001B789B0013441B889BB223F4E04323F0F0
:105EF0007003BB827A683B681B789B001A44BB8A9C
:105F000043F07F4343F47F0343F4404343F0800373
:105F10009BB213807A683B681B789B0013441B88F4
:105F20009BB223F4804323F070037B827B8A83F44B
:105F300080537B827B8A83F400537B827A683B6840
:105F40001B789B001A447B8A43F07F4343F47F0312
:105F500043F4004343F080039BB2138000231846B0
:105F60001C37BD4680BC704780B483B000AF7860FA
:105F70000B46FB70FB78002B03D17B688022A3F8D3
:105F80004C20002318460C37BD4680BC704780B4B7
:105F900083B000AF7860002318460C37BD4680BC44
:105FA000704780B483B000AF7860002318460C3788
:105FB000BD4680BC704780B485B000AF78607B6818
:105FC000B3F844309BB2FB60FB6818461437BD46FB
:105FD00080BC704780B483B000AF78603960002324
:105FE00018460C37BD4680BC704780B48BB000AFFC
:105FF000F860B96011461A460B46FB801346BB8019
:10600000BB8801335B08BB61FB687B61BB68FB61DC
:10601000FB885A007B69134403F580633B62BB69CC
:106020007B621EE0FB691B787B82FB6901331B7876
:106030001B021AB2B7F9123013431BB27B823B6AC0
:106040007A8A1A803B6A02333B623B6A02333B62C4
:10605000FB690133FB61FB690133FB617B6A013B37
:106060007B627B6A002BDDD100BF00BF2C37BD46B1
:1060700080BC704780B48BB000AFF860B960114647
:106080001A460B46FB801346BB80BB885B089BB25D
:10609000BB61FB687B61BB68FB61FB885A007B6965
:1060A000134403F580633B62BB697B621BE03B6A80
:1060B0001B889BB23B613B6A02333B623B69DAB2AD
:1060C000FB691A70FB690133FB613B691B0ADAB299
:1060D000FB691A70FB690133FB613B6A02333B6267
:1060E0007B6A013B7B627B6A002BE0D1BB8803F0BB
:1060F00001039BB2002B07D03B6A1B889BB23B611C
:106100003B69DAB2FB691A7000BF2C37BD4680BC10
:10611000704780B582B000AF0346FB71FB79002B5E
:1061200007D10BF0E5FE0346002B01D0002301E070
:1061300000BF012318460837BD4680BD80B483B038
:1061400000AF0346FB71FB79002B01D1002300E077
:10615000012318460C37BD4680BC704780B588B017
:1061600000AFB9607A603B600346FB730023FB77A6
:10617000FB7B002B27D17B681B03BB613B689BB279
:106180001B03FB82FB8A1A46B968B8690BF002FF51
:1061900003467B757B7D082B0FD0082B10DC032B6F
:1061A00002DC022B03DA0BE0062B03D008E0042309
:1061B000FB7706E00123FB7703E00323FB7700E096
:1061C00000BFFB7F00E0042318462037BD4680BD9A
:1061D00080B588B000AFB9607A603B600346FB735E
:1061E0000023FB77FB7B002B35D17B681B03BB6156
:1061F0003B689BB21B03FB82FB8A1A46B968B869ED
:106200000BF03AFF03467B757B7D013B072B1FD8C4
:1062100001A252F823F000BF396202083962020875
:10622000396202083F6202083F62020851620208B6
:106230004B620208456202080423FB7709E0012350
:10624000FB7706E00323FB7703E00223FB7700E004
:1062500000BFFB7F00E0042318462037BD4680BD09
:1062600080B588B000AF03463A60FB710B46BB7146
:106270000023FB77FB79002B5DD1BB79042B55D82C
:1062800001A252F823F000BF9D620208A362020837
:10629000B5620208C3620208CF6202080023FB77DE
:1062A00047E03B68BB600BF023FE03461A46BB6821
:1062B0001A603EE03B68FB60FB684FF480521A8036
:1062C00037E03B683B613B6901221A6031E03B6883
:1062D000BB61BB6904331B689AB2BB691B689BB284
:1062E000D31A9BB20133FB82BB691B689BB2FA8A4B
:1062F000114618460BF04CFF03467B757B7D082B3F
:106300000FD0082B10DC032B02DC022B03DA0BE08E
:10631000042B03D008E00423FB7706E00123FB777E
:1063200003E00323FB7700E000BF02E00123FB77DB
:1063300000BFFB7F00E0042318462037BD4680BD28
:1063400080B485B000AF78607B6801331B78FB8137
:10635000FB891B021AB27B681B781BB213431BB26A
:10636000FB81FB8918461437BD4680BC704780B45A
:1063700085B000AF78607B6803331B78FB60FB68F7
:106380001B027A68023212781343FB60FB681B021F
:106390007A68013212781343FB60FB681B027A684B
:1063A00012781343FB60FB6818461437BD4680BC67
:1063B000704780B483B000AF78600B467B807B6809
:1063C0005A1C7A607A88D2B21A707B881B0A7B804A
:1063D0007B685A1C7A607A88D2B21A7000BF0C3778
:1063E000BD4680BC704780B483B000AF7860396030
:1063F0007B685A1C7A603A68D2B21A703B681B0AF2
:106400003B607B685A1C7A603A68D2B21A703B686B
:106410001B0A3B607B685A1C7A603A68D2B21A70D9
:106420003B681B0A3B607B685A1C7A603A68D2B2B0
:106430001A7000BF0C37BD4680BC704780B487B06F
:1064400000AFF860B9607A60FB687B61BB683B6154
:106450007B68002B0DD03A69531C3B617B69591C4A
:10646000796112781A707B68013B7B607B68002B36
:10647000F1D100BF1C37BD4680BC704780B487B0E7
:1064800000AFF860B9607A60FB687B617B695A1C79
:106490007A61BA68D2B21A707B68013B7B607B6814
:1064A000002BF3D100BF00BF1C37BD4680BC704736
:1064B00080B489B000AFF860B9607A60FB68FB61B6
:1064C000BB68BB6100237B61FB695A1CFA611B78C6
:1064D0001946BB695A1CBA611B78CB1A7B617B6871
:1064E000013B7B607B68002B02D07B69002BEBD0EB
:1064F0007B6918462437BD4680BC704780B483B0A2
:1065000000AF7860396002E07B6801337B607B68B4
:106510001B78002B05D07B681B781A463B6893429A
:10652000F2D17B681B7818460C37BD4680BC70479B
:1065300080B483B000AF0346FB71FB79002B01D020
:10654000002300E0002318460C37BD4680BC70478E
:1065500080B483B000AF0346FB71FB79002B01D000
:10656000002300E0002318460C37BD4680BC70476E
:1065700080B487B000AF78607B681B683B613B6983
:106580005A1C3A611B787B617B6903F08003002B06
:1065900065D07B6903F0E003C02B06D17B6903F073
:1065A0001F037B610123FB601AE07B6903F0F003AA
:1065B000E02B06D17B6903F00F037B610223FB60B4
:1065C0000EE07B6903F0F803F02B06D17B6903F042
:1065D00007037B610323FB6002E04FF0FF3342E0DF
:1065E0003B695A1C3A611B78FB72FB7A03F0C003CB
:1065F000802B02D04FF0FF3335E07B699A01FB7AA4
:1066000003F03F0313437B61FB68013BFB60FB68C6
:10661000002BE5D17B697F2B0BD97B69B3F5584FF4
:1066200003D37B69B3F5604F03D37B69B3F5881F50
:1066300002D34FF0FF3316E07B69B3F5803F0ED3F2
:106640007B69A3F580339A01094B13407A69C2F341
:106650000902134343F0584343F45C437B617B6876
:106660003A691A607B6918461C37BD4680BC704782
:106670000000FF0380B487B000AFF860B9607A60B3
:10668000FB687F2B0AD87B68002B01D10023B7E081
:10669000FB68DAB2BB681A700123B1E0FB68B3F59E
:1066A000006F1FD27B68012B01D80023A8E0FB6894
:1066B0009B09DBB203F01F03DAB2BB68591CB96057
:1066C00062F03F02D2B21A70FB68DBB203F03F0304
:1066D000DAB2BB68591CB96062F07F02D2B21A709C
:1066E00002238DE0FB68B3F5803F34D27B68022B38
:1066F00007D9FB68B3F5584F05D3FB68B3F5604F76
:1067000001D200237CE0FB681B0BDBB203F00F031C
:10671000DAB2BB68591CB96062F01F02D2B21A70BB
:10672000FB689B09DBB203F03F03DAB2BB68591C7C
:10673000B96062F07F02D2B21A70FB68DBB203F07C
:106740003F03DAB2BB68591CB96062F07F02D2B273
:106750001A70032354E07B68032B01D800234FE019
:10676000FB681B0C1B0403F120539B097B61FB6836
:106770009BB2A3F55C43FB607B69B3F5801F03D23A
:10678000FB68B3F5806F01D3002339E07A69FB68B9
:10679000134303F58033FB60FB689B0CDBB203F013
:1067A0000703DAB2BB68591CB96062F00F02D2B2BB
:1067B0001A70FB681B0BDBB203F03F03DAB2BB6855
:1067C000591CB96062F07F02D2B21A70FB689B0953
:1067D000DBB203F03F03DAB2BB68591CB96062F068
:1067E0007F02D2B21A70FB68DBB203F03F03DAB269
:1067F000BB68591CB96062F07F02D2B21A700423E0
:1068000018461C37BD4680BC704780B584B000AFC9
:1068100078600023FB737B68DB78002B2CD07B68CF
:1068200058787B6803F134017B681A6B0123FFF70A
:10683000CFFC0346002B1DD17B680022DA707B68F9
:106840001A6B7B685B6AD21A7B68DB699A4213D247
:106850007B689B78022B0FD17B6858787B6803F1AB
:1068600034017B681A6B7B68DB691A440123FFF7EC
:10687000AFFC01E00123FB73FB7B18461037BD46DC
:1068800080BD80B584B000AF786039600023FB73B1
:106890007B681B6B3A689A421BD07868FFF7B5FF9C
:1068A0000346FB73FB7B002B13D17B6858787B6816
:1068B00003F1340101233A68FFF750FC0346002B33
:1068C00004D04FF0FF333B600123FB737B683A68D1
:1068D0001A63FB7B18461037BD4680BD80B584B077
:1068E00000AF78607868FFF790FF0346FB73FB7B8F
:1068F000002B58D17B681B78032B48D17B681B7910
:10690000012B44D17B6834334FF480520021184668
:10691000FFF7B4FD7B68343303F5FF734AF6552166
:106920001846FFF746FD7B68343321491846FFF7C8
:106930005AFD7B68343303F5F2731E491846FFF79E
:1069400052FD7B68343303F5F4727B685B6919464A
:106950001046FFF748FD7B68343303F5F6727B6819
:106960001B6919461046FFF73EFD7B681B6A5A1CDF
:106970007B681A637B6858787B6803F134017B6815
:106980001A6B0123FFF724FC7B6800221A717B68D5
:106990005B78002200211846FFF762FC0346002BBB
:1069A00001D00123FB73FB7B18461037BD4680BD29
:1069B000525261417272416180B483B000AF78601D
:1069C00039603B68023B3B607B689B69023B3A68ED
:1069D0009A4201D3002308E07B68DA6A7B685B890E
:1069E00019463B6801FB03F3134418460C37BD46B8
:1069F00080BC704780B586B000AF786039607B6836
:106A00001B683B613B68012B04D93B699B693A6871
:106A10009A4202D301237B6190E04FF0FF337B6108
:106A20003B691B78032B62D0032B7DDC012B02D04A
:106A3000022B41D078E03B68FB60FB685B08FA689A
:106A40001344FB603B695A6AFB681B0B13441946ED
:106A50003869FFF716FF0346002B68D1FB685A1C04
:106A6000FA60C3F30B033A69134493F83430BB6004
:106A70003B695A6AFB681B0B134419463869FFF7D8
:106A800000FF0346002B54D1FB68C3F30B033A69A4
:106A9000134493F834301B02BA681343BB603B685D
:106AA00003F00103002B02D0BB681B0902E0BB68A6
:106AB000C3F30B037B6141E03B695A6A3B68DB0A25
:106AC000134419463869FFF7DCFE0346002B32D128
:106AD0003B6903F134023B68590040F6FE730B40FA
:106AE00013441846FFF72CFC03467B6126E03B6904
:106AF0005A6A3B689B0A134419463869FFF7C1FE7E
:106B00000346002B19D13B6903F134023B6899001D
:106B100040F6FC730B4013441846FFF728FC03466D
:106B200023F070437B6109E001237B6106E000BF35
:106B300004E000BF02E000BF00E000BF7B69184630
:106B40001837BD4680BD90B589B000AFF860B96018
:106B50007A600223FB77BB68012B40F2DC80FB6884
:106B60009B69BA689A4280F0D680FB681B78032B39
:106B700000F09780032B00F3CE80012B02D0022B74
:106B80006ED0C8E0BB68BB61BB695B08BA691344DF
:106B9000BB61FB685A6ABB691B0B13441946F86852
:106BA000FFF76FFE0346FB77FB7F002B40F0AC80C6
:106BB000FB6803F13402BB69591CB961C3F30B03D1
:106BC00013447B61BB6803F00103002B0DD07B698C
:106BD0001B785BB203F00F035AB27B68DBB21B0178
:106BE0005BB213435BB2DBB201E07B68DBB27A6974
:106BF0001370FB680122DA70FB685A6ABB691B0BD1
:106C000013441946F868FFF73CFE0346FB77FB7F09
:106C1000002B7BD1FB6803F13402BB69C3F30B0388
:106C200013447B61BB6803F00103002B03D07B6836
:106C30001B09DBB20EE07B691B785BB223F00F030C
:106C40005AB27B681B0A5BB203F00F035BB21343BB
:106C50005BB2DBB27A691370FB680122DA705AE02A
:106C6000FB685A6ABB68DB0A13441946F868FFF7E9
:106C700008FE0346FB77FB7F002B49D1FB6803F13D
:106C80003402BB68590040F6FE730B4013447A6827
:106C900092B211461846FFF78CFBFB680122DA70AE
:106CA00039E0FB685A6ABB689B0A13441946F868C6
:106CB000FFF7E7FD0346FB77FB7F002B2AD17B68BC
:106CC00023F07044FB6803F13402BB68990040F67E
:106CD000FC730B4013441846FFF749FB034603F0CF
:106CE000704323437B60FB6803F13402BB68990067
:106CF00040F6FC730B40134479681846FFF773FBAA
:106D0000FB680122DA7006E000BF04E000BF02E089
:106D100000BF00E000BFFB7F18462437BD4690BD92
:106D200080B588B000AFF860B9607A600023FB7767
:106D3000FB681B68BB61BB68012B04D9BB699B69FD
:106D4000BA689A4201D302234BE07B68002B0CD037
:106D50004FF0FF327968B869FFF7F5FE0346FB771D
:106D6000FB7F002B01D0FB7F3BE0B968F868FFF7A1
:106D700041FE78617B69002B31D07B69012B01D109
:106D800002232EE07B69B3F1FF3F01D1012328E00C
:106D90000022B968B869FFF7D6FE0346FB77FB7F90
:106DA000002B01D0FB7F1CE0BB695A69BB699B6962
:106DB000023B9A420BD2BB695B695A1CBB695A61A0
:106DC000BB691B7943F00103DAB2BB691A717B69B5
:106DD000BB60BB699B69BA689A42C6D300E000BF3A
:106DE000002318462037BD4680BD80B588B000AF6F
:106DF000786039607B681B683B613B68002B0DD174
:106E00003B691B69BB61BB69002B04D03B699B6973
:106E1000BA699A421BD30123BB6118E039687868CC
:106E2000FFF7E8FDF860FB68012B01D80123A9E01A
:106E3000FB68B3F1FF3F01D1FB68A3E03B699B69AD
:106E4000FA689A4201D2FB689CE03B68BB613B69EF
:106E50005B69002B01D1002394E00023FB61BA6938
:106E60003B689A4229D1BB690133FB613B699B694D
:106E7000FA699A4201D30223FB61F9697868FFF746
:106E8000B9FDF860FB68012B03D0FB68B3F1FF3F4D
:106E900001D1FB6876E0FB68002B0ED03B691B69D3
:106EA000FB60FB68012B06D93B699B69FA689A4233
:106EB00001D2FB68BB610023FB61FB69002B29D178
:106EC000BB69FB61FB690133FB613B699B69FA6943
:106ED0009A4207D30223FB61FA69BB699A4201D93E
:106EE00000234FE0F9697868FFF784FDF860FB68DC
:106EF000002B0ED0FB68012B03D0FB68B3F1FF3FE2
:106F000001D1FB683EE0FA69BB699A42DAD10023FD
:106F100038E000BF4FF0FF32F9693869FFF713FE20
:106F20000346FB75FB7D002B09D13B68002B06D087
:106F3000FA6939683869FFF706FE0346FB75FB7D81
:106F4000002B16D13B69FA691A613B695A693B69A2
:106F50009B69023B9A4204D83B695B695A1E3B69B4
:106F60005A613B691B7943F00103DAB23B691A713C
:106F700007E0FB7D012B02D14FF0FF3300E001233E
:106F8000FB61FB6918462037BD4680BD80B586B0E1
:106F900000AF786039607868FFF737FC0346002B54
:106FA00001D001237DE039687868FFF705FDB860FE
:106FB0007B68BA681A637B6834334FF480520021CF
:106FC0001846FFF75BFA7B685B891B03B3F5004F3C
:106FD00003D27B685B891B0301E04FF400433B61F4
:106FE0000023FB6002E03B695B083B613B69B3F552
:106FF000805F06D9386903F017FCF860FB68002B46
:10700000F1D03B69B3F5805F24D93A690021F86873
:10701000FFF734FA3B691B0B3B6100237B6103E004
:107020007A693B6913447B617B685B891A467B699B
:1070300093420BD27B685878BA687B691A443B69E3
:10704000F968FFF7C5F80346002BE9D0F86803F0AC
:10705000F7FB1DE07B683433FB6001233B610023B9
:107060007B6103E07A693B6913447B617B685B89E0
:107070001A467B6993420BD27B685878BA687B6961
:107080001A443B69F968FFF7A3F80346002BE9D0DF
:107090007B685B891A467B69934214BF01230023F6
:1070A000DBB218461837BD4680BD80B586B000AF4C
:1070B000786039607B681B683B613B68B3F5001FF3
:1070C00004D23B6803F01F03002B01D0022363E0CE
:1070D0007B683A681A617B689B687B617B69002BDF
:1070E00006D13B691B78022B02D93B699B6A7B6105
:1070F0007B69002B0CD13B685B093A69128993428A
:1071000001D3022348E03B699A6A7B689A6129E0CF
:107110003B695B891B03FB6019E07B687969184652
:10712000FFF768FC78617B69B3F1FF3F01D1012370
:1071300032E07B69012B04D93B699B697A699A42E9
:1071400001D3022328E03A68FB68D31A3B603A680F
:10715000FB689A42E1D279693869FFF72DFC024653
:107160007B689A617B687A695A617B689B69002BAE
:1071700001D1022310E07B689A693B681B0B1A441B
:107180007B689A613B6903F134023B68C3F30B03EC
:107190001A447B68DA61002318461837BD4680BD63
:1071A00080B586B000AF786039607B681B683B6152
:1071B0007B681B692033FB60FB68B3F5001F02D3BB
:1071C0007B6800229A617B689B69002B01D10423B4
:1071D00078E0FB68C3F30B03002B66D17B689B69E7
:1071E0005A1C7B689A617B685B69002B0AD1FB683B
:1071F0005B093A691289934257D37B6800229A61EE
:1072000004235FE0FB681B0B3A695289013A134083
:10721000002B4AD17A687B685B6919461046FFF7F4
:10722000E9FB78617B69012B01D802234AE07B6985
:10723000B3F1FF3F01D1012344E03B699B697A69C7
:107240009A4228D33B68002B04D17B6800229A61C4
:10725000042337E07A687B685B6919461046FFF7BC
:10726000C4FD78617B69002B01D107232AE07B698B
:10727000012B01D1022325E07B69B3F1FF3F01D14E
:1072800001231FE079693869FFF780FE0346002B70
:1072900001D0012316E07B687A695A6179693869FF
:1072A000FFF78AFB02467B689A617B68FA681A617D
:1072B0003B6903F13402FB68C3F30B031A447B6898
:1072C000DA61002318461837BD4680BD80B586B008
:1072D00000AF786039607B681B68FB6000217868CC
:1072E000FFF7E3FE0346FB75FB7D002B2BD100234C
:1072F0003B617B689B691946F868FFF7C2FA034651
:10730000FB75FB7D002B1DD17B68DB691B78E52BB2
:1073100004D07B68DB691B78002B07D13B69013304
:107320003B613A693B689A4202D10CE000233B6121
:1073300001217868FFF734FF0346FB75FB7D002BC6
:10734000D7D000E000BFFB7D042B01D10723FB75E4
:10735000FB7D18461837BD4680BD80B584B000AFB0
:10736000786039603B681A331846FEF7E9FF034638
:10737000FB607B681B78032B09D13B6814331846EC
:10738000FEF7DEFF03461B04FA681343FB60FB684D
:1073900018461037BD4680BD80B584B000AFF86098
:1073A000B9607A60BB681A337A6892B2114618469F
:1073B000FEF7FFFFFB681B78032B09D1BB6803F1C5
:1073C00014027B681B0C9BB219461046FEF7F1FFB6
:1073D00000BF1037BD4680BD90B587B000AF786064
:1073E00039603B681A331846FEF7AAFF0346002BA4
:1073F00001D0002358E03B681B7803F03F035A1E7E
:1074000013465B0013449B0013447B610123FB8103
:1074100000233B6132E0264A3B6913441B781A463D
:107420003B6813441846FEF78BFF0346BB81FB897C
:10743000002B19D07B69FF2B11D8BB89184603F0AC
:107440006FFA04467B695A1C7A615B007A681344C0
:107450001B88184603F064FA03469C4201D00023BF
:1074600022E0BB89FB8106E0BB894FF6FF729342A5
:1074700001D0002318E03B6901333B613B690C2BD1
:10748000C9D93B681B7803F04003002B0BD0FB8964
:10749000002B08D07B695B007A6813441B88002BA3
:1074A00001D0002300E0012318461C37BD4690BDE3
:1074B0000454030880B586B000AF786039603B683B
:1074C0001A331846FEF73CFF0346002B01D0002379
:1074D00050E03B681B7823F040035A1E13465B00C4
:1074E00013449B0013447B610123FB8100233B6118
:1074F00028E0224A3B6913441B781A463B68134430
:107500001846FEF71DFF0346BB81FB89002B0FD0F9
:107510007B69FF2B01D900232CE0BB89FB817B69B0
:107520005A1C7A615B007A681344FA891A8006E073
:10753000BB894FF6FF72934201D000231AE03B69EA
:1075400001333B613B690C2BD3D93B681B7803F0BB
:107550004003002B0DD0FB89002B0AD07B69FF2B49
:1075600001D9002306E07B695B007A68134400229E
:107570001A80012318461837BD4680BD04540308FD
:1075800080B588B000AFF860B96011461A460B4666
:10759000FB711346BB71BB680D33BA791A70BB68B7
:1075A0000B330F221A70BB680C3300221A70BB68B1
:1075B0001A3300211846FEF7FCFEFB795A1E1346CB
:1075C0005B0013449B001344FB610023FB820023F8
:1075D000BB61FB8A4FF6FF72934207D0FB695A1CCE
:1075E000FA615B00FA6813441B88FB82174ABB6987
:1075F00013441B781A46BB681344FA8A114618468E
:10760000FEF7D7FEFB8A002B02D14FF6FF73FB82F9
:10761000BB690133BB61BB690C2BDAD9FB8A4FF61E
:10762000FF72934206D0FB695B00FA6813441B8823
:10763000002B03D1FB7943F04003FB71BB68FA795F
:107640001A7000BF2037BD4680BD00BF0454030838
:1076500080B58CB000AFF860B9607A603B600B22F7
:10766000B968F868FEF7EAFE3B68052B2BD93B6842
:10767000FB6122E07B689A1C7A601B887B84002374
:10768000BB6217E0FB695A007B8C03F001031344D3
:10769000FB617B8C5B087B84FB6903F48033002BEC
:1076A00005D0FB6983F4883383F02103FB61BB6A57
:1076B0000133BB62BB6A0F2BE4D97B681B88002BAC
:1076C000D8D1FB693B600723BB623B68DBB203F0A8
:1076D0000F03DBB2303387F82F3097F82F30392B78
:1076E00004D997F82F30073387F82F30BB6A5A1E1A
:1076F000BA6230333B4497F82F2003F81C2C3B68C8
:107700001B093B603B68002BDFD107F11402BB6A09
:1077100013447E221A7000237B6214E0FA687B6AAD
:1077200013441B781846FEF703FF0346002B07D0CF
:10773000BB6A013B7A6A9A4210D07B6A01337B6252
:107740007B6A01337B627A6ABB6A9A4207D2FA6823
:107750007B6A13441B78202BE0D100E000BFBB6A9A
:10776000072B07D8BB6A5A1CBA6230333B4413F864
:107770001C1C00E020217B6A5A1C7A62FA681344C0
:107780000A461A707B6A072BE9D900BF00BF303761
:10779000BD4680BD80B485B000AF78600023FB7328
:1077A0000B23BB60FB7BDAB25208DB011343DAB276
:1077B0007B68591C79601B781344FB73BB68013BE1
:1077C000BB60BB68002BEDD1FB7B18461437BD4670
:1077D00080BC704780B586B000AF78603960042304
:1077E000FB757B681B683B61FF237B75FF233B7543
:1077F00081E07B689B6919463869FFF742F80346C8
:10780000FB75FB7D002B7CD17B68DB691B78BB752E
:10781000BB7D002B02D10423FB7577E07B68DB691D
:107820000B331B7803F03F03FB737B68FA7B9A7181
:10783000BB7DE52B0ED0BB7D2E2B0BD0FB7B23F02D
:107840002003082B0CBF01230023DBB21A463B6840
:10785000934202D0FF237B7544E0FB7B0F2B2FD19B
:10786000BB7D03F04003002B0DD07B68DB695B7BA5
:107870003B75BB7D23F04003BB75BB7D7B757B688F
:107880001A697B68DA62BA7D7B7D9A4215D17B6882
:10789000DB690D331B783A7D9A420ED13B69DA6879
:1078A0007B68DB6919461046FFF704FE0346002B90
:1078B00003D07B7D013BDBB200E0FF237B7511E051
:1078C0007B7D002B09D17B68DB691846FFF762FFDF
:1078D00003461A463B7D934215D07B684FF0FF323A
:1078E000DA6210E000217868FFF75AFC0346FB7566
:1078F000FB7D002B09D17B689B69002B7FF479AF5E
:1079000004E000BF02E000BF00E000BFFB7D002BF1
:1079100002D07B6800229A61FB7D18461837BD466D
:1079200080BD80B586B000AF78607B681B683B6126
:1079300000217868FFF7B9FB0346FB75FB7D002B40
:1079400001D0FB7DA9E0FF233B753B7D7B757B6808
:107950004FF0FF32DA627B689B6919463869FEF79F
:1079600090FF0346FB75FB7D002B40F090807B6809
:10797000DB691B78BB75BB7D002B02D10423FB7533
:107980008AE07B68DB690B331B7803F03F03FB73F2
:107990007B68FA7B9A71BB7DE52B07D0FB7B03F0FC
:1079A0000803002B09D0FB7B0F2B06D0FF237B7530
:1079B0007B684FF0FF32DA625EE0FB7B0F2B36D143
:1079C0007B6893F82B3003F04003002B54D1BB7D30
:1079D00003F04003002B0DD07B68DB695B7B3B75BC
:1079E000BB7D23F04003BB75BB7D7B757B681A694B
:1079F0007B68DA62BA7D7B7D9A4215D17B68DB6950
:107A00000D331B783A7D9A420ED13B69DA687B6868
:107A1000DB6919461046FFF7DFFC0346002B03D055
:107A20007B7D013BDBB200E0FF237B7524E07B7DA7
:107A3000002B09D17B68DB691846FFF7ABFE0346D4
:107A40001A463B7D934224D07B6893F82B3003F099
:107A50000103002B0AD17B68D8697B6820330B2295
:107A60001946FEF725FD0346002B14D0FF237B7536
:107A70007B684FF0FF32DA6200217868FFF790FBF5
:107A80000346FB75FB7D002B3FF465AF04E000BFB0
:107A900002E000BF00E000BFFB7D18461837BD467E
:107AA00080BD000080B58CB000AF78607B681B683B
:107AB000FB617B6893F82B3003F0A003002B01D00F
:107AC0000623E0E000237B6202E07B6A01337B62F5
:107AD000FB69DA687B6A5B0013441B88002BF4D1D6
:107AE0007B6803F1200107F10C030C221846FEF716
:107AF000A5FCFB7D03F00103002B32D07B68402204
:107B000083F82B200123BB6216E07B6803F1200081
:107B1000FB69DA6807F10C01BB6AFFF799FD786829
:107B2000FFF7FFFE034687F82F3097F82F30002B22
:107B300006D1BB6A0133BB62BB6A632BE5D900E0A7
:107B400000BFBB6A642B01D107239CE097F82F305C
:107B5000042B02D097F82F3095E0FA7D7B6883F8EC
:107B60002B20FB7D03F00203002B07D07B6A0C3334
:107B7000474AA2FB03239B08013300E001233B6239
:107B8000396A7868FFF7A2FB034687F82F3097F829
:107B90002F30002B48D13B6A013B3B623B6A002BF4
:107BA00042D07B681A693B6A5B01D31A1946786830
:107BB000FFF77BFA034687F82F3097F82F30002B1A
:107BC00032D17B6820331846FFF7E4FD0346FB768D
:107BD0007B689B691946F869FEF753FE034687F8F0
:107BE0002F3097F82F30002B1DD1FB69D8687B68A8
:107BF000D9693B6ADAB2FB7EFFF7C2FCFB6901225E
:107C0000DA7000217868FFF7CBFA034687F82F3047
:107C100097F82F30002B07D13B6A013B3B623B6A50
:107C2000002BD5D100E000BF97F82F30002B28D1D2
:107C30007B689B691946F869FEF723FE034687F8BF
:107C40002F3097F82F30002B1BD17B68DB69202267
:107C500000211846FEF712FC7B68D8697B68203348
:107C60000B221946FEF7EAFB7B6893F82B207B6812
:107C7000DB690C3302F01802D2B21A70FB690122E0
:107C8000DA7097F82F3018463037BD4680BD00BFF8
:107C90004FECC44E80B586B000AF78607B681B683F
:107CA0003B617B681B69FB607B68DB6AB3F1FF3F6C
:107CB00007D07B68DB6A19467868FFF7F6F9034658
:107CC00000E00023FB75FB7D002B28D17B689B69BE
:107CD00019463869FEF7D5FD0346FB75FB7D002B81
:107CE00015D17B68DB69E5221A703B690122DA70E5
:107CF0007B681B69FA689A420BD900217868FFF704
:107D00004FFA0346FB75FB7D002BDFD002E000BF7E
:107D100000E000BFFB7D042B01D10223FB75FB7D3E
:107D200018461837BD4680BD80B588B000AF786072
:107D300039607B681B68FB603B6800229A757B6832
:107D40009B69002B00F048817B68DB6AB3F1FF3F41
:107D50004ED000237B820023BB61BB69FB6134E012
:107D6000FB68DA68FB69591CF9615B0013441B88E6
:107D7000BB827B8A002B0AD1BB8AB3F5584F06D34E
:107D8000BB8AB3F5604F02D2BB8A7B821DE07B8A3F
:107D90001A04BB8A42EA0300BB6910333A681344F1
:107DA000991DBB69C3F1FF031A46FEF763FC034646
:107DB000BB82BB8A002B02D10023BB610DE0BB8AD2
:107DC000BA691344BB6100237B82FB68DA68FB69F4
:107DD0005B0013441B88002BC2D17B8A002B01D08F
:107DE0000023BB613A68BB691344163300221A7042
:107DF0000023BB61BB69FB616BE07B68DA69FB69EF
:107E0000591CF96113441B78BB82BB8A202B5FD0BD
:107E1000BB8A052B01D1E523BB82FB69092B09D164
:107E2000BB690B2B06D8BB695A1CBA613A6813446C
:107E30002E225A72BB8ADBB21846FEF779FB034644
:107E4000002B1ED0FB69082B1BD0FB690B2B18D015
:107E50007B68DA69FB6913441B781846FEF778FBE8
:107E60000346002B0DD0BB8A1B021AB27B68D9696E
:107E7000FB69581CF8610B441B781BB213431BB2FF
:107E8000BB82BB8A40F26231184602F01DFD0346F8
:107E9000BB82BB8A002B02D10023BB611CE0B88AE5
:107EA000BB6908333A681344591CBB69C3F10C031E
:107EB0001A46FEF7DFFB0346BB82BB8A002B02D1CA
:107EC0000023BB6108E0BB8ABA691344BB6100E0D0
:107ED00000BFFB690A2B90D93A68BB691344093388
:107EE00000221A703B689B7D002B52D1BB69002B8E
:107EF00007D1BB695A1CBA613A6813443F229A758C
:107F000038E00023BB61BB69FB610823FB752AE0F5
:107F10003A68FB69134409331B78BB82BB8A2E2B5A
:107F200001D11023FB75BB8A402B0ED9BB8A5A2B7B
:107F30000BD87B68DB690C331A78FB7D1340DBB20E
:107F4000002B02D0BB8A2033BB82BB8AD9B23A68ED
:107F5000BB69134416330A461A70FB690133FB618F
:107F6000BB690133BB613A68FB69134409331B7871
:107F7000002BCDD13A68BB691344163300221A7026
:107F80007B68DB690C331B78002B02D13B68002235
:107F90005A727B68DB69DA7A3B681A727B68DB6944
:107FA0001C331846FEF7E3F902463B681A607B680B
:107FB000DB6916331846FEF7C3F903461A463B68D9
:107FC000DA807B68DB6918331846FEF7B9F9034697
:107FD0001A463B689A8000E000BF2037BD4680BD4E
:107FE00080B58AB000AF786039603B681B68BB60C1
:107FF0007B681B68DB683B6100237B6107F108033A
:108000001846FEF7B5FAF860FB68B3F1FF3F01D1FF
:108010000623B9E1FB68B3F5803F09D3FB68190C6F
:108020007B695A1C7A615B003A6913448AB21A80F0
:10803000FB68BB84BB8C1F2B20D9BB8C2F2B1DD086
:10804000BB8C5C2B1AD0BB8C7F2B09D8BB8C194600
:108050009248FEF753FA0346002B01D0062393E122
:108060007B69FE2B01D906238EE17B695A1C7A615C
:108070005B003A691344BA8C1A80BFE7BB8C1F2B94
:1080800003D8042387F826300EE0002387F8263033
:1080900002E0BB680133BB60BB681B782F2BF8D0B4
:1080A000BB681B785C2BF4D0BA683B681A6011E09F
:1080B0007B6903F10043013B5B003A6913441B8871
:1080C000BB84BB8C202B02D0BB8C2E2B06D17B69B2
:1080D000013B7B617B69002BEAD100E000BF7B693B
:1080E0005B003A69134400221A807B69002B01D19E
:1080F000062349E10023BB6102E0BB690133BB6198
:10810000BB695B003A6913441B88202BF5D0BB691F
:10811000002B06D1BB695B003A6913441B882E2BE8
:1081200009D197F8263043F0030387F8263002E0A0
:108130007B69013B7B617B69002B09D07B6903F183
:108140000043013B5B003A6913441B882E2BEFD19F
:108150007B6820330B2220211846FEF78FF900237D
:1081600087F8273000233B620823FB61BB695A1C58
:10817000BA615B003A6913441B88BB84BB8C002B3B
:1081800000F0B880BB8C202B06D0BB8C2E2B0AD1E4
:10819000BA697B699A4206D097F8263043F0030308
:1081A00087F82630A5E03A6AFB699A4203D2BA6999
:1081B0007B699A4224D1FB690B2B06D197F82630B4
:1081C00043F0030387F8263097E0BA697B699A4247
:1081D00005D097F8263043F0030387F82630BA69B4
:1081E0007B699A4200F288807B69BB6108233B620D
:1081F0000B23FB6197F827309B0087F8273078E046
:10820000BB8C7F2B18D997F8263043F0020387F8F0
:108210002630BB8C40F26231184602F01DFB03464B
:10822000BB84BB8C03F08003002B05D0BB8C03F018
:108230007F031B4AD35CBB84BB8CFF2B1AD9FB6921
:10824000013B3A6A9A4208D397F8263043F0030379
:1082500087F82630FB693B624BE0BB8C1B0A99B266
:108260003B6A5A1C3A62C9B27A6813440A4683F8D8
:10827000202034E0BB8C002B07D0BB8C194609486A
:10828000FEF73CF90346002B0ED05F23BB8497F822
:10829000263043F0030387F8263020E040440308EB
:1082A000145403084C440308BB8C402B08D9BB8CE6
:1082B0005A2B05D897F8273043F0020387F8273068
:1082C000BB8C602B0BD9BB8C7A2B08D897F8273046
:1082D00043F0010387F82730BB8C203BBB843B6A0B
:1082E0005A1C3A62BA8CD1B27A6813440A4683F8AF
:1082F00020203BE700BF00E000BF7B6893F8203000
:10830000E52B03D17B68052283F82020FB69082B2D
:1083100004D197F827309B0087F8273097F827304B
:1083200003F00C030C2B05D097F8273003F0030360
:10833000032B05D197F8263043F0020387F8263047
:1083400097F8263003F00203002B17D197F8273057
:1083500003F00103002B05D097F8263043F01003FB
:1083600087F8263097F8273003F00403002B05D058
:1083700097F8263043F0080387F826307B6897F893
:10838000262083F82B20002318462837BD4680BDC1
:1083900080B586B000AF786039607B681B683B6150
:1083A00002E03B6801333B603B681B782F2BF8D021
:1083B0003B681B785C2BF4D07B6800229A603B689A
:1083C0001B781F2B0AD87B68802283F82B20002182
:1083D0007868FEF76AFE0346FB7543E03B461946A4
:1083E0007868FFF7FDFD0346FB75FB7D002B34D15C
:1083F0007868FFF796FA0346FB757B6893F82B3095
:10840000FB73FB7D002B0AD0FB7D042B27D1FB7B6C
:1084100003F00403002B22D10523FB751FE0FB7B37
:1084200003F00403002B1CD17B689B7903F010033D
:10843000002B02D10523FB7514E03B6903F13402E4
:108440007B681B69C3F30B03134419463869FEF7B5
:1084500084FF02467B689A60C0E700BF02E000BF6D
:1084600000E000BFFB7D18461837BD4680BD80B4D4
:1084700089B000AF78604FF0FF337B617B681B6889
:108480003B613B69FB613B69002B01D17B692DE0BE
:10849000FB695A1CFA611B78FB73FB7B1F2B02D90B
:1084A000FB7B3A2BF4D1FB7B3A2B1CD10123BB6124
:1084B0003B691B782F2B0CD93B691B78392B08D8CB
:1084C0003B690233FA699A4203D13B691B78303B1E
:1084D000BB61BB69002B04DCBB697B617B68FA690B
:1084E0001A607B6902E000237B617B6918462437B0
:1084F000BD4680BC7047000080B582B000AF786098
:1085000039607B680022DA707B684FF0FF321A63B3
:1085100039687868FEF7B5F90346002B01D00423CB
:1085200038E07B68343303F5FF731846FDF708FF26
:1085300003461A464AF655239A4201D0032329E0FE
:108540007B6893F83430E92B09D07B6893F834309A
:10855000EB2B04D07B6893F83430E82B19D17B687F
:108560003433363303220D491846FDF7A1FF034685
:10857000002B01D100230DE07B68343352330522F8
:1085800007491846FDF794FF0346002B01D100234D
:1085900000E0022318460837BD4680BD5444030856
:1085A0005844030880B588B000AF78603960002176
:1085B0007868FFF7A1FFB861BB69022B07D0BB69E0
:1085C000022B02D83B68002B01D1BB6945E0002398
:1085D000FB6114E07B6803F13402FB691B0103F5C6
:1085E000E37313441846FDF7C2FE0246FB699B0085
:1085F00020333B4443F8182CFB690133FB61FB69D2
:10860000032BE7D93B68002B02D03B68013B00E01D
:108610000023FB61FB699B0020333B4453F8183C6B
:10862000002B0BD0FB699B0020333B4453F8183CD4
:1086300019467868FFF760FF034600E00323BB613B
:108640003B68002B08D1BB69012B05D9FB690133BD
:10865000FB61FB69032BDDD9BB6918462037BD469A
:1086600080BD000080B590B000AFF860B9601346DF
:10867000FB71BB6800221A60F868FFF7F8FEF86229
:10868000FB6A002B01DA0B23E0E19F4AFB6A52F8F8
:108690002330BB62BB6A002B01D10C23D6E1BB683F
:1086A000BA6A1A60FB7923F00103FB71BB6A1B787D
:1086B000002B1AD0BB6A5B781846FDF72AFD0346EB
:1086C00087F8273097F8273003F00103002B0CD1EF
:1086D000FB79002B07D097F8273003F00403002B19
:1086E00001D00A23B2E10023B0E1BB6A00221A7074
:1086F000FB6ADAB2BB6A5A70BB6A5B781846FDF750
:108700001DFD034687F8273097F8273003F0010353
:10871000002B01D0032399E1FB79002B07D097F8B8
:10872000273003F00403002B01D00A238EE100213F
:10873000B86AFFF737FF38633B6B042B01D1012385
:1087400084E13B6B012B01D90D237FE1BB6A1B6BDD
:108750003B62BB6A34330B331846FDF7F1FD034629
:10876000B3F5805F01D00D2370E1BB6A343316335B
:108770001846FDF7E5FD0346BB63BB6B002B06D136
:10878000BB6A343324331846FDF7F1FDB863BB6A86
:10879000BA6BDA61BB6A93F84420BB6A9A70BB6A11
:1087A0009B78012B05D0BB6A9B78022B01D00D234F
:1087B0004CE1BB6A9B781A46BB6B02FB03F3BB63BD
:1087C000BB6A93F841301A46BB6A5A81BB6A5B891F
:1087D000002B08D0BB6A5B891A46BB6A5B89013BE8
:1087E0001340002B01D00D2330E1BB6A3433113329
:1087F0001846FDF7A5FD03461A46BB6A1A81BB6AF7
:108800001B8903F07F039BB2002B01D00D231DE1D8
:10881000BB6A343313331846FDF792FD0346FB63FE
:10882000FB6B002B06D1BB6A343320331846FDF7AF
:108830009EFDF863BB6A34330E331846FDF780FDA6
:108840000346FB83FB8B002B01D10D23FEE0FA8B4B
:10885000BB6B1344BA6A1289D20992B21344BB614A
:10886000FA6BBB699A4201D20D23EFE0FA6BBB6948
:10887000D31ABA6A5289B3FBF2F37B617B69002B8E
:1088800001D10D23E2E000233B637B691F4A934241
:1088900001D803233B637B694FF6F572934201D8FD
:1088A00002233B637B6940F6F572934201D80123B2
:1088B0003B633B6B002B01D10D23C7E07B699A1C06
:1088C000BB6A9A61BB6A3A6A1A62FA8B3B6A1A44BB
:1088D000BB6A5A623A6ABB691A44BB6ADA623B6B8A
:1088E000032B23D1BB6A34332A331846FDF728FD06
:1088F0000346002B01D00D23A8E0BB6A1B89002B87
:1089000006D00D23A2E000BF245E0020F5FFFF0F7C
:10891000BB6A34332C331846FDF729FD0246BB6A87
:108920009A62BB6A9B699B007B631EE0BB6A1B89E2
:10893000002B01D10D2389E0BB6A5A6ABB6B1A4434
:10894000BB6A9A623B6B022B03D1BB6A9B695B00DB
:108950000AE0BB6A9A6913465B0013445A08BB6A73
:108960009B6903F0010313447B63BB6ADA697B6B89
:1089700003F6FF731B0B9A4201D20D2366E0BB6A1C
:108980004FF0FF325A61BB6A5A69BB6A1A61BB6A0F
:1089900080221A713B6B032B49D1BB6A34333033CD
:1089A0001846FDF7CDFC0346012B40D13B6A01334D
:1089B0001946B86AFDF765FF0346002B37D1BB6A3D
:1089C00000221A71BB6A343303F5FF731846FDF7B2
:1089D000B7FC03461A464AF655239A4227D1BB6A8A
:1089E00034331846FDF7C3FC03461A4A93421ED19E
:1089F000BB6A343303F5F2731846FDF7B8FC03463F
:108A0000154A934213D1BB6A343303F5F473184605
:108A1000FDF7ADFC0246BB6A5A61BB6A343303F50D
:108A2000F6731846FDF7A3FC0246BB6A1A613B6B5E
:108A3000DAB2BB6A1A70094B1B8801339AB2074B32
:108A40001A80064B1A88BB6ADA8000231846403722
:108A5000BD4680BD5252614172724161285E002064
:108A600080B584B000AF786039600923FB737B6800
:108A7000002B1CD07B681B68002B18D07B681B6800
:108A80001B78002B13D07B689A887B681B68DB8877
:108A90009A420CD17B681B685B781846FDF739FB5E
:108AA000034603F00103002B01D10023FB73FB7B82
:108AB000002B02D17B681B6800E000233A6813603A
:108AC000FB7B18461037BD4680BD000080B588B0DE
:108AD00000AFF860B9601346FB71BB683B6107F1FA
:108AE00010031846FFF7C3FCF861FB69002B01DA9D
:108AF0000B2325E0144AFB6952F82330BB61BB69A4
:108B0000002B02D0BB6900221A70FB68002B02D038
:108B1000FB6800221A70FA680B49FB6941F82320B0
:108B2000FB79002B01D100230AE007F10C0107F1CA
:108B3000080300221846FFF795FD0346FB75FB7DF1
:108B400018462037BD4680BD245E002080B598B011
:108B500000AFF860B9601346FB71FB68002B01D1D0
:108B600009237EE1FB7903F03F03FB71FA7907F1FA
:108B7000100107F108031846FFF774FD034687F854
:108B80005F3097F85F30002B40F062813B697B617A
:108B90004FF4007001F048FE38653B6D002B01D1A9
:108BA00011235EE13B693A6DDA60BA6807F114039C
:108BB00011461846FFF7ECFB034687F85F3097F83D
:108BC0005F30002B07D197F83F305BB2002B02DA01
:108BD000062387F85F30FB7903F01C03002B6FD06E
:108BE00097F85F30002B10D097F85F30042B07D137
:108BF00007F114031846FEF755FF034687F85F3068
:108C0000FB7943F00803FB7110E0BB7E03F0110316
:108C1000002B03D0072387F85F3007E0FB7903F0D0
:108C20000403002B02D0082387F85F3097F85F30E9
:108C3000002B5FD1FB7903F00803002B5AD03B696E
:108C40003A6B11461846FEF788FBF8643B6B0E330F
:108C500086491846FDF7C7FB3B6B0B3320221A7081
:108C60003B69396B00221846FEF796FB3B6B1C33C1
:108C700000211846FDF7B7FB3B690122DA70FB6C57
:108C8000002B37D03B691B6BBB6407F11403002238
:108C9000F96C1846FEF744F8034687F85F3097F8FA
:108CA0005F30002B26D13B69B96C1846FDF7E9FD12
:108CB000034687F85F303B69FA6C013A1A6119E0A4
:108CC00097F85F30002B15D1BB7E03F01003002B0B
:108CD00003D0042387F85F300CE0FB7903F0020334
:108CE000002B07D0BB7E03F00103002B02D007232B
:108CF00087F85F3097F85F30002B0FD1FB7903F0D6
:108D00000803002B03D0FB7943F04003FB713B6960
:108D10001A6BFB681A623A6BFB685A6297F85F300D
:108D2000002B40F092803B693A6B11461846FEF7E3
:108D300014FB0246FB689A603B6B1C331846FDF738
:108D400016FB0246FB68DA603A69FB681A603B6909
:108D5000DA88FB689A80FB68FA791A74FB6800224B
:108D60005A74FB680022DA61FB6800225A61FB68D2
:108D700028334FF4805200211846FDF77FFBFB7922
:108D800003F02003002B60D0FB68DB68002B5CD075
:108D9000FB68DA68FB685A613B695B891B037B648B
:108DA000FB689B68BB65FB68DB687B6516E0FB685E
:108DB000B96D1846FDF71EFEB865BB6D012B02D8D4
:108DC000022387F85F30BB6DB3F1FF3F02D101236F
:108DD00087F85F307A6D7B6CD31A7B6597F85F30CC
:108DE000002B03D17A6D7B6C9A42E0D8FB68BA6D98
:108DF0009A6197F85F30002B27D17B6DC3F30B038B
:108E0000002B22D03B69B96D1846FDF7D5FDB8643B
:108E1000BB6C002B03D1022387F85F3015E07B6D1C
:108E20001A0BBB6C1A44FB68DA613B695878FB6823
:108E300003F12801FB68DA690123FDF78FF9034686
:108E4000002B02D0012387F85F30386D01F0F8FC69
:108E500097F85F30002B02D0FB6800221A6097F869
:108E60005F3018466037BD4680BD00BF000021500E
:108E700080B58EB000AFF860B9607A603B60BB68C7
:108E80007B623B6800221A60FB6807F114021146FE
:108E90001846FFF7E5FD034687F8373097F8373077
:108EA000002B07D1FB685B7C87F8373097F83730A9
:108EB000002B02D097F8373009E1FB681B7C03F0E8
:108EC0000103002B01D1072301E1FB68DA68FB688D
:108ED0005B69D31A3B627A683B6A9A4240F2F2803D
:108EE0003B6A7B60EEE0FB685B69C3F30B03002B1E
:108EF00040F0BA80FB685B691B0B7A695289013AC2
:108F00001340FB61FB69002B23D1FB685B69002BDD
:108F100003D1FB689B683B6307E0FA68FB689B69C9
:108F200019461046FDF766FD38633B6B012B04D8EC
:108F3000FB6802225A740223C9E03B6BB3F1FF3F86
:108F400004D1FB6801225A740123C0E0FB683A6B2C
:108F50009A617A69FB689B6919461046FDF72CFDFA
:108F6000B861BB69002B04D1FB6802225A7402234A
:108F7000ADE0BA69FB691344BB617B681B0BBB6244
:108F8000BB6A002B39D0FA69BB6A13447A695289EB
:108F9000934205D97B695B891A46FB69D31ABB6288
:108FA0007B695878BB6ABA69796AFDF7D7F80346D6
:108FB000002B04D0FB6801225A74012387E0FB6870
:108FC0001B7C5BB2002B14DAFB68DA69BB69D31A2D
:108FD000BA6A9A420DD9FB68DA69BB69D31A1B03D6
:108FE0007A6AD018FB6828334FF480521946FDF78F
:108FF00025FABB6A1B03FB6250E0FB68DB69BA69B8
:109000009A422ED0FB681B7C5BB2002B18DA7B697E
:109010005878FB6803F12801FB68DA690123FDF742
:10902000D7F80346002B04D0FB6801225A740123B1
:109030004DE0FB681B7C03F07F03DAB2FB681A7417
:109040007B695878FB6803F128010123BA69FDF7B1
:1090500085F80346002B04D0FB6801225A740123D3
:1090600035E0FB68BA69DA61FB685B69C3F30B033F
:10907000C3F58053FB62FA6A7B689A4201D97B6828
:10908000FB62FB6803F12802FB685B69C3F30B0317
:109090001344FA6A1946786AFDF7D0F97A68FB6AD0
:1090A000D31A7B603B681A68FB6A1A443B681A60F3
:1090B0007A6AFB6A13447B62FB685A69FB6A1A444A
:1090C000FB685A617B68002B7FF40DAF00231846C4
:1090D0003837BD4680BD80B58CB000AFF860B96050
:1090E0007A603B60BB68FB613B6800221A60FB68EA
:1090F00007F1100211461846FFF7B2FC034687F845
:109100002F3097F82F30002B07D1FB685B7C87F856
:109110002F3097F82F30002B02D097F82F303FE1F7
:10912000FB681B7C03F00203002B01D1072337E10E
:10913000FB685A697B681A44FB685B699A4280F055
:109140002181FB685B69DB437B601BE1FB685B693A
:10915000C3F30B03002B40F0D780FB685B691B0B4C
:109160003A695289013A1340BB61BB69002B37D180
:10917000FB685B69002B0CD1FB689B68BB62BB6A18
:10918000002B0ED1FB6800211846FDF72EFEB862B9
:1091900007E0FA68FB689B6919461046FDF725FE53
:1091A000B862BB6A002B00F0F280BB6A012B04D1CD
:1091B000FB6802225A740223F2E0BB6AB3F1FF3F5C
:1091C00004D1FB6801225A740123E9E0FB68BA6A02
:1091D0009A61FB689B68002B02D1FB68BA6A9A60AF
:1091E000FB681B7C5BB2002B18DA3B695878FB6884
:1091F00003F12801FB68DA690123FCF7E9FF034664
:10920000002B04D0FB6801225A740123C8E0FB68DC
:109210001B7C03F07F03DAB2FB681A743A69FB68BF
:109220009B6919461046FDF7C7FB78617B69002BE7
:1092300004D1FB6802225A740223B1E07A69BB6947
:1092400013447B617B681B0B3B623B6A002B3CD069
:10925000BA693B6A13443A695289934205D93B691A
:109260005B891A46BB69D31A3B623B6958783B6AF3
:109270007A69F969FCF7ACFF0346002B04D0FB6860
:1092800001225A7401238BE0FB68DA697B69D31AE7
:109290003A6A9A4215D9FB6803F12800FB68DA693B
:1092A0007B69D31A1B03FA6913444FF480521946A1
:1092B000FDF7C4F8FB681B7C03F07F03DAB2FB68A0
:1092C0001A743B6A1B037B623FE0FB68DB697A69C7
:1092D0009A4216D0FB685A69FB68DB689A4210D242
:1092E0003B695878FB6803F1280101237A69FCF790
:1092F00035FF0346002B04D0FB6801225A7401237A
:109300004EE0FB687A69DA61FB685B69C3F30B03C3
:10931000C3F580537B627A6A7B689A4201D97B6885
:109320007B62FB6803F12802FB685B69C3F30B03F4
:1093300013447A6AF9691846FDF780F8FB681B7CCC
:1093400063F07F03DAB2FB681A747A687B6AD31A17
:109350007B603B681A687B6A1A443B681A60FA694A
:109360007B6A1344FB61FB685A697B6A1A44FB6899
:109370005A61FB68DA68FB685B699A4238BF1A4633
:10938000FB68DA607B68002B7FF4E0AE00E000BF92
:10939000FB681B7C43F04003DAB2FB681A740023BD
:1093A00018463037BD4680BD80B586B000AF7860C6
:1093B0007B6807F1080211461846FFF751FB034688
:1093C000FB75FB7D002B67D17B681B7C03F04003A2
:1093D000002B61D07B681B7C5BB2002B15DABB686D
:1093E00058787B6803F128017B68DA690123FCF770
:1093F000EFFE0346002B01D001234EE07B681B7C6F
:1094000003F07F03DAB27B681A74264B3B61BA68BB
:109410007B681B6A19461046FDF733FA0346FB7555
:10942000FB7D002B38D17B685B6AFB60FB680B33EC
:109430001A78FB680B3342F02002D2B21A707B68B4
:1094400018687B689B681A46F968FDF7A5FFFB68FA
:1094500003F11C027B68DB6819461046FCF7C3FF6A
:10946000FB68163339691846FCF7BDFFFB681233F9
:1094700000211846FCF79DFFBB680122DA70BB682B
:109480001846FDF72BFA0346FB757B681B7C23F01F
:109490004003DAB27B681A74FB7D18461837BD4664
:1094A00080BD00BF0000215080B584B000AF78605F
:1094B0007868FFF779FF0346FB73FB7B002B0ED127
:1094C0007B6807F1080211461846FFF7C9FA034600
:1094D000FB73FB7B002B02D17B6800221A60FB7BB5
:1094E00018461037BD4680BD80B588B000AF7860A3
:1094F00039607B6807F1080211461846FFF7B0FA99
:109500000346FB77FB7F002B02D17B685B7CFB77FC
:10951000FB7F002B01D0FB7F0FE17B68DB683A68A3
:109520009A4208D97B681B7C03F00203002B02D10E
:109530007B68DB683B607B685B693B6100237B6128
:109540007B687A695A613B68002B00F0A780BB6892
:109550005B891B03FB603B69002B1BD03B685A1ED9
:10956000FB68B2FBF3F23B69591EFB68B1FBF3F3F6
:109570009A420FD33B695A1EFB685B421A407B68D4
:109580005A617B685B693A68D31A3B607B689B6968
:10959000BB6122E07B689B68BB61BB69002B19D172
:1095A0007B6800211846FDF720FCB861BB69012BE0
:1095B00004D17B6802225A740223BEE0BB69B3F176
:1095C000FF3F04D17B6801225A740123B5E07B6818
:1095D000BA699A607B68BA699A61BB69002B5DD0F1
:1095E0003AE03A68FB68D31A3B607B685A69FB68CB
:1095F0001A447B685A617B681B7C03F00203002BD2
:109600000BD07B68B9691846FDF7EFFBB861BB6901
:10961000002B08D100233B6022E07B68B969184623
:10962000FDF7E8F9B861BB69B3F1FF3F04D17B688E
:1096300001225A74012380E0BB69012B04D9BB6865
:109640009B69BA699A4204D37B6802225A74022346
:1096500073E07B68BA699A613A68FB689A42C0D83D
:109660007B685A693B681A447B685A613B68C3F35C
:109670000B03002B12D0BB68B9691846FDF79CF9A3
:1096800078617B69002B04D17B6802225A74022323
:1096900053E03B681B0B7A6913447B617B685A6912
:1096A0007B68DB689A420AD97B685A697B68DA6012
:1096B0007B681B7C43F04003DAB27B681A747B68DA
:1096C0005B69C3F30B03002B36D07B68DB697A69D7
:1096D0009A4231D07B681B7C5BB2002B18DABB68E6
:1096E00058787B6803F128017B68DA690123FCF76D
:1096F0006FFD0346002B04D07B6801225A740123BE
:109700001BE07B681B7C03F07F03DAB27B681A7472
:10971000BB6858787B6803F1280101237A69FCF75C
:109720001DFD0346002B04D07B6801225A740123DF
:1097300003E07B687A69DA61FB7F18462037BD4613
:1097400080BD80B590B000AF7860396007F1080146
:109750003B1D00221846FEF785FF034687F83F3081
:1097600097F83F30002B2FD14FF4007001F05CF8D8
:10977000B863BB6B002B01D1112327E0BB68BA6B28
:10978000DA607A6807F1080311461846FEF700FE12
:10979000034687F83F3097F83F30002B11D197F8F8
:1097A00033305BB2002B03DA062387F83F3008E042
:1097B0003B68002B05D007F1080339681846FEF70F
:1097C000B3FAB86B01F03CF897F83F3018464037D1
:1097D000BD4680BD80B590B000AFF860B9607A60DA
:1097E00007F1240107F10C0300221846FEF73AFFA7
:1097F000034687F83F3097F83F30002B40F09980C0
:109800007A6A7B681A607B6A5A697B6A9B69023B49
:109810009A4204D87B6A5A69BB681A6089E00023BF
:10982000BB637B6A1B78012B28D102237B637B6A95
:109830007B6107F11403796B1846FDF7DBF8B8621A
:10984000BB6AB3F1FF3F03D1012387F83F3063E0E8
:10985000BB6A012B03D1022387F83F305CE0BB6A6F
:10986000002B02D1BB6B0133BB637B6B01337B638A
:109870007B6A9B697A6B9A42DBD34DE07B6A9B697A
:109880007B637B6A5B6A3B630023FB62FB6A002BA2
:109890000DD1786A3B6B5A1C3A631946FCF7F1FF0D
:1098A000034687F83F3097F83F30002B33D17B6A6F
:1098B0001B78022B11D17B6A03F13402FB6A13443B
:1098C0001846FCF73DFD0346002B02D1BB6B01336C
:1098D000BB63FB6A0233FB6212E07B6A03F1340272
:1098E000FB6A13441846FCF742FD034623F070431D
:1098F000002B02D1BB6B0133BB63FB6A0433FB62F9
:10990000FB6AC3F30B03FB627B6B013B7B637B6BEB
:10991000002BBBD100E000BFBB68BA6B1A607B6A4A
:10992000BA6B5A617B6A1A797B6A42F00102D2B241
:109930001A7197F83F3018464037BD4680BD80B554
:109940009EB000AF786000233B6707F108013B1D24
:1099500002221846FEF786FE034687F8773097F80E
:109960007730002B40F09380BB68FB634FF40070AE
:1099700000F05AFFF866FB6E002B01D1112388E03E
:10998000BB68FA6EDA607A6807F13C031146184644
:10999000FEF7FEFC034687F8773097F87730002B08
:1099A00072D197F867305BB2002B03DA062387F891
:1099B000773008E097F8423003F00103002B02D023
:1099C000072387F8773097F87730002B34D1BB68BE
:1099D000BA6D11461846FDF7C0FC386797F842305B
:1099E00003F01003002B27D0BB68FB603B6F7B614B
:1099F00007F10C0300211846FDF757FB034687F8D3
:109A0000773097F87730002B16D107F10C0300213F
:109A10001846FDF7DFFE034687F8773097F8773072
:109A2000002B02D1072387F8773097F87730042B83
:109A300002D1002387F8773097F87730002B23D1B5
:109A400007F13C031846FEF725F9034687F87730FF
:109A500097F87730002B0CD13B6F002B09D007F122
:109A60003C030022396F1846FDF75AF9034687F880
:109A7000773097F87730002B06D1BB681846FCF793
:109A80002DFF034687F87730F86E00F0D9FE97F87F
:109A9000773018467837BD4680BD90B5A9B000AF85
:109AA000786039603B461846FEF7E1FC07F12C016F
:109AB0003B1D02221846FEF7D5FD034687F89F306E
:109AC00097F89F30002B40F0F080FB6A3B664FF424
:109AD000007000F0A9FEC7F89800D7F89830002B66
:109AE00001D11123E3E0FB6AD7F89820DA607A68A5
:109AF00007F1600311461846FEF74AFC034687F853
:109B00009F3097F89F30002B08D197F88B3003F0E7
:109B1000A003002B02D0062387F89F3097F89F30D0
:109B2000002B40F0BE80F96F07F10C03202218468D
:109B3000FCF784FC07F1600107F13003302218467E
:109B4000FCF77CFC3A6807F1300311461846FEF733
:109B50001FFC034687F89F3097F89F30002B0CD1ED
:109B6000BA6BBB6E9A4205D13A6C3B6F9A4201D1F7
:109B7000042300E0082387F89F3097F89F30042BD8
:109B800078D107F130031846FDF78CFF034687F8BC
:109B90009F3097F89F30002B6CD1FB6CC7F8943046
:109BA000D7F8943003F10D0007F10C030D331322A5
:109BB0001946FCF743FCD7F894300B33FA7D1A7042
:109BC000D7F894300B331B7803F01003002B0AD125
:109BD000D7F894300B331A78D7F894300B3342F01F
:109BE0002002D2B21A70FB6A0122DA70D7F89430E0
:109BF0000B331B7803F01003002B3BD0BA6EBB6B0A
:109C00009A4237D0FC6AFB6AD7F894101846FDF7E1
:109C1000A4FB034619462046FCF7CEFEC7F8900089
:109C2000D7F89030002B03D1022387F89F3021E032
:109C3000FB6AD7F890101846FCF723FE034687F816
:109C40009F30FB6A34332033C7F8943097F89F3045
:109C5000002B0FD1D7F8943001331B782E2B09D16C
:109C6000FB6ABA6BD7F894101846FDF795FBFB6AB0
:109C70000122DA7097F89F30002B12D107F16003B0
:109C80001846FEF707F8034687F89F3097F89F308D
:109C9000002B06D1FB6A1846FCF720FE034687F826
:109CA0009F30D7F8980000F0CBFD97F89F3018460A
:109CB000A437BD4690BD000080B58EB000AFB9603E
:109CC0007A603B600346FB7307F11002FB7B0121C6
:109CD0001846FCF7C5FA0346002B01D0012309E121
:109CE0003B693B623F23FB77082387F8273004E07A
:109CF00097F827305B0087F8273097F82730002B3C
:109D00000AD097F827303A6AB2FBF3F2FB7FB2FB36
:109D1000F3F3B3F5806FEBD897F82730002B02D11F
:109D2000FF2387F827304FF4805200213868FCF772
:109D3000A5FB3B6803F5DF73BB6200237B63FB7FFE
:109D40003B63B6E07B6B9B00BA6813441B68FB6205
:109D5000FB6A642B0DD8FB6A642B08D03B6A674A08
:109D6000A2FB03235B09FA6A02FB03F300E03B6AF0
:109D7000FB623A6BFB6A13443A6A9A4205D33A6B28
:109D8000FB6A13443A6B9A4203D93A6A3B6BD31A83
:109D9000FB62FB6A002B00F09880BB6A0833396BCA
:109DA0001846FCF720FBBB6A0C33F96A1846FCF72F
:109DB0001AFBBB6A04337A68D2B21A70FB7F3A6B23
:109DC000B2FBF3F297F82730B2FBF3F3BB61FB7FF2
:109DD0003A6BB2FBF3F397F82720B3FBF2F101FBE8
:109DE00002F29B1AFB75FA7F3B6BB3FBF2F101FBAE
:109DF00002F29B1ADBB20133BB75BB6A0133FA7DF9
:109E00001A70BB699B08DBB223F03F03D9B2BB6A6F
:109E10000233BA7D0A43D2B21A70BB6A0333BA69FD
:109E2000D2B21A703A6BFB6A13445A1EFB7FB2FB24
:109E3000F3F297F82730B2FBF3F3BB613A6BFB6A9E
:109E400013445A1EFB7FB2FBF3F397F82720B3FBB2
:109E5000F2F101FB02F29B1AFB753A6BFB6A1344A9
:109E6000013BFA7FB3FBF2F101FB02F29B1ADBB27A
:109E70000133BB75BB6A0533FA7D1A70BB699B0859
:109E8000DBB223F03F03D9B2BB6A0633BA7D0A4383
:109E9000D2B21A70BB6A0733BA69D2B21A70BB6AFF
:109EA0001033BB627B6B01337B633A6BFB6A1344F9
:109EB0003B637B6B032B09D83B6B002B06D03A6BC3
:109EC0003B6A9A42FFF43EAF00E000BF3B6803F5F7
:109ED000FF734AF655211846FCF76BFAF87B01230D
:109EE00000223968FCF774F90346002B01D00123E6
:109EF00000E0002318463837BD4680BD1F85EB5172
:109F000080B59EB000AFF860B9607A603B6007F141
:109F10000C031846FEF7ABFA38643B6C002B02DAF0
:109F20000B2300F07DBC8F4A3B6C52F82330002B92
:109F300005D08C4A3B6C52F8233000221A703B6CDF
:109F400087F83F30002387F83E30BB68002B01D1F3
:109F5000854BBB6097F83F301846FCF7EFF8034697
:109F600087F83D3097F83D3003F00103002B02D015
:109F7000032300F055BC97F83D3003F00403002B99
:109F800002D00A2300F04CBCBB685B68FB61FB6934
:109F9000002B0CD107F11C0297F83F300321184623
:109FA000FCF75EF90346002B01D00123FB61FB693E
:109FB000002B09D0FB69B3F5004F05D8FB695A1E89
:109FC000FB691340002B01D00123FB614FF4805348
:109FD0007B87BB681B7803F00F0387F83930BB68B9
:109FE0005B78002B06D0BB685B78022B02D8BB687D
:109FF0005B7800E001237B63BB689B68002B13D078
:10A00000BB689B68B3F5004F0ED8BB689B687A8F1E
:10A01000520992B2B3FBF2F101FB02F29B1A002B40
:10A0200002D1BB689B6801E04FF400733B63BB68DF
:10A03000DB68B3F1807F0AD8BB68DA68BB68DB688D
:10A04000013B1340002B02D1BB68DB6800E000231A
:10A05000BB647B8FBA6CB2FBF3F3BB647B8F3A6853
:10A06000B2FBF3F3FB62FB6A002B01D11123D7E3B0
:10A070007B687B657B6D002B07D17B8FFA6A02FBC7
:10A0800003F3184600F0D0FB78657B6D002B01D1FF
:10A090001123C5E30023BB61BB69FB6607F118020E
:10A0A00097F83F3001211846FCF7DAF80346002BF9
:10A0B00007D07B68002B02D1786D00F0C1FB012333
:10A0C000AEE397F8393003F00803002B08D1BB69E1
:10A0D0003F2B05D93F23FB66BA69FB6ED31ABB61E0
:10A0E000BB697F2B07D87B68002B02D1786D00F00D
:10A0F000A7FB0E2394E3BB6C802B01D98023BB64A8
:10A1000097F8393003F00203002B09D097F8393063
:10A1100003F00103002B03D1032387F85B3010E029
:10A1200097F8393003F00103002B07D17B68002B2F
:10A1300002D1786D00F084FB132371E3022387F8CA
:10A140005B30BB6C3B6697F85B30032B46D13B6EB4
:10A15000002B1FD1BB695B0C7B6600237B64012352
:10A160003B6609E0245E0020945403087B6C0133B5
:10A170007B643B6E5B003B669B4A7B6C32F8133022
:10A18000002B07D0984A7B6C32F813301A467B6E4E
:10A190009342EBD2BA693B6EB2FBF3F3BB62BB6A8C
:10A1A00002339A007B8F13445A1E7B8FB2FBF3F36A
:10A1B0003B6520237B670023FB64BB6A4FF6F57287
:10A1C000934203D9BB6A894A934250D97B68002BDA
:10A1D00002D1786D00F034FB0E2321E33B6E002B9F
:10A1E0001BD1BB691B0B7B6600237B6401233B6691
:10A1F00005E07B6C01337B643B6E5B003B667C4A15
:10A200007B6C32F81330002B07D0794A7B6C32F824
:10A2100013301A467B6E9342EBD2BA693B6EB2FBA7
:10A22000F3F3BB62BB6A40F6F572934204D9BB6A92
:10A2300002335B007B660AE0012387F85B30BA6A71
:10A2400013465B00134401335B0803337B667A8F4C
:10A250007B6E13445A1E7B8FB2FBF3F33B650123E5
:10A260007B673B6B5A017B8FB2FBF3F3FB64FA6EA7
:10A270007B6F1344BB663B6D7A6B03FB02F2BB6ED4
:10A280001344FA6C13447B62FA697B6A13445A1EC6
:10A29000FB695B421A407B6AD31A7B6697F85B3096
:10A2A000032B08D17A6F7B6E13447B67BA6E7B6E8B
:10A2B0001344BB6619E07B6E7A6BB3FBF2F2796BE9
:10A2C00001FB02F29B1A002B08D07B6E013B7B66E0
:10A2D0007B6F01337B67BB6E0133BB667A6E7B6B32
:10A2E000B2FBF3F33A6D13443B653B6E1A017B6A94
:10A2F0001A44FB6ED21ABB699A4207D97B68002BBD
:10A3000002D1786D00F09CFA0E2389E2BA697B6F66
:10A31000D21A3B6D796B01FB03F3D21AFB6CD21A94
:10A320003B6EB2FBF3F3BB6297F85B30032B15D1A6
:10A33000BB6A4FF6F572934210D8BB6C002B05D167
:10A340003B6E5B08BB64BB6C002B64D17B68002B4D
:10A3500002D1786D00F074FA0E2361E297F85B3059
:10A36000022B47D1BB6A4FF6F572934225D9BB6CDD
:10A37000002B07D13B6E5B00402B03D83B6E5B008C
:10A38000BB644DE097F8393003F00203002B03D093
:10A39000032387F85B3043E0BB6C002B05D13B6E99
:10A3A0005B00BB64BB6C802B37D97B68002B02D170
:10A3B000786D00F045FA0E2332E2BB6A40F6F57282
:10A3C000934217D8BB6C002B05D13B6E5B00BB647E
:10A3D000BB6C802B23D97B68002B02D1786D00F0F9
:10A3E0002FFA0E231CE200BFA4540308F5FFFF0F51
:10A3F000B454030897F85B30012B12D1BB6A40F6C6
:10A40000F57293420DD97B68002B02D1786D00F074
:10A4100017FA0E2304E200BF93E600BF91E600BFE7
:10A420008FE600BF7B8F1A460021786DFCF726F877
:10A430000B22B749786DFCF701F87B6D0B337A8FEF
:10A4400011461846FBF7B5FF7B6D0D333A6ED2B25D
:10A450001A707B6D0E337A6F92B211461846FBF775
:10A46000A8FF7B6D10337A6BD2B21A707B6D03F14B
:10A47000110297F85B30032B02D03B6B9BB200E0DC
:10A48000002319461046FBF794FFBB69B3F5803FE4
:10A4900008D27B6D1333BA6992B211461846FBF7A6
:10A4A00088FF06E07B6D2033BA6911461846FBF73A
:10A4B0009AFF7B6D1533F8221A707B6D18333F219C
:10A4C0001846FBF776FF7B6D1A33FF211846FBF722
:10A4D00070FF7B6D1C33F96E1846FBF784FF97F80D
:10A4E0005B30032B2DD17B6D43338A491846FBF734
:10A4F0007AFF7B6D2433396D1846FBF774FF7B6D53
:10A500002C3302211846FBF76EFF7B6D303301219F
:10A510001846FBF74EFF7B6D323306211846FBF7DA
:10A5200048FF7B6D403380221A707B6D42332922B5
:10A530001A707B6D4733132277491846FBF77EFF6D
:10A540001CE07B6D273373491846FBF74CFF7B6D8E
:10A5500016333A6D92B211461846FBF72AFF7B6D0F
:10A56000243380221A707B6D263329221A707B6D6A
:10A570002B33132269491846FBF760FF7B6D03F507
:10A58000FF734AF655211846FBF713FF97F83F0073
:10A590000123FA6E796DFBF71BFE0346002B07D0F3
:10A5A0007B68002B02D1786D00F04AF9012337E176
:10A5B00097F85B30032B40D1FB6E9A1D97F83F0054
:10A5C0000123796DFBF704FE7B8F1A460021786D1D
:10A5D000FBF754FF5249786DFBF705FF7B6D03F5E0
:10A5E000F27350491846FBF7FEFE7B6D03F5F472DB
:10A5F000BB6A013B19461046FBF7F5FE7B6D03F580
:10A60000F67302211846FBF7EEFE7B6D03F5FF7330
:10A610004AF655211846FBF7CCFEFB6EDA1D97F87B
:10A620003F000123796DFBF7D3FDFB6E5A1C97F8B1
:10A630003F000123796DFBF7CBFD7B8FFA6A02FBAC
:10A6400003F31A460021786DFBF718FFBB6E3B67DA
:10A6500000237B6451E097F85B30032B13D16FF03C
:10A660000701786DFBF7BFFE7B6D04334FF0FF31C0
:10A670001846FBF7B8FE7B6D08336FF07041184643
:10A68000FBF7B1FE0BE097F85B30012B01D1264BB5
:10A6900001E06FF007031946786DFBF7A4FE3B6DF0
:10A6A000FB65FA6DFB6A934228BF13467B6697F8F9
:10A6B0003F007B6E3A6F796DFBF78AFD0346002BF6
:10A6C00007D07B68002B02D1786D00F0B9F8012328
:10A6D000A6E07B8F1A460021786DFBF7CFFE3A6F1C
:10A6E0007B6E13443B67FA6D7B6ED31AFB65FB6D83
:10A6F000002BD6D17B6C01337B647A6C7B6B9A42E6
:10A70000A9D397F85B30032B10D13B6E0FE000BF4D
:10A7100060440308000021506C440308804403088F
:10A720005252614172724161F8FFFF00FB6CFB65A0
:10A73000FA6DFB6A934228BF13467B6697F83F0089
:10A740007B6E3A6F796DFBF743FD0346002B07D014
:10A750007B68002B02D1786D00F072F801235FE076
:10A760003A6F7B6E13443B67FA6D7B6ED31AFB65C1
:10A77000FB6D002BDCD197F85B30032B03D10C234E
:10A7800087F85A3010E0BB69B3F5803F03D3062346
:10A7900087F85A3008E097F85B30022B01D1042388
:10A7A00000E0012387F85A3097F8393003F00803A6
:10A7B000002B1CD1BB693B6100237B6197F85A20B9
:10A7C00007F1100197F83F007B6DFFF775FA03461C
:10A7D00087F8233097F82330002B08D07B68002BB4
:10A7E00002D1786D00F02CF897F8233018E097F834
:10A7F0003F30002200211846FBF732FD0346002BB4
:10A8000007D07B68002B02D1786D00F019F8012386
:10A8100006E07B68002B02D1786D00F011F8002370
:10A8200018467837BD4680BD80B582B000AF7860ED
:10A83000786808F00BFD034618460837BD4680BD12
:10A8400080B582B000AF7860786808F007FD00BF7F
:10A850000837BD4680BD000080B485B000AF786089
:10A860000B467B800023FB81164BBB607B687F2BF4
:10A8700002D87B68FB811FE07B68B3F5803F1BD269
:10A880007B8840F26232934216D10023FB8102E0C2
:10A89000FB890133FB81FB897F2B08D8FB895B0097
:10A8A000BA6813441B881A467B689342F0D1FB892F
:10A8B00080339BB2DBB2FB81FB8918461437BD465F
:10A8C00080BC7047C454030880B485B000AF034611
:10A8D0000A46FB801346BB800023FB810F4BBB6005
:10A8E000FB887F2B02D8FB88FB8110E0BB8840F2FD
:10A8F000623293420BD1FB88FF2B08D8FB8803F10F
:10A900000043803B5B00BA6813441B88FB81FB89D2
:10A9100018461437BD4680BC704700BFC4540308B6
:10A9200080B487B000AF78607B68B3F5803F7DD29C
:10A930007B687B827B8AB3F5805F01D23E4B00E06F
:10A940003E4B7B617B699A1C7A611B883B823B8A08
:10A95000002B69D07A8A3B8A9A4265D37B699A1C1C
:10A960007A611B88FB81FB891B0ABB81FB89DBB2F7
:10A97000FB817A8A398AFB890B449A424ADABB897D
:10A98000082B50D801A252F823F000BFB1A9020849
:10A99000C3A90208D9A90208E1A90208E9A9020885
:10A9A000F1A90208F9A9020801AA020809AA0208E5
:10A9B0007A8A3B8AD31A5B007A6913441B887B82AC
:10A9C00027E07A8A3B8AD31A9BB203F001039BB239
:10A9D0007A8AD31A7B821CE07B8A103B7B8218E048
:10A9E0007B8A203B7B8214E07B8A303B7B8210E0B9
:10A9F0007B8A1A3B7B820CE07B8A08337B8208E0EF
:10AA00007B8A503B7B8204E07B8AA3F5E3537B8205
:10AA100000BF08E0BB89002B94D1FB895B007A69F9
:10AA200013447B618EE700BF7B8A7B607B6818469E
:10AA30001C37BD4680BC7047C4550308B85703088F
:10AA400080B582B000AF78607B6800225A657B6871
:10AA5000002283F85C207B680022C3F888207B6892
:10AA6000002283F896207B68002283F8A1207B686F
:10AA70000022A3F8A2207B680022A3F8A420786813
:10AA800000F005F87B6818460837BD4680BD80B4E5
:10AA900083B000AF78607B6800221A707B68002268
:10AAA000C3F888207B68002283F896207B68002208
:10AAB00083F8A1207B680022A3F8A22000BF0C37F6
:10AAC000BD4680BC704780B483B000AF7860396009
:10AAD0007B683A689A6500BF0C37BD4680BC7047FA
:10AAE00080B584B000AF78600B46FB70FB78202BFC
:10AAF00008D0FB78092B05D0FB780A2B02D0FB7815
:10AB00000D2B14D17B681B78062B10D07B681B782B
:10AB1000082B0CD07B681B78072B08D07B681B7830
:10AB2000092B04D07B681B78002B40F0B7817B6831
:10AB30001B780E2B00F2968101A252F823F000BF81
:10AB400037AE020865AE0208C1AB0208DBAB0208F3
:10AB5000F9AB020819AC02087DAB020825AC02086B
:10AB600031AC0208CDAC0208BFAD0208E7AD020867
:10AB70000FAE020873AC02083DAC0208FB78222B32
:10AB800003D1786800F0A3F96EE1FB785C2B03D168
:10AB90007B6807221A7067E1FB781E2B40F2648104
:10ABA000FB787F2B00F060817B68D3F888307A686F
:10ABB0001344FA7883F85D20786800F073F953E164
:10ABC000FB785D2B03D1786800F089FA5BE1FB78B4
:10ABD0001946786800F00AFA55E1FB787D2B03D11D
:10ABE000786800F0BCFA41E1FB78222B40F03E810E
:10ABF000786800F09CFA39E1FB783A2B08D0FB78B2
:10AC0000222B05D1FB781946786800F0EFF93AE17C
:10AC10007B6805221A7036E1FB781946786800F0E7
:10AC2000E5F930E1FB781946786800F0BFFA2AE1CF
:10AC3000FB781946786800F048FB24E17B6893F8BC
:10AC400096301A467B681344FA7883F88C207B6828
:10AC500093F896300133DAB27B6883F896207B68EC
:10AC600093F89630022B40F00381786800F0E7FB00
:10AC7000FEE07B685B6D013B7A689B0013445B6878
:10AC8000FB60FB68002B0ED1FB787D2B03D178682D
:10AC900000F065FAEEE0FB782C2B40F0EB807B684F
:10ACA00003221A70E6E0FB68012B40F0E380FB789A
:10ACB0005D2B03D1786800F012FADBE0FB782C2BD7
:10ACC00040F0D8807B6802221A70D3E0FB782F2BEB
:10ACD0000ED9FB78392B0BD87B68D3F888307A688B
:10ACE0001344FA7883F85D20786800F0DBF865E0BB
:10ACF000FB782E2B22D17B6803F15D017B68D3F8B2
:10AD000088202E23786800F07AFB0346002B09D1B7
:10AD10007B6803F15D017B68D3F888206523786840
:10AD200000F06DFB7B68D3F888307A681344FA78BA
:10AD300083F85D20786800F0B5F8A4E0FB78652B17
:10AD400002D0FB78452B15D17B6803F15D017B6850
:10AD5000D3F888206523786800F051FB7B68D3F82E
:10AD600088307A681344FA7883F85D20786800F0B8
:10AD700099F823E0FB782B2B02D0FB782D2B14D1F4
:10AD80007B68D3F88830013B7A68134493F85D30D0
:10AD9000FB727B68D3F888307A681344FA7883F8BA
:10ADA0005D20786800F07EF808E0786800F064FBC9
:10ADB000FB7819467868FFF793FE64E063E07B68F0
:10ADC000D3F888307A681344FA7883F85D2078687D
:10ADD00000F068F87B68D3F88830042B4CD1786891
:10ADE00000F0B8FB48E07B68D3F888307A681344F9
:10ADF000FA7883F85D20786800F054F87B68D3F81F
:10AE00008830052B3AD1786800F008FC36E07B6882
:10AE1000D3F888307A681344FA7883F85D2078682C
:10AE200000F040F87B68D3F88830042B28D178688C
:10AE300000F058FC24E07B689A6D7B689B6D1B6872
:10AE40000C331B6810469847FB785B2B03D178685E
:10AE500000F0ACFC16E0FB787B2B13D1786800F097
:10AE6000C5FC0FE000BF0EE000BF0CE000BF0AE031
:10AE700000BF08E000BF06E000BF04E000BF02E042
:10AE800000BF00E000BF7B68B3F9A2309BB2013382
:10AE90009BB21AB27B68A3F8A22000E000BF103773
:10AEA000BD4680BD80B483B000AF78607B68D3F8C6
:10AEB0008830252B06DC7B68D3F888305A1C7B68E9
:10AEC000C3F8882000BF0C37BD4680BC7047F0B582
:10AED00099B000AF78607B685B6D013B7A689B003E
:10AEE00013445B68FB657B685B6D5A1E7B685A6523
:10AEF000FB6D022B3ED17B68D3F888307A6813440F
:10AF0000002283F85D207B6803F15D0407F12403D0
:10AF1000184607F088FB07F1240207F10C032146CD
:10AF2000184607F08FFE07F12403184607F07DFB53
:10AF30007B689D6D7B689B6D1B6810331C6807F1F7
:10AF40000C0207F128031146184607F03EFE07F1F0
:10AF5000280319462846A04707F12803184607F09A
:10AF600026FC7B6804221A7007F10C03184607F0D0
:10AF70001EFC33E0FB6D032B30D17B68D3F88830A7
:10AF80007A681344002283F85D207B689D6D7B689E
:10AF90009B6D1B6814331C687B6803F15D0607F129
:10AFA0005803184607F03FFB07F1580207F140032A
:10AFB0003146184607F046FE07F140031946284679
:10AFC000A04707F14003184607F0F1FB07F15803CB
:10AFD000184607F02AFB7B680D221A707B68002256
:10AFE000C3F8882000BF6437BD46F0BD80B582B08D
:10AFF00000AF78600B46FB70FB785B2B03D1786861
:10B0000000F0D4FB50E0FB787B2B03D1786800F094
:10B01000EDFB49E0FB78222B03D1786800F006FCB9
:10B0200042E0FB781946786800F042F80346002BAE
:10B0300005D0FB781946786800F010FC34E0FB7806
:10B04000742B0ED17B680A221A707B68D3F8883083
:10B050007A681344FA7883F85D207868FFF722FF56
:10B0600022E0FB78662B0ED17B680B221A707B687E
:10B07000D3F888307A681344FA7883F85D207868CA
:10B08000FFF710FF10E0FB786E2B0DD17B680C22D0
:10B090001A707B68D3F888307A681344FA7883F89A
:10B0A0005D207868FFF7FEFE00BF0837BD4680BD13
:10B0B00080B483B000AF78600B46FB70FB782F2B19
:10B0C00002D9FB78392B02D9FB782D2B01D1012332
:10B0D00000E0002318460C37BD4680BC704780B5A1
:10B0E00084B000AF78607B685B6D013B7A689B0041
:10B0F00013445B68FB607B685B6D5A1E7B685A6516
:10B100007B689A6D7B689B6D1B6818331B681046C3
:10B1100098477B680D221A707B685B6D002B02D10B
:10B12000786800F002FA00BF1037BD4680BD80B4D9
:10B1300083B000AF78607B685B6D7A689B001344D6
:10B1400002225A607B685B6D5A1C7B685A657B687B
:10B1500006221A7000BF0C37BD4680BC704780B510
:10B1600084B000AF78607B685B6D7A689B001344A5
:10B170005B68FB607B685B6D5A1E7B685A657B6809
:10B180009A6D7B689B6D1B681C331B681046984743
:10B190007B680D221A707B685B6D002B02D178688A
:10B1A00000F0C3F900BF1037BD4680BD80B582B046
:10B1B00000AF78600B46FB70FB78222B0BD17B68CD
:10B1C000D3F888307A681344222283F85D207868A7
:10B1D000FFF768FE6EE0FB785C2B0BD17B68D3F841
:10B1E00088307A6813445C2283F85D207868FFF722
:10B1F00059FE5FE0FB782F2B0BD17B68D3F88830AA
:10B200007A6813442F2283F85D207868FFF74AFE9E
:10B2100050E0FB78622B0BD17B68D3F888307A68DA
:10B220001344082283F85D207868FFF73BFE41E075
:10B23000FB78662B0BD17B68D3F888307A6813448F
:10B240000C2283F85D207868FFF72CFE32E0FB7853
:10B250006E2B0BD17B68D3F888307A6813440A22AE
:10B2600083F85D207868FFF71DFE23E0FB78722BE2
:10B270000BD17B68D3F888307A6813440D2283F8A9
:10B280005D207868FFF70EFE14E0FB78742B0BD17D
:10B290007B68D3F888307A681344092283F85D20EC
:10B2A0007868FFF7FFFD05E0FB78752B02D17B681E
:10B2B00008221A707B681B78082B02D07B68062254
:10B2C0001A7000BF0837BD4680BD80B584B000AF9E
:10B2D00078600B46FB70FB781946786800F029F817
:10B2E0007B6893F8A1301A467B681344FA7883F898
:10B2F00097207B6893F8A1300133DAB27B6883F83A
:10B30000A1207B6893F8A130042B0FD17B6803F157
:10B3100097017B6893F8A1301A46786800F029F805
:10B32000F860F968786800F0B1FA00BF1037BD46E0
:10B3300080BD80B483B000AF78600B46FB70FB78B3
:10B340002F2B02D9FB78392B0BD9FB78602B02D934
:10B35000FB78662B05D9FB78402B04D9FB78462B6C
:10B3600001D8012300E0002318460C37BD4680BCFD
:10B37000704780B489B000AFF860B9607A6000238C
:10B38000FB610023BB6130E07A68BB69D31A013BE3
:10B39000BA6813441B78FB7400237B61FB7C602B31
:10B3A00006D9FB7C662B03D8FB7C573B7B6112E004
:10B3B000FB7C402B06D9FB7C462B03D8FB7C373B20
:10B3C0007B6108E0FB7C2F2B05D9FB7C392B02D855
:10B3D000FB7C303B7B617B691A01BB695340FA6996
:10B3E0001344FB61BB690133BB61BA697B689A4254
:10B3F000CADBFB6918462437BD4680BC704780B461
:10B4000087B000AFF860B9607A60FB7000237B61A1
:10B410000BE07B69BA6813441B78FA789A4201D131
:10B42000012307E07B6901337B617A697B689A427B
:10B43000EFDB002318461C37BD4680BC704780B444
:10B4400085B000AF78607B6893F89630013B7A68EE
:10B45000134493F88C30FB737B68002283F8A1209F
:10B460007B68002283F896207B6808221A7000BF50
:10B470001437BD4680BC7047F0B591B000AF78601E
:10B480007B68D3F888307A681344002283F85D2003
:10B490007B6803F15D0407F12003184607F0C3F849
:10B4A00007F1200207F108032146184607F0CAFBFE
:10B4B00007F12003184607F0B8F87B689D6D7B689C
:10B4C0009B6D1B6814331C6807F10803184607F0CE
:10B4D0003DFB064607F13C03184607F0A4F807F1C8
:10B4E0003C0207F124033146184607F0ABFB07F195
:10B4F000240319462846A04707F12403184607F0FD
:10B5000056F907F13C03184607F08FF87B680022D4
:10B51000C3F888207B680D221A7007F108031846CB
:10B5200007F045F94437BD46F0BD80B582B000AFA5
:10B5300078607B689A6D7B689B6D1B6820331B6805
:10B54000104698477B6801221A7000BF0837BD4635
:10B5500080BD0000B0B590B000AF78607B68D3F8D4
:10B5600088307A681344002283F85D207B6803F1F9
:10B570005D0407F12003184607F055F807F1200293
:10B5800007F108032146184607F05CFB07F120038A
:10B59000184607F04AF807F108031F49184607F054
:10B5A000E6FA0346002B0CBF01230023DBB2002B7D
:10B5B00022D07B689D6D7B689B6D1B6814331C6873
:10B5C00007F13C03184607F02EF807F13C0207F19B
:10B5D00024031149184607F035FB07F124031946E7
:10B5E0002846A04707F12403184607F0E0F807F1C2
:10B5F0003C03184607F019F87B680022C3F888203E
:10B600007B680D221A7007F10803184607F0CFF87F
:10B610004037BD46B0BD00BF94440308B0B590B0FC
:10B6200000AF78607B68D3F888307A6813440022D2
:10B6300083F85D207B6803F15D0407F12003184661
:10B6400006F0F1FF07F1200207F108032146184632
:10B6500007F0F8FA07F12003184606F0E6FF07F1B5
:10B6600008031F49184607F082FA0346002B0CBF57
:10B6700001230023DBB2002B22D07B689D6D7B6809
:10B680009B6D1B6814331C6807F13C03184606F0D9
:10B69000CAFF07F13C0207F124031149184607F0DD
:10B6A000D1FA07F1240319462846A04707F12403DD
:10B6B000184607F07CF807F13C03184606F0B5FF82
:10B6C0007B680022C3F888207B680D221A7007F17E
:10B6D0000803184607F06BF84037BD46B0BD00BF01
:10B6E0009C440308B0B590B000AF78607B68D3F895
:10B6F00088307A681344002283F85D207B6803F168
:10B700005D0407F12003184606F08DFF07F12002C3
:10B7100007F108032146184607F094FA07F12003C1
:10B72000184606F082FF07F108031F49184607F084
:10B730001EFA0346002B0CBF01230023DBB2002BB3
:10B7400022D07B689D6D7B689B6D1B6814331C68E1
:10B7500007F13C03184606F066FF07F13C0207F1CB
:10B7600024031149184607F06DFA07F1240319461E
:10B770002846A04707F12403184607F018F807F1F8
:10B780003C03184606F051FF7B680022C3F888206E
:10B790007B680D221A7007F10803184607F007F8B6
:10B7A0004037BD46B0BD00BFA444030880B582B099
:10B7B00000AF78607B689A6D7B689B6D1B68243353
:10B7C0001B68104698477B6802221A707B685B6D85
:10B7D0007A689B00134401225A607B685B6D5A1C97
:10B7E0007B685A6500BF0837BD4680BD80B582B012
:10B7F00000AF78607B689A6D7B689B6D1B6828330F
:10B800001B68104698477B6803221A707B685B6D43
:10B810007A689B00134400225A607B685B6D5A1C57
:10B820007B685A6500BF0837BD4680BD80B483B0D1
:10B8300000AF78607B685B6D7A689B0013440322DD
:10B840005A607B685B6D5A1C7B685A657B68062270
:10B850001A7000BF0C37BD4680BC704780B582B0FF
:10B8600000AF78600B46FB707B6809221A707B681A
:10B87000D3F888307A681344FA7883F85D207868C2
:10B88000FFF710FB00BF0837BD4680BD90B583B001
:10B8900000AF786039607B68D3F888403968786891
:10B8A00000F019F803461A467B68234483F85D20AC
:10B8B0007868FFF7F7FA7B68002283F8A1207B689D
:10B8C0004FF6FF72A3F8A4207B6806221A7000BF0F
:10B8D0000C37BD4690BD80B483B000AF786039604E
:10B8E0003B687F2B02DC3B68DBB200E0202318467C
:10B8F0000C37BD4680BC704780B582B000AF786021
:10B900000B46FB707B681B7C002B15D14FF400733A
:10B9100002220121786806F05AF97B680122C3F8F7
:10B920006C214FF4007302228121786806F04FF9F0
:10B930007B680122DA6212E040230222012178684A
:10B9400006F045F97B680122C3F86C2140230222EE
:10B950008121786806F03BF97B680122DA6241F2C6
:10B960006C0006F079FA02467B68C3F8B8227B685F
:10B97000D3F8B832002B01D1022303E0786800F03D
:10B98000D9F9002318460837BD4680BD80B582B07E
:10B9900000AF78600B46FB700121786806F03DF936
:10B9A0007B680022C3F86C218121786806F035F9A4
:10B9B0007B680022DA62786800F00CFA7B68D3F8C2
:10B9C000B832002B09D07B68D3F8B832184606F09D
:10B9D0004FFA7B680022C3F8B822002318460837C4
:10B9E000BD4680BD80B586B000AF786039607B68A9
:10B9F000D3F8B8323B610023FB750023FB813B6821
:10BA00001B7803F06003002B4DD0202B40F01381F6
:10BA10003B685B78FE2B02D0FF2B24D03BE03B68D9
:10BA20005B88002B18D13B68DB88012B14D13B6865
:10BA30001B785BB2002B0FDA7B68D3F8BC329B69B2
:10BA4000984703461A463B691A603B69012219462A
:10BA5000786802F025FA25E03968786802F0B6F9CE
:10BA60000223FB751EE03B685B88002B0CD13B6812
:10BA7000DB88002B08D13B681B785BB2002B03DB13
:10BA8000786800F08CF90DE03968786802F09EF96A
:10BA90000223FB7506E03968786802F097F9022303
:10BAA000FB7500BFCEE03B685B780B2B00F2BB80E0
:10BAB00001A252F823F000BFE9BA02085FBB0208F6
:10BAC00027BC020827BC020827BC020827BC0208C2
:10BAD00027BC020827BC020827BC020827BC0208B2
:10BAE00011BB020839BB02087B6893F89C32032B18
:10BAF00007D107F10E0302221946786802F0D0F947
:10BB000098E03968786802F061F90223FB7591E0EA
:10BB10007B6893F89C32032B07D13B6904330122E5
:10BB20001946786802F0BCF984E03968786802F058
:10BB30004DF90223FB757DE07B6893F89C32032B63
:10BB400006D13B685B88DBB21A463B695A6071E0FC
:10BB50003968786802F03AF90223FB756AE03B68BD
:10BB60009B88DBB21946786806F076F83B689B88BC
:10BB7000DBB21946786806F050F83B689B885BB2E8
:10BB8000002B23DA3B689B88DBB203F00F02796855
:10BB900013469B0013449B000B44183300221A6089
:10BBA0007B681B7C002B07D14FF40073022281219C
:10BBB000786806F00CF805E04023022281217868BD
:10BBC00006F005F87B680122DA6224E03B689B8876
:10BBD000DBB203F00F02796813469B0013449B000D
:10BBE0000B4403F5AC7300221A607B681B7C002BAE
:10BBF00007D14FF4007302220121786805F0E7FFB6
:10BC000005E0402302220121786805F0E0FF7B680F
:10BC10000122C3F86C213B689B88DBB21946786827
:10BC200000F077FA06E03968786802F0CFF802236E
:10BC3000FB7500BF06E03968786802F0C7F8022398
:10BC4000FB7500BFFB7D18461837BD4680BD00BFA1
:10BC500080B582B000AF78600B46FB70FB78194668
:10BC6000786800F0C7F8002318460837BD4680BD45
:10BC700080B582B000AF78600B46FB70FB78194648
:10BC8000786800F0EBF8002318460837BD4680BD01
:10BC900080B483B000AF78607B6820221A80034BA9
:10BCA00018460C37BD4680BC704700BF900000208E
:10BCB00080B483B000AF78607B6820221A80034B89
:10BCC00018460C37BD4680BC704700BFB00000204E
:10BCD00080B483B000AF78607B6820221A80034B69
:10BCE00018460C37BD4680BC704700BFD00000200E
:10BCF00080B483B000AF78607B680A221A80034B5F
:10BD000018460C37BD4680BC704700BFF0000020CD
:10BD100080B483B000AF786039603B68002B03D0FB
:10BD20007B683A68C3F8BC22002318460C37BD462E
:10BD300080BC704780B584B000AF78607B68D3F872
:10BD4000B832FB60FB6800221A72FB6800225A724C
:10BD5000FB6803F58053002283F85D20FB6803F540
:10BD60008053002283F85C207B68D3F8BC321B68C8
:10BD7000002098470121786805F06EFF81217868DE
:10BD800005F06AFFFB6803F580520C321F23012186
:10BD9000786806F02BF800BF1037BD4680BD80B52F
:10BDA00084B000AF78607B68D3F8B832FB60FB6882
:10BDB00000221A72FB6801225A72FB6803F5805256
:10BDC0000C321F230121786806F010F800BF1037ED
:10BDD000BD4680BD80B485B000AF78607B68D3F885
:10BDE000B832FB60FB6800221A7200BF1437BD46F0
:10BDF00080BC704780B584B000AF78600B46FB70A4
:10BE00007B68D3F8B832FB60FB681B7A022B05D045
:10BE1000022B1CDB033B012B19D813E0FB6803F555
:10BE20008053597EFB6803F580531B331A467868AC
:10BE300000F096F90346002B0BDA0121786800F038
:10BE400005F906E00021786800F000F902E000BF83
:10BE500000E000BF00BF1037BD4680BD80B584B094
:10BE600000AF78600B46FB707B68D3F8B832FB609C
:10BE7000FB681B7A002B02D0012B04D017E07868F6
:10BE800000F01AF813E0FB6803F58053597EFB6855
:10BE900003F580531B331A46786800F061F90346B6
:10BEA000002B03DA0121786800F0D0F800BF00BF52
:10BEB0001037BD4680BD000080B584B000AF78600B
:10BEC0007B68D3F8B832FB60FB6803F580531B69CD
:10BED000FA6802F580521363FB6803F580535B69CF
:10BEE000FA6802F5805253630121786805F0A1FFDA
:10BEF00003461F2B18D1FB6803F58053DB68364AD5
:10BF0000934211D1FB6803F580535B7E012B0BD864
:10BF1000FB6803F580539B7E002B05D0FB6803F57F
:10BF200080539B7E102B0FD9FB6803F58053597EFD
:10BF300020230522786800F07EFCFB6802225A72FA
:10BF4000786800F0B5F843E0FB6803F58053597E4C
:10BF5000FB6803F580531B331A46786800F000F93C
:10BF60000346002B0CDAFB681B7A052B04D1012158
:10BF7000786800F06BF82BE0786800F099F827E01B
:10BF8000FB681B7A022B22D0FB681B7A012B1ED088
:10BF9000FB681B7A032B1AD0FB685B89002B09D046
:10BFA000FB6803F10C01FB685B891A46786800F0B6
:10BFB00015F80DE0FB685B89002B04D1002178683F
:10BFC00000F044F804E0786800F072F800E000BF88
:10BFD0001037BD4680BD00BF5553424380B586B083
:10BFE00000AFF860B9601346FB80FB68D3F8B83245
:10BFF0007B617B6903F580535A69FB889A4205D2BD
:10C000007B6903F580535B699BB200E0FB887B8210
:10C010007B6903F580535A6BFB88D31A7A6902F562
:10C02000805253637B6903F58053002283F83820E4
:10C030007B6904221A727B8ABA688121F86805F04C
:10C04000B2FE00BF1837BD4680BD000080B584B089
:10C0500000AF78600B46FB707B68D3F8B832FB60AA
:10C06000FB6803F580531A46104BD362FB6803F557
:10C0700080531A46FB7882F83830FB6800221A7227
:10C08000FB6803F581520C320D238121786805F09D
:10C090008AFEFB6803F580520C321F230121786869
:10C0A00005F0A4FE00BF1037BD4680BD5553425376
:10C0B00080B584B000AF78607B68D3F8B832FB609D
:10C0C000FB6803F580531B7E002B0DD1FB6803F545
:10C0D00080535B69002B07D0FB685B7A002B03D190
:10C0E0000121786805F0D7FD8121786805F0D3FD3E
:10C0F000FB685B7A022B08D1FB6803F580520C3297
:10C100001F230121786805F071FE00BF1037BD467E
:10C1100080BD80B584B000AF78600B46FB707B6853
:10C12000D3F8B832FB60FB685B7A022B07D1812120
:10C13000786805F0B0FDFB6800225A720DE097F9AF
:10C140000330002B08DAFB685B7A012B04D0012155
:10C150007868FFF77BFF00E000BF1037BD4680BD69
:10C1600080B584B000AFF8600B467A60FB727B68E4
:10C170001B785A2B00F20E8101A252F823F000BF67
:10C18000EDC2020895C3020895C30208FBC202086B
:10C1900095C3020895C3020895C3020895C3020817
:10C1A00095C3020895C3020895C3020895C3020807
:10C1B00095C3020895C3020895C3020895C30208F7
:10C1C00095C3020895C3020809C3020895C3020873
:10C1D00095C3020895C3020895C3020895C30208D7
:10C1E00095C3020895C3020833C3020817C30208A7
:10C1F00095C3020895C3020825C3020895C3020827
:10C2000095C3020895C3020895C302084FC30208EC
:10C2100095C302085DC3020895C3020895C30208CE
:10C220006BC3020895C3020879C3020895C30208CC
:10C2300095C3020895C3020895C3020887C3020884
:10C2400095C3020895C3020895C3020895C3020866
:10C2500095C3020895C3020895C3020895C3020856
:10C2600095C3020895C3020895C3020895C3020846
:10C2700095C3020895C3020895C3020895C3020836
:10C2800095C3020895C3020895C3020895C3020826
:10C2900095C3020895C3020895C3020895C3020816
:10C2A00095C3020895C3020895C3020895C3020806
:10C2B00095C3020895C3020895C3020895C30208F6
:10C2C00095C3020895C3020895C3020895C30208E6
:10C2D00095C3020895C3020895C3020895C30208D6
:10C2E00095C3020895C3020841C30208FB7A7A6825
:10C2F0001946F86800F05CF855E0FB7A7A68194650
:10C30000F86800F019FA4EE0FB7A7A681946F86886
:10C3100000F08AF847E0FB7A7A681946F86800F07E
:10C32000D1FA40E0FB7A7A681946F86800F0CAFA58
:10C3300039E0FB7A7A681946F86800F0ADF932E026
:10C34000FB7A7A681946F86800F0CEF92BE0FB7AA0
:10C350007A681946F86800F03AF924E0FB7A7A68BE
:10C360001946F86800F0BEF81DE0FB7A7A681946B5
:10C37000F86800F0BBFA16E0FB7A7A681946F868AC
:10C3800000F04BFB0FE0FB7A7A681946F86800F082
:10C39000FFFB08E0F97A20230522F86800F04BFA49
:10C3A0004FF0FF3300E0002318461037BD4680BD34
:10C3B00080B586B000AFF8600B467A60FB72FB6810
:10C3C000D3F8B8327B617B6903F580535B69002B3E
:10C3D0000BD07B6903F58053597E20230522F86832
:10C3E00000F029FA4FF0FF3319E0FB68D3F8BC32B4
:10C3F0009B68FA7A104698470346002B0BD0F97ACF
:10C400003A230222F86800F016FA7B6905221A72B4
:10C410004FF0FF3303E07B6900225A810023184666
:10C420001837BD4680BD000080B489B000AFF86009
:10C430000B467A60FB72FB68D3F8B832BB617B684D
:10C4400001331B7803F00103002B14D00723FB8377
:10C45000BB69FA8B5A810AE0FB8B013BFB83FA8BA9
:10C46000FB8B1F49895CBA6913440A461A73FB8B1C
:10C47000002BF1D12DE0FB68D3F8BC32D969FA7AF0
:10C480001346DB0013449B000B447B617B69043340
:10C490001B780533FB837B6804331B781A46FB8BC0
:10C4A000934203D37B6804331B78FB83BB69FA8B0D
:10C4B0005A810BE0FB8B013BFB83FB8B7A691A44AF
:10C4C000FB8B1178BA6913440A461A73FB8B002B55
:10C4D000F0D1002318462437BD4680BC704700BF0A
:10C4E0007458030890B587B000AFF8600B467A60C7
:10C4F000FB72FB68D3F8B8327B61FB68D3F8BC32BF
:10C500005C687B6903F583517B6903F582531E33B5
:10C51000F87A1A46A0470346002B08D0F97A3A2346
:10C520000222F86800F087F94FF0FF334BE07B6997
:10C5300003F580531B6E013B1B0EDAB27B691A7345
:10C540007B6903F580531B6E013B1B0CDAB27B69E0
:10C550005A737B6903F580531B6E013B1B0ADAB2E9
:10C560007B699A737B6903F580531B6EDBB2013BD9
:10C57000DAB27B69DA737B6903F58053B3F85E3016
:10C580001B16DAB27B691A747B6903F58053B3F822
:10C590005E301B14DAB27B695A747B6903F58053F1
:10C5A000B3F85E301B0A9BB2DAB27B699A747B697E
:10C5B00003F58053B3F85E30DAB27B69DA747B69D5
:10C5C00008225A81002318461C37BD4690BD80B50D
:10C5D00088B000AFF8600B467A60FB72FB68D3F856
:10C5E000B832BB610023FB8307E0FB8BBA691344BD
:10C5F00000221A73FB8B0133FB83FB8B0B2BF4D9CB
:10C60000FB68D3F8BC325B6807F1160207F1100132
:10C61000F87A98470346002B08D0F97A3A23022289
:10C62000F86800F008F94FF0FF3330E0BB690822EA
:10C63000DA733B69013B1B0EDAB2BB691A743B69C2
:10C64000013B1B0CDAB2BB695A743B69013B1B0A04
:10C65000DAB2BB699A743B69DBB2013BDAB2BB69FF
:10C66000DA74BB6902221A75FB8A1B14DAB2BB6941
:10C670005A75FB8A1B0A9BB2DAB2BB699A75FB8AB0
:10C68000DAB2BB69DA75BB690C225A8100231846FD
:10C690002037BD4680BD000080B487B000AFF86091
:10C6A0000B467A60FB72FB68D3F8B8323B61082313
:10C6B000FB823B69FA8A5A810AE0FB8A013BFB82D2
:10C6C000FA8AFB8A0749895C3A6913440A461A7355
:10C6D000FB8A002BF1D1002318461C37BD4680BCD5
:10C6E000704700BF7C58030880B487B000AFF86083
:10C6F0000B467A60FB720823FB82FB68D3F8B832E2
:10C700003B613B69FA8A5A810AE0FB8A013BFB8262
:10C71000FA8AFB8A0749895C3A6913440A461A7304
:10C72000FB8A002BF1D1002318461C37BD4680BC84
:10C73000704700BF8458030880B487B000AFF8602A
:10C740000B467A60FB72FB68D3F8B8323B6100237A
:10C75000FB7507E0FB7D3A69134400221A73FB7DE9
:10C760000133FB75FB7D112BF4D93B6970221A73E1
:10C770003B690C22DA743B6903F5805393F85C2023
:10C780003B6903F5805393F85D309A423FD03B6993
:10C7900003F5805393F85C303A6903F20723DB001A
:10C7A00013441A793B699A733B6903F5805393F8F4
:10C7B0005C303A6903F20723DB0013445A7A3B6981
:10C7C0001A763B6903F5805393F85C303A6903F2BB
:10C7D0000723DB0013441A7A3B695A763B6903F559
:10C7E000805393F85C300133DAB23B6903F5805330
:10C7F00083F85C203B6903F5805393F85C30042B8D
:10C8000005D13B6903F58053002283F85C203B6926
:10C8100012225A817B6804331B78122B05D87B685F
:10C8200004331B781A463B695A81002318461C378B
:10C83000BD4680BC704780B485B000AF78600846C4
:10C8400011461A460346FB700B46BB7013467B70BD
:10C850007B68D3F8B832FB60FB6803F5805393F82C
:10C860005D30FA6803F20723DB001344BA781A71CB
:10C87000FB6803F5805393F85D30FA6803F20723F1
:10C88000DB00134400221A72FB6803F5805393F80F
:10C890005D300133DAB2FB6803F5805383F85D2025
:10C8A000FB6803F5805393F85D30042B05D1FB68DA
:10C8B00003F58053002283F85D2000BF1437BD4686
:10C8C00080BC704780B487B000AFF8600B467A60D8
:10C8D000FB72FB68D3F8B8327B617B6900225A8116
:10C8E000002318461C37BD4680BC704780B586B013
:10C8F00000AFF8600B467A60FB72FB68D3F8B83281
:10C900007B617B691B7A002B79D17B6903F58053AE
:10C910001B7E5BB2002B0BDB7B6903F58053597EDA
:10C9200020230522F868FFF786FF4FF0FF3370E001
:10C93000FB68D3F8BC329B68FA7A104698470346E6
:10C94000002B08D0F97A3A230222F868FFF773FF28
:10C950004FF0FF335DE07B6802331B781A067B687B
:10C9600003331B781B041A437B6804331B781B02B8
:10C9700013437A680532127813437A6902F58052BC
:10C9800053667B6807331B781B027A68083212787B
:10C9900013437A6902F5805293667B6903F58053ED
:10C9A0005A6E7B6903F580539B6EF97AF86800F044
:10C9B00024F90346002B02DA4FF0FF3329E07B69AC
:10C9C00002221A727B6903F580535A697B6903F569
:10C9D00080539B6E796901F58051B1F85E1001FBBF
:10C9E00003F39A420BD07B6903F58053597E2023D1
:10C9F0000522F868FFF71FFF4FF0FF3309E07B695E
:10CA00004FF480525A81FB7A1946F86800F018F901
:10CA1000034618461837BD4680BD80B586B000AFC6
:10CA2000F8600B467A60FB72FB68D3F8B8327B6122
:10CA30007B691B7A002B40F0A1807B6903F5805352
:10CA40001B7E5BB2002B0BDA7B6903F58053597EAA
:10CA500020230522F868FFF7EEFE4FF0FF3393E046
:10CA6000FB68D3F8BC329B68FA7A104698470346B5
:10CA7000002B08D0F97A3A230222F868FFF7DBFE90
:10CA80004FF0FF3380E0FB68D3F8BC32DB68FA7A02
:10CA9000104698470346002B08D0F97A2723022234
:10CAA000F868FFF7C8FE4FF0FF336DE07B68023394
:10CAB0001B781A067B6803331B781B041A437B68B8
:10CAC00004331B781B0213437A6805321278134330
:10CAD0007A6902F5805253667B6807331B781B0224
:10CAE0007A680832127813437A6902F580529366A5
:10CAF0007B6903F580535A6E7B6903F580539B6E07
:10CB0000F97AF86800F079F80346002B02DA4FF062
:10CB1000FF3339E07B6903F580539B6E7A6902F538
:10CB20008052B2F85E2002FB03F33B617B6903F5A0
:10CB300080535B693A699A420BD07B6903F5805355
:10CB4000597E20230522F868FFF775FE4FF0FF336A
:10CB50001AE03B69B3F5805F28BF4FF480533B6117
:10CB60007B6901221A727B6903F10C023B699BB25B
:10CB70000121F86805F03AF9002305E0FB7A19462F
:10CB8000F86800F0E2F8034618461837BD4680BD45
:10CB900080B586B000AFF8600B467A60FB72FB6828
:10CBA000D3F8B8327B617B6801331B7803F0020352
:10CBB000002B08D0F97A24230522F868FFF73BFE02
:10CBC0004FF0FF3315E07B6903F580535A6E7B69A4
:10CBD00003F580539B6EF97AF86800F00EF803466F
:10CBE000002B02DA4FF0FF3303E07B6900225A8109
:10CBF000002318461837BD4680BD80B586B000AF0B
:10CC0000F8607A603B600B46FB72FB68D3F8B83281
:10CC10007B617A683B681A447B6903F580531B6E1D
:10CC20009A4208D9F97A21230522F868FFF703FE12
:10CC30004FF0FF3300E0002318461837BD4680BD93
:10CC400090B585B000AF78600B46FB707B68D3F879
:10CC5000B832FB60FB6803F580539B6EFA6802F5FF
:10CC60008052B2F85E2002FB03F3BB60BB68B3F5F1
:10CC7000805F28BF4FF48053BB607B68D3F8BC3221
:10CC80001C69FB6803F10C01FB6803F580535A6EC5
:10CC9000FB6803F58053B3F85E301846BB68B3FBFE
:10CCA000F0F39BB2F878A0470346002B08DAF97836
:10CCB000112304227868FFF7BEFD4FF0FF3340E0F8
:10CCC000FB6803F10C02BB689BB28121786805F018
:10CCD0006AF8FB6803F580535A6EFB6803F58053CE
:10CCE000B3F85E301946BB68B3FBF1F31344FA683E
:10CCF00002F580525366FB6803F580539A6EFB6819
:10CD000003F58053B3F85E301946BB68B3FBF1F30B
:10CD1000D31AFA6802F580529366FB6803F58053D4
:10CD20005A6BBB68D31AFA6802F580525363FB68EA
:10CD300003F580539B6E002B02D1FB6803221A720D
:10CD4000002318461437BD4690BD90B585B000AF9E
:10CD500078600B46FB707B68D3F8B832FB60FB68E9
:10CD600003F580539B6EFA6802F58052B2F85E209C
:10CD700002FB03F3BB60BB68B3F5805F28BF4FF4D1
:10CD80008053BB607B68D3F8BC325C69FB6803F1FD
:10CD90000C01FB6803F580535A6EFB6803F5805362
:10CDA000B3F85E301846BB68B3FBF0F39BB2F8787B
:10CDB000A0470346002B08DAF97803230422786899
:10CDC000FFF739FD4FF0FF3353E0FB6803F5805365
:10CDD0005A6EFB6803F58053B3F85E301946BB68A2
:10CDE000B3FBF1F31344FA6802F580525366FB6813
:10CDF00003F580539A6EFB6803F58053B3F85E30F9
:10CE00001946BB68B3FBF1F3D31AFA6802F58052F6
:10CE10009366FB6803F580535A6BBB68D31AFA68B4
:10CE200002F580525363FB6803F580539B6E002B21
:10CE300004D100217868FFF709F919E0FB6803F5D0
:10CE400080539B6EFA6802F58052B2F85E2002FBB6
:10CE500003F3B3F5805F28BF4FF48053BB60FB68DA
:10CE600003F10C02BB689BB20121786804F0BEFF9D
:10CE7000002318461437BD4690BD80B584B000AF7E
:10CE8000F860B9601346FB71FB68002B01D10223E7
:10CE90001AE0FB68D3F8B432002B03D0FB68002201
:10CEA000C3F8B422BB68002B03D0FB68BA68C3F890
:10CEB000B022FB68012283F89C22FB68FA791A7081
:10CEC000F86804F019FE002318461037BD4680BDEF
:10CED00080B485B000AF786039600023FB733B6895
:10CEE000002B06D07B683A68C3F8B4220023FB739A
:10CEF00001E00223FB73FB7B18461437BD4680BC60
:10CF0000704780B582B000AF7860786804F044FE66
:10CF1000002318460837BD4680BD80B483B000AFFB
:10CF20007860002318460C37BD4680BC704780B53A
:10CF300084B000AF78600B46FB700223FB737B6804
:10CF4000D3F8B432002B0CD07B68D3F8B4321B6812
:10CF5000FA781146786898470346002B01D10023E0
:10CF6000FB73FB7B18461037BD4680BD80B582B091
:10CF700000AF78600B46FB707B68D3F8B4325B6817
:10CF8000FA78114678689847002318460837BD4656
:10CF900080BD80B582B000AF786039607B6803F5F2
:10CFA0002A733968184600F0D8FE7B680122C3F85E
:10CFB00094227B68B3F8AE321A467B68C3F8982295
:10CFC0007B6893F8A83203F01F03022B16D0022BC4
:10CFD0001CD8002B02D0012B08D017E07B6803F58A
:10CFE0002A731946786800F0CBF91AE07B6803F5DC
:10CFF0002A731946786800F02DFA12E07B6803F571
:10D000002A731946786800F06DFA0AE07B6893F895
:10D01000A83223F07F03DBB21946786804F03BFEA8
:10D0200000BF002318460837BD4680BD80B586B0D6
:10D0300000AFF8600B467A60FB72FB7A002B4BD195
:10D04000FB6803F5AA737B61FB68D3F89432032B6A
:10D0500034D17B69DA687B691B699A4219D97B698B
:10D06000DA687B691B69D21A7B69DA607B69DA68E6
:10D070007B691B699A4203D27B69DB689BB202E041
:10D080007B691B699BB21A467968F86800F036FF25
:10D0900038E0FB68D3F8B4321B69002B0AD0FB6878
:10D0A00093F89C32032B05D1FB68D3F8B4321B698B
:10D0B000F8689847F86800F033FF23E0FB68D3F87E
:10D0C0009432052B1ED1FB680022C3F89422002164
:10D0D000F86804F0E0FD15E0FB68D3F8B4329B6912
:10D0E000002B0DD0FB6893F89C32032B08D1FB6812
:10D0F000D3F8B4329B69FA7A1146F868984701E090
:10D10000022300E0002318461837BD4680BD80B5D5
:10D1100086B000AFF8600B467A60FB72FB7A002B9A
:10D120007FD1FB6814337B61FB68D3F89432022B08
:10D130005CD17B69DA687B691B699A4215D97B6986
:10D14000DA687B691B69D21A7B69DA607B69DB6804
:10D150009BB21A467968F86800F0BEFE00230022F0
:10D160000021F86804F042FE4EE07B699B687A6912
:10D170001269B3FBF2F101FB02F29B1A002B1CD1E6
:10D180007B699A687B691B699A4216D37B699A68A6
:10D19000FB68D3F898329A420FD200220021F86837
:10D1A00000F09AFEFB680022C3F8982200230022B8
:10D1B0000021F86804F01AFE26E0FB68D3F8B432C8
:10D1C000DB68002B0AD0FB6893F89C32032B05D157
:10D1D000FB68D3F8B432DB68F86898478021F868B8
:10D1E00004F059FDF86800F0AEFE0DE0FB68D3F8DE
:10D1F0009432042B04D0FB68D3F89432002B03D173
:10D200008021F86804F047FDFB6893F8A032012BF9
:10D210001DD1F868FFF781FEFB68002283F8A02289
:10D2200015E0FB68D3F8B4325B69002B0DD0FB68C6
:10D2300093F89C32032B08D1FB68D3F8B4325B69B6
:10D24000FA7A1146F868984701E0022300E00023CB
:10D2500018461837BD4680BD80B582B000AF7860F3
:10D26000402300220021786804F0B1FC7B68012291
:10D27000C3F858217B684022C3F864214023002270
:10D280008021786804F0A3FC7B6801229A617B68A6
:10D2900040225A627B68012283F89C227B6800222C
:10D2A000C3F894227B6800225A607B680022C3F88E
:10D2B000A4227B68D3F8B832002B09D07B68D3F85E
:10D2C000B4325B687A685268D2B21146786898477F
:10D2D000002318460837BD4680BD80B483B000AF38
:10D2E00078600B46FB707B68FA781A740023184646
:10D2F0000C37BD4680BC704780B483B000AF786007
:10D300007B6893F89C227B6883F89D227B680422CB
:10D3100083F89C22002318460C37BD4680BC70471A
:10D3200080B483B000AF78607B6893F89C32042BA4
:10D3300005D17B6893F89D227B6883F89C220023AB
:10D3400018460C37BD4680BC704780B582B000AF30
:10D3500078607B6893F89C32032B0BD17B68D3F801
:10D36000B432DB69002B05D07B68D3F8B432DB69BB
:10D3700078689847002318460837BD4680BD0000EE
:10D3800080B584B000AF786039600023FB733B68E0
:10D390001B7803F06003402B05D0402B4FD8002BA7
:10D3A00009D0202B4BD17B68D3F8B4329B68396805
:10D3B0007868984748E03B685B78092B39D801A228
:10D3C00052F823F015D4020829D4020833D40208F5
:10D3D0001FD4020833D40208F7D30208EDD30208A1
:10D3E00033D402080BD4020801D4020839687868E3
:10D3F00000F0DCF922E03968786800F03FFB1DE0BE
:10D400003968786800F07EFB18E03968786800F0C9
:10D4100007FC13E03968786800F037FC0EE03968E3
:10D42000786800F065FC09E03968786800F074FC01
:10D4300004E03968786800F0C9FC00BF04E039688E
:10D44000786800F0C3FC00BFFB7B18461037BD4670
:10D4500080BD00BF80B584B000AF78603960002324
:10D46000FB733B681B7803F06003402B05D0402B17
:10D470002ED8002B01D0202B2AD17B6893F89C3228
:10D48000013B022B1DD83B689B88DBB2012B13D8D4
:10D490007B68D3F8B4329B6839687868984703464C
:10D4A000FB733B68DB88002B10D1FB7B002B0DD17D
:10D4B000786800F035FD09E03968786800F086FC8E
:10D4C00004E03968786800F081FC00E000BF04E007
:10D4D0003968786800F07AFC00BF002318461037DE
:10D4E000BD4680BD80B584B000AF78603960002350
:10D4F000FB733B689B88BB733B681B7803F060033E
:10D50000402B07D0402B00F24681002B0AD0202B65
:10D5100040F041817B68D3F8B4329B683968786801
:10D5200098473DE13B681B7803F06003202B0AD14C
:10D530007B68D3F8B4329B683968786898470346AB
:10D54000FB73FB7B2DE13B685B78032B07D0032B40
:10D5500000F31B81002B72D0012B3AD015E17B68C0
:10D5600093F89C32022B02D0032B15D02BE0BB7B0F
:10D57000002B0CD0BB7B802B09D0BB7B1946786875
:10D5800004F089FB8021786804F085FB20E039688D
:10D59000786800F01BFC1BE03B685B88002B0ED119
:10D5A000BB7B002B0BD0BB7B802B08D03B68DB8880
:10D5B000002B04D1BB7B1946786804F06CFB7868BB
:10D5C00000F0AEFC04E03968786800F0FFFB00BFB3
:10D5D000E0E07B6893F89C32022B02D0032B15D03D
:10D5E00026E0BB7B002B0CD0BB7B802B09D0BB7B08
:10D5F0001946786804F04FFB8021786804F04BFBF3
:10D600001CE03968786800F0E1FB17E03B685B8854
:10D61000002B12D1BB7B03F07F03002B04D0BB7B1C
:10D620001946786804F056FB786800F079FC04E04D
:10D630003968786800F0CAFB00E000BFAAE07B68A8
:10D6400093F89C32022B02D0032B32D097E0BB7BA5
:10D65000002B07D0BB7B802B04D03968786800F0A2
:10D66000B5FB91E097F90E30002B0BDABB7B03F092
:10D670007F0213469B0013449B0010337A681344C7
:10D6800004330BE0BB7B03F07F0213469B00134483
:10D690009B0003F5A8737A6813440433BB60BB682E
:10D6A00000221A60BB6802221946786800F0F8FB75
:10D6B0006AE097F90E30002B11DABB7B03F00F0202
:10D6C000796813469B0013449B000B4418331B6876
:10D6D000002B17D13968786800F078FB54E0BB7BE9
:10D6E00003F00F02796813469B0013449B000B4420
:10D6F00003F5AC731B68002B04D13968786800F01F
:10D7000065FB41E097F90E30002B0BDABB7B03F091
:10D710007F0213469B0013449B0010337A68134426
:10D7200004330BE0BB7B03F07F0213469B001344E2
:10D730009B0003F5A8737A6813440433BB60BB7B7A
:10D74000002B02D0BB7B802B03D1BB6800221A6068
:10D750000EE0BB7B1946786804F0DBFA0346002B29
:10D7600003D0BB6801221A6002E0BB6800221A6085
:10D77000BB6802221946786800F092FB04E0396821
:10D78000786800F023FB00BF04E03968786800F097
:10D790001DFB00BF04E03968786800F017FB00BF8C
:10D7A000FB7B18461037BD4680BD000080B584B0B5
:10D7B00000AF7860396000233B810023FB600023C9
:10D7C000FB723B685B881B0A9BB2013B062B00F295
:10D7D000288101A252F823F0F5D702080DD80208DB
:10D7E0004DD8020823DA020823DA0208C3D9020856
:10D7F000EFD902087B68D3F8B0321B687A68127CD4
:10D8000007F1080110469847F86012E17B681B7C1D
:10D81000002B0DD17B68D3F8B4329B6A07F1080264
:10D8200010469847F860FB68013302221A7000E145
:10D830007B68D3F8B432DB6A07F1080210469847D8
:10D84000F860FB68013302221A70F2E03B685B88E3
:10D85000DBB2052B00F2AC8001A252F823F000BF2E
:10D8600079D80208ADD80208E1D8020815D9020813
:10D8700049D902087DD902087B68D3F8B0325B68C9
:10D88000002B0BD07B68D3F8B0325B687A68127CCF
:10D8900007F1080110469847F86091E03968786808
:10D8A00000F094FAFB7A0133FB7289E07B68D3F8CD
:10D8B000B0329B68002B0BD07B68D3F8B0329B68EA
:10D8C0007A68127C07F1080110469847F86077E003
:10D8D0003968786800F07AFAFB7A0133FB726FE0FE
:10D8E0007B68D3F8B032DB68002B0BD07B68D3F8B1
:10D8F000B032DB687A68127C07F10801104698475D
:10D90000F8605DE03968786800F060FAFB7A01330E
:10D91000FB7255E07B68D3F8B0321B69002B0BD04B
:10D920007B68D3F8B0321B697A68127C07F1080172
:10D9300010469847F86043E03968786800F046FA86
:10D94000FB7A0133FB723BE07B68D3F8B0325B6952
:10D95000002B0BD07B68D3F8B0325B697A68127CFD
:10D9600007F1080110469847F86029E0396878689F
:10D9700000F02CFAFB7A0133FB7221E07B68D3F8CC
:10D98000B0329B69002B0BD07B68D3F8B0329B6917
:10D990007A68127C07F1080110469847F8600FE09A
:10D9A0003968786800F012FAFB7A0133FB7207E0FD
:10D9B0003968786800F00AFAFB7A0133FB7238E0C4
:10D9C00037E07B681B7C002B09D17B68D3F8B4322D
:10D9D0005B6B07F1080210469847F86029E0396848
:10D9E000786800F0F3F9FB7A0133FB7221E07B6881
:10D9F0001B7C002B0DD17B68D3F8B4321B6B07F175
:10DA0000080210469847F860FB68013307221A7035
:10DA10000FE03968786800F0D9F9FB7A0133FB72BE
:10DA200007E03968786800F0D1F9FB7A0133FB72BE
:10DA300000BFFB7A002B1CD13B89002B11D03B6827
:10DA4000DB88002B0DD03B68DA883B89934228BFE6
:10DA500013469BB23B813B891A46F968786800F00F
:10DA60001FFA3B68DB88002B04D1786800F058FA75
:10DA700000E000BF1037BD4680BD00BF80B584B058
:10DA800000AF786039603B689B88002B30D13B68E1
:10DA9000DB88002B2CD13B685B887F2B28D83B6828
:10DAA0005B88DBB203F07F03FB737B6893F89C32E7
:10DAB000032B04D13968786800F088F91DE07B6891
:10DAC000FA7B83F89E22FB7B1946786804F04CF9B8
:10DAD000786800F025FAFB7B002B04D07B680222DB
:10DAE00083F89C2209E07B68012283F89C2204E0F1
:10DAF0003968786800F06AF900BF00BF1037BD468A
:10DB000080BD000080B582B000AF786039603B68AE
:10DB10005B88DAB2414B1A70404B1B78012B04D959
:10DB20003968786800F052F975E07B6893F89C32A8
:10DB3000022B02D0032B23D062E0384B1B78002B42
:10DB40001AD0364B1B781A467B685A607B680322D2
:10DB500083F89C22314B1B7819467868FFF7E7F968
:10DB60000346022B04D13968786800F02FF952E09F
:10DB7000786800F0D5F94EE0786800F0D1F94AE015
:10DB8000264B1B78002B12D17B68022283F89C2243
:10DB9000224B1B781A467B685A60204B1B7819462B
:10DBA0007868FFF7E3F9786800F0BAF933E01B4BC7
:10DBB0001B781A467B685B689A421DD07B685B685D
:10DBC000DBB219467868FFF7D1F9144B1B781A4677
:10DBD0007B685A60114B1B7819467868FFF7A7F9E4
:10DBE0000346022B04D13968786800F0EFF812E0A0
:10DBF000786800F095F90EE0786800F091F90AE095
:10DC00003968786800F0E2F8044B1B7819467868A8
:10DC1000FFF7ACF900BF0837BD4680BD2A5E002083
:10DC200080B582B000AF786039603B68DB88012B3B
:10DC300004D03968786800F0C9F822E07B6893F86E
:10DC40009C32022B02DC002B03DC15E0032B0BD0F3
:10DC500012E07B6800229A607B6808330122194633
:10DC6000786800F01DF90CE07B6804330122194646
:10DC7000786800F015F904E03968786800F0A6F8D3
:10DC800000BF00BF0837BD4680BD80B582B000AF81
:10DC9000786039607B6893F89C32013B022B1ED878
:10DCA0003B68DB88022B04D03968786800F08EF876
:10DCB0001AE07B680122DA607B68D3F8A432002B7B
:10DCC00005D07B68DB6843F002027B68DA607B6822
:10DCD0000C3302221946786800F0E2F804E0396853
:10DCE000786800F073F800BF00BF0837BD4680BDFC
:10DCF00080B582B000AF786039603B685B88012BEB
:10DD000006D17B680122C3F8A422786800F008F9E4
:10DD100000BF0837BD4680BD80B582B000AF7860D7
:10DD200039607B6893F89C32013B022B0BD83B682F
:10DD30005B88012B0CD17B680022C3F8A422786891
:10DD400000F0EEF804E03968786800F03FF800E091
:10DD500000BF00BF0837BD4680BD80B483B000AFB0
:10DD6000786039603B681A787B681A703B685A782B
:10DD70007B685A703B6802331B781A463B68033352
:10DD80001B781B029BB213449AB27B685A803B6893
:10DD900004331B781A463B6805331B781B029BB281
:10DDA00013449AB27B689A803B6806331B781A4604
:10DDB0003B6807331B781B029BB213449AB27B6803
:10DDC000DA8000BF0C37BD4680BC704780B582B09A
:10DDD00000AF786039608021786803F05CFF002133
:10DDE000786803F058FF00BF0837BD4680BD80B596
:10DDF00086B000AFF860B9607A600023FB75FB68FD
:10DE0000002B32D0F86800F034F8034601339BB29F
:10DE10005B009AB27B681A80FB7D5A1CFA751A4621
:10DE2000BB6813447A6812781A70FB7D5A1CFA7525
:10DE30001A46BB68134403221A7012E0FB685A1C8E
:10DE4000FA60FA7D511CF9751146BA680A441B78CC
:10DE50001370FB7D5A1CFA751A46BB6813440022E6
:10DE60001A70FB681B78002BE8D100BF1837BD463D
:10DE700080BD80B485B000AF78600023FB7305E0FF
:10DE8000FB7B0133FB737B6801337B607B681B7812
:10DE9000002BF5D1FB7B18461437BD4680BC70477C
:10DEA00080B584B000AFF860B9601346FB80FB68B2
:10DEB0000222C3F89422FA88FB68DA61FA88FB68C8
:10DEC0001A62FB88BA680021F86803F06CFF00232F
:10DED00018461037BD4680BD80B584B000AFF860ED
:10DEE000B9601346FB80FB88BA680021F86803F02C
:10DEF0005AFF002318461037BD4680BD80B584B058
:10DF000000AFF860B9601346FB80FB88BA68002157
:10DF1000F86803F06BFF002318461037BD4680BD3C
:10DF200080B582B000AF78607B680422C3F8942289
:10DF3000002300220021786803F035FF00231846F3
:10DF40000837BD4680BD80B582B000AF78607B6881
:10DF50000522C3F89422002300220021786803F0F0
:10DF600045FF002318460837BD4680BD80B582B006
:10DF700000AF0021002001F07FFC01F083FD0022B2
:10DF80000021012001F024FDC820EFF743FB05220A
:10DF90003649CB2001F01CFD03223549CF2001F08A
:10DFA00017FD03223349E82001F012FD0222324915
:10DFB000EA2001F00DFD04223049CF2001F008FDD8
:10DFC00001222F49F72001F003FD01222D49C02035
:10DFD00001F0FEFC01222C49C12001F0F9FC0222D3
:10DFE0002A49C52001F0F4FC01222949C72001F08B
:10DFF000EFFC01222749362001F0EAFC01222649E4
:10E000003A2001F0E5FC02222449B12001F0E0FCB5
:10E0100003222349B62001F0DBFC01222149F22032
:10E0200001F0D6FC01222049262001F0D1FC0F226C
:10E030001E49E02001F0CCFC0F221D49E12001F037
:10E04000C7FC01F039FD00220021292001F0C0FCAD
:10E05000184B7B603B1D1A464FF4A071F02000F076
:10E060004BFA00BF0837BD4680BD00BFAC44030873
:10E07000B4440308B8440308BC440308C04403087C
:10E08000C8440308CC440308D0440308D44403081C
:10E09000D8440308DC440308E0440308E4440308CC
:10E0A000E8440308EC440308F0440308F44403087C
:10E0B00004450308482888E880B582B000AF0021F5
:10E0C000002001F0D9FB01F0DDFC0022002101203D
:10E0D00001F07EFCC820EFF79DFA01224049802024
:10E0E00001F076FC03223F49CF2001F071FC0422AD
:10E0F0003D49ED2001F06CFC03223C49E82001F091
:10E1000067FC05223A49CB2001F062FC0122394923
:10E11000F72001F05DFC02223749EA2001F058FCAB
:10E1200001223649C02001F053FC01223349C120AD
:10E1300001F04EFC02223249C52001F049FC0122C7
:10E140003049C72001F044FC01222F49362001F05C
:10E150003FFC01222D493A2001F03AFC02222C49D1
:10E16000F62001F035FC02222A49B12001F030FCF2
:10E1700001222949F22001F02BFC01222749262007
:10E1800001F026FC0F222649E02001F021FC0F229D
:10E190002449E12001F01CFC01222349B72001F0B1
:10E1A00017FC03222149B62001F012FC01F084FC87
:10E1B00000220021212001F00BFC00220021292057
:10E1C00001F006FC1A4B7B603B1D1A464FF4A07110
:10E1D000F02000F091F900BF0837BD4680BD00BFB8
:10E1E00014450308B4440308C0440308B8440308B2
:10E1F000AC440308C8440308BC440308184503089A
:10E200001C4503082045030824450308E04403088F
:10E21000284503082C450308EC440308F044030890
:10E22000304503084045030850450308E844030807
:10E23000482888E880B584B000AF78600B467B80C2
:10E2400013463B807B6800221A607B6800221A60BC
:10E250007B88002B24D03B88002B21D07B88073380
:10E26000DB10FB733B88FA7B02FB03F306330121CF
:10E27000184604F0CFFF03461A467B681A607B6895
:10E280001B68002B0ED07B681B687A881A807B681D
:10E290001B683A885A807B681B6801221A7102E069
:10E2A00000BF00E000BF7B6818461037BD4680BD48
:10E2B00080B582B000AF786039607A683B689A4276
:10E2C00020D07B681B68002B0AD07B681B681A79FA
:10E2D000013AD2B21A711B79002B01D1012300E05F
:10E2E0000023002B04D07B681B68184604F0B6FF9F
:10E2F0003B681A687B681A607B681B681A79013270
:10E30000D2B21A717B6818460837BD4680BD80B509
:10E3100082B000AF78607B681B68002B16D07B68EA
:10E320001B681A79013AD2B21A711B79002B14BFFB
:10E3300001230023DBB2002B0AD17B681B6818463F
:10E3400004F08CFF7B6800221A6002E000BF00E04E
:10E3500000BF7B6818460837BD4680BD80B584B0D5
:10E3600000AF78607B681B68002B14D07B681B684B
:10E370001B880733DB10FB73FB7B7A6812685288BB
:10E3800002FB03F3BB607B681B680533B968184662
:10E3900000F0E3FD00E000BF1037BD4680BD90B542
:10E3A00087B002AFF860084611461A4603467B81E3
:10E3B0000B463B811346FB80FB681B68002B11D08A
:10E3C000FB681B68581DFB681B681988FB681B6885
:10E3D0005A887C89FB8801933B890093234600F08F
:10E3E000D6FD00E000BF1437BD4690BD90B587B0A4
:10E3F00002AFF860084611461A4603467B810B4679
:10E400003B811346FB80FB681B68002B11D0FB6827
:10E410001B68581DFB681B681988FB681B685A88B5
:10E420007C89FB8801933B890093234600F023FEFF
:10E4300000E000BF1437BD4690BD90B589B004AF71
:10E44000F8607B600B467B8113463B81FB681B6851
:10E45000002B18D07B68002B15D0FB681B68581D5B
:10E46000FB681B681988FB681B685A887C89BB8C11
:10E4700003933B8C02937B6801933B890093234673
:10E4800000F050FE00E000BF1437BD4690BD90B5CF
:10E4900085B002AF78600B467B8013467B707B684B
:10E4A0001B68002B0FD07B681B68581D7B681B689E
:10E4B00019887B681B685A887B787C880093234680
:10E4C00000F0D6FE00E000BF0C37BD4690BD000056
:10E4D00080B400AF024B1B881846BD4680BC704715
:10E4E0002C5E002080B400AF024B1B881846BD464E
:10E4F00080BC70472E5E002080B584B000AF03461C
:10E500003A60FB800B46BB80104AFB881380104AA0
:10E51000BB8813803B68002B0FD00023FB7309E0FE
:10E52000FB7B3A681A44FB7B11780A4AD154FB7B87
:10E530000133FB73FB7B032BF2D9002000F00CF8B6
:10E5400001F064FA00BF1037BD4680BD325E002086
:10E55000345E0020FC00002080B582B000AF03468E
:10E56000FB710120EFF756F8FB79012B01D0032B4B
:10E5700008D1124B1A88124B1A80124B1A88124B70
:10E580001A8008E00F4B1A880D4B1A800B4B1A8823
:10E590000D4B1A8000BFFB790C4A13440122194627
:10E5A000362001F015FA0A20EFF734F8084AFB7913
:10E5B000137000BF0837BD4680BD00BF345E002029
:10E5C0002C5E0020325E00202E5E0020FC00002029
:10E5D000305E002080B582B000AF0346FB71FB794E
:10E5E000DB43FB71FB79542B11D8FB791A469B0056
:10E5F000D31ADBB2013BD8B2FB791A46520013445E
:10E60000DBB21A46002100F032F803462BE0FB791A
:10E61000A92B14D8FB79553BFB71FB791A465200A4
:10E620001344D9B2FB791A469B00D31ADBB2013BE3
:10E63000DBB21A46002000F01AF8034613E0FB791B
:10E640005633FB71FB791A4652001344D8B2FB795A
:10E650001A469B00D31ADBB2013BDBB200221946FB
:10E6600000F005F8034618460837BD4680BD80B463
:10E6700083B000AF0346FB710B46BB7113467B7141
:10E68000FB791B021BB223F4FF6323F007031AB2CA
:10E69000BB79DB001BB203F4FC631BB213431AB259
:10E6A0007B79DB08DBB21BB213431BB29BB218466B
:10E6B0000C37BD4680BC704790B585B000AF0446AE
:10E6C000084611461A462346FB800346BB800B468C
:10E6D0007B8013463B80FB881B0A9BB2DBB23B73FB
:10E6E000FB88DBB27B737B881B0A9BB2DBB2BB73FC
:10E6F0007B88DBB2FB7307F10C03042219462A2046
:10E7000001F066F9BB881B0A9BB2DBB23B73BB8886
:10E71000DBB27B733B881B0A9BB2DBB2BB733B88CB
:10E72000DBB2FB7307F10C03042219462B2001F026
:10E730004FF900BF1437BD4690BD90B583B000AF10
:10E740000446084611461A462346FB800346BB8012
:10E750000B467B8013463B80FA887B8813449BB230
:10E76000013B9CB2BA883B8813449BB2013B9BB2ED
:10E77000B988F8882246FFF79FFF002200212C204D
:10E7800001F026F901F038F900BF0C37BD4690BD05
:10E7900090B583B000AF0446084611461A4623469A
:10E7A000FB800346BB800B467B8013463B80294B96
:10E7B0001B88FA889A4249D8274B1B88BA889A4204
:10E7C00044D87B88002B41D03B88002B3ED0FA8870
:10E7D0007B881344013B1F4A1288934204DD1D4B82
:10E7E0001A88FB88D31A7B80BA883B881344013B84
:10E7F000194A1288934204DD174B1A88BB88D31A32
:10E800003B80FA887B8813449BB2013B9CB2BA8858
:10E810003B8813449BB2013B9BB2B988F8882246DF
:10E82000FFF74AFF002200212C2001F0D1F801F06F
:10E83000E3F87B883A8802FB03F31A463B8B1146C8
:10E84000184601F0EDF801F0FDF800E000BF0C37CC
:10E85000BD4690BD2C5E00202E5E002080B584B0A9
:10E8600002AF0346FB80074B1A88074B1988FB88C9
:10E8700000930B4600210020FFF78AFF00BF0837F6
:10E88000BD4680BD2C5E00202E5E002080B582B08B
:10E8900000AF0346FB800B46BB8013467B800A4BD0
:10E8A0001B88FA889A420BD2084B1B88BA889A4276
:10E8B00006D27A88B988FB88184601F0CDF800E0C6
:10E8C00000BF0837BD4680BD2C5E00202E5E0020B4
:10E8D00090B585B002AF0446084611461A46234655
:10E8E000FB800346BB800B467B8013463B807A88C7
:10E8F000B988F8883B8800930123FFF749FF00BFE0
:10E900000C37BD4690BD90B585B002AF04460846B1
:10E9100011461A462346FB800346BB800B467B808C
:10E9200013463B807A88B988F8883B880093134661
:10E930000122FFF72DFF00BF0C37BD4690BD90B5FB
:10E9400085B002AF0446084611461A462346FB80AE
:10E950000346BB800B467B8013463B80FA883B8B8B
:10E96000134498B27A883B8BD31A9AB23B8BD31A52
:10E970009AB2BB8BB988FFF7ABFFFA883B8B134485
:10E9800098B2BA883B8813449BB2013B99B27A880B
:10E990003B8BD31A9AB23B8BD31A9AB2BB8BFFF73D
:10E9A00097FFBA883B8B134499B23A883B8BD31AB2
:10E9B0009AB23B8BD31A9AB2BB8BF888FFF7A3FFAE
:10E9C000FA887B8813449BB2013B98B2BA883B8B90
:10E9D000134499B23A883B8BD31A9AB23B8BD31A21
:10E9E0009AB2BB8BFFF78FFFFA883B8B134498B228
:10E9F000BA883B8B134499B23A8BBB8B00930123AB
:10EA000000F056FEFA887B8813449AB23B8BD31AE7
:10EA10009BB2013B98B2BA883B8B134499B23A8BB4
:10EA2000BB8B0093022300F043FEFA887B881344DB
:10EA30009AB23B8BD31A9BB2013B98B2BA883B88FF
:10EA400013449AB23B8BD31A9BB2013B99B23A8BD7
:10EA5000BB8B0093042300F02BFEFA883B8B1344FE
:10EA600098B2BA883B8813449AB23B8BD31A9BB2B4
:10EA7000013B99B23A8BBB8B0093082300F018FE40
:10EA800000BF0C37BD4690BD90B587B000AF0446BF
:10EA9000084611461A462346FB800346BB800B46B8
:10EAA000FB7013463B80FB785B427B6100233B613C
:10EAB000FB78C3F101035B00FB607B699BB2FA88C2
:10EAC000D31A98B23B699AB2BB8813449BB23A8876
:10EAD0001946FFF7DBFE7B699AB2FB88134498B2B4
:10EAE0003B699AB2BB8813449BB23A881946FFF738
:10EAF000CDFE7B699AB2FB88134498B23B699BB206
:10EB0000BA88D31A9BB23A881946FFF7BFFE7B69D1
:10EB10009BB2FA88D31A98B23B699BB2BA88D31ACF
:10EB20009BB23A881946FFF7B1FEFB68BB60BA6832
:10EB30003B699A4213DC3B6901333B613B695B00F3
:10EB40000133FA681344FB607B695B423A699A427D
:10EB500005D1BA687B699A4201DC0023BB60BA68C0
:10EB60007B699A4208DD7B6901337B617B695B00CD
:10EB70000133FA681344FB607B69002B9DDD00BF05
:10EB800000BF1C37BD4690BD90B587B000AF0446AE
:10EB9000084611461A462346FB800346BB800B46B7
:10EBA000FB7013463B80FB785B427B6100233B613B
:10EBB000FB78C3F101035B00FB607B699BB2FA88C1
:10EBC000D31A98B23B699AB2BB8813449BB23A8875
:10EBD0001946FFF75BFE7B699AB2FB88134498B233
:10EBE0003B699AB2BB8813449BB23A881946FFF737
:10EBF0004DFE7B699AB2FB88134498B23B699BB285
:10EC0000BA88D31A9BB23A881946FFF73FFE7B6950
:10EC10009BB2FA88D31A98B23B699BB2BA88D31ACE
:10EC20009BB23A881946FFF731FE7B699AB2FB889E
:10EC3000134498B23B699AB2BB88134499B27B697A
:10EC40009BB21A46D203D31A5B009BB201339AB22D
:10EC50003B88FFF73DFE7B699AB2FB88134498B26C
:10EC60003B699BB2BA88D31A99B27B699BB21A46A8
:10EC7000D203D31A5B009BB201339AB23B88FFF7F1
:10EC800027FEFB68BB60BA683B699A4213DC3B69AC
:10EC900001333B613B695B000133FA681344FB605D
:10ECA0007B695B423A699A4205D1BA687B699A42AC
:10ECB00001DC0023BB60BA687B699A4208DD7B698E
:10ECC00001337B617B695B000133FA681344FB60AD
:10ECD0007B69002B7FF771AF00BF00BF1C37BD46BB
:10ECE00090BD90B58FB000AF0446084611461A4655
:10ECF0002346FB800346BB800B467B8013463B804C
:10ED0000BA883B889A420BD93A463B1D11461846B1
:10ED100000F089FDBA1CBB1D1146184600F083FDAA
:10ED20003A88B7F84C309A420CD93A4607F14C036E
:10ED30001146184600F077FDBB1C194607F1480044
:10ED400000F071FDBA883B889A420BD93A463B1DC8
:10ED50001146184600F067FDBA1CBB1D1146184647
:10ED600000F061FDBA88B7F84C309A4235D1FB8883
:10ED7000BB60BB68FB607B881A46FB689A4202DA7C
:10ED80007B88FB6006E07B881A46BB689A4201DDFF
:10ED90007B88BB60B7F848301A46FB689A4203DAB2
:10EDA000B7F84830FB6008E0B7F848301A46BB684F
:10EDB0009A4202DDB7F84830BB60FB6898B2B98868
:10EDC000BB689AB2FB689BB2D31A9BB201339AB26A
:10EDD000B7F85030FFF77CFDBCE07B881A46FB8813
:10EDE000D31A7B623B881A46BB88D31A3B62B7F8BA
:10EDF00048301A46FB88D31AFB61B7F84C301A46E4
:10EE0000BB88D31ABB61B7F848301A467B88D31A3F
:10EE10007B61B7F84C301A463B88D31A3B6100231C
:10EE2000FB620023BB623A88B7F84C309A4202D1A9
:10EE30003B883B6302E03B88013B3B63BB887B63D1
:10EE400036E0FB881946FA6A3B6A92FBF3F30B44FF
:10EE5000FB60FB881946BA6ABB6992FBF3F30B446B
:10EE6000BB60FA6A7B6A1344FB62BA6AFB691344AB
:10EE7000BB62FA68BB689A4207DD07F1080207F136
:10EE80000C031146184600F0E2FCFB6898B27B6B5D
:10EE900099B2BB689AB2FB689BB2D31A9BB201339A
:10EEA0009AB2B7F85030FFF713FD7B6B01337B63E9
:10EEB0007A6B3B6B9A42C4DD3B881A467B6B9A1A8D
:10EEC0007B6902FB03F3FB62BB881A467B6B9A1AD1
:10EED000FB6902FB03F3BB6236E07B881946FA6AE2
:10EEE0003B6992FBF3F30B44FB60FB881946BA6A5B
:10EEF000BB6992FBF3F30B44BB60FA6A7B69134472
:10EF0000FB62BA6AFB691344BB62FA68BB689A4247
:10EF100007DD07F1080207F10C031146184600F05F
:10EF200096FCFB6898B27B6B99B2BB689AB2FB689F
:10EF30009BB2D31A9BB201339AB2B7F85030FFF7A5
:10EF4000C7FC7B6B01337B63B7F84C301A467B6B95
:10EF50009342C2DD3C37BD4690BD80B485B000AF62
:10EF6000786039600023FB6007E07A68FB6813442F
:10EF700000221A70FB680133FB60FA683B689A4212
:10EF8000F3D300BF00BF1437BD4680BC704780B4C8
:10EF900089B000AFF860084611461A4603467B81E7
:10EFA0000B463B811346FB80BB8D002B5ED0FA885D
:10EFB0007B899A425AD23A8D3B899A4256D2FA8834
:10EFC000BB8D1A447B899A4203DB7A89FB88D31A6A
:10EFD000BB857B890733DB10FB823B8DFA8A02FB02
:10EFE00003F3FA88D20892B21344FB61FB8803F062
:10EFF00007037B8336E07B8B4FF4807242FA03F386
:10F00000DBB2013B7B767A8BBB8D1344BB82BB8A20
:10F01000072B13D8BB8A4FF4807242FA03F3DBB29A
:10F02000013BFB7497F91330DB435AB297F919305F
:10F0300013405BB27B760023BB8505E07A8BBB8DEA
:10F0400013449BB2083BBB85FB695A1CFA61FA6802
:10F050001A441178FA6813447A7E0A43D2B21A70BD
:10F0600000237B83BB8D002BC5D100E000BF24377C
:10F07000BD4680BC704780B489B000AFF8600846D8
:10F0800011461A4603467B810B463B811346FB80A3
:10F09000BB8D002B41D0FA887B899A423DD23A8DB4
:10F0A0003B899A4239D23A8DBB8D1A443B899A42A8
:10F0B00003DB3A893B8DD31ABB857B890733DB1091
:10F0C0003B833B8D3A8B02FB03F3FA88D20892B262
:10F0D0001344FB61FB8803F00703FB82FB8A802259
:10F0E00042FA03F37B7500237B8311E0FA68FB6926
:10F0F00013441978FA68FB6913447A7D0A43D2B243
:10F100001A703B8BFA691344FB617B8B01337B8361
:10F110007A8BBB8D9A42E9D300E000BF2437BD460D
:10F1200080BC704780B48BB000AFF86008461146D1
:10F130001A4603467B810B463B811346FB80FA88C7
:10F140007B899A4280F08D803A8E3B899A4280F08A
:10F1500088807B890733DB10FB833B8F0733DB1011
:10F16000BB83FB88DBB203F00703FB76FB88DB087D
:10F170003B830023FB846FE0FA8C3B8E1A443B896F
:10F180009A4270DAFB8CBA8B02FB03F31A467B6B54
:10F1900013441B78FB75FA7DFB7E42FA03F3FB7583
:10F1A000FA8C3B8E13449BB2FA8B02FB03F39AB2A8
:10F1B0003B8B1344BB84BB8C5A1CBA841946FA6837
:10F1C0000A4411781A46FB681344FA7D0A43D2B206
:10F1D0001A7000237B8436E07A8C3B8B1A44FB8BBD
:10F1E000013B9A4234DABB8BFA8C02FB03F39AB2EE
:10F1F0007B8C1344BB82BB8A7A6B13441B781B0243
:10F200003B847A8CBB8B013B9A4208DABB8A013380
:10F210007A6B13441B781A463B8C13433B843A8C1D
:10F22000FB7E42FA03F33B843B8CDBB23B84BB8C1A
:10F230005A1CBA841A46FB6813443A8CD2B21A702C
:10F240007B8C01337B847A8CBB8B9A42C4D300E0E5
:10F2500000BFFB8C0133FB84FA8CBB8F9A428BD3AB
:10F2600002E000BF00E000BF2C37BD4680BC704705
:10F2700080B58CB002AFF860084611461A460346C6
:10F280007B810B463B811346FB80FA883B899A427F
:10F2900001D93B89FB803A89FB88D31A3B847B895F
:10F2A0000733DB10FB77FB7F3A8902FB03F3BB617B
:10F2B000B969F868FFF751FE0023FB843B895B08BE
:10F2C000FB8297F83030002B3CD03A8979897B89D2
:10F2D0000193002300930023F868FFF758FE0123F1
:10F2E000BB841EE07B89BA8C03FB02F2FB8A1A44C2
:10F2F0003B8992FBF3F3BB82BA8AFB8CD31A9BB295
:10F3000001339BB2F88C3A8979890193BB8C0093C5
:10F310000346F868FFF73BFEBB8AFB84BB8C0133D6
:10F32000BB84BA8C3B8C9A42DCD37B89013B98B27C
:10F330003A8979893B8C0193002300930346F8684E
:10F34000FFF799FE3B8C7B841AE07B897A8C03FB68
:10F3500002F2FB8A1A443B8992FBF3F3FB847A891D
:10F36000FB8CD31A9BB2F88C3A89798901937B8CF8
:10F3700000930346F868FFF70AFE7B8C01337B8419
:10F380007A8C3B899A42E0D300BF00BF2837BD4644
:10F3900080BD000090B587B000AF04460846114616
:10F3A0001A462346FB800346BB800B467B801346F0
:10F3B0003B80494B1B88FA889A4280F08880474BF3
:10F3C0001B88BA889A4280F082807B88002B7ED08E
:10F3D0003B88002B7BD0BB8D002B78D0BB6A002BE9
:10F3E00075D0FA887B881344013B3B4A12889342CC
:10F3F00004DD394B1A88FB88D31A7B80BA883B8896
:10F400001344013B354A1288934204DD334B1A887A
:10F41000BB88D31A3B803B887A88B988F888FFF785
:10F420008CF9BB8D0733DB103B820023FB8247E066
:10F430000023BB8200237B822CE0BA8A7B889A421D
:10F440002DD2FB8A3A8A02FB03F39AB27B8ADB084D
:10F450009BB21344FB817B8A03F00703802242FAAC
:10F4600003F37B73FB89BA6A13441A787B7B1340DE
:10F47000DBB2002B01D0BB8E00E03B8E7B817B8911
:10F480000121184600F0CCFABB8A0133BB827B8A8B
:10F4900001337B827A8ABB8D9A42CED300E000BFD3
:10F4A0007A88BB8A9A4208D97A88BB8AD31A1A46C4
:10F4B0003B8E1146184600F0B3FAFB8A0133FB82FB
:10F4C000FA8A3B889A42B3D300F0BCFA00E000BF4E
:10F4D0001C37BD4690BD00BF2C5E00202E5E002074
:10F4E00090B589B000AF0446084611461A46234637
:10F4F000FB800346BB800B467B8013463B806A4BF8
:10F500001B88FA889A4280F0CB80684B1B88BA88A7
:10F510009A4280F0C5807B88002B00F0C1803B8838
:10F52000002B00F0BD80BB8E002B00F0B9803B6B40
:10F53000002B00F0B580FA887B881344013B5A4ABF
:10F540001288934204DD584B1A88FB88D31A7B80BB
:10F55000BA883B881344013B544A1288934204DD25
:10F56000524B1A88BB88D31A3B803B887A88B9886B
:10F57000F888FFF7E2F8BB8E97F8382002FB03F318
:10F580000733DB107B820023FB8381E00023BB83F6
:10F5900097F83830012202FA03F35A1E97F83830F0
:10F5A000C3F1100302FA03F37B83FB8B7A8A02FB1D
:10F5B00003F33B8397F83830C3F11003FB75002346
:10F5C000BB8250E0BA8B7B889A4251D23B8B3A6B1C
:10F5D00013441B781A467B8B1B0A9BB213403B8259
:10F5E0003B8A1B023B823B8B01333A6B13441B78F3
:10F5F0001AB2B7F91A30DBB21BB213401AB2B7F91C
:10F60000103013431BB23B823A8AFB7D42FA03F36C
:10F610003B823B8A5B00FA6B13441B88FB81FB89AE
:10F620000121184600F0FCF97A8B97F8383042FA3D
:10F6300003F37B837B8B03F47F43002B08D17B8B0D
:10F640001B027B83FB7D0833FB753B8B01333B83C4
:10F65000FA7D97F83830D31AFB75BB8B0133BB8327
:10F66000BB8A0133BB82BA8ABB8E9A42AAD300E01E
:10F6700000BF7A88BB8B9A4207D9FB6B18887A88BF
:10F68000BB8BD31A194600F0CBF9FB8B0133FB83FC
:10F69000FA8B3B889A42FFF479AF00F0D3F900E08F
:10F6A00000BF2437BD4690BD2C5E00202E5E00209A
:10F6B00090B587B000AF0446084611461A46234667
:10F6C000FB800346BB800B467B8013467B707B88A8
:10F6D000C3F101037B6101233B617A881346DB0799
:10F6E0009B1A5B00FB600023BB6092E07B69002BF0
:10F6F00009DB7B88013B7B80FB680233FB607A6916
:10F70000FB6813447B61BB680133BB603B69023318
:10F710003B617A693B6913447B617B7803F00403A6
:10F72000002B19D0BB689AB2FB88134498B2BA88F0
:10F730007B8813449BB23A8D1946FFF7A7F8FA88E5
:10F740007B88134498B2BB689AB2BB8813449BB2BF
:10F750003A8D1946FFF79AF87B7803F00203002BE5
:10F7600019D0BB689AB2FB88134498B2BA887B88D8
:10F77000D31A9BB23A8D1946FFF788F8FA887B882E
:10F78000134498B2BB689BB2BA88D31A9BB23A8D25
:10F790001946FFF77BF87B7803F00803002B19D09C
:10F7A000FA887B88D31A98B2BB689AB2BB88134494
:10F7B0009BB23A8D1946FFF769F8BB689BB2FA888D
:10F7C000D31A98B2BA887B8813449BB23A8D1946F3
:10F7D000FFF75CF87B7803F00103002B19D0FA885F
:10F7E0007B88D31A98B2BB689BB2BA88D31A9BB2F3
:10F7F0003A8D1946FFF74AF8BB689BB2FA88D31ACC
:10F8000098B2BA887B88D31A9BB23A8D1946FFF713
:10F810003DF87B88BA689A42FFF668AF00BF00BF28
:10F820001C37BD4690BD80B485B000AF78603960AC
:10F830007B681B88FB813B681A887B681A803B6861
:10F84000FA891A8000BF1437BD4680BC704780B467
:10F8500085B000AF786039607B681B68FB813B68CE
:10F860001A687B681A60FA893B681A6000BF14370F
:10F87000BD4680BC7047000080B483B000AF034633
:10F880003960FB713B68002B68D03B681B68002B1C
:10F8900002D03B681B6800E03B4B3C4A13603B686E
:10F8A0005B68002B02D03B685B6800E0384B394A4C
:10F8B00013603B689B68002B02D03B689B6800E0AC
:10F8C000354B364A13603B68DB68002B02D03B683F
:10F8D000DB6800E0324B334A13603B681B69002B46
:10F8E00002D03B681B6900E02F4B304A13603B6835
:10F8F0009B69002B02D03B689B6900E02C4B2D4A92
:10F900001360FB79002B14D13B685B69002B02D09C
:10F910003B685B6900E0284B284A13603B68DB6961
:10F92000002B02D03B68DB6900E0254B254A1360C1
:10F9300024E03B685B69002B02D03B685B6900E018
:10F94000214B1E4A13603B68DB69002B02D03B68E9
:10F95000DB6900E01D4B1B4A13600FE0FB79002BB5
:10F9600001D1154B00E0184B144A1360FB79002BB2
:10F9700001D1134B00E0154B124A136000BF0C3746
:10F98000BD4680BC704700BFB9FC020800010020E2
:10F9900005FD020804010020E1FC02080801002026
:10F9A0007DFD02080C01002035FE02081001002038
:10F9B00059000308180100207DFF020814010020EF
:10F9C00069FB02081C01002079FE0208CBFB02083B
:10F9D00080B584B000AF0346B9607A60FB73054B15
:10F9E0001B68F87B7A68B968984700BF1037BD4636
:10F9F00080BD00BF0401002080B500AF024B1B6832
:10FA0000984700BF80BD00BF0801002080B500AF4F
:10FA1000024B1B68984700BF80BD00BF100100204B
:10FA200080B582B000AF03463960FB80044B1B6891
:10FA3000FA8839681046984700BF0837BD4680BD30
:10FA40001401002080B500AF024B1B68984700BF2F
:10FA500080BD00BF1801002080B582B000AF034612
:10FA6000FB800B46BB8013467B80054B1B687A8866
:10FA7000B988F888984700BF0837BD4680BD00BFE9
:10FA80001C01002080B500AF024B1B68984700BFE7
:10FA900080BD00BF0001002080B500AF054B1B6892
:10FAA00000220021102098470520EDF7B3FD00BF8C
:10FAB00080BD00BF0401002080B500AF054B1B686E
:10FAC00000220021112098477820EDF7A3FD00BF08
:10FAD00080BD00BF0401002080B584B000AF0346A4
:10FAE000FB71FB79002B01D0212300E02023FB7365
:10FAF000044B1B68F87B00220021984700BF103799
:10FB0000BD4680BD0401002080B584B000AF03462F
:10FB1000FB71FB79002B01D0292300E02823FB7324
:10FB2000044B1B68F87B00220021984700BF103768
:10FB3000BD4680BD0401002080B584B000AF0346FF
:10FB4000FB71FB79002B01D0392300E03823FB73D4
:10FB5000044B1B68F87B00220021984700BF103738
:10FB6000BD4680BD0401002080B584B000AF0346CF
:10FB7000FB800B46BB8013467B80FEF7A9FC034647
:10FB80001A46FB8893421CD2FEF7ACFC03461A4689
:10FB9000BB88934215D27B881B0A9BB2DBB23B73B6
:10FBA0007B88DBB27B73BB88FA88B988F888FEF75C
:10FBB00083FD07F10C03022219462C20FFF708FFF2
:10FBC00000E000BF1037BD4680BD80B584B000AFF7
:10FBD0000346FB800B46BB8013467B80FEF778FC18
:10FBE00003461A46FB88934226D2FEF77BFC034667
:10FBF0001A46BB8893421FD27B881B12DBB223F0CC
:10FC00000703DBB23B737B88DB10DBB223F003031B
:10FC1000DBB27B737B88DB00DBB2BB73BB88FA880B
:10FC2000B988F888FEF748FD07F10C03032219464E
:10FC30002C20FFF7CDFE00E000BF1037BD4680BD91
:10FC400080B500AF002210210248EEF7E2FF00BFAE
:10FC500080BD00BF000C014080B500AF0122102123
:10FC60000248EEF7D6FF00BF80BD00BF000C014088
:10FC700080B582B000AF0346FB71FB791A464FF4A2
:10FC800000710348EEF7C5FF00BF0837BD4680BDD1
:10FC9000000C014080B500AF00224FF48071054890
:10FCA000EEF7B7FF002210210248EEF7B2FF00BFC7
:10FCB00080BD00BF000C014080B500AF0020FFF701
:10FCC000D7FFC820EDF7A6FCFFF7BAFFC820EDF775
:10FCD000A1FCFFF7C1FF0120FFF7CAFF00BF80BDF5
:10FCE00080B500AF01224FF480710548EEF791FF17
:10FCF000002210210248EEF78CFF00BF80BD00BF3C
:10FD0000000C014080B586B000AF0346B9607A6050
:10FD1000FB73FFF7BFFF07F10F010A23012216480B
:10FD2000F1F73EFBFFF798FFBB68002B20D07B6804
:10FD3000002B1DD0FFF7D4FF15E07B68B3F5004F13
:10FD400028BF4FF40043FB82FA8A4FF0FF33B968B3
:10FD50000948F1F725FBFB8ABA681344BB60FB8AAC
:10FD60007A68D31A7B607B68002BE6D1FFF774FFBB
:10FD700000BF1837BD4680BD405B002080B584B011
:10FD800000AF03463960FB711346BB803B68002B14
:10FD900002D0BB88002B01D1002316E0FFF77AFFC9
:10FDA000F91D0A2301220B48F1F7FAFABA886423F5
:10FDB00039680848F1F738FC0346002B0CBF0123D3
:10FDC0000023FB73FFF748FFFB7B18461037BD4647
:10FDD00080BD00BF405B002080B483B000AF78607E
:10FDE000034B02221A7000BF0C37BD4680BC70471F
:10FDF0002001002080B584B000AF7860EDF700FCF2
:10FE000002467B681344FB6006E0094B1B78DBB2BB
:10FE1000012B01D9012306E0EDF7F2FB0246FB6856
:10FE20009342F2D8002318461037BD4680BD00BF6C
:10FE30002001002080B500AF0B4B1B78DBB2012BFB
:10FE400006D84FF4FA60FFF7D5FF0848F1F760FFD6
:10FE5000074B4FF440721A80064B00221A80024B67
:10FE600002221A7000BF80BD20010020405B0020EC
:10FE7000220100203864002080B584B000AF034622
:10FE80003960FB80FB881B12DBB223F00703FB7297
:10FE9000FB88DB10DBB223F00303BB72FB88DB00C3
:10FEA0007B720023FB6056E02E4B1B885A1C91B2DC
:10FEB0002C4A118019462C4AFB7A5354294B1B8833
:10FEC0005A1C91B2274A11801946274ABB7A5354CB
:10FED000244B1B885A1C91B2224A11801946224A8F
:10FEE0007B7A53541F4B1A88204B1B889A422FD37E
:10FEF0004FF4FA60FFF77EFF0346002B02D1FFF7B5
:10FF000099FF2CE0194B1B88B3F5407F0FD8174B96
:10FF10001B885B009AB2154B1A80154B00221A7091
:10FF20004FF4407210491348F1F740FE10E00F4BB8
:10FF30004FF440721A800B4B00221A800C4B0122A6
:10FF40001A700D4B4FF4407219460A48F1F72EFE15
:10FF5000FB680133FB60FA683B689A42A4D3103710
:10FF6000BD4680BD38640020385E0020220100209C
:10FF700020010020405B00203861002080B584B063
:10FF800000AF03463960FB800023FB6050E0FB8834
:10FF90001B0A99B22A4B1B885A1C90B2284A10801F
:10FFA0001A46C9B2274B9954254B1B885A1C91B24B
:10FFB000234A11801A46FB88D9B2224B9954204B10
:10FFC0001A88214B1B889A422FD34FF4FA60FFF70F
:10FFD00011FF0346002B02D1FFF72CFF2CE01A4B38
:10FFE0001B88B3F5407F0FD8174B1B885B009AB274
:10FFF000154B1A80154B00221A704FF440721149AC
:020000040803EF
:100000001348F1F7D3FD10E00F4B4FF440721A8004
:100010000B4B00221A800D4B01221A700D4B4FF42E
:10002000407219460A48F1F7C1FDFB680133FB60D5
:10003000FA683B689A42AAD31037BD4680BD00BF1C
:1000400038640020385E00202201002020010020BA
:10005000405B00203861002080B582B000AF4FF4D3
:10006000FA60FFF7C7FE0346002B02D1FFF7E2FE5E
:1000700028E01648F1F74CFE154B7B60154B1B88AA
:100080007B80154B1B88B3F5407F07D97B88A3F590
:1000900040737B807B6803F540737B607B88002B1B
:1000A0000CD00E4B00221A707B881A4679680748DC
:1000B000F1F77CFD4FF4FA60FFF79CFEFFF7BAFE04
:1000C000FFF7CAFD0837BD4680BD00BF405B00207A
:1000D000385E00203864002022010020200100202A
:1000E00080B586B000AFF860084611461A46034650
:1000F0007B810B463B811346FB71FB6800221A6033
:10010000FB6800221A607B89002B3DD03B89002BC5
:100110003AD0FB79002B37D0FB79082B34D8FB7908
:10012000012202FA03F3FB75FB797A8902FB03F3E0
:100130000733DB10BB82FB7D04335B003A89B98A4D
:1001400001FB02F213440121184603F063F8034651
:100150001A46FB681A60FB681B68002B16D0FB6808
:100160001B687A891A80FB681B683A895A80FB6889
:100170001B68FA795A71FB681B6800229A71FB6848
:100180001B6801221A7102E000BF00E000BFFB689B
:1001900018461837BD4680BD80B582B000AF786084
:1001A00039607A683B689A4220D07B681B68002BD4
:1001B0000AD07B681B681A79013AD2B21A711B798E
:1001C000002B01D1012300E00023002B04D07B6829
:1001D0001B68184603F042F83B681A687B681A608F
:1001E0007B681B681A790132D2B21A717B68184693
:1001F0000837BD4680BD80B582B000AF78607B68AF
:100200001B68002B16D07B681B681A79013AD2B2A2
:100210001A711B79002B14BF01230023DBB2002BC2
:100220000AD17B681B68184603F018F87B68002227
:100230001A6002E000BF00E000BF7B681846083784
:10024000BD4680BD80B487B000AF78607B681B6816
:10025000002B24D07B681B681B881A467B681B68B0
:100260005B7902FB03F30733DB107B827B8A7A68BE
:100270001268528802FB03F3FB6000237B6109E0F4
:100280007B681A687B691344073300221A707B6904
:1002900001337B617A69FB689A42F1D300E000BFC9
:1002A0001C37BD4680BC704780B586B000AFF86093
:1002B000B9601346FB71FB681B68002B2CD0F868F3
:1002C00000F0EAF83861FA79FB681B685B79194637
:1002D00001238B409A4206DDFB681B685B791A4656
:1002E00001239340FB710023FB750CE0FB7D5B0059
:1002F000BA681A44FB7D5B0039690B4412881A8086
:10030000FB7D0133FB75FA7DFB799A42EED3FB68E6
:100310001B68FA799A7100E000BF1837BD4680BDAE
:1003200080B489B000AFF860084611461A4603460B
:100330007B810B463B811346FB71FB681B68002BDE
:1003400000F0A380FB681B681B887A899A4280F0C2
:100350009E80FB681B685B883A899A4280F0978090
:10036000FB681B681B881A46FB681B685B7902FBED
:1003700003F30733DB10FB83FB681B685B791A46CA
:100380007B8902FB03F3BB833B89FA8B02FB03F3FC
:100390009AB2BB8BDB089BB213447B83FB681B6860
:1003A0005B791A46012393405A1EFB681B685B79F0
:1003B000C3F1100302FA03F33B83FA79FB681B686D
:1003C0005B79C3F1100302FA03F3FB823A8BBB8B18
:1003D00003F0070342FA03F33B83FA8ABB8B03F073
:1003E000070342FA03F3FB82FB681A687B8B134412
:1003F000DB795AB23B8B1B0A9BB25BB2DB435BB22D
:10040000134059B2FB681A687B8BC9B213440A4681
:10041000DA71FB681A687B8B1344D879FB8A1B0A54
:100420009BB2D9B2FB681A687B8B0143C9B21344F3
:100430000A46DA713B8BDBB2002B29D0FB681B68C4
:100440007A8B01327A83798B0A461344DB795AB26C
:100450003B8B5BB2DB435BB213405AB2FB681B6859
:10046000D2B20B44DA71FB681A687B8B1344DB79D8
:100470005AB2FB8A5BB2134359B2FB681A687B8B92
:10048000C9B213440A46DA7102E000BF00E000BFBF
:100490002437BD4680BC704780B485B000AF78601B
:1004A0007B681B68002B01D1002317E07B681B6869
:1004B0001B881A467B681B685B7902FB03F30733D2
:1004C000DB10FB817B681B680733FA897968096850
:1004D000498801FB02F21344BB60BB68184614371D
:1004E000BD4680BC704780B586B000AFF860084656
:1004F00011461A4603467B810B463B811346FB801F
:100500000023FB820CE07A89FB8A134499B297F8A6
:1005100020303A89F868FFF703FFFB8A0133FB823A
:10052000FA8AFB889A42EED300BF00BF1837BD4657
:1005300080BD80B489B000AFF860084611461A4605
:1005400003467B810B463B811346FB80FB681B689F
:10055000002B00F0C480FB88002B00F0C280FB68F9
:100560001B681B887A899A4200F2BB80FB681B6873
:100570005B883A899A4200F2B4803A89FB88134436
:10058000FA6812685288934205DBFB681B685A8838
:100590003B89D31AFB80FB681B681B881A46FB68E3
:1005A0001B685B7902FB03F30733DB107B83FB687B
:1005B0001B685B791A467B8902FB03F33B833B890B
:1005C0007A8B02FB03F39AB23B8BDB089BB213449A
:1005D000FB83FB681B685B791A46012393405A1E14
:1005E000FB681B685B79C3F1100302FA03F3FB821B
:1005F00097F82820FB681B685B79C3F1100302FAA7
:1006000003F3BB82FA8A3B8B03F0070342FA03F33E
:10061000FB82BA8A3B8B03F0070342FA03F3BB82E7
:100620000023BB8356E0FB681A68FB8B1344DB791D
:100630005AB2FB8A1B0A9BB25BB2DB435BB213402C
:1006400059B2FB681A68FB8BC9B213440A46DA71C7
:10065000FB681A68FB8B1344D879BB8A1B0A9BB2D0
:10066000D9B2FB681A68FB8B0143C9B213440A462E
:10067000DA71FB8ADBB2002B25D0FB681B68FA8B92
:100680000132FA83F98B0A461344DB795AB2FB8AAA
:100690005BB2DB435BB213405AB2FB681B68D2B259
:1006A0000B44DA71FB681A68FB8B1344DB795AB28E
:1006B000BB8A5BB2134359B2FB681A68FB8BC9B2A1
:1006C00013440A46DA71FA8B7B8B1344FB83BB8B92
:1006D0000133BB83BA8BFB889A42A4D302E000BFEC
:1006E00000E000BF2437BD4680BC704780B582B0B3
:1006F00000AF78607B6800229A607B6801225A779D
:100700007B68002283F848207B68012283F8492017
:100710007B680022DA837B684FF6FF721A84786860
:1007200000F07AF900BF0837BD4680BD80B582B0C1
:1007300000AF786039607B689B683A689A420BD05A
:100740007B683A689A607B682C333968184600F0F9
:1007500099F9786800F07CFA7B68012283F84920D7
:1007600000BF0837BD4680BD80B483B000AF78605D
:100770000B46FB70FB78002B06D0FB78042B03D8CC
:100780007B68FA7883F8492000BF0C37BD4680BCEF
:10079000704780B584B000AF78600B467B807B8863
:1007A0001946786800F0BFFAF860FB68002B01D1A9
:1007B000002327E0F968786800F036FB7B6803F1D6
:1007C00010027B6893F832301946104600F09EFB09
:1007D00003461A467B6883F847207B6803F11002C2
:1007E0007B6893F833301946104600F08FFB7B6826
:1007F00003F110027B6893F834301946104600F07C
:1008000085FB034618461037BD4680BD80B584B0D1
:1008100000AFF860084611461A4603467B810B4636
:100820003B811346FB80FB681B8D002B12D0FB68BD
:1008300093F936301A46FB6893F9463013449BB25D
:10084000FA6892F8492002FB03F39AB23B891344F9
:100850003B8108E0FB68DB68F868984703461A4666
:100860003B8913443B81FB883A897989F86800F019
:1008700070FB034618461037BD4680BD80B584B076
:1008800000AFF8607B600B467B8113463B81FB68C1
:1008900000225A62FB6800221A85FB683A8BDA83D1
:1008A000FB68064A1A603A8979897B68F86800F023
:1008B00009FC034618461037BD4680BDA314030843
:1008C00080B586B000AFF860B9603B601346FB802E
:1008D000BB68002B06D0FB88002B03D0BA8CFB88AA
:1008E0009A4201D3002344E097F82830002B01D02E
:1008F000224A00E0224AFB681A60FB68BA685A6222
:10090000FB68FA881A85BB8CFB8297F82030002B95
:1009100028D097F82830002B05D03968F86800F007
:1009200067F8034604E03968F86800F04DF80346BC
:10093000BB82FA88B98ABB8C0B449A4212DD97F8C5
:100940002030012B07D1FA88BB8AD31ADA0F13445F
:100950005B10FB8206E0FA88BB8AD31A9AB2BB8C82
:10096000D31AFB82F98A3B680022F86800F0AAFBE0
:10097000034618461837BD4680BD00BFCF14030894
:10098000A314030880B584B000AFF8607B600B4609
:100990007B8113463B81FB6800225A62FB68002280
:1009A0001A85FB683A8BDA83FB68064A1A603A8933
:1009B00079897B68F86800F085FB03461846103794
:1009C000BD4680BDCF14030880B582B000AF78600B
:1009D00039607B68054A1A603968786800F0F2FC73
:1009E000034618460837BD4680BD00BFA314030860
:1009F00080B582B000AF786039607B68054A1A60C4
:100A00003968786800F0DEFC034618460837BD46B2
:100A100080BD00BFCF14030880B483B000AF7860FE
:100A20007B68034ADA6000BF0C37BD4680BC704764
:100A3000C315030880B483B000AF78607B6893F976
:100A40003630DBB27A6892F8492002FB03F3DBB25E
:100A50005BB218460C37BD4680BC704780B483B08B
:100A600000AF78607B6893F94630DBB27A6892F821
:100A7000492002FB03F3DBB25BB218460C37BD46DC
:100A800080BC704780B485B000AF786039600023C7
:100A9000FB73FB7B5A1CFA731A463B6813441A78A3
:100AA0007B681A70FB7B5A1CFA731A463B68134426
:100AB0001A787B685A70FB7B5A1CFA731A463B689B
:100AC00013441A787B689A70FB7B5A1CFA731A4697
:100AD0003B6813441A787B68DA70FB7B5A1CFA7304
:100AE0001A463B6813441A787B681A71FB7B5A1CC0
:100AF000FA731A463B6813441A787B685A71FB7B79
:100B00005A1CFA731A463B6813441A787B689A7128
:100B1000FB7B5A1CFA731A463B6813441A787B68AD
:100B2000DA71FB7B5A1CFA731A463B6813441A7835
:100B30007B681A72FB7B5A1CFA731A463B68134493
:100B40001B785AB27B685A72FB7B5A1CFA731A469E
:100B50003B6813441B785AB27B689A72FB7B5A1C21
:100B6000FA731A463B6813441B785AB27B68DA72F0
:100B7000FB7B5A1CFA731A463B6813441B785AB223
:100B80007B681A73FB7B5A1CFA731A463B68134442
:100B90001B785AB27B685A73FB7B5A1CFA731A464D
:100BA0003B6813441B785AB27B689A73FB7B5A1CD0
:100BB000FA731A463B6813441B785AB27B68DA739F
:100BC000FB7B5A1CFA731A463B6813441B785AB2D3
:100BD0007B681A74FB7B3A6813441B781B021AB2B9
:100BE000FB7B013339680B441B781BB213431BB2E8
:100BF0009AB27B685A82FB7B0233FB73FB7B3A68B9
:100C000013441B781B021AB2FB7B013339680B4477
:100C10001B781BB213431BB29AB27B689A82FB7B90
:100C20000233FB73FB7B3A6813441B781B021AB236
:100C3000FB7B013339680B441B781BB213431BB297
:100C40009AB27B68DA8200BF1437BD4680BC704719
:100C500080B483B000AF78607B689B68002B5DD068
:100C60007B6893F939207B6883F845207B6893F98A
:100C70003A207B6883F846207B6893F84430002B49
:100C80004DD07B6893F84430012B1CD17B6893F9DD
:100C900045207B6893F93B309A4205DA7B6893F9EB
:100CA0003B207B6883F845207B6893F946207B686E
:100CB00093F93C309A4232DD7B6893F93C207B68A3
:100CC00083F846202BE07B6893F945301A467B6811
:100CD00093F9363019467B6893F938300B449A42C1
:100CE0000DDA7B6893F93630DAB27B6893F93830E5
:100CF000DBB21344DBB25AB27B6883F845207B68D1
:100D000093F946207B6893F938309A4207DD7B6877
:100D100093F938207B6883F8462000E000BF0C3749
:100D2000BD4680BC704780B586B000AF78600B468A
:100D30007B807B689B687B617B6917337B617B88E9
:100D4000FF2B29D87B88602B07D97B68B3F840300C
:100D50001A467B6913447B6108E07B88402B05D9E8
:100D60007B68DB8F1A467B6913447B617B690133A7
:100D70001B78002B50D07B691B781A467B889342E6
:100D800002D17B6902334BE07B6901331B781A4641
:100D90007B6913447B61E9E70023FB817B68B3F83F
:100DA00042301A467B6913447B617B693B610021B9
:100DB000386900F05CFB03461A467B6913447B618B
:100DC0000221386900F053FB0346FB813B69043381
:100DD0003B61FA897B889A42E9D37B691B78FB8166
:100DE000FB891B02FB817B6901331B781A46FB8957
:100DF0001343FB81FB89002B10D0FA897B889A4230
:100E000002D17B6903330BE07B6902331B781A46FE
:100E10007B6913447B61E0E700BF00E000BF002373
:100E200018461837BD4680BD80B584B000AF7860E5
:100E300039607B681033FB60FB683A681A60FB68B6
:100E400000221A737B6893F830301946F86800F076
:100E500013F803465AB2FB689A727B6893F83130F4
:100E60001946F86800F008F803465AB2FB68DA72CF
:100E700000BF1037BD4680BD80B485B000AF78603C
:100E80000B46FB707B681B7B7B737B681B681B7846
:100E9000BB73BA7B7B7B42FA03F3BB737B7BFB7335
:100EA000FA7BFB781344FB73FB7B072B1AD90823CF
:100EB0003B733A7B7B7BD31A3B737B681B685A1C62
:100EC0007B681A607B681B681B781A463B7B02FABA
:100ED00003F35AB297F90E3013435BB2BB73FB7B3B
:100EE000083BFB73FB784FF0FF3202FA03F3DBB2EF
:100EF000DB43DAB2BB7B1340BB737B68FA7B1A73AC
:100F0000BB7B18461437BD4680BC704780B584B0A3
:100F100000AF78600B46FB70FB7819467868FFF7E6
:100F2000ABFF0346FB730123BB73FB78013BFB70F4
:100F300097F90E20FB7802FA03F3BB73FA7BBB7BB5
:100F4000D31ADBB2FB7397F90F3018461037BD4642
:100F500080BD80B586B000AFF860084611461A46DD
:100F600003467B810B463B811346FB800023FB82BB
:100F7000FB687A899A82FB683A89DA82FB8819468B
:100F8000F868FFF7D0FE38613B69002B05D039695E
:100F9000F86800F007F80346FB82FB8A184618370A
:100FA000BD4680BD80B586B000AF786039607B6893
:100FB00010337B6139687868FFF736FF7B68DB7E2A
:100FC000FB747B6893F8323019467869FFF79EFF0F
:100FD0000346BB747B6893F8333019467869FFF792
:100FE00095FF03467B747B6893F834301946786923
:100FF000FFF78CFF03463B747B6993F90A30002BA3
:1010000054DD7B699A8897F912309BB2796891F820
:10101000491001FB03F39BB213449AB27B699A8097
:101020007B69DA8897F9131097F911300B449BB25A
:10103000796891F8491001FB03F39BB2D31A9AB275
:101040007B69DA807B6900221A727B6900225A72FE
:101050007B6893F82E3019467869FFF70DFF034639
:10106000FB737B6893F82F3019467869FFF704FF0C
:101070000346BB73FB7B00221946786800F05DF8DD
:10108000BB7B01221946786800F057F80121786986
:10109000FFF7F2FE0346002BECD17B6993F9093090
:1010A00097F913209A4200DDD2E700BF7B6893F8DE
:1010B00049303A7C02FB03F3DBB25BB218461837C7
:1010C000BD4680BD80B586B000AFF8607B600B4642
:1010D0007B8113463B81FB6800221A710023FB824F
:1010E000FB681B68F8687A681278114698470346CF
:1010F000BB82BB8A4FF6FF72934218D07B680133E4
:101100007B60BB8A4FF6FE729342E9D0BB8A3A8974
:101110007989F868FFF77AFB03467B827A897B8AB4
:1011200013447B81FA8A7B8A1344FB82D8E700BF91
:10113000FB8A18461837BD4680BD90B58BB002AF0C
:1011400078600B46FB701346BB707B6810337B6185
:10115000FB78FB777B6993F90830BB777B6993F960
:1011600009307B777B6893F84930FB747B6893F98F
:101170003630DBB2FA7C02FB03F3DBB2BB747B6973
:1011800093F90A307B747A7CBB7FD31A7B747B7CA7
:101190003B77FA7F7B7C9A4201D2FB7F3B777B696E
:1011A0009B88FB817B69DB88BB81BB7F9BB2FA7C20
:1011B00092B202FB03F39AB2FB891344FB817B7F5B
:1011C0009BB2FA7C92B202FB03F39AB2BB8913443E
:1011D000BB817B691B8B002B25D0BB78002B56D0A5
:1011E000BA8997F912309A4251DA0023FB7615E05A
:1011F0007B6958697B69198BFB7E9AB2BB89134462
:101200009CB23B7FFA7C02FB03F3DBB2FA890093CA
:10121000234600F05BF8FB7E0133FB76FA7EFB7C15
:101220009A42E5D333E00023BB762CE0BB78002B59
:1012300011D0BB7E9AB2BB89134499B23B7F9BB25B
:10124000FA7C92B202FB03F39AB27B69DB89F889DC
:10125000FDF73EFB14E07B695B7B002B10D1BB7E6E
:101260009AB2BB89134499B23B7F9BB2FA7C92B28B
:1012700002FB03F39AB27B691B8AF889FDF728FB0E
:10128000BB7E0133BB76BA7EFB7C9A42CED3FA7F1B
:101290007B7C9A4209D3FA7F7B7CD31AFB770023AD
:1012A000BB777B7F01337B7769E700BFBA7FFB7F2A
:1012B0001344BB7797F91E207B691A7297F91D209A
:1012C0007B695A7200BF2437BD4690BD80B489B097
:1012D00000AFF860084611461A4603467B810B466C
:1012E0003B811346FB8097F82830002B65D03A8964
:1012F0007B899A4261D23A8997F828301A447B89CF
:101300009A4206DD7B89DAB23B89DBB2D31A87F8D1
:1013100028307B890733DB10FB82FB88FA8A02FBCB
:1013200003F33A89D20892B21344FB613B8903F07C
:1013300007037B833CE07B8B4FF4807242FA03F31C
:10134000DBB2013B7B7697F828309AB27B8B134453
:10135000BB82BB8A072B14D8BB8A4FF4807242FA37
:1013600003F3DBB2013BFB7497F91330DB435AB252
:1013700097F9193013405BB27B76002387F8283049
:1013800008E07B8BDAB297F828301344DBB2083BD5
:1013900087F82830FB695A1CFA61FA681A441178F8
:1013A000FA6813447A7E0A43D2B21A7000237B8310
:1013B00097F82830002BBED100E000BF2437BD468F
:1013C00080BC704780B584B000AF786039607B68BE
:1013D00000229A767B6800221A710023FB81002389
:1013E000BB817B681B6878683A6812781146984719
:1013F00003467B817B894FF6FF72934213D03B6893
:1014000001333B607B894FF6FE729342E9D07B89C2
:1014100019467868FFF7BDF90346BB81FA89BB8995
:101420001344FB81DDE700BF7B6893F91A30002B82
:1014300011D0FA89BB89D31AFB817B6893F91A30E2
:101440009AB2FB891344FB817B6893F947309AB2C7
:10145000FB891344FB817B6893F849301A46FB896A
:1014600002FB03F39BB218461037BD4680BD80B423
:1014700083B000AF78600B46FB70FB787A6813444A
:101480001B781B021AB2FB78013379680B441B7876
:101490001BB213431BB29BB218460C37BD4680BC2F
:1014A000704780B483B000AF78600B46FB70FB7868
:1014B000002B02D0FB780A2B02D14FF6FF7301E01C
:1014C000FB789BB218460C37BD4680BC704780B491
:1014D00083B000AF78600B46FB70FB78002B02D026
:1014E000FB780A2B02D14FF6FF7365E07B681B790E
:1014F000002B40D1FB78FB2B07D97B6805221A71A2
:10150000FB7803F00103FB702EE0FB78F72B07D983
:101510007B6804221A71FB7803F00303FB7023E05D
:10152000FB78EF2B07D97B6803221A71FB7803F055
:101530000703FB7018E0FB78DF2B07D97B680222DA
:101540001A71FB7803F00F03FB700DE0FB78BF2BE3
:1015500007D97B6801221A71FB7803F01F03FB7027
:1015600002E0FB789BB227E0FB789AB27B68DA80D6
:101570004FF6FE7320E07B681B79013BDAB27B6893
:101580001A717B68DB889B019AB27B68DA80FB78F2
:1015900003F03F03FB707B68DA88FB789BB2134350
:1015A0009AB27B68DA807B681B79002B02D04FF6F9
:1015B000FE7301E07B68DB8818460C37BD4680BCB3
:1015C000704780B483B000AF7860002318460C37B2
:1015D000BD4680BC7047000080B500AF00221249B4
:1015E0001248FBF74AFC0346002B01D0E1F7D4FB7D
:1015F0000F490E48FBF76CFC0346002B01D0E1F7C6
:10160000CBFB0C490948FAF783FB0346002B01D0BA
:10161000E1F7C2FB0548FBF774FC0346002B01D041
:10162000E1F7BAFB00BF80BD240100203C6400202C
:10163000580000207401002080B483B000AF03463E
:101640003960FB713B6812221A80034B18460C3735
:10165000BD4680BC704700BF4001002080B483B00D
:1016600000AF03463960FB713B6804221A80034BCC
:1016700018460C37BD4680BC704700BF540100209F
:1016800080B582B000AF03463960FB71FB79002B57
:1016900005D13A6807490848FCF7A9FB04E03A6815
:1016A00004490548FCF7A3FB024B18460837BD4622
:1016B00080BD00BF006700205445030880B582B09C
:1016C00000AF03463960FB713A6804490448FCF7EF
:1016D0008EFB024B18460837BD4680BD00670020D0
:1016E0006845030880B582B000AF03463960FB71DE
:1016F0003B681A221A8000F043F8024B184608375C
:10170000BD4680BD5801002080B582B000AF0346C1
:101710003960FB71FB79002B05D13A68074908480D
:10172000FCF765FB04E03A6804490548FCF75FFBF9
:10173000024B18460837BD4680BD00BF0067002039
:101740007C45030880B582B000AF03463960FB7169
:10175000FB79002B05D13A6807490848FCF747FB9D
:1017600004E03A6804490548FCF741FB024B18467F
:101770000837BD4680BD00BF0067002088450308CC
:1017800080B584B000AF0F4B1B68FB600E4B1B682D
:10179000BB600E4B1B687B60FA687B681344FB6080
:1017A000FB68002B09D008220949F86800F014F8FA
:1017B00004220849B86800F00FF800BF1037BD4692
:1017C00080BD00BFE8F7FF1FECF7FF1FF0F7FF1F1A
:1017D0005A0100206A01002080B487B000AFF86091
:1017E000B9601346FB710023FB750023FB7527E0EE
:1017F000FB681B0F092B0BD8FB681B0FDAB2FB7DB4
:101800005B001946BB680B443032D2B21A700AE052
:10181000FB681B0FDAB2FB7D5B001946BB680B440B
:101820003732D2B21A70FB681B01FB60FB7D5B0094
:101830000133BA68134400221A70FB7D0133FB7533
:10184000FA7DFB799A42D3D300BF00BF1C37BD4657
:1018500080BC704780B582B000AF0346FB7100F0DA
:1018600047FB0346002B04D0044B01221A700023CF
:1018700000E0022318460837BD4680BD00690020FD
:1018800080B586B000AF0346B9607A60FB7300F0A4
:101890002FFB0346FB82FB8A002B08D0FA8ABB6829
:1018A0001A607B684FF480521A80002300E0022304
:1018B00018461837BD4680BD80B483B000AF0346DC
:1018C000FB71002318460C37BD4680BC704780B4BE
:1018D00083B000AF0346FB71002318460C37BD46AA
:1018E00080BC704780B586B000AFB9607A601A4698
:1018F0000346FB731346BB810023FB757B6818030B
:10190000BB891B039BB21A46B96800F043FB034630
:10191000002B01D00223FB7597F9173018461837B2
:10192000BD4680BD80B586B000AFB9607A601A460A
:101930000346FB731346BB810023FB757B681803CA
:10194000BB891B039BB21A46B96800F095FB03469E
:10195000002B01D00223FB7597F917301846183772
:10196000BD4680BD80B400AF00231846BD4680BC94
:101970007047000080B584B000AF78607B681B685A
:101980000D4A934213D10D4BDB690C4A43F400031B
:10199000D3610A4BDB6903F40003FB60FB680022A0
:1019A00000211420ECF7D7FB1420ECF7F0FB00BF6C
:1019B0001037BD4680BD00BF005C004000100240F3
:1019C00080B582B000AF78607B68D3F8D4227B68A2
:1019D00003F5267319461046FBF7DBFA00BF0837FC
:1019E000BD4680BD80B582B000AF78600B46FB700D
:1019F0007B68D3F8D402FA78796813469B001344C5
:101A0000DB000B4403F5B2731A68FB781946FBF749
:101A10000DFB00BF0837BD4680BD80B582B000AF6A
:101A200078600B46FB707B68D3F8D402FA7879684B
:101A300013469B001344DB000B4424331A68FB78E5
:101A40001946FBF764FB00BF0837BD4680BD80B573
:101A500082B000AF78607B68D3F8D4321846FBF7C9
:101A600074FC00BF0837BD4680BD80B584B000AFB0
:101A700078600123FB737B689B79022B01D0E1F72F
:101A80008BF97B68D3F8D432FA7B11461846FBF702
:101A900024FC7B68D3F8D4321846FBF7DDFB00BF8B
:101AA0001037BD4680BD000080B582B000AF7860C1
:101AB0007B68D3F8D4321846FBF71EFC7B689B7A10
:101AC000002B05D0044B1B69034A43F00603136146
:101AD00000BF0837BD4680BD00ED00E080B582B094
:101AE00000AF78607B68D3F8D4321846FBF718FC57
:101AF00000BF0837BD4680BD80B582B000AF7860BA
:101B0000234A7B68C2F8D4327B68214AC3F8C022DA
:101B10001F4B204A1A601E4B08221A711C4B0222CE
:101B20009A711B4B00229A72194B0022DA72184BE1
:101B300000221A731648EDF784F80346002B01D0F3
:101B4000E1F72AF97B68D3F8C002182300220021AC
:101B5000EEF7C2FD7B68D3F8C00258230022802133
:101B6000EEF7BAFD7B68D3F8C002982300228121EA
:101B7000EEF7B2FD7B68D3F8C002D8230022012122
:101B8000EEF7AAFD002318460837BD4680BD00BF0A
:101B900004690020005C004080B584B000AF78602C
:101BA0000023FB730023BB737B68D3F8C032184655
:101BB000EDF73DF90346FB73FB7B184600F06CF92B
:101BC0000346BB73BB7B18461037BD4680BD80B54E
:101BD00084B000AF7860084611461A460346FB7091
:101BE0000B46BB7013463B800023FB730023BB7383
:101BF0007B68D3F8C002BB783A88F978EDF791FAA0
:101C00000346FB73FB7B184600F046F90346BB73A3
:101C1000BB7B18461037BD4680BD80B584B000AF91
:101C200078600B46FB700023FB730023BB737B685B
:101C3000D3F8C032FA7811461846EDF7CFFA0346CA
:101C4000FB73FB7B184600F027F90346BB73BB7B95
:101C500018461037BD4680BD80B584B000AF7860AF
:101C60000B46FB700023FB730023BB737B68D3F828
:101C7000C032FA7811461846EDF72BFC0346FB7389
:101C8000FB7B184600F008F90346BB73BB7B184684
:101C90001037BD4680BD80B584B000AF78600B467C
:101CA000FB700023FB730023BB737B68D3F8C03247
:101CB000FA7811461846EDF758FB0346FB73FB7B99
:101CC000184600F0E9F80346BB73BB7B1846103793
:101CD000BD4680BD80B584B000AF78600B46FB7018
:101CE0000023FB730023BB737B68D3F8C032FA7800
:101CF00011461846EDF799FB0346FB73FB7B18462C
:101D000000F0CAF80346BB73BB7B18461037BD46CC
:101D100080BD80B485B000AF78600B46FB707B68F7
:101D2000D3F8C032FB6097F90330002B0BDAFB7855
:101D300003F07F02F96813469B001344DB000B4459
:101D400012331B780BE0FB7803F07F02F96813462F
:101D50009B001344DB000B4403F5A9731B78184662
:101D60001437BD4680BC704780B584B000AF786042
:101D70000B46FB700023FB730023BB737B68D3F817
:101D8000C032FA7811461846EDF7A7F90346FB73FF
:101D9000FB7B184600F080F80346BB73BB7B1846FC
:101DA0001037BD4680BD80B586B000AFF8607A6060
:101DB0001A460B46FB7213463B810023FB7500233A
:101DC000BB75FB68D3F8C0023B89F97A7A68EDF7F6
:101DD00095FA0346FB75FB7D184600F05DF8034657
:101DE000BB75BB7D18461837BD4680BD80B586B033
:101DF00000AFF8607A601A460B46FB7213463B81CF
:101E00000023FB750023BB75FB68D3F8C0023B8938
:101E1000F97A7A68EDF72AFA0346FB75FB7D1846D6
:101E200000F03AF80346BB75BB7D18461837BD462F
:101E300080BD80B582B000AF78600B46FB707B68D8
:101E4000D3F8C032FA7811461846EDF740FA034647
:101E500018460837BD4680BD80B483B000AF7860B7
:101E6000024B18460C37BD4680BC7047DC6B002027
:101E700080B483B000AF786000BF0C37BD4680BC33
:101E8000704780B483B000AF78600B46FB7000BF32
:101E90000C37BD4680BC704780B485B000AF0346A8
:101EA000FB710023FB73FB79032B17D801A252F8B7
:101EB00023F000BFC51E0308CB1E0308D11E030874
:101EC000D71E03080023FB730BE00223FB7308E01B
:101ED0000123FB7305E00223FB7302E00223FB7383
:101EE00000BFFB7B18461437BD4680BC704700BF5F
:101EF00080B582B000AF144B1B88002B1ED100F0C0
:101F0000FBF978607B6803F47F03B3F56F0F15D19D
:101F10007B6803F45F43B3F5804F0FD17B68FB70A0
:101F2000FB78102B0AD9FB78A12B07D8FB780C3B48
:101F3000012202FA03F39AB2034B1A80024B1B8868
:101F400018460837BD4680BD4C7C002080B500AFE8
:101F500000F04AFB6420EBF75DFBFFF7C9FF034687
:101F6000002B0BD0062000F03BFA502000F038FA8E
:101F70006420EBF74FFB002000F0ECF9044B1B88CA
:101F8000002B14BF01230023DBB2184680BD00BF25
:101F90004C7C002080B586B000AFF860B960134675
:101FA000FB80334B1B881A46FB681B0B9A4201D2FD
:101FB000032359E0FB88002B01D1022354E04FF4A6
:101FC0007A7000F0CDFA034683F00103DBB2002BF8
:101FD00001D0082348E00523FB750B233B74FB6805
:101FE0001B0CDBB27B74FB681B0ADBB2BB74FB68A7
:101FF000DBB2FB7400233B7500237B751C4B1B88F5
:10200000B3F5005F12D3FB681B0EDBB27B74FB6879
:102010001B0CDBB2BB74FB681B0ADBB2FB74FB68F6
:10202000DBB23B7500237B750623FB750623BB756E
:1020300000F0CEFAFB7D9AB207F1100164230D483F
:10204000EFF7AEF90346002B0BD1FA884FF47A7301
:10205000B9680848EFF7E8FA0346002B01D10023DE
:10206000BB7500F0C1FABB7D18461837BD4680BD70
:102070004C7C0020E85A002080B586B000AFF860A4
:10208000B9601346FB80FB68DBB2002B01D0012353
:1020900077E0FB88FF2B03D9FB88DBB2002B01D054
:1020A00002236EE0394B1B881A46FB681B0B9A42D1
:1020B00001D2032365E04FF47A7000F051FA034631
:1020C00083F00103DBB2002B01D0082359E000F0BC
:1020D000AFF8034683F00103DBB2002B01D00723E6
:1020E0004FE0FB68C3F30B03002B13D1F86800F03B
:1020F000C3F8034683F00103DBB2002B0AD0F86873
:1021000000F0F0F9034683F00103DBB2002B01D0AD
:10211000042336E041F2883000F022FA034683F0CF
:102120000103DBB2002B01D008232AE00023FB824D
:1021300022E0FB8ABA6813441946F86800F06CF98B
:10214000034683F00103DBB2002B01D0052318E026
:10215000FB6803F58073FB604FF47A7000F000FABF
:10216000034683F00103DBB2002B01D0082308E013
:10217000FB8A03F58073FB82FA8AFB889A42D8D3E4
:10218000002318461837BD4680BD00BF4C7C002098
:1021900080B584B000AF03460A46FB801346BB807F
:1021A000BB88002B01D102233CE0204B1B88194641
:1021B000FA88BB881344994201DA032332E041F2E2
:1021C000883000F0CDF9034683F00103DBB2002B29
:1021D00001D0082326E00023FB811EE0FA88FB895A
:1021E00013441B03BB60B86800F07CF9034683F01E
:1021F0000103DBB2002B01D0042313E041F288304D
:1022000000F0AEF9034683F00103DBB2002B01D0EE
:10221000082307E0FB890133FB81FA89BB889A42D6
:10222000DCD3002318461037BD4680BD4C7C00200F
:1022300080B582B000AF012000F08CF80346FB802F
:10224000FB8803F00203002B0AD1062000F0C8F837
:102250000346002B04D0012000F07CF80346FB80ED
:10226000FB8803F00203002B14BF01230023DBB221
:1022700018460837BD4680BD80B58CB000AF786089
:102280007B6823F47F6323F00F037B600023FB85CF
:1022900029E007F10C03202219467868FFF77AFE3F
:1022A0000346002B17D1002387F82D300EE097F856
:1022B0002D3030333B4413F8243CFF2B01D0002356
:1022C00015E097F82D30013387F82D3097F82D3031
:1022D0001F2BECD901E0002309E07B6820337B60F1
:1022E000FB8D0133FB85FB8D7F2BD2D90123184653
:1022F0003037BD4680BD000080B582B000AF9F235F
:10230000FB7000237B6000F063F9F91C6423012259
:102310000F48EFF745F80346002B11D139464FF42B
:102320007A7303220A48EFF77FF90346002B07D19F
:102330003B781A047B781B021343BA7813437B6003
:1023400000F052F97B6818460837BD4680BD00BFD3
:10235000E85A002080B586B002AF0346FB714AF20E
:102360000553BB8100233B8100F032F90023FB8140
:1023700007F1080207F10C016423009302231748B8
:10238000EFF76BFA0346002B20D17B7AFB81FB79B8
:1023900083F00103DBB2002B18D035233B73A52358
:1023A0007B7307F1080207F10C01642300930223F9
:1023B0000A48EFF752FA0346002B07D17B7A1B023B
:1023C0001AB2B7F90E3013431BB2FB8100F00CF9BF
:1023D000FB8918461037BD4680BD00BFE85A002073
:1023E00080B584B000AF0346FB7100F0F1F8F91D31
:1023F0000A2301220748EEF7D3FF0346002B0CBF48
:1024000001230023FB7300F0EFF8FB7B1846103725
:10241000BD4680BDE85A002080B584B000AF78602A
:1024200039607B6823F0FF037B600023FB73FFF7B9
:10243000FFFE034683F00103DBB2002B01D0002333
:1024400047E002233B727B681B0CDBB27B727B682C
:102450001B0ADBB2BB720023FB7200233B73042315
:10246000BB731E4B1B88B3F5005F0FD37B681B0E3D
:10247000DBB27B727B681B0CDBB2BB727B681B0A16
:10248000DBB2FB7200233B730523BB7300F0A0F8A3
:10249000BB7B9AB207F1080164231148EEF780FF75
:1024A0000346002B12D14FF47A734FF480723968CF
:1024B0000B48EEF775FF0346002B07D100F094F8A8
:1024C0004FF47A7000F04CF80346FB7300F08CF880
:1024D000FB7B18461037BD4680BD00BF4C7C0020FA
:1024E000E85A002080B584B000AF7860FFF7A0FE06
:1024F000034683F00103DBB2002B01D0002328E068
:1025000020233B737B681B0CDBB27B737B681B0A4D
:10251000DBB223F00F03DBB2BB730023FB7300F0CD
:1025200057F807F10C01642304220C48EEF738FF3A
:102530000346002B0AD100F057F842F2107000F069
:102540000FF80346002B01D0012302E000F04CF805
:10255000002318461037BD4680BD00BFE85A002052
:1025600080B588B002AF7860EBF74AF802467B6826
:1025700013447B6105233B820023BB8100F028F8D4
:1025800007F10C0207F110016423009302230F48A6
:10259000EFF763F90346002B03D000F025F8002382
:1025A0000FE000F021F87B7B03F00103002B07D044
:1025B000EBF726F802467B699342DFD8002300E060
:1025C000012318461837BD4680BD00BFE85A0020D9
:1025D00080B500AF00224FF480510248ECF719FBA0
:1025E00000BF80BD000C014080B500AF01224FF458
:1025F00080510248ECF70DFB00BF80BD000C01408C
:1026000000F038BB012838BF012010B50446204631
:1026100000F01CFE00B110BD00F02EFB08B900F068
:10262000F1FD8047F3E770477047704708B500F049
:10263000E9FD08B500F0E6FD08B500F0E3FD08B5DA
:1026400000F0E0FD0FB408B500F0DCFD0AB100F0C9
:10265000C9BF70470AB100F0D7BE1046704750F8A6
:10266000083B1B1A584258417047000008B50B68D8
:10267000B3F1804F02D30D48FFF7E1FF93420BD92E
:10268000B3EB420F4FEA420006D2B0F1804F2ABFAF
:102690006FF0404308600B600868013001D5FFF718
:1026A000C5FFBDE80840FFF7ADBF00BF585F030896
:1026B00010B50446FFF7D3FF20B92068BDE81040ED
:1026C00000F0D8BA10BD000008B5034608465B68A4
:1026D0001146984203D902460148FFF7B3FF08BDEF
:1026E000705F0308406801F180410139091A914285
:1026F00008B502D21846FFF7A2FF08BD03688B4257
:1027000006D842681344994294BF002001207047C4
:1027100001207047012A10B403D10A7810BC02705E
:10272000704710BCFFF792BF012A30B403D10B7879
:10273000037030BC7047002AFBD030BC00F074BE80
:1027400008B5521AFFF7E6FF08BD08B5521AFFF7A1
:10275000E1FF08BD00F1080202600022426002723F
:10276000704700F108020260002242600272704766
:10277000F8B500F108070760054608460C46FFF764
:102780006EFF04F10806626860B1314638460132D6
:10279000FFF75CFF636828466B60002323722660A6
:1027A0006360F8BD23682B60A368AB60F2E710B5E7
:1027B0000446FFF77DFF204610BDF8B50C460546E0
:1027C000FFF74DFF06462046FFF749FF90B1A542AF
:1027D0000AD062681AB121682868FFF79BFF0021C0
:1027E00063682A686B60D1540023226863601370A9
:1027F0002846F8BD0EB92868AF6823682B60636867
:102800006B60A368AB6010B12060A760ECE704F1D7
:1028100008032360E8E7406870474068704710B5D8
:102820000446FFF71CFF08B9A06810BD0F20FCE7A5
:102830008842F7B504460E461DD04D68FFF7EFFFFE
:10284000A842024611D201A920460195FFF70EFFCA
:1028500007462046FFF72CFF019B2760A3602A460E
:1028600031682068FFF756FF01E0002DF7D1002204
:10287000236865605A5503B0F0BD10B50446FFF7F4
:10288000D7FF204610BD2DE9F3470A9E1F46436837
:1028900001EB0208B21A1A4404460D46A3EB0809DC
:1028A0000192FFF7BCFF01A902462046FFF7DEFEBA
:1028B00082461DB12A462168FFF72CFF37B12EB1A1
:1028C000324639460AEB0500FFF724FFB9F1000F45
:1028D00007D0216835444A4641440AEB0500FFF71A
:1028E00019FF2046FFF7E4FE019BC4F800A0A36097
:1028F00002B0BDE8F08737B504460191FFF78FFFBE
:10290000019B024683420FD901A92046FFF7AEFE84
:102910000546626821680132FFF7FCFE2046FFF79A
:10292000C7FE019B2560A36003B030BD0023026891
:102930004360137070474068B0FA80F040097047F8
:102940002DE9F04F1446804685B00E9D89462A46F3
:1029500021461F46374BFFF7C5FED8F804304046E6
:10296000A5EB040B03EB0B0A0393FFF758FF50454D
:1029700054D3D8F80060039B4E443946A1444046E6
:10298000A3EB0909FFF7BAFE80B1B9F1000F06D039
:10299000AC4204D04A4631197019FFF7C5FE15B391
:1029A0002A4639463046FFF7B5FE1CE035B1AC4249
:1029B0003CD32A4639463046FFF7B6FEB9F1000F40
:1029C00011D0AC420FD04A4631197019FFF7ACFE56
:1029D000AC4208D234447B199C420FD32A46394674
:1029E0003046FFF7A1FE00224046D8F80030C8F874
:1029F00004A003F80A2005B0BDE8F08FBC4203D85C
:102A00002A4607EB0B01CDE7E41B22463946304648
:102A1000FFF78AFE2A1B71193019C4E73B4622468C
:102A2000494640460095FFF72EFFDCE7B9F1000F5D
:102A3000D0D0C8E7BD5F0308F7B504460F4615467A
:102A4000084A1E46FFF740FE6268089BD21BAA4256
:102A50000146009328BF2A4633462046FFF770FF01
:102A600003B0F0BDA75F030807B553680093136870
:102A70000022FFF7E1FF03B05DF804FB73B50546E4
:102A8000104614460E46CDF7CFFB23460090002299
:102A900031462846FFF7D0FF02B070BD2DE9F34163
:102AA000D0F80480044602EB08070E461546FFF7EF
:102AB000B6FEB8420ED32DB120682A4631464044B6
:102AC000FFF728FE0022204623686760DA5502B02F
:102AD000BDE8F08133460022414620460095FFF7CD
:102AE000D2FEEFE770B504460D4616460021044BB2
:102AF000FFF7F8FD324629462046FFF7CFFF70BDAD
:102B0000D65F030808B5D1E90012FFF7EBFF08BD57
:102B100008B5FFF7F7FF08BD70B5044608460D4637
:102B2000CDF782FB0646024600212046044BFFF704
:102B3000D9FD324629462046FFF7B0FF70BD00BFE1
:102B4000D65F030808B5FFF7E7FF08BD00687047C8
:102B5000704738B545684C682A46A54228BF2246CA
:102B600009680068FFF776FD00B9281B38BDF8B585
:102B70004768054608460E46CDF756FB8742044691
:102B80003A46314628BF02462868FFF763FD00B980
:102B9000381BF8BD73B5531A0F2B04460D46164665
:102BA000019306D9002201A9FFF760FD019B206077
:102BB000A360324629462068FFF7C2FD0021019B31
:102BC00022686360D15402B070BD10B5044600F1B4
:102BD00008020260D1E900124FF000030A44FFF737
:102BE000D9FF204610BD73B5531A0F2B04460D466E
:102BF0001646019306D9002201A9FFF737FD019B74
:102C00002060A360324629462068FFF79EFD002120
:102C1000019B22686360D15402B070BD00F10803CB
:102C200010B50446036019B912B10548FFF704FD59
:102C300020464FF000030A44FFF7D5FF204610BDA1
:102C4000EB5F030838B500F1080304460D46036046
:102C500011B90748FFF7F0FC0846CDF7E5FA4FF049
:102C600000032A1829462046FFF7BDFF204638BD3D
:102C7000EB5F030800F0F2BA024B1868BFF35B8FFA
:102C8000704700BF507C0020F8B506460F4600F0A4
:102C90004BF8324604460D463B4630463946CDF7A2
:102CA00021FF90B90022002330463946CDF7F2FECD
:102CB00058B100F055FC2123002203600023104688
:102CC0001946CDF79FFD04460D4620462946F8BD1E
:102CD00038B5044600F068F9214605462046CEF78F
:102CE00083FA70B900212046CEF774FA48B9002162
:102CF0002046CEF747FA30B100F032FC2223064DD1
:102D00000360284638BD00F02BFC212303600348F4
:102D1000BDE8384000F004B8000080FF22600308DE
:102D2000004870470000C07F674A2DE9F84F8A438A
:102D300006460F460B4604460ED10246CDF738FC38
:102D400002460B4630463946CDF77CFA06460F461A
:102D500030463946BDE8F88F00290CDC21F00042EE
:102D60000243F5D089B10246CDF76AFA02460B4616
:102D7000CDF748FDEAE70A1515D1002109E0E30A7D
:102D8000153A6405002BFAD0F7E70A46FAE75B002C
:102D90000131D802FBD5481E121AC1F1200024FAD5
:102DA00000F003438C400026A2F2FF371621D20721
:102DB0004FF400103246C3F3130343F480135CBF97
:102DC0005B0003EBD4734FEA430358BF640003EB8B
:102DD000D4737F10640015189D42DEBF2A185B1B58
:102DE0003618E50F013905EB43034FEA44044FEA77
:102DF0005000F0D10D464FF0200A4FF000409A42AB
:102E000001EB000C02DB13D1A44511D8BCF1000F7B
:102E10000CEB000142DA002940DB02F1010E9B1AA3
:102E20007246A44588BF03F1FF33A4EB0C040544AC
:102E30004FEAD47CBAF1010A0CEB43034FEA440495
:102E40004FEA5000DBD11C431AD0204CDFF880B091
:102E5000D4E90001DBE90023CDF7F2F9D4E90089D8
:102E600002460B4640464946CDF71EFE40B1D4E926
:102E70000001DBE90023B5F1FF3F11D155460136D2
:102E800072106B08F10702F17F5202F5001248BF81
:102E900043F00043184602EB075157E79646BEE75A
:102EA000CDF7D0F9D4E9008902460B4640464946A1
:102EB000CDF7F0FD20B1A81C08BF01360235DFE7D1
:102EC0006B1C23F00105DBE70000F07FA001002070
:102ED00098010020F8B5C1F30A57A7F2FF32132A70
:102EE00004460D460B461ADC002A0BDA01F00043BB
:102EF000013204BF43F07F5343F4401300221D46C8
:102F0000144616E0154810410140214311D04FF4FA
:102F1000002141FA02F2134423EA0003EEE7332AC8
:102F20000ADDB2F5806F04D10246CDF78BF9044675
:102F30000D4620462946F8BD4FF0FF30A7F2134753
:102F4000F8402042F5D0C2F1330101228A40121923
:102F500028BF013322EA0002D1E700BFFFFF0F00C4
:102F6000C0F3C7537F3B162B014610B514DC002B72
:102F700007DA013300F0004101D141F07E510846EB
:102F800010BD084A1A410242F9D04FF4800119419C
:102F9000014421EA0201F2E7802BF0D1CDF756FE81
:102FA0000146ECE7FFFF7F0030F0004201462DE9CB
:102FB000F84F06D100214FF04C40CEF703F8BDE8A2
:102FC000F88F0028044603DACDF73EFE0021F4E72F
:102FD000B0F1FF4F02DBCDF739FEF0E7B0F5000F9F
:102FE00035DA4FF09841CDF739FF6FF018030446FA
:102FF000E7157F3F1F44764BC4F31604234403F4C4
:10300000000080F07E504FF07E51204307EBD357F5
:10301000CDF71AFE6F4B04F10F0213400646002B4A
:1030200043D10021CEF7AEF898B1002F00F0CD804B
:103030003846CDF7BFFE68490546CDF70FFF674913
:1030400004462846CDF70AFF01462046C3E7002381
:10305000CEE763493046CDF701FF01464FF07C5083
:10306000CDF7F2FD314604463046CDF7F7FE014676
:103070002046CDF7F3FE04460FB9214678E03846E6
:10308000CDF798FE54490746CDF7E8FE0546384689
:103090005249CDF7E3FE01462046CDF7D5FD314636
:1030A000CDF7D2FD0146284679E04FF08041CDF7BB
:1030B000CDFD01463046CDF785FF81463846CDF738
:1030C00079FE494680464846CDF7C8FE014682460D
:1030D000CDF7C4FE05464349CDF7C0FE4249CDF7C2
:1030E000B5FD2946CDF7BAFE4049CDF7AFFD2946DB
:1030F000CDF7B4FE3E49CDF7A9FD5146CDF7AEFE62
:103100003C4982462846CDF7A9FE3B49CDF79EFDB6
:103110002946CDF7A3FE3949CDF798FD2946CDF7CD
:103120009DFE01465046CDF791FDDFF8D4B005462F
:10313000A344C4F5571404F5227444EA0B04002C8C
:1031400030DD4FF07C513046CDF788FE3146CDF76B
:1031500085FE014604462846CDF778FD4946CDF761
:103160007DFE054637B901462046CDF76DFD014687
:10317000304614E018494046CDF770FE174907461F
:103180004046CDF76BFE2946CDF760FD014620464F
:10319000CDF75AFD3146CDF757FD01463846CDF7FC
:1031A00053FD0CE701463046CDF74EFD4946CDF7BD
:1031B00055FE0446002F3FF460AF07494046CDF767
:1031C0004DFE06490546404663E70020F7E600BF8E
:1031D00020FB4A00F0FF7F008071313FD1F71737A5
:1031E000ABAAAA3E9788173E25333A3E2549923E20
:1031F000ABAA2A3F4FD01C3E298E633ECDCCCC3E9D
:10320000305CCFFF062008B500F07EF90120E8F71A
:1032100092FA0000024B0A460146186800F002B814
:10322000A801002070B5A1FB02543CB9294600F06A
:103230003FF8064628B90026304670BD0C220260D1
:10324000F9E72A46214600F009F9F5E7024B014665
:10325000186800F02DB800BFA8010020024B0146FD
:10326000186800F0CDB900BFA801002070B50F4E5E
:103270000C463168054611B900F062F9306021460C
:10328000284600F05DF9431C03D14FF0FF3420467F
:1032900070BDC41C24F00304A042F8D0211A2846B3
:1032A00000F04EF90130F2D1EFE700BF547C00206E
:1032B0002DE9F843CD1C25F0030508350C2D38BF4A
:1032C0000C25002D064601DBA94204D90C233360EE
:1032D0000020BDE8F883DFF8D48000F069F8D8F862
:1032E00000301C4644BB29463046FFF7BFFF431C55
:1032F000044658D1D8F800402746002F43D1002C6F
:103300004BD023683946304604EB030900F018F926
:10331000814542D1216830466D1A2946FFF7A6FF44
:1033200001303AD023682B442360D8F800305A6823
:1033300062BBC8F800700FE02268521B20D40B2A31
:1033400017D96119A342256018BF5960636808BF87
:10335000C8F8001062514B60304600F02FF804F1BD
:103360000B00231D20F00700C21A1CBF1B1AA3501C
:10337000AFE76268A3420CBFC8F800205A60EBE7D1
:1033800023466468AEE73C467F68B6E71A465B684A
:10339000A342FBD100235360DEE70C2330463360A9
:1033A00000F00CF894E70560D6E700BF587C0020D9
:1033B000014800F0FFB800BF987D0020014800F0F0
:1033C000FAB800BF987D00200EB46FF0004100B540
:1033D0009CB01DAB029006900791049108480949E2
:1033E00053F8042B0591006802A9019300F0ACF991
:1033F0000022029B1A701CB05DF804EB03B070470A
:10340000A80100200802FFFF10B5013902449042D4
:1034100001D1002005E0037811F8014FA34201D04B
:10342000181B10BD0130F2E7884210B501EB020411
:1034300002D98442234607D8431EA14208D011F87E
:10344000012B03F8012FF8E7014602448A4200D11C
:1034500010BD13F8014D02F8014DF7E70346024491
:10346000934200D1704703F8011BF9E710B56AB128
:103470000139841810F8012B11F8013F9A4203D149
:10348000A04201D0002AF5D1D01A10BD1046FCE7A9
:10349000034610B5013932B111F8014F013A03F872
:1034A000014B002CF7D100211A44934200D110BDEA
:1034B00003F8011BF9E71F2938B505460C4604D966
:1034C000162303604FF0FF3038BDC26B12B152F8C3
:1034D00021304BB9284600F031F8224601462846F3
:1034E000BDE8384000F018B8012B0AD0591C03D1B0
:1034F000162303600120E7E70021204642F824104C
:1035000098470020E0E70000024B01461868FFF7EB
:10351000D2BF00BFA801002038B50023064D0446E5
:10352000084611462B60E8F7F6F8431C02D12B68D9
:1035300003B1236038BD00BF947D0020E8F7E4B8F4
:1035400038B50023054D044608462B60E8F7FEF821
:10355000431C02D12B6803B1236038BD947D002049
:10356000014B1868704700BFA801002070B5002605
:103570000C4D0D4C641BA410A64209D100F0A8FB11
:1035800000260A4D0A4C641BA410A64205D170BD4A
:1035900055F8043B98470136EEE755F8043B984749
:1035A0000136F2E7586003085860030858600308C2
:1035B0006060030870477047034611F8012B03F859
:1035C000012B002AF9D17047034610B5C9B2024455
:1035D0009342184601D1002003E0047801338C4265
:1035E000F6D110BD0A44914200F1FF3300D170477B
:1035F00010B511F8014B914203F8014FF9D110BDFC
:1036000038B50546002940D051F8043C0C1F002B6A
:10361000B8BFE418FFF7CCFE1C4A136833B96360E7
:1036200014602846BDE83840FFF7C8BEA34208D959
:10363000206821188B4201BF19685B680918216056
:10364000EDE71A465B680BB1A342FAD9116850182E
:10365000A0420BD120680144501883421160E0D190
:1036600018685B68084410605360DAE702D90C23DD
:103670002B60D6E7206821188B4201BF19685B6870
:103680000918216063605460CBE738BD587C002086
:103690002DE9F0471F468E688246BE420C46904692
:1036A0000B682DD8B1F90C2012F4906F26D0656903
:1036B000096905EB4505A3EB010905EBD5757B1CF5
:1036C0004B446D109D4238BF1D46530527D52946F2
:1036D000FFF7EEFD064660B34A462169FFF782FF19
:1036E000A38923F4906343F08003A38126614E44B1
:1036F00026603E466561A5EB0905A560BE4200D97E
:103700003E46324641462068FFF78EFE0020A36801
:103710009B1BA360236833442360BDE8F0872A46DF
:1037200000F0A0FA06460028E0D150462169FFF7D4
:1037300067FF0C23CAF80030A3894FF0FF3043F035
:103740004003A381E9E700002DE9F04F98468B89FB
:1037500007461B060D4614469DB010D50B6973B97C
:103760004021FFF7A5FD2860286130B90C233B609C
:103770004FF0FF301DB0BDE8F08F40236B61002398
:10378000099320238DF8293030234FF00109CDF81B
:103790000C80DFF898818DF82A3023469A4613F87A
:1037A000012B0AB1252AF9D1BAEB040B0BD05B46E9
:1037B000224629463846FFF76BFF013000F0A7800C
:1037C000099A5A4409929AF80030002B00F09F8021
:1037D00000234FF0FF32CDE905230AF1010A0493DB
:1037E00007938DF853301A935446052214F8011BA1
:1037F0004E48FFF7E9FE049AD8B9D00644BF20230B
:103800008DF85330110744BF2B238DF853309AF8AD
:1038100000302A2B15D0544600204FF00A0C079A8E
:10382000214611F8013B303B092B4BD9B0B107922F
:1038300014E0A0EB080309FA03F31343A246049330
:10384000D2E7039B191D1B680391002BBBBF5B4292
:1038500042F0020207930793B8BF049223782E2BFD
:103860000AD163782A2B32D1039B02341A1D1B68BC
:10387000039243EAE3730593DFF8B4A003225046B2
:103880002178FFF7A1FE38B14022049BA0EB0A008B
:10389000824013430134049314F8011B0622254887
:1038A0008DF82810FFF790FE002836D0224B1BBB66
:1038B000039B073323F0070308330393099B334427
:1038C00009936AE70C4601200CFB0232A8E70023AB
:1038D0004FF00A0C194601340593204610F8012BCD
:1038E000303A092A03D9002BC6D00591C4E7044613
:1038F00001230CFB0121F0E703AB00932A46384675
:103900000E4B04A9AFF30080421C0646D6D1AB890A
:103910005B063FF52DAF09982CE703AB00932A46D1
:103920003846064B04A900F07DF8EDE71D6003085A
:103930002360030827600308000000009136030895
:103940002DE9F047164698468A680B690746934268
:10395000B8BF1346336091F843200C46DDF8209041
:103960000AB1013333602368990642BF33680233DA
:103970003360256815F0060506D104F1190AE368DD
:1039800032689B1AAB422BDC94F843302268003B30
:1039900018BF0123920630D44146384604F1430251
:1039A000C847013023D02368226903F00603042BA3
:1039B00014BF002533684FF0000608BFE56804F126
:1039C0001A0408BFED1A54F8123C08BF25EAE57541
:1039D0009342C4BF9B1AED18B5421AD1002008E0EB
:1039E0000123524641463846C847013003D14FF0C3
:1039F000FF30BDE8F0870135C1E73020E11881F8DC
:103A000043005A1C94F845102244023382F84310B4
:103A1000C2E70123224641463846C8470130E6D076
:103A20000136D9E72DE9FF470F7E9146782F804672
:103A30000C469A460C9E01F1430207D8622F0AD821
:103A4000002F00F0D380582F00F0BA8004F1420616
:103A500084F842703AE0A7F16303152BF6D801A170
:103A600051F823F0BD3A0308D13A03084D3A030850
:103A70004D3A03084D3A03084D3A0308D13A03087A
:103A80004D3A03084D3A03084D3A03084D3A0308EE
:103A9000D33B0308FB3A03088D3B03084D3A030868
:103AA0004D3A0308F53B03084D3A0308FB3A030877
:103AB0004D3A03084D3A0308953B030833681A1D35
:103AC0001B68326004F1420684F8423001239EE014
:103AD00033682068191D3160060601D51D6803E0B2
:103AE0004506FBD5B3F90050002D03DA2D236D42B6
:103AF00084F843300A23594811E0216833680806E6
:103B000053F8045B02D4490648BFADB26F2F33604F
:103B100014BF0A2308235148002184F84310666823
:103B2000002EA8BF2168A660A4BF21F00401216077
:103B30000DB9002E4BD01646B5FBF3F103FB115720
:103B4000C75D06F8017D2F46BB420D46F4D9082B10
:103B50000BD12368DF0708D5236961689942DEBF6E
:103B6000302306F8013C06F1FF36921B22614B46DA
:103B700021464046CDF800A003AAFFF7E1FE013040
:103B80004AD14FF0FF3004B0BDE8F087236843F01E
:103B9000200323607827324884F845702368316811
:103BA0001F0651F8045B02D45F0648BFADB2316016
:103BB000D90744BF43F0200323601DB11023ABE7B6
:103BC0002648E9E7236823F020032360F6E716463A
:103BD000BDE733682568181D616930602E061B68D3
:103BE00001D5196002E06806FBD51980002316464E
:103BF0002361BCE7336800211A1D32601E686268C9
:103C00003046FFF7E1FC08B1801B60606368236108
:103C1000002384F84330AAE73246494640462369E8
:103C2000D0470130ADD023689B0713D4E068039BD5
:103C30009842B8BF1846A6E7012332464946404697
:103C4000D04701309DD00135E36803995B1AAB4240
:103C5000F2DCEBE7002504F11906F5E72E60030816
:103C60003F6003082DE9F041804615460C4621B916
:103C70001146BDE8F041FFF71BBB2AB9FFF7C0FCB6
:103C800000242046BDE8F08100F01AF8854206467F
:103C900002D8B5EB500FF4D829464046FFF708FB91
:103CA00007460028ECD0B5422A46214628BF3246B6
:103CB000FFF798FC21464046FFF7A2FC3C46E0E7B0
:103CC00051F8043C181F002BBCBF0B58C01870479C
:103CD000F8B500BFF8BC08BC9E467047F8B500BFF9
:083CE000F8BC08BC9E467047C9
:103CE8004D61696E204D656E7500000070617261EE
:103CF8006D657465727300006368616E6765205452
:103D0800313220746970000061637469766174658A
:103D18002074697073000000543132207365747523
:103D2800700000004A4243207365747570000000FB
:103D3800484F542047554E20736574757000000035
:103D4800726573657420636F6E66696700000000B2
:103D580061626F757400000071756974000000007D
:103D6800506172616D65746572730000756E697477
:103D78007300000062757A7A65720000757070656C
:103D88007220656E636F6465720000006C6F776502
:103D98007220656E636F64657200000074656D70F3
:103DA8002E207374657000006272696768746E65AE
:103DB80073730000726F746174696F6E00000000A5
:103DC8006C616E67756167650000000064697370F7
:103DD8006C61792074797065000000006D6178204D
:103DE80074656D70657261747572650074756E6561
:103DF800205049440000000073617665000000000F
:103E080063616E63656C00005431322069726F6EB5
:103E18002073657475700000737769746368207423
:103E2800797065006175746F207374617274000035
:103E38006175746F206F6666000000007374616EB0
:103E48006462792074656D702E0000007374616E71
:103E58006462792074696D6500000000626F6F7399
:103E6800742074656D702E00626F6F7374207469AE
:103E78006D65000063616C696272617465207469C4
:103E8800700000006261636B20746F206D656E7551
:103E9800000000004A42432069726F6E2073657407
:103EA8007570000066617374206368696C6C00004B
:103EB80063616C6962726174652067756E000000E9
:103EC80043616C6962726174650000006175746FAA
:103ED8006D617469630000006D616E75616C00004E
:103EE800636C65617200000054756E65205049442A
:103EF8000000000054313220504944004A42432017
:103F08005049440047756E20504944004D616E6128
:103F1800676520636F6E6669670000004C6F6164B7
:103F2800206C616E67206461746100004C6F61648D
:103F380020636F6E666967005361766520636F6EF4
:103F4800666967004F4E00004F46460046616E3A6C
:103F5800000000007077723A000000005265662E7B
:103F680020230000524545440000000054494C54A9
:103F7800000000006465672E000000006D696E0097
:103F88007365630063770000636377005365743A71
:103F980000000000494E464F000000004552524FB5
:103FA8005200000053656C656374207469700000EA
:103FB800464C4153482072656164206572726F7285
:103FC80000000000464C4153482077726974652010
:103FD8006572726F72000000464C4153482065724A
:103FE800617365206572726F72000000464C415320
:103FF8004820666F726D617420636F6D706C6574B4
:10400800650000004E6F20546970206C697374005D
:10401800666F726D617420464C4153483F00000042
:10402800657261736520464C4153483F00000000AB
:104038004661696C656420746F20666F726D617487
:1040480020464C4153480000736176696E672063CF
:104058006F6E66696775726174696F6E0000000043
:10406800486F742047756E005431322069726F6E44
:10407800000000004A42432069726F6E0000000091
:10408800536176653F000000596573004E6F00006C
:10409800464C41534820657261736500495053008E
:1040A800544654007374616E64627900757064617B
:1040B80074696E6720666C6173680000000A1823D3
:1040C8002930350074697063616C2E646174000076
:1040D80074697063616C2E62616B0000636F6E6659
:1040E80069672E6461740000636F6E6669672E628B
:1040F800616B00007069642E646174007469705F9C
:104108006C6973742E747874000000001C014006FA
:10411800000000001C0140060000E8031C014006E6
:1041280000000000180B4006000000001C014006BB
:104138000000F401180B58020000F4018C05400639
:1041480000000000C80004014A019001C8002C01C9
:104158009001F401B0046C07C409540B4B70203D66
:1041680020253564000000004B69203D202535647A
:10417800000000004B64203D20253564000000004D
:10418800303030003030303000000000256400004E
:10419800253364256300000025326400253364005C
:1041A8007077723A253364007878783A383838006E
:1041B800253464007400000049524F4E73202620B5
:1041C800486F74204169722047756E00312E303176
:1041D80000000000436F6E74726F6C6C657220761D
:1041E8002E2573004D617220203620323032350082
:1041F80025730000695077723A0000006746616EC7
:104208003A000000694375723A000000674375720E
:104218003A00000069546D703A00000067546D70F0
:104228003A00000074696C743A00000054494D313A
:104238003A000000694473703A00000067447370E4
:104248003A000000616D622E3A00000025356400D6
:104258005B25632E25632E25635D00005B25632E99
:1042680025635D002825632D256329006E756D6221
:104278006572206F6620736563746F727300000047
:1042880065726173696E6700303A2F0000000000A4
:104298006C616E6775616765730000006E616D65BE
:1042A800000000006D6573736167657300000000AE
:1042B800666F6E7400000000766563746F723A3A38
:1042C8005F4D5F7265616C6C6F635F696E73657279
:1042D8007400000063616E6E6F74206372656174B0
:1042E80065207374643A3A6465717565206C61720F
:1042F800676572207468616E206D61785F73697A92
:104308006528290025316420000000002533640059
:104318002533642563000000200000002532642056
:10432800000000002533642043000000253364208A
:104338004600000020253264200000002B2532644E
:1043480020256300253364200000000020000000C1
:104358004428502900000000540000006D616E756B
:10436800616C205049440000700000004175746F72
:10437800205049440000000048656174696E670078
:104388004261736520706F776572000053746F70B7
:104398000000000070777220706C757300000000D8
:1043A800707772206D696E757300000073746172A6
:1043B800742074756E696E6700000000446562754C
:1043C8006720696E666F0000303A2F00303A0000AF
:1043D80000000000766563746F723A3A5F4D5F7251
:1043E800616E67655F636865636B3A205F5F6E2027
:1043F80028776869636820697320257A7529203EC3
:104408003D20746869732D3E73697A6528292028D0
:10441800776869636820697320257A752900000028
:104428007374616E64616C6F6E6500004E4F4E452B
:104438000000000047554E00222A3A3C3E3F7C7F50
:10444800000000002B2C3B3D5B5D00004641540002
:104458004641543332000000EBFE904D53444F5315
:10446800352E30004E4F204E414D4520202020460D
:1044780041543332202020004E4F204E414D4520DC
:104488002020204641542020202020007472756589
:104498000000000066616C73650000006E756C6C4E
:1044A80000000000392C00340200000000C1300078
:1044B80085007800000000006403128100000000FD
:1044C8002000000023000000100000003E2800002B
:1044D8008600000048000000550000000018000099
:1044E8000882270000000000010000000F312B0C9B
:1044F8000E084EF1370710030E090000000E1403D2
:10450800110731C148080F0C31360F00FA000000BE
:104518001300000022350000BD0000002800000044
:1045280001300000001B00000F35310B0E0649A7B3
:1045380033070F030C0A0000000A0F04110836584D
:104548004D07100C32340F000700000053544D3350
:1045580032204D6173732053746F72616765000078
:1045680053544D6963726F656C656374726F6E69DD
:10457800637300004D534320436F6E666967000004
:104588004D534320496E746572666163650000008F
:104598000000000000000000BD510008CF510008D5
:1045A800E3510008F551000815520008000000000A
:1045B80000000000000000000000000000000000F3
:1045C80000000000000000000000000000000000E3
:1045D80000000000000000000000000000000000D3
:1045E8000000000000000000D54900084D4A0008FE
:1045F8008D400008A73F0008BB3F0008CF3F0008D8
:10460800EB3F000807400008000000000000000021
:10461800494000086D4000088D400008A73F000889
:10462800BB3F0008CF3F0008EB3F000807400008E9
:104638000000000000000000553F0008753F00081A
:10464800953F0008A73F0008BB3F0008CF3F000880
:10465800EB3F0008074000080000000000000000D1
:104668000000000000000000000000000000000042
:104678000000000000000000000000000000000032
:104688000000000000000000000000000000000022
:104698000000000000000000000000000000000012
:1046A8000000000067770008CF510008E3510008B8
:1046B8009D560008C156000838444444380000009C
:1046C800E007E007C3C3C3C3C3C3C3C3C3C3C3C3F0
:1046D800C003C003C003C3C3E3C7E007E03CFF3C1B
:1046E800E00000002020707070F8A8A8000000000A
:1046F80000000000000000000000000000000000B2
:104708007F8000000000FFC000000000FFC0000024
:1047180000007FC0000000003FC0000000003FC054
:10472800000000001FC0000000001FC000000000C3
:104738000FC0000000000FC00000000007C000000C
:10474800000007C00000000007C00000000003C010
:104758000000000003C00000000003C000000000CB
:1047680003C0000000000FF0000000000FF0000080
:1047780000001FF8000000001FF8000000001FF8EC
:10478800000000003FFC00000000EFF600000003FE
:10479800FFEF80000007FBDFF000001FF01FFFF8AD
:1047A800007FE007FFF800FFC003FFF803FF800168
:1047B800FFF003FF0000FFF003FF00007FE003FEAF
:1047C80000001FC001FC00000F8001FC0000070072
:1047D80000F80000000000F8000000000078000069
:1047E80000000010000000000000000000000000B1
:1047F80000000000000000000000000000000000B1
:1048080000000000000000000000000000000000A0
:104818000000000000000000000000000000000090
:104828000007000000000007C00000000007E000CB
:1048380000000007F00000000007F8000000000773
:10484800FC0000000007FC0000000007FC0000005E
:104858000007F8000000000FF0000000000FE00063
:104868000000000FE0000000001FC0000000001F53
:1048780080000000003F00000000007E00000000F3
:1048880003DC000000000FEC000000000FF0000047
:104898000FFFFFF800001FFFFFF800001FFFFFF8E1
:1048A80000001FFFFFF800001FFF0FF000001FF8B7
:1048B8000FF800001FE003DC00001F80007E0000EE
:1048C8001E00003F00000C00003F80000000001F99
:1048D800E0000000001FF0000000000FFC000000D6
:1048E8000007FF8000000007FFC000000003FF80F2
:1048F80000000003FF8000000001FF00000000002E
:10490800FC0000000000F0000000000000000000B3
:10491800000000000000000000000000000000008F
:10492800000000000000000000000000000000007F
:10493800000000000000000000000000000000006F
:10494800000000000000000000000000000000005F
:10495800000000000000000000000000000000004F
:1049680000000000000003800000000007C00000F5
:10497800000007C003C000000FC003E000000FE004
:1049880007F800001FE00FFE00003FE00FFF0000E7
:104998007FF01FFFC000FFE01FFFF003FFE01FFFD5
:1049A800FFEFFF803FFFFFFFFE001807FFF7F00053
:1049B80000007FFFC00000001FFE000000001FF87D
:1049C800000000001FF8000000000FF000000000C9
:1049D80007E00000000003800000000003E0000082
:1049E800000003E00000000003E00000000003E016
:1049F8000000000003F00000000003F000000000C9
:104A080003F80000000003F80000000003FC0000A9
:104A1800000003FC0000000003FE0000000003FF8C
:104A28000000000003FF0000000001FFC0000000BC
:104A380001FF8000000000FF0000000000000000EF
:104A4800000000000000000000000000000000005E
:104A5800000000000000000000000000000000004E
:104A6800000000000000000000000000000000003E
:104A7800000F80000000003FC0000000007FC00061
:104A8800000000FFE000000001FFE000000001FF5F
:104A9800F0000000007FF0000000001FF800000098
:104AA8000007FC0000000001FC0000000000FE0000
:104AB800000000007E00000000003E00001800001A
:104AC8001FE0003C00001FF000FC00000FF007FC96
:104AD80000001FFC7FFC00001FFFFFFC00001FFF01
:104AE800FFFC00001FFFFFF800000FF7FFF80000B1
:104AF8000FE0FFF000001FC003F000003F000000BF
:104B080000003E00000000003E00000000007E00A3
:104B1800000000007E0000000000FC000000000112
:104B2800FC0000000001FC0000000003FC00000085
:104B38000003FC0000000007FC0000000007FC0068
:104B480000000007FC0000000003FE000000000158
:104B5800FE00000000007E00000000001C000000B5
:104B6800000000000000000000000000000000003D
:104B7800000000000000000000000000000000002D
:104B8800000000000000000000000000000000001D
:104B98000000000000C00000000003F0000000005A
:104BA8000718000000003A0C000000007C06000016
:104BB8000000FC0200000003FC0000000003F800F5
:104BC80000000007F0000000000FF0000000001FC8
:104BD800E0000000003FC000620000FF000062002B
:104BE80000FE0000460001FC0000C40003FC0000B9
:104BF800C40067F80000C40073F0000066003CC001
:104C0800000062001E80000063004F000000620088
:104C1800E70000006201F38000004603F98000000D
:104C2800C40FF0000000000FE0000000001FC000EB
:104C38000000003FC0000000007F8000000000FF6F
:104C48000000000001FC0000000001F80000000066
:104C580000F00000000003600000000003000000F6
:104C680000000600000000001C00000000003800E2
:104C780000000000300000000000000000000000FC
:104C8800000000000000000000000000000000001C
:104C980000060000000F0000000F0000000F0000D9
:104CA800018F380007CF3C000FCF3E000F8F3F0029
:104CB8001F0F0F001E0F0F803E0F07803E0F07C00B
:104CC8003C0F03C03C0603C03C0003C03C0003C0CB
:104CD8003E0007C03E0007801E000F801F000F0027
:104CE8000F803F000FE07E0007FFFC0003FFF80085
:104CF80000FFF000003F800000000000003FC000FF
:104D080000FFF00003FFFC0007C03E000F000F008B
:104D18001E0007803C0003C0380001C0700000E09E
:104D2800700000E0E0003070E0007870E0C0F070E3
:104D3800E1E1E070E1F3C070E0F78070E07F0070BF
:104D4800E03E0070701C00E0700800E0380001C010
:104D58003C0003C01E0007800F000F0007C03E0084
:104D680003FFFC0000FFF000003FC000003FC00050
:104D780000FFF00003FFFC0007FFFE000FFFFF002D
:104D88001FFFFF803FFFFFC03FFFFFE07FF0FFE016
:104D98007F000FE07F000FF0FF000FF0FF00CFF063
:104DA800FF018FF0FF1B0FF0FF0E0FF0FF840FF0D5
:104DB8007F801FF07FC03FE07FC03FE03FF07FC0B3
:104DC8001FFDFFC01FFFFF800FFFFF0007FFFE0052
:104DD80003FFFC0000FFF000001F8000001FC00060
:104DE80000FFF20003F0FF0007801F000E000F0015
:104DF8001C0C0F00380C0000300C0000700C006018
:104E0800600C0060E00C0060E00C0000C00C0000CA
:104E1800C00C0030C00F0030C0078000E001E00087
:104E2800E000786060001C607000006070000000A6
:104E3800380001801C0001800E00010007800C0072
:104E480003E01C0001F9C0000039C00000000000A8
:104E58000000100000003000007F600001FEE0004C
:104E68000FC1EC007F03FE003E07CF001C0FC700F8
:104E7800381FC380383F8180707F81C070FFF9C0C0
:104E880071FFF1C073FFE1C0701FC1C0703F81C0E6
:104E9800383F0380383E03801C7C07000E780F8063
:104EA80007703F8002E0FE0000DFF00000FFC00056
:104EB8000180000001000000020000000A00040355
:104EC800050504010611170200170017000000006D
:104ED8000001713024F1EABA2E0FE4A688E66626AE
:104EE800472647262766FDB71393239323933373E7
:104EF800435473079257003110EBF69AA68C8E62D2
:104F080006F7FF8F0E1E043221EFEE9AAE0E4AC846
:104F180028064D9B0ECFCE9252925292920E4B4A39
:104F2800884A88D2D21E7C403326F0EA9AEE0E8850
:104F3800A868E6482447244724A78767296BAFC990
:104F4800A7A96B6B4D272467A68A0EE6AE003432FC
:104F5800F1EA5AA7A9238425644544654465248554
:104F680004A5E4A6E4C4D449094A090A1D1C4C1C3A
:104F78001CC8CA03C803C803C803081F441E44004A
:104F88003526EF6E1A5E1C5C4C4A4C4A0C6F2C633B
:104F9800247120434532381249BC7169E5C4E004E4
:104FA80015CD01D91500362AF1EADA0E0FA8C66820
:104FB800064746454645C4D7584D1CCC5891504ED7
:104FC80050DE7A3B213B313933384345754078050B
:104FD800371BEFEE1A7E40DA724270787678769652
:104FE80076787678967678EDF08600382CF1EABAFD
:104FF8000E0FA8D8D0914C8E4C8E4C8E4CCECC4DEA
:10500800ADA3989C88189B9B999C98F5F692627220
:10501800A4AAE880F00A00392BF06ABA0C0FA68817
:1050280068E66606274625463D3DA498AB283239F2
:105038009818B2999E16911C911C999BA19A3A189E
:105048003403000000000000000000000000000021
:10505800D5750008F9750008C37600088D76000834
:10506800B1E20008AFDF000839E00008C7DF000838
:1050780089E1000869E0000819E00008F9DF000884
:105088004DE60008E1DF0008F1E500080000000037
:10509800000000008D750008B1750008E9F30008EC
:1050A80029F30008CDF5000859F30008F1F60008C7
:1050B80071F30008BDF7000869F7000891F30008CC
:1050C800B1F300084FF80008D1F3000895F600087E
:1050D800543132004E3100004A42430043323435E5
:1050E800484F54002A2E2D00000000000000000048
:1050F800497500086D750008BF050108D505010848
:105108008F05010889090108790601083306010895
:10511800AD05010857060108110601080000000046
:1051280000000000F174000829750008BF05010897
:10513800D50501088F0501086507010879060108EA
:1051480033060108990801085706010811060108E5
:105158000000000000000000000000000000000047
:10516800BF050108D50501088F05010800000000EA
:105178007906010833060108AD050108570601083C
:105188001106010800000000000000009D4F010802
:1051980013500108E3510008297000084D700008F9
:1051A8000000000000000000D14A0108BD4B0108C2
:1051B800E3510008916E0008B56E00080000000079
:1051C800000000003D46010811470108E3510008AE
:1051D800D56E0008F96E000800000000000000000D
:1051E800FB3C0108453E0108E3510008196F00081F
:1051F8003D6F000800000000000000007D3A010833
:10520800CD3B0108E3510008F5700008197100084A
:10521800000000000000000049310108E5320108E3
:10522800E35100085D6F0008816F0008000000006E
:10523800000000008D2F01080D300108E35100081F
:10524800C56D0008E96D00080000000000000000BE
:10525800D793010871940108E35100084D6E0008C6
:10526800716E00080000000000000000AB92010809
:1052780027930108E3510008A16F0008C56F0008D3
:1052880000000000000000002D8E0108C98E0108F2
:10529800E3510008E56F00080970000800000000ED
:1052A800000000002D8D0108858D0108E3510008DC
:1052B800096E00082D6E00080000000000000000C4
:1052C80011590108A3590108E3510008C1710008E8
:1052D800E57100080000000000000000C38B010811
:1052E800778C0108E35100088D720008B17200083C
:1052F8000000000000000000C17E01085D80010878
:10530800938B01086D700008917000080000000080
:10531800000000000978010891780108A17E0108C1
:10532800B1700008D57000080000000000000000FF
:105338001D6D010865710108E35100083971000805
:105348005D7100080000000000000000455B0108D6
:1053580019640108E35100087D710008A171000873
:10536800000000000000000029540108ED55010864
:10537800E3510008057200082972000800000000C7
:1053880000000000010203040607080900000000ED
:1053980001020304740E10C8B4005E01C20150007B
:1053A800F40119006366672E6A736F6E00000000CF
:1053B800656E676C697368000000000000000000FB
:1053C8009FBA010871BC0108E3510008497200083E
:1053D8006D72000802030405060708090A0B0C0D84
:1053E8000E0F101001020000020304050607080949
:1053F8000A0B0C0D0E0F1010010200000103050727
:10540800090E10121416181C1E00000080818283D9
:105418008485868788898A8B8C8D8E8F90919293CC
:105428009495969798999A9B9C9D9E9F808182833C
:105438008485868788898A8B8C8D8E8FB0B1B2B32C
:10544800B4B5B6B7B8B9BABBBCBDBEBFC0C1C2C39C
:10545800C4C5C6C7C8C9CACBCCCDCECFD0D1D2D38C
:10546800D4D5D6D7D8D9DADBDCDDDEDF90919293BC
:105478009495969798999A9B9C9D9E9FF0F0F2F22E
:10548800F4F4F6F6F8F9FAFBFCFDFEFF070000005D
:105498000000000000000000000000000100020001
:1054A80004000800100020000000000001000400B3
:1054B8001000400000010002000000001004110468
:1054C8001204130414041504160417041804190408
:1054D8001A041B041C041D041E041F0420042104B8
:1054E8002204230424042504260427042804290468
:1054F8002A042B042C042D042E042F043004310418
:1055080032043304340435043604370438043904C7
:105518003A043B043C043D043E043F049125922593
:1055280093250225242561256225562555256325C1
:10553800512557255D255C255B2510251425342527
:105548002C251C2500253C255E255F255A2554253C
:1055580069256625602550256C25672568256425FD
:10556800652559255825522553256B256A25182563
:105578000C25882584258C25902580254004410408
:1055880042044304440445044604470448044904C7
:105598004A044B044C044D044E044F0401045104C6
:1055A80004045404070457040E045E04B0001922CE
:1055B800B7001A221621A400A025A00061001A0332
:1055C800E0001703F8000703FF000100780100015D
:1055D800300132010601390110014A012E01790119
:1055E800060180014D00430281018201820184018C
:1055F800840186018701870189018A018B018B015A
:105608008D018E018F019001910191019301940107
:10561800F60196019701980198013D029B019C01B2
:105628009D0120029F01A001A001A201A201A401E5
:10563800A401A601A701A701A901AA01AB01AC0118
:10564800AC01AE01AF01AF01B101B201B301B301C9
:10565800B501B501B701B801B801BA01BB01BC0178
:10566800BC01BE01F701C001C101C201C301C401EF
:10567800C501C401C701C801C701CA01CB01CA01DC
:10568800CD011001DD0101008E01DE011201F301DF
:105698000300F101F401F401F801280122021201CA
:1056A8003A020900652C3B023B023D02662C3F0290
:1056B80040024102410246020A01530240008101B0
:1056C8008601550289018A0158028F015A02900108
:1056D8005C025D025E025F02930161026202940154
:1056E8006402650266026702970196016A02622CEB
:1056F8006C026D026E029C01700271029D017302C0
:1057080074029F0176027702780279027A027B029C
:105718007C02642C7E027F02A60181028202A9011A
:105728008402850286028702AE014402B101B201F9
:1057380045028D028E028F0290029102B7017B030F
:105748000300FD03FE03FF03AC0304008603880384
:1057580089038A03B1031103C2030200A303A3034D
:10576800C4030803CC0303008C038E038F03D80300
:105778001801F2030A00F903F303F403F503F6032F
:10578800F703F703F903FA03FA033004200350047C
:105798001007600422018A043601C1040E01CF04F7
:1057A8000100C004D0044401610526040000000083
:1057B8007D1D0100632C001E9601A01E5A01001FCA
:1057C8000806101F0606201F0806301F0806401F7F
:1057D8000606511F0700591F521F5B1F541F5D1FEC
:1057E800561F5F1F601F0806701F0E00BA1FBB1FE1
:1057F800C81FC91FCA1FCB1FDA1FDB1FF81FF91FDD
:10580800EA1FEB1FFA1FFB1F801F0806901F0806E0
:10581800A01F0806B01F0400B81FB91FB21FBC1F85
:10582800CC1F0100C31FD01F0206E01F0206E51FA0
:105838000100EC1FF31F0100FC1F4E210100322163
:1058480070211002842101008321D0241A05302CF4
:105858002F04602C0201672C0601752C0201802C94
:105868006401002D260841FF1A0300000000000310
:105878000080830000000000000000000006000017
:10588800000000006000040404050405050C16006F
:10589800FC0EFC10FE024E047F068B2005001072E1
:1058A8002109E21872785088002209665473104260
:1058B8004F042315AA907291488890074524122214
:1058C800E441118984080124242AD1711228CC0CBE
:1058D8008A11228A0821226884A843A7440C12420C
:1058E8004448091123D01813280800251FEA10720C
:1058F80041B144081111454A082173E80C111145BA
:105908004A082122840C09414200261CEA10722907
:1059180074648C103143848C31458C94112268480E
:105928000C2192848800270662587360280F26D5B8
:10593800711233643682E447732400290F26D57127
:10594800103447F23743662308002A13AA907212CC
:105958002848881026868C309148A020002B0EAA53
:1059680050721228A3078504CA08002C1095947158
:10597800114282C8182123A60903002D0626D472D5
:10598800602E0A4436F210814204002F1C4B91F11C
:105998009450A4409102450A142950A4409102450C
:1059A8000A142950A44800301AEA10723183625050
:1059B800A942668E8C2031E48CA1528546A0310222
:1059C80000310DEA10721228AA42F9A30705321114
:1059D800EA1072318362503181E286CD670F0A3353
:1059E80017EA1072318362503181E244112B3890EA
:1059F80058A111688C00341AEA107213378C54A11C
:105A080011628608192344909007C5040A3364007C
:105A18003514EA1072787050209284032524566851
:105A2800041A23003615EA10723173649C40242945
:105A38004415A359A111688C00370FEA10727850E9
:105A48005076C36627508E00381AEA107231836286
:105A58005031622204893183625031628546A03117
:105A680002003915EA107231836250319A95129109
:105A780004A1B821678C003A0DA436F2108142A81F
:105A8800081422003B14F59471114282886821247D
:105A9800888C1132629A30003C0DE8147213356814
:105AA8005E0D9B67023D0B6A907278501ED483028C
:105AB8003E0DE8147210365F0D9A57C2003F14EA83
:105AC8001072318362503181E286CD4E3C6881820A
:105AD800004018EA10723183625031324790082131
:105AE8002284081A12020726414118EA1072124746
:105AF8008C94104142C40812224884B007C9682611
:105B0800004215EA10724092425431AA44204921B9
:105B1800AA18552C90004312EA1072318362503152
:105B280082F259A111688C00440FEA107240924227
:105B38005431FA2B1648004510EA107278705086D6
:105B480048900894E18302460FEA107278705086F4
:105B58004890089487004714EA10723183625031E4
:105B68008212594659A111688C00480DEA1072102A
:105B780046CF1E24A36702490DEA1072785048A048
:105B8800FCA307054A0FEA1072941F12A3ACD008B1
:105B98003446004B1FEA107210556884982142C69B
:105BA8008818548A58291183848C113344D0085199
:105BB800C5044C0BEA10721028FFC307054D16EAFE
:105BC80010721056E8C88310940821228488106245
:105BD800F44C004E15EA10721056CAD019124388B8
:105BE8008C2073C854313A134F11EA107231836212
:105BF8005031FA59A111688C005011EA1072409284
:105C0800425431AA582011280F0151140AD1713178
:105C180083625031FA89901226D01C1C2800521336
:105C2800EA10724092425431AA44204921AA189D90
:105C3800095316EA1072318362503182030F1D1C1A
:105C480048ACD008344600540CEA1072785048A08A
:105C5800FC8F00550EEA10721046FF59A111688C8E
:105C6800005618EA10721046CF44081222488C10C9
:105C78004142441123275010005716EA107210466B
:105C88009F08212284881012241E0439544C00587D
:105C980018EA1072104659A11143C6982246CACC78
:105CA8009011838A5126005912EA107210466785AE
:105CB800460C19638A9C4039025A0FEA10727850D0
:105CC80050DCB0F99DC007055B0A24D9715022FF4A
:105CD8004F105C1C4B9371102954A4509142450AF3
:105CE800152954A4509142450A152954A4005D0A67
:105CF80024D5714022FF4F145E116A10731247CAEF
:105D0800CC90118346040B01005F082C90717890A9
:105D1800006009449473103289006112AA1072411C
:105D2800C18A1855858E9430218488006211EA1042
:105D38007210284324294415A32B1648006310AA7F
:105D48001072318362503182120E4C82006410EA64
:105D58001072941314AC88D1AC94882408650FAAE7
:105D6800107231836250B107090726416610E814A2
:105D7800722253649420238684C98F006714EA90A2
:105D88007141C18A18CD4A89488250DC9033460057
:105D9800680FEA107210284324294415A3CF046918
:105DA8000DE6147211249C0821F984016A0E2691CB
:105DB80071929C0821F9372888006B1AEA10721032
:105DC800284723C40C113246C4204367860C11347B
:105DD800425431016C0BE61472204248FE13066DE2
:105DE8001AAA107240924288882242880821228486
:105DF8008810224288082122016E11AA10721042CE
:105E080044848922874A11A333016F11AA10723181
:105E1800836250319A151A81C608007011EA907190
:105E28004092425431BA628144A00C017110EA9048
:105E38007141C18A18CD4A894882500E7211AA1040
:105E48007210424484892287CA09944300730FAAB6
:105E5800107241B150E4A193025720017410E81464
:105E680072112623238684C9D9B042047510AA105A
:105E7800721046AF0A1D2961420811017616AA1050
:105E8800721046990841420489113246882862E412
:105E98000401771CAA1072102284881022428808F4
:105EA800212284881022428848814688100078156B
:105EB800AA1072105668C49031A68891323364C40F
:105EC800A062027912EA907110469F95129104A17E
:105ED800B821678C007A0CAA107278506C3E7B50FF
:105EE800007B146695711233648C20793364CCA0DE
:105EF80041F2D144027C0822D971F8C0007D1466B1
:105F080095711034917C34CD903182E4CD903182FA
:105F1800007E0E4AD0721124A20891128284007F5A
:105F28000500107200000004FFFF0000008002025C
:105F38001F00000053544D202020202050726F6411
:105F4800756374202020202020202020302E30311E
:105F580062617369635F737472696E673A3A5F4D21
:105F68005F6372656174650025733A205F5F706FC7
:105F7800732028776869636820697320257A7529F2
:105F8800203E20746869732D3E73697A652829203C
:105F980028776869636820697320257A7529006203
:105FA800617369635F737472696E673A3A72657098
:105FB8006C6163650062617369635F737472696EB3
:105FC800673A3A5F4D5F7265706C61636500626144
:105FD8007369635F737472696E673A3A617070656A
:105FE8006E640062617369635F737472696E673AA5
:105FF80020636F6E737472756374696F6E20667256
:106008006F6D206E756C6C206973206E6F742076CE
:10601800616C696400232D302B2000686C4C00658E
:1060280066674546470030313233343536373839BC
:1060380041424344454600303132333435363738EF
:086048003961626364656600C2
:08605000D8A1FC7F0100000053
:086058000D0200081B76000890
:08606000E90100082B7600089D
:106068004045002064410308704103087C4103084F
:10607800C0410308FC410308044203080C4203081A
:10608800144203081C420308244203082C42030854
:10609800344203083C420308444203084C420308C4
:1060A8000024F40028440308344403083C4403084B
:1060B8001000000001000000F9B802088DB90208BC
:1060C800E5B90208000000000000000051BC020809
:1060D80071BC020800000000000000000000000081
:1060E80091BC0208B1BC0208D1BC0208F1BC02088C
:1060F80009022000010104C0320904000002080658
:106108005005070581020002000705010200020090
:1061180009022000010104C0320904000002080637
:1061280050050705810240000007050102400000F4
:1061380009072000010104C0320904000002080612
:1061480050050705810240000007050102400000D4
:106158000A0600020000004001000000482888E804
:10616800B9FC020805FD0208E1FC02087DFD0208F1
:1061780035FE02087DFF02085900030869FB020882
:1061880002000003391603085D160308BD1603084C
:1061980081160308E51603080917030845170308BD
:1061A800120100020000004083042A570002010285
:1061B80003010000040309041A03000000000000A2
:1061C80000000000000000000000000000000000C7
:1061D800000000005518030881180308B9180308BF
:1061E800CF180308E51803082519030865190308DB
:1061F800345F03080000000059F3F8C21F6EA501C0
:10620800000000000000F03FAC010020000000008A
:106218005C7C0020C47C00202C7D00200000000055
:106228000000000000000000000000000000000066
:106238000000000000000000000000000000000056
:106248000000000000000000000000000000000046
:0862580000000000000000003E
:040000050801D50514
:00000001FF
